id,quote_id,product_type,premium,taxes
5076,758,full,556.14,116.51
7104,4645,legal,25.0,1.71
20540,4422,legal,37.5,2.02
27857,6935,breakdown,22.9,5.09
11256,1527,legal,25.0,1.71
20426,3434,legal,25.0,1.71
16480,9353,full,259.51,54.37
3212,4520,breakdown,16.89,4.54
841,6491,full,228.49,47.87
4664,6828,legal,25.0,1.71
17288,8035,breakdown,16.89,4.54
29482,6058,legal,25.0,1.71
11939,2242,legal,25.0,1.71
15114,1064,legal,37.5,2.02
10464,9016,legal,37.5,2.02
9768,1068,breakdown,22.9,5.09
24529,3227,legal,25.0,1.71
28652,4632,full,309.5,64.84
20341,3045,breakdown,16.89,4.54
15490,1133,breakdown,16.89,4.54
18120,2266,legal,25.0,1.71
7395,5176,full,434.85,91.1
15637,6612,legal,37.5,2.02
10800,4671,breakdown,22.9,5.09
15375,2738,legal,25.0,1.71
20701,8454,legal,25.0,1.71
7865,6479,breakdown,16.89,4.54
16926,1530,breakdown,16.89,4.54
6935,8055,full,338.45,70.9
20837,4718,legal,46.13,1.71
15489,4485,full,316.58,66.32
9108,9946,full,458.74,96.1
15014,455,breakdown,16.89,4.54
13374,2041,full,446.39,93.51
16987,6382,breakdown,16.89,4.54
553,6311,breakdown,22.9,5.09
29216,4680,breakdown,22.9,5.09
4385,9929,breakdown,16.89,4.54
23731,9004,legal,25.0,1.71
9103,4623,legal,46.13,1.71
24821,5402,breakdown,16.89,4.54
19150,6093,full,419.69,87.92
7409,9614,full,302.97,63.47
27771,9707,full,328.11,68.74
23531,3122,legal,37.5,2.02
29630,293,breakdown,22.9,5.09
912,5228,full,328.2,68.75
27689,2499,legal,25.0,1.71
26641,2569,breakdown,16.89,4.54
25249,6703,legal,25.0,1.71
7991,5497,legal,46.13,1.71
13528,7562,full,354.49,74.26
17301,1343,legal,25.0,1.71
14663,9134,full,228.68,47.9
23391,9315,breakdown,16.89,4.54
26541,1802,full,171.53,35.93
25409,7600,breakdown,16.89,4.54
8127,1125,full,215.78,45.2
4934,7435,full,265.59,55.64
11137,4796,legal,37.5,2.02
28703,9102,full,231.85,48.57
13893,4193,full,289.67,60.68
9735,1002,breakdown,16.89,4.54
14034,8931,full,101.2,21.2
6892,7875,legal,37.5,2.02
15551,8207,full,661.27,138.53
24582,4765,legal,25.0,1.71
16466,2410,full,932.75,195.4
16051,921,legal,25.0,1.71
13964,2991,legal,25.0,1.71
13655,6455,legal,25.0,1.71
18336,6497,full,337.97,70.8
15258,4699,breakdown,16.89,4.54
22726,5744,legal,25.0,1.71
25870,78,full,101.2,21.2
29450,6784,legal,46.13,1.71
6083,5239,full,101.2,21.2
21014,527,legal,25.0,1.71
4943,4676,breakdown,16.89,4.54
27008,715,full,101.2,21.2
21285,2087,full,350.8,73.49
2,4631,breakdown,22.9,5.09
5479,739,breakdown,16.89,4.54
13483,5523,legal,37.5,2.02
17831,5309,full,474.36,99.37
15183,6474,legal,25.0,1.71
7982,9788,legal,25.0,1.71
26728,1099,breakdown,16.89,4.54
13335,6710,legal,25.0,1.71
21443,2784,breakdown,16.89,4.54
18240,2712,full,604.66,126.67
16904,1269,legal,25.0,1.71
27078,130,full,271.58,56.89
5868,185,legal,25.0,1.71
8614,9458,breakdown,16.89,4.54
19831,7110,legal,25.0,1.71
16073,4475,breakdown,22.9,5.09
15656,8582,legal,25.0,1.71
23037,290,breakdown,16.89,4.54
5269,6875,full,198.7,41.62
24255,2640,full,155.2,32.51
8092,6547,full,208.09,43.59
25629,6149,breakdown,22.9,5.09
10988,5398,breakdown,16.89,4.54
3085,272,legal,25.0,1.71
23492,3282,legal,25.0,1.71
16080,5637,full,348.62,73.03
8452,1229,breakdown,16.89,4.54
11044,4949,breakdown,22.9,5.09
25598,1740,full,401.89,84.19
12073,8948,breakdown,16.89,4.54
2098,3683,legal,37.5,2.02
24871,9849,breakdown,16.89,4.54
143,1767,breakdown,16.89,4.54
5341,2715,breakdown,16.89,4.54
6808,5455,full,272.08,57.0
4401,1869,legal,37.5,2.02
28210,9480,legal,25.0,1.71
12820,5373,full,489.98,102.65
7631,2937,breakdown,16.89,4.54
4875,3871,legal,46.13,1.71
2913,2361,legal,25.0,1.71
21628,355,legal,25.0,1.71
7297,7413,full,230.72,48.33
14346,803,legal,25.0,1.71
17053,1559,breakdown,16.89,4.54
27765,5838,legal,37.5,2.02
16049,8952,full,449.14,94.09
10977,3968,breakdown,16.89,4.54
2759,627,full,242.27,50.75
12346,6154,full,216.09,45.27
15371,860,legal,25.0,1.71
12376,7790,full,241.2,50.53
3508,610,legal,25.0,1.71
1128,5389,breakdown,16.89,4.54
27940,6853,full,449.53,94.17
24110,4050,legal,69.23,2.27
13817,3478,full,324.76,68.04
2817,4934,breakdown,16.89,4.54
18522,1538,breakdown,16.89,4.54
4334,9567,breakdown,16.89,4.54
35,4712,breakdown,16.89,4.54
16153,366,full,405.59,84.97
11383,3111,full,224.75,47.08
15860,8803,full,221.23,46.35
17175,4099,legal,25.0,1.71
15416,3895,full,500.18,104.78
25694,2167,full,366.89,76.86
20175,615,legal,25.0,1.71
26424,9316,full,411.19,86.14
25098,2663,breakdown,16.89,4.54
11453,2570,full,443.06,92.82
28842,5811,legal,,2.27
11749,9735,legal,69.23,2.27
27555,434,legal,25.0,1.71
9853,2681,breakdown,22.9,5.09
29397,404,legal,25.0,1.71
621,926,legal,25.0,1.71
1935,6088,legal,69.23,2.27
14105,4529,breakdown,16.89,4.54
2151,8604,full,172.87,36.22
9541,1714,full,225.0,47.14
2241,4757,legal,25.0,1.71
14694,7377,breakdown,16.89,4.54
24610,6676,legal,37.5,2.02
12700,8788,legal,25.0,1.71
13723,5307,full,575.04,120.46
20513,3296,full,184.48,38.65
23438,4252,legal,25.0,1.71
27628,2562,full,322.42,67.55
29493,3420,breakdown,16.89,4.54
7497,3750,legal,46.13,1.71
20805,2900,legal,37.5,2.02
9694,5377,full,189.75,39.75
3988,8568,legal,25.0,1.71
4820,4951,breakdown,16.89,4.54
2624,8259,legal,25.0,1.71
4703,7484,legal,37.5,2.02
24280,6029,legal,25.0,1.71
27184,1540,full,318.74,66.77
18962,9963,breakdown,16.89,4.54
1868,5522,breakdown,32.4,6.5
7949,7959,legal,25.0,1.71
17436,9084,full,298.25,62.49
19467,6780,breakdown,16.89,4.54
25533,302,breakdown,16.89,4.54
3613,9856,legal,30.0,1.71
17052,6645,breakdown,16.89,4.54
20909,3305,legal,37.5,2.02
16874,4415,breakdown,22.9,5.09
29931,570,legal,25.0,1.71
19055,8995,full,182.77,38.29
28872,2910,full,167.08,35.0
20907,8412,full,332.55,69.66
22629,101,legal,25.0,1.71
7796,9058,breakdown,16.89,4.54
19661,6455,breakdown,16.89,4.54
12261,4318,breakdown,16.89,4.54
25272,1285,legal,37.5,2.02
15764,9623,breakdown,16.89,4.54
12566,8743,legal,25.0,1.71
21135,865,breakdown,16.89,4.54
13945,4018,full,481.02,100.77
23217,2910,breakdown,16.89,4.54
29877,4686,legal,25.0,1.71
19360,9244,legal,37.5,2.02
2018,8202,breakdown,16.89,4.54
1211,9312,full,243.81,51.07
24085,7958,full,466.07,97.64
5165,1309,full,366.99,76.88
8241,263,legal,25.0,1.71
4731,9545,legal,25.0,1.71
25806,3407,full,367.65,77.02
11563,1157,breakdown,16.89,4.54
4711,7428,legal,46.13,1.71
25281,7658,breakdown,16.89,4.54
19668,3787,legal,25.0,1.71
17511,3116,full,310.72,65.09
11746,6702,legal,25.0,1.71
20292,5569,legal,25.0,1.71
23352,7833,legal,25.0,1.71
29679,7279,legal,37.5,2.02
23200,6619,legal,25.0,1.71
25335,8303,legal,25.0,1.71
12780,6765,breakdown,22.9,5.09
14264,4716,breakdown,16.89,4.54
6660,3010,breakdown,16.89,4.54
11218,2891,legal,25.0,1.71
10369,8421,breakdown,22.9,5.09
17728,3722,full,311.13,65.18
11184,6609,breakdown,16.89,4.54
18459,7785,full,538.72,112.86
12648,2579,breakdown,16.89,4.54
7248,1202,full,455.08,95.33
9647,6521,legal,25.0,1.71
26739,5631,breakdown,16.89,4.54
17544,6217,legal,25.0,1.71
24470,4916,breakdown,16.89,4.54
21633,1640,breakdown,16.89,4.54
12928,4612,breakdown,16.89,4.54
5640,4695,full,292.74,61.33
8372,122,legal,25.0,1.71
6085,6923,full,227.45,47.65
1627,5407,legal,37.5,2.02
7534,7995,breakdown,22.9,5.09
27907,8790,full,,48.46
8674,4771,full,165.95,34.76
9880,7701,breakdown,22.9,5.09
24459,8189,legal,25.0,1.71
7270,2483,legal,25.0,1.71
20789,5014,legal,37.5,2.02
3290,1226,legal,46.13,1.71
6630,3561,legal,25.0,1.71
20887,6251,full,325.97,68.29
29267,2163,full,310.14,64.97
25342,2820,legal,25.0,1.71
16829,1817,full,394.45,82.63
17881,7957,breakdown,16.89,4.54
8461,1381,full,113.85,23.85
3045,8151,breakdown,16.89,4.54
9964,7122,breakdown,16.89,4.54
15313,1038,breakdown,16.89,4.54
10168,4405,full,265.83,55.69
3219,3893,breakdown,16.89,4.54
5807,4846,full,434.4,91.0
23361,2797,full,172.87,36.22
18760,5995,breakdown,16.89,4.54
17755,7323,breakdown,16.89,4.54
19699,1228,full,172.87,36.22
1390,275,breakdown,16.89,4.54
16287,4827,full,184.67,38.69
27855,925,full,290.15,60.78
5948,134,full,263.01,55.1
4044,1889,full,477.7,100.07
25385,3306,full,909.57,190.54
21233,9725,full,423.39,88.69
6416,5948,breakdown,16.89,4.54
17050,8208,legal,37.5,2.02
28718,2503,full,606.03,126.95
1693,5120,breakdown,16.89,4.54
28090,3917,legal,37.5,2.02
16845,5489,full,150.32,31.49
25656,2804,full,283.61,59.41
26231,1105,full,224.02,46.93
18233,6332,breakdown,22.9,5.09
804,2504,full,426.95,89.44
6691,1401,breakdown,16.89,4.54
2337,8892,breakdown,16.89,4.54
15297,4705,legal,25.0,1.71
24658,5606,legal,25.0,1.71
24513,3707,legal,25.0,1.71
11654,2965,legal,69.23,2.27
10735,3468,legal,25.0,1.71
26359,7454,breakdown,22.9,5.09
3428,4564,legal,25.0,1.71
20459,1993,breakdown,16.89,4.54
17842,3491,breakdown,22.9,5.09
5972,4184,breakdown,16.89,4.54
26504,2911,legal,25.0,1.71
3982,5890,full,152.63,31.98
12276,6670,legal,25.0,1.71
25976,6832,full,181.34,37.99
27836,5503,legal,25.0,1.71
8607,1747,breakdown,16.89,4.54
317,5427,full,357.93,74.98
3231,9529,breakdown,16.89,4.54
15547,922,breakdown,16.89,4.54
18616,1411,full,285.78,59.87
28054,9328,legal,37.5,2.02
13578,1831,legal,46.13,1.71
20800,5193,full,459.03,96.16
11163,2265,breakdown,16.89,4.54
11091,1152,legal,46.13,1.71
3959,5145,full,152.63,31.98
25856,1066,legal,37.5,2.02
8906,5379,full,152.23,31.89
492,5484,full,693.61,145.3
25390,5901,legal,25.0,1.71
5907,6315,legal,25.0,1.71
98,351,breakdown,16.89,4.54
12659,1157,legal,25.0,1.71
29715,8131,full,455.97,95.52
408,944,full,128.06,26.83
25687,1564,breakdown,16.89,4.54
16141,4391,breakdown,16.89,4.54
7468,8837,full,519.25,108.78
7460,6467,breakdown,16.89,4.54
12841,2660,full,225.87,47.32
685,1820,full,121.95,25.55
24469,2196,breakdown,22.9,5.09
28099,3967,breakdown,16.89,4.54
8132,610,full,180.24,37.75
11752,4177,full,429.69,90.02
16520,3469,breakdown,16.89,4.54
1466,5041,legal,25.0,1.71
4594,483,full,182.81,38.3
20230,6172,full,113.93,23.87
10057,541,full,152.23,31.89
12924,4082,breakdown,16.89,4.54
14552,4139,legal,25.0,1.71
24062,7534,full,152.23,31.89
11762,2925,breakdown,16.89,4.54
25881,5973,full,101.2,21.2
1328,5212,breakdown,16.89,4.54
1151,1172,breakdown,16.89,4.54
23756,2469,breakdown,16.89,4.54
15980,1953,breakdown,25.9,5.91
28681,3173,legal,25.0,1.71
24504,8342,full,704.43,147.57
676,8202,full,1089.14,228.16
10261,5353,breakdown,16.89,4.54
19243,3078,breakdown,16.89,4.54
17081,1338,breakdown,16.89,4.54
23195,5840,breakdown,22.9,5.09
16920,9302,full,430.5,90.18
6839,3749,full,424.95,89.02
8626,3725,legal,69.23,2.27
12815,8617,full,444.56,93.13
14484,9589,legal,25.0,1.71
12227,5250,legal,25.0,1.71
28320,6527,breakdown,16.89,4.54
12883,9504,breakdown,16.89,4.54
6711,67,legal,46.13,1.71
9714,4728,legal,25.0,1.71
20148,4939,breakdown,22.9,5.09
29626,105,legal,25.0,1.71
13013,4908,full,272.4,57.06
27238,915,breakdown,16.89,4.54
14991,7437,breakdown,16.89,4.54
24816,4028,full,124.1,26.0
14447,4606,legal,37.5,2.02
17006,2332,full,228.91,47.95
16760,1307,legal,25.0,1.71
26299,7700,breakdown,16.89,4.54
8130,1631,breakdown,16.89,4.54
1684,7229,legal,25.0,1.71
6322,7782,full,373.74,78.29
14880,2860,legal,46.13,1.71
7984,3014,full,285.52,59.81
17903,6539,full,317.04,66.42
22528,3841,breakdown,32.4,6.5
4062,6046,legal,25.0,1.71
27536,4397,full,483.58,101.3
22774,5783,breakdown,22.9,5.09
20334,2705,legal,25.0,1.71
16017,5179,full,188.73,39.54
706,4756,full,230.21,48.23
9380,3309,full,348.03,72.91
4219,6139,full,236.77,49.6
1282,525,full,262.5,54.99
29920,843,breakdown,16.89,4.54
24812,1904,breakdown,16.89,4.54
8274,9298,full,629.84,131.94
6093,4591,full,198.05,41.49
12748,1541,full,173.65,36.38
4939,71,legal,25.0,1.71
10640,1328,breakdown,16.89,4.54
14664,2231,full,321.09,67.26
24849,7741,breakdown,16.89,4.54
4222,516,legal,25.0,1.71
4752,2453,full,409.25,85.73
23229,2433,breakdown,16.89,4.54
3119,7303,full,120.59,25.26
17359,4484,full,352.85,73.92
14367,5826,breakdown,16.89,4.54
5346,1095,legal,25.0,1.71
10522,521,full,166.55,34.89
17566,3387,legal,46.13,1.71
11109,8066,full,389.47,81.59
7346,6768,legal,25.0,1.71
18753,3188,breakdown,22.9,5.09
10084,5996,legal,92.32,2.83
14679,9595,legal,92.32,2.83
18820,9403,full,172.87,36.22
1304,5295,legal,37.5,2.02
8276,991,breakdown,22.9,5.09
445,7143,legal,69.23,2.27
9373,1849,legal,37.5,2.02
25798,9248,full,196.41,41.14
20686,7189,breakdown,16.89,4.54
15260,5596,full,224.43,47.02
7035,4443,full,576.06,120.68
64,7339,legal,25.0,1.71
16313,344,full,900.64,188.67
3306,5993,legal,25.0,1.71
11464,3421,breakdown,16.89,4.54
19132,7344,full,370.97,77.71
12126,6135,legal,25.0,1.71
13233,1238,breakdown,25.9,5.91
19504,2917,breakdown,22.9,5.09
26687,5758,breakdown,25.9,5.91
28489,9121,legal,25.0,1.71
20507,652,legal,25.0,1.71
6821,2156,legal,25.0,1.71
24007,6567,breakdown,16.89,4.54
3340,3480,full,276.81,57.99
15719,394,legal,25.0,1.71
4405,4001,full,178.42,37.38
8786,3824,breakdown,16.89,4.54
20177,6485,breakdown,16.89,4.54
7180,7510,breakdown,22.9,5.09
12089,4239,full,399.8,83.75
4064,8738,legal,25.0,1.71
22802,8323,breakdown,16.89,4.54
22179,8944,legal,37.5,2.02
19790,6745,full,454.05,95.12
19833,7723,full,289.35,60.62
736,8728,legal,37.5,2.02
21810,7831,full,203.24,42.58
7202,6395,full,152.23,31.89
20306,8334,full,152.23,31.89
28262,8283,legal,25.0,1.71
9574,825,legal,25.0,1.71
27927,8733,breakdown,16.89,4.54
12750,157,breakdown,16.89,4.54
14025,8140,breakdown,22.9,5.09
4458,8978,breakdown,22.9,5.09
25750,5643,breakdown,16.89,4.54
24160,2633,legal,25.0,1.71
17484,897,breakdown,16.89,4.54
1902,9647,legal,25.0,1.71
29788,7398,full,383.87,80.42
22183,1468,legal,25.0,1.71
9431,1750,breakdown,16.89,4.54
17575,3255,legal,25.0,1.71
6615,222,legal,25.0,1.71
21177,6562,legal,37.5,2.02
6309,2966,legal,46.13,1.71
24898,7612,legal,37.5,2.02
23154,6629,legal,25.0,1.71
22362,6082,full,512.59,107.38
7617,4029,breakdown,16.89,4.54
10970,2558,full,362.97,76.04
2198,1610,legal,37.5,2.02
28497,4841,full,453.73,95.05
14099,9359,full,625.95,131.13
13344,5837,full,440.92,92.37
8336,3528,legal,37.5,2.02
11758,167,legal,25.0,1.71
25971,3262,breakdown,16.89,4.54
1602,8911,breakdown,16.89,4.54
19001,2642,breakdown,22.9,5.09
15410,3708,full,238.75,50.02
23367,8413,full,139.15,29.15
18722,4322,full,889.56,186.35
18990,9163,legal,25.0,1.71
15718,4179,breakdown,16.89,4.54
465,72,legal,25.0,1.71
28091,5654,breakdown,16.89,4.54
10521,4411,full,384.37,80.52
23409,2401,legal,25.0,1.71
29124,5728,full,463.66,97.14
13124,844,full,523.21,109.61
29904,7830,breakdown,22.9,5.09
20086,1239,full,148.27,31.06
7214,5266,breakdown,16.89,4.54
10679,6000,full,196.91,41.25
18260,2168,full,236.33,49.51
17697,4692,full,237.14,49.68
11900,6602,full,448.03,93.86
10216,939,legal,37.5,2.02
8987,4596,legal,46.13,1.71
9746,267,legal,25.0,1.71
14771,9325,full,169.37,35.48
11725,1094,full,174.66,36.59
11509,3092,legal,25.0,1.71
7151,1168,full,223.59,46.84
17547,2032,full,259.1,54.28
13262,3619,legal,25.0,1.71
754,9535,full,255.69,53.56
18381,5859,full,747.11,156.51
7158,4450,breakdown,16.89,4.54
12348,6549,legal,25.0,1.71
23867,4001,legal,37.5,2.02
11245,439,legal,25.0,1.71
4212,83,breakdown,16.89,4.54
28046,7237,full,172.87,36.22
16335,2104,full,190.09,39.82
276,7613,breakdown,22.9,5.09
25785,7419,legal,37.5,2.02
4421,9062,legal,37.5,2.02
13505,9254,breakdown,16.89,4.54
26643,9737,full,206.49,43.26
16336,125,full,283.51,59.39
15449,2339,breakdown,16.89,4.54
23768,6767,legal,37.5,2.02
2780,4983,breakdown,16.89,4.54
16764,1137,legal,46.13,1.71
3356,2126,breakdown,16.89,4.54
16057,846,breakdown,22.9,5.09
19166,389,full,1351.02,283.02
12049,3525,breakdown,16.89,4.54
18683,3034,full,298.01,62.43
22863,2616,breakdown,16.89,4.54
12288,7472,full,316.75,66.35
2063,8799,full,326.85,68.47
5499,5055,legal,25.0,1.71
3271,8295,legal,46.13,1.71
1944,3982,full,266.4,55.81
10539,5690,full,342.48,71.75
1232,3770,legal,25.0,1.71
26845,7251,legal,37.5,2.02
28996,5049,legal,25.0,1.71
22671,9718,breakdown,16.89,4.54
18201,3129,legal,37.5,2.02
15769,3413,breakdown,16.89,4.54
3563,3430,breakdown,16.89,4.54
26049,6274,breakdown,16.89,4.54
28507,3005,full,400.39,83.87
5921,57,breakdown,16.89,4.54
22852,2403,breakdown,16.89,4.54
4199,8770,legal,25.0,1.71
5819,376,full,317.37,66.48
29170,7786,full,321.55,67.36
28042,8566,breakdown,22.9,5.09
195,2228,legal,46.13,1.71
2136,1661,breakdown,22.9,5.09
19983,3385,legal,25.0,1.71
19352,2412,legal,37.5,2.02
20351,2878,breakdown,22.9,5.09
1116,5394,breakdown,16.89,4.54
23274,5627,full,317.14,66.43
10710,2187,breakdown,16.89,4.54
27271,7604,breakdown,16.89,4.54
18305,3633,legal,25.0,1.71
346,4985,legal,37.5,2.02
16691,7792,full,254.08,53.23
17503,2538,full,585.1,122.57
15954,2680,breakdown,16.89,4.54
1080,6366,full,254.61,53.34
6045,7497,full,250.47,52.47
2638,4249,full,370.32,77.58
24359,7649,legal,37.5,2.02
1828,3975,full,192.14,40.25
24,5777,breakdown,22.9,5.09
1292,345,breakdown,22.9,5.09
18669,1922,full,286.76,60.07
23033,8212,full,392.75,82.28
27820,5143,full,1005.52,210.64
5481,9078,legal,25.0,1.71
16103,1179,breakdown,16.89,4.54
17132,5603,legal,25.0,1.71
16397,1375,breakdown,16.89,4.54
13754,6560,full,397.73,83.32
15645,2927,legal,25.0,1.71
29311,9415,legal,25.0,1.71
14076,1559,full,498.1,104.35
18677,7453,legal,25.0,1.71
29499,494,breakdown,22.9,5.09
24136,8452,legal,37.5,2.02
13599,4452,breakdown,16.89,4.54
5756,2460,full,152.23,31.89
22576,4532,full,530.22,111.07
10908,7646,legal,69.23,2.27
14885,9127,breakdown,16.89,4.54
544,3685,full,329.94,69.12
10588,2326,full,731.1,153.15
4828,7337,legal,25.0,1.71
11525,5770,full,227.52,47.67
12985,5457,legal,25.0,1.71
27608,1417,legal,69.23,2.27
28849,3532,full,320.46,67.13
26997,3822,breakdown,16.89,4.54
27557,637,full,887.96,186.02
23603,6581,full,336.06,70.4
27668,5646,full,171.53,35.93
11276,5226,legal,25.0,1.71
16431,6598,full,172.87,36.22
14996,9863,full,378.21,79.23
17040,1691,full,403.85,84.6
8812,2430,legal,30.0,1.71
23420,5321,breakdown,16.89,4.54
14941,5187,legal,46.13,1.71
29032,4317,breakdown,22.9,5.09
6321,2796,full,303.86,63.65
15479,6571,legal,25.0,1.71
25348,5827,full,402.42,84.31
22380,8876,full,268.05,56.15
5421,4559,breakdown,22.9,5.09
10067,1299,breakdown,16.89,4.54
27421,6989,full,292.0,61.17
9363,7361,legal,37.5,2.02
7997,8208,full,249.2,52.21
19535,7706,legal,25.0,1.71
17785,6881,full,198.7,41.63
1158,7960,legal,25.0,1.71
23479,5623,legal,30.0,1.71
4038,1701,legal,46.13,1.71
2966,8189,full,320.84,67.21
675,120,legal,25.0,1.71
5624,2533,breakdown,16.89,4.54
18746,3217,full,169.37,35.48
25290,7823,breakdown,16.89,4.54
19984,7938,full,757.91,158.77
8128,3113,full,352.38,73.82
19566,9746,legal,25.0,1.71
24341,5082,full,350.17,73.36
28259,9025,legal,25.0,1.71
13610,9977,breakdown,16.89,4.54
19997,687,legal,25.0,1.71
23645,9723,full,505.19,105.83
2452,3732,breakdown,16.89,4.54
6244,6686,breakdown,16.89,4.54
7680,8859,breakdown,16.89,4.54
7916,3671,breakdown,16.89,4.54
1566,6834,breakdown,25.9,5.91
28441,7903,legal,37.5,2.02
19730,7812,full,396.8,83.12
28602,8500,breakdown,16.89,4.54
15565,4594,legal,25.0,1.71
22921,9388,legal,25.0,1.71
29277,5387,legal,25.0,1.71
18765,2910,legal,46.13,1.71
11504,1043,legal,25.0,1.71
16666,3699,full,275.54,57.72
26611,962,breakdown,22.9,5.09
14692,7349,full,468.15,98.07
21283,1558,legal,25.0,1.71
27289,2450,breakdown,22.9,5.09
21056,5344,full,774.25,162.2
16456,3465,full,209.99,43.99
23482,4076,full,272.45,57.07
13832,2763,full,461.47,96.67
20877,3039,full,214.43,44.92
22388,9125,breakdown,16.89,4.54
1754,1869,breakdown,22.9,5.09
20048,2258,breakdown,22.9,5.09
25626,9157,full,188.42,39.47
25880,6241,breakdown,16.89,4.54
28118,3034,breakdown,16.89,4.54
6553,9381,breakdown,16.89,4.54
11568,7780,breakdown,16.89,4.54
26315,8385,legal,25.0,1.71
1874,7120,legal,37.5,2.02
23618,9463,legal,25.0,1.71
16243,368,legal,25.0,1.71
16175,9510,breakdown,16.89,4.54
12637,5357,breakdown,16.89,4.54
5494,9186,breakdown,16.89,4.54
29455,7966,breakdown,16.89,4.54
15463,4296,legal,25.0,1.71
17587,1540,legal,25.0,1.71
24308,199,legal,25.0,1.71
2218,5445,breakdown,16.89,4.54
1648,7630,breakdown,16.89,4.54
7523,1709,legal,25.0,1.71
13896,9520,breakdown,16.89,4.54
27188,3361,full,170.78,35.78
22677,2276,breakdown,16.89,4.54
28133,3579,full,352.41,73.82
10485,7039,full,235.79,49.39
11968,3203,full,153.85,32.23
1335,9339,breakdown,16.89,4.54
20530,1525,breakdown,16.89,4.54
14528,3425,breakdown,16.89,4.54
107,4119,full,215.28,45.1
8356,9345,legal,25.0,1.71
28930,1104,legal,37.5,2.02
15851,9821,breakdown,16.89,4.54
6997,5222,breakdown,22.9,5.09
6847,275,legal,25.0,1.71
1422,4219,full,498.44,104.41
7832,3152,breakdown,22.9,5.09
28281,6019,full,152.23,31.89
17106,9666,full,152.23,31.89
7817,4454,breakdown,16.89,4.54
10637,6865,full,466.72,97.77
2729,1390,breakdown,16.89,4.54
13924,8,legal,25.0,1.71
19076,9391,full,265.82,55.68
16442,5711,breakdown,16.89,4.54
9049,4917,legal,46.13,1.71
6221,6679,legal,25.0,1.71
5199,1442,legal,25.0,1.71
5240,1678,breakdown,16.89,4.54
12118,340,breakdown,16.89,4.54
21821,1408,legal,30.0,1.71
19549,5648,full,171.53,35.93
4425,1047,breakdown,16.89,4.54
21013,9361,breakdown,16.89,4.54
21679,5740,full,863.27,180.84
846,476,breakdown,16.89,4.54
10058,4725,legal,25.0,1.71
20786,6725,breakdown,16.89,4.54
15129,6275,full,520.9,109.12
23174,4505,breakdown,32.4,6.5
876,1213,breakdown,16.89,4.54
26390,6970,legal,25.0,1.71
12166,3127,full,279.91,58.63
5446,3461,legal,46.13,1.71
26736,324,full,189.21,39.64
9218,2198,breakdown,16.89,4.54
23990,1861,legal,37.5,2.02
21853,4023,full,306.57,64.23
12437,9952,full,498.8,104.49
15383,3239,full,480.7,100.7
18931,173,full,659.53,138.16
20844,6016,legal,25.0,1.71
1316,4439,breakdown,16.89,4.54
3766,674,breakdown,16.89,4.54
20031,9617,breakdown,22.9,5.09
11730,4270,breakdown,16.89,4.54
18429,3432,full,942.12,197.36
5793,348,breakdown,22.9,5.09
12954,2171,legal,25.0,1.71
5642,6187,breakdown,16.89,4.54
10285,7050,full,101.46,21.25
11155,6204,full,198.42,41.57
19427,1500,legal,25.0,1.71
21024,4981,legal,25.0,1.71
7084,3267,legal,25.0,1.71
12243,2234,breakdown,16.89,4.54
3020,1356,full,101.2,21.2
4003,5343,breakdown,16.89,4.54
21019,5773,legal,37.5,2.02
4023,2859,full,303.84,63.65
7062,6969,legal,25.0,1.71
20025,2866,legal,25.0,1.71
7855,6316,legal,25.0,1.71
7373,200,full,729.35,152.79
21600,3584,legal,25.0,1.71
4387,1424,breakdown,16.89,4.54
25198,8747,legal,37.5,2.02
7255,2613,legal,25.0,1.71
29713,1121,full,399.68,83.72
5524,6565,legal,25.0,1.71
5626,8598,full,246.76,51.69
15796,9780,full,385.31,80.72
28197,7711,full,550.92,115.41
29515,1520,legal,25.0,1.71
10039,8222,full,216.53,45.36
24797,2572,breakdown,16.89,4.54
15841,7998,breakdown,16.89,4.54
28490,9394,full,250.35,52.45
21408,227,full,503.95,105.57
14985,9237,legal,37.5,2.02
7216,3333,breakdown,16.89,4.54
9352,3825,breakdown,16.89,4.54
10881,1367,legal,25.0,1.71
5033,4448,breakdown,22.9,5.09
23127,4721,full,255.07,53.43
21596,9413,breakdown,16.89,4.54
9042,4213,legal,25.0,1.71
19447,6302,legal,25.0,1.71
22062,5284,full,362.34,75.91
21395,928,legal,25.0,1.71
29448,1211,legal,46.13,1.71
25959,4209,full,430.82,90.25
15892,271,full,422.27,88.46
25377,987,legal,25.0,1.71
22505,2341,legal,25.0,1.71
13327,8805,legal,25.0,1.71
23326,9617,legal,37.5,2.02
12635,7209,legal,25.0,1.71
3503,7860,breakdown,16.89,4.54
11526,3221,breakdown,16.89,4.54
26628,8326,full,318.43,66.71
4673,4654,legal,25.0,1.71
24519,4165,legal,46.13,1.71
25933,876,full,198.41,41.57
24264,3082,legal,25.0,1.71
23875,8902,legal,37.5,2.02
17931,1400,full,457.06,95.75
23866,5938,full,462.86,96.96
14690,7586,full,358.8,75.16
21961,3225,full,315.63,66.12
21130,8537,legal,25.0,1.71
29555,4507,full,101.2,21.2
14986,9716,legal,25.0,1.71
11560,4924,breakdown,22.9,5.09
24422,2490,legal,25.0,1.71
14946,9948,breakdown,16.89,4.54
6008,3265,full,239.6,50.19
150,9144,legal,25.0,1.71
3287,9405,full,190.09,39.82
770,1806,breakdown,16.89,4.54
10013,5710,breakdown,22.9,5.09
3060,3352,breakdown,16.89,4.54
4135,5911,breakdown,22.9,5.09
23613,8272,legal,30.0,1.71
11536,9267,full,586.12,122.78
16171,1466,legal,46.13,1.71
14192,1858,legal,25.0,1.71
28233,8557,full,626.36,131.21
8304,3320,breakdown,16.89,4.54
23284,1727,legal,25.0,1.71
21887,6406,breakdown,16.89,4.54
19619,6704,breakdown,16.89,4.54
11521,2197,full,453.52,95.0
2168,818,full,279.11,58.47
28566,2747,breakdown,16.89,4.54
22113,5346,full,231.18,48.43
19175,6883,full,390.18,81.74
25734,449,full,1233.58,258.42
22745,7265,legal,25.0,1.71
10831,1668,breakdown,16.89,4.54
18852,4159,legal,37.5,2.02
10542,2080,full,327.34,68.57
23634,2075,breakdown,16.89,4.54
26365,2462,breakdown,22.9,5.09
12012,1403,legal,25.0,1.71
18066,6661,breakdown,16.89,4.54
15560,9860,breakdown,22.9,5.09
13496,7343,breakdown,16.89,4.54
4482,3910,breakdown,16.89,4.54
12882,1853,full,442.75,92.75
4926,1194,full,265.46,55.61
16197,1039,full,379.5,79.5
2317,320,breakdown,16.89,4.54
20158,2373,breakdown,16.89,4.54
10466,5425,legal,46.13,1.71
11107,2709,breakdown,25.9,5.91
26915,3948,legal,25.0,1.71
2909,4927,breakdown,16.89,4.54
23579,5095,full,175.92,36.85
17214,9645,breakdown,16.89,4.54
1230,7217,breakdown,25.9,5.91
21096,6309,breakdown,22.9,5.09
4314,1201,breakdown,16.89,4.54
22723,7788,legal,46.13,1.71
8294,8072,full,356.98,74.78
21345,9482,legal,37.5,2.02
27748,4455,legal,25.0,1.71
6762,5301,full,101.2,21.2
11049,7023,full,556.07,116.49
29047,2092,breakdown,16.89,4.54
16262,7660,legal,25.0,1.71
13127,2064,full,250.47,52.47
5919,96,full,238.39,49.94
5710,4104,breakdown,16.89,4.54
26334,9030,breakdown,22.9,5.09
24203,1402,full,564.97,118.35
16782,3890,breakdown,16.89,4.54
17114,6011,breakdown,16.89,4.54
24685,832,full,270.05,56.57
15888,482,legal,46.13,1.71
15086,5704,legal,25.0,1.71
8455,4410,breakdown,16.89,4.54
20052,4092,breakdown,16.89,4.54
21049,5442,breakdown,22.9,5.09
23624,7988,breakdown,16.89,4.54
12531,5767,legal,46.13,1.71
29000,1105,breakdown,16.89,4.54
12509,7415,legal,25.0,1.71
12095,934,legal,25.0,1.71
2437,5988,breakdown,16.89,4.54
26308,9659,legal,25.0,1.71
12363,3721,legal,25.0,1.71
3898,7376,full,183.24,38.39
11238,5825,legal,25.0,1.71
20311,3080,full,590.92,123.79
22516,4330,breakdown,16.89,4.54
22072,8530,breakdown,16.89,4.54
19436,1521,legal,46.13,1.71
19864,4143,full,550.77,115.38
15577,4156,full,513.25,107.52
15196,166,full,807.59,169.18
23287,1467,breakdown,16.89,4.54
15770,8135,legal,25.0,1.71
8437,8132,full,193.77,40.6
21764,5349,legal,25.0,1.71
12760,1590,full,169.37,35.48
15458,2160,legal,25.0,1.71
28278,3312,legal,46.13,1.71
29192,8489,breakdown,22.9,5.09
5087,7502,breakdown,16.89,4.54
11284,1146,legal,46.13,1.71
16315,682,breakdown,16.89,4.54
28393,5364,full,323.38,67.75
11313,6235,legal,25.0,1.71
3909,5220,full,418.46,87.66
29913,4714,full,321.23,67.29
523,8365,full,224.65,47.07
8272,6930,legal,25.0,1.71
15207,7444,legal,25.0,1.71
8839,2432,full,176.11,36.9
23692,1175,full,172.87,36.22
25727,238,legal,25.0,1.71
27114,9339,legal,25.0,1.71
9630,6944,breakdown,22.9,5.09
5623,8391,legal,46.13,1.71
6934,1249,legal,37.5,2.02
25722,6090,breakdown,16.89,4.54
12259,4790,legal,92.32,2.83
15291,810,full,171.53,35.93
6887,1508,breakdown,16.89,4.54
4289,4853,legal,25.0,1.71
24180,3302,full,379.5,79.5
11205,2123,full,499.47,104.64
8384,8548,legal,46.13,1.71
7973,8664,full,960.55,201.22
14441,2694,breakdown,16.89,4.54
9417,2623,full,352.38,73.82
24016,1510,breakdown,16.89,4.54
27571,279,full,205.6,43.07
28204,2764,breakdown,22.9,5.09
6452,7127,breakdown,22.9,5.09
28264,329,breakdown,16.89,4.54
9118,8146,breakdown,16.89,4.54
2999,5243,breakdown,22.9,5.09
13232,3635,legal,37.5,2.02
204,1874,legal,25.0,1.71
25824,4940,full,236.38,49.52
11312,2790,legal,46.13,1.71
6235,2674,legal,25.0,1.71
18331,6545,legal,46.13,1.71
5644,4722,full,537.28,112.56
14143,9434,breakdown,16.89,4.54
8222,7206,full,101.2,21.2
24680,6235,breakdown,16.89,4.54
19332,5096,breakdown,16.89,4.54
17773,3612,breakdown,16.89,4.54
28057,5194,breakdown,16.89,4.54
27968,2798,legal,37.5,2.02
28265,1438,full,101.55,21.27
4951,7801,breakdown,16.89,4.54
21498,7219,legal,37.5,2.02
29672,2824,full,263.68,55.24
1238,9674,full,158.03,33.11
18518,7129,full,412.39,86.39
3069,2052,full,915.35,191.75
7003,1224,legal,25.0,1.71
28751,3671,full,352.23,73.79
578,7468,breakdown,16.89,4.54
13602,8968,legal,25.0,1.71
24761,8656,legal,25.0,1.71
992,6536,legal,37.5,2.02
15193,5891,legal,37.5,2.02
9311,206,legal,30.0,1.71
15593,7618,legal,37.5,2.02
15804,9961,breakdown,25.9,5.91
11468,3915,legal,25.0,1.71
25822,9243,full,538.28,112.76
22215,2276,legal,46.13,1.71
24435,6307,full,280.49,58.76
21594,6587,legal,37.5,2.02
10592,8023,full,342.75,71.8
19085,1531,breakdown,32.4,6.5
11624,262,full,340.51,71.33
4332,8267,full,396.35,83.03
15786,3675,legal,25.0,1.71
25759,6111,full,395.93,82.94
24059,6450,breakdown,22.9,5.09
11195,8875,breakdown,16.89,4.54
7761,1908,legal,25.0,1.71
3225,2487,legal,25.0,1.71
12480,7844,full,531.08,111.26
12567,4608,full,770.25,161.35
8255,5069,full,132.83,27.83
2666,8960,legal,25.0,1.71
8823,2227,breakdown,16.89,4.54
6789,338,legal,30.0,1.71
29444,4311,breakdown,16.89,4.54
18180,6079,full,174.86,36.63
19641,8701,breakdown,16.89,4.54
20821,7527,legal,37.5,2.02
271,6469,full,206.76,43.31
1288,5486,breakdown,32.4,6.5
24009,2211,breakdown,16.89,4.54
1823,2389,full,330.07,69.15
20549,5118,legal,25.0,1.71
14724,8205,legal,25.0,1.71
28505,2964,legal,37.5,2.02
739,1266,legal,25.0,1.71
20691,744,legal,25.0,1.71
24939,3426,legal,25.0,1.71
2135,1762,legal,37.5,2.02
8373,4039,breakdown,16.89,4.54
8715,5593,breakdown,16.89,4.54
8983,1257,breakdown,16.89,4.54
20862,5207,full,174.9,36.64
13824,5432,breakdown,22.9,5.09
8882,7140,legal,25.0,1.71
27382,740,full,179.84,37.67
6398,674,full,301.03,63.06
2678,2682,full,562.96,117.93
10345,3542,legal,30.0,1.71
20187,4480,breakdown,16.89,4.54
10658,7002,full,257.3,53.9
24904,1701,full,365.67,76.6
4151,324,breakdown,22.9,5.09
16003,3949,legal,25.0,1.71
20021,9827,breakdown,16.89,4.54
5663,9926,full,297.59,62.34
9737,7783,full,474.39,99.38
29997,4437,full,293.93,61.58
4226,6517,breakdown,16.89,4.54
13560,1566,full,231.82,48.56
25012,6987,full,269.44,56.44
2225,256,full,454.32,95.17
19342,9701,breakdown,16.89,4.54
28772,8037,breakdown,16.89,4.54
10538,4871,legal,25.0,1.71
21073,4153,full,190.31,39.87
5062,2768,legal,37.5,2.02
7678,4257,legal,25.0,1.71
3644,8609,full,573.83,120.21
10226,378,legal,25.0,1.71
7065,4562,legal,25.0,1.71
9981,1629,full,189.75,39.75
23304,2689,breakdown,16.89,4.54
10237,6611,full,217.92,45.65
27229,23,legal,25.0,1.71
12330,312,full,432.68,90.64
19244,9008,legal,25.0,1.71
16949,2075,legal,25.0,1.71
24310,9534,legal,37.5,2.02
15961,9222,full,745.5,156.17
18182,1594,breakdown,16.89,4.54
21445,7895,legal,25.0,1.71
15742,2853,legal,37.5,2.02
2448,1274,full,363.31,76.11
9826,6235,full,167.5,35.09
9449,6877,breakdown,16.89,4.54
1960,7943,breakdown,22.9,5.09
9997,8188,breakdown,16.89,4.54
4185,8389,legal,37.5,2.02
13779,2240,breakdown,16.89,4.54
28445,4564,full,421.4,88.28
11356,3721,full,171.25,35.87
10425,8814,legal,25.0,1.71
4911,8803,breakdown,16.89,4.54
29688,388,full,494.64,103.62
25554,3564,full,349.93,73.31
29538,7476,full,249.39,52.25
1727,2231,legal,25.0,1.71
13885,7093,breakdown,22.9,5.09
14080,9417,full,536.02,112.29
4166,7520,legal,37.5,2.02
8311,9480,full,285.36,59.78
15731,1199,legal,25.0,1.71
2404,2121,full,324.16,67.91
22324,7654,breakdown,16.89,4.54
23685,3156,full,449.73,94.21
6981,87,full,399.51,83.69
13698,4304,breakdown,22.9,5.09
134,5126,legal,25.0,1.71
29220,4271,legal,25.0,1.71
19879,4904,full,365.5,76.57
2089,8432,legal,25.0,1.71
19608,3148,breakdown,16.89,4.54
4437,9577,legal,25.0,1.71
21310,274,full,361.16,75.66
19970,1266,full,539.78,113.08
16783,1148,legal,69.23,2.27
15628,5392,full,449.53,94.17
831,7417,full,192.65,40.36
29097,6930,full,261.35,54.75
7148,4292,full,566.27,118.62
19494,3228,legal,37.5,2.02
22286,5378,breakdown,16.89,4.54
22747,3888,breakdown,16.89,4.54
20369,6186,breakdown,16.89,4.54
760,4792,legal,37.5,2.02
14487,6922,full,117.27,24.56
16826,4702,legal,25.0,1.71
11809,9818,breakdown,16.89,4.54
6028,6188,legal,25.0,1.71
3065,3141,legal,25.0,1.71
25059,1430,full,314.61,65.9
16652,7678,full,647.3,135.6
11545,6097,legal,46.13,1.71
6369,2670,full,159.19,33.35
27503,5563,full,695.29,145.66
13995,9956,breakdown,16.89,4.54
17017,3616,legal,46.13,1.71
20858,3161,legal,25.0,1.71
22617,7202,full,251.74,52.74
14922,1599,legal,25.0,1.71
21437,8908,full,188.2,39.42
12308,6880,full,507.72,106.36
26171,602,full,355.29,74.43
11876,5740,legal,46.13,1.71
6163,1327,breakdown,16.89,4.54
1306,1201,legal,25.0,1.71
5238,2012,legal,25.0,1.71
24642,935,full,252.83,52.97
5162,8481,legal,25.0,1.71
3679,510,legal,46.13,1.71
25160,7686,full,564.27,118.21
27987,9237,breakdown,22.9,5.09
3726,9684,breakdown,16.89,4.54
4796,2857,legal,25.0,1.71
5862,6003,breakdown,16.89,4.54
29901,6214,legal,30.0,1.71
11359,5538,legal,25.0,1.71
24041,6902,legal,30.0,1.71
27672,5203,full,313.65,65.71
22801,8335,legal,25.0,1.71
15858,2757,full,383.59,80.36
14213,4199,full,169.37,35.48
2346,7117,full,313.71,65.72
18462,4748,full,409.26,85.73
5510,2765,legal,25.0,1.71
17535,7155,legal,25.0,1.71
2896,3612,legal,25.0,1.71
9115,4448,legal,37.5,2.02
9206,7845,breakdown,16.89,4.54
3607,9634,full,287.03,60.13
3036,9166,full,359.1,75.23
17826,4764,full,339.62,71.14
12107,5734,full,246.68,51.68
14237,6842,breakdown,16.89,4.54
4416,9769,breakdown,16.89,4.54
23843,7445,full,216.7,45.4
25926,2801,full,213.01,44.62
3483,9520,legal,25.0,1.71
9857,865,legal,25.0,1.71
2050,6633,breakdown,16.89,4.54
18673,5226,full,582.79,122.09
12861,5507,breakdown,16.89,4.54
16407,5536,full,233.01,48.81
28599,5463,full,193.33,40.5
17284,6584,full,424.87,89.01
12225,9040,full,160.6,33.64
15940,2544,breakdown,16.89,4.54
786,6179,legal,46.13,1.71
21490,6673,breakdown,16.89,4.54
26887,6394,full,163.79,34.32
8702,2880,full,237.95,49.85
18741,2924,full,319.4,66.91
28722,2211,full,268.26,56.2
7205,6621,breakdown,22.9,5.09
27431,5920,full,263.12,55.12
19575,6740,legal,46.13,1.71
15847,7098,legal,46.13,1.71
22652,4133,breakdown,16.89,4.54
23048,3804,breakdown,16.89,4.54
22614,5521,legal,25.0,1.71
16511,8297,full,879.38,184.22
3557,8610,breakdown,16.89,4.54
27411,6996,full,339.75,71.17
21102,4761,breakdown,22.9,5.09
14384,4983,full,468.15,98.07
17601,574,legal,25.0,1.71
5212,7891,legal,25.0,1.71
20811,5901,breakdown,16.89,4.54
16241,4090,legal,25.0,1.71
6302,7461,breakdown,16.89,4.54
2510,4819,breakdown,16.89,4.54
9757,7871,breakdown,16.89,4.54
20400,9124,full,169.37,35.48
994,135,full,607.28,127.22
9580,3506,legal,25.0,1.71
12577,9590,breakdown,22.9,5.09
7033,5669,full,684.06,143.3
2873,4632,legal,25.0,1.71
5882,493,full,282.36,59.15
9148,6473,legal,45.0,2.08
8948,8420,full,512.07,107.27
20673,2690,full,205.98,43.15
14656,9393,legal,25.0,1.71
12345,4777,full,257.66,53.98
5126,1026,breakdown,16.89,4.54
655,807,full,496.2,103.95
23225,402,full,373.72,78.29
17945,3376,full,150.32,31.49
9458,1875,full,398.25,83.43
8057,827,legal,25.0,1.71
10198,3340,full,481.63,100.9
374,9694,legal,25.0,1.71
8396,1083,breakdown,16.89,4.54
7173,3011,full,152.23,31.89
13411,369,full,324.89,68.06
29796,8904,breakdown,32.4,6.5
7589,2648,full,101.2,21.2
20965,1948,full,390.22,81.75
22907,7857,legal,46.13,1.71
3851,8730,breakdown,16.89,4.54
9636,3820,full,349.21,73.16
28335,478,legal,37.5,2.02
26772,1482,full,202.16,42.35
14199,9891,breakdown,16.89,4.54
7292,8415,legal,25.0,1.71
13461,2920,full,101.2,21.2
4469,9002,full,255.15,53.45
20350,9702,legal,25.0,1.71
3952,2509,full,1146.31,240.14
6855,4830,breakdown,16.89,4.54
758,5864,full,223.37,46.79
8804,6896,full,217.8,45.62
25050,9912,legal,25.0,1.71
29051,9523,legal,37.5,2.02
20885,2316,legal,37.5,2.02
5347,8403,full,494.83,103.66
13207,4130,breakdown,16.89,4.54
2778,8713,breakdown,16.89,4.54
16541,6008,full,442.22,92.64
3473,9612,legal,25.0,1.71
26182,4292,breakdown,16.89,4.54
5063,4298,legal,25.0,1.71
23007,8107,full,516.86,108.27
13331,6591,legal,25.0,1.71
23742,9282,full,815.23,170.78
12842,8153,full,251.11,52.6
12464,7258,breakdown,22.9,5.09
19159,51,breakdown,16.89,4.54
23463,6365,breakdown,16.89,4.54
29841,6040,breakdown,22.9,5.09
13302,2080,legal,25.0,1.71
5371,6194,full,424.11,88.84
29044,8586,breakdown,16.89,4.54
9381,1248,full,512.77,107.42
15873,2372,legal,25.0,1.71
24208,8303,full,882.1,184.79
7156,9350,legal,46.13,1.71
17217,8957,full,653.95,136.99
16227,640,breakdown,16.89,4.54
4642,4316,legal,46.13,1.71
26112,3405,full,241.88,50.67
2994,4273,legal,30.0,1.71
865,6514,full,364.28,76.31
21629,9856,breakdown,25.9,5.91
6550,2701,breakdown,22.9,5.09
26297,4915,breakdown,16.89,4.54
4404,6713,breakdown,22.9,5.09
21552,437,breakdown,16.89,4.54
16995,2886,legal,46.13,1.71
11819,6613,legal,25.0,1.71
11002,8880,full,224.44,47.02
6787,9081,breakdown,16.89,4.54
25509,8898,legal,37.5,2.02
2287,5894,legal,25.0,1.71
22395,5609,full,303.62,63.6
29291,6161,legal,25.0,1.71
14958,215,legal,37.5,2.02
4937,9593,full,132.83,27.83
25307,9388,breakdown,16.89,4.54
27373,1880,breakdown,16.89,4.54
15831,6085,full,230.17,48.22
13447,7096,legal,46.13,1.71
17574,8338,breakdown,16.89,4.54
9918,6256,full,421.68,88.34
25016,8456,full,257.53,53.95
10219,9896,legal,25.0,1.71
3174,3674,legal,25.0,1.71
19565,5202,legal,37.5,2.02
9934,8658,full,224.42,47.02
27325,8137,breakdown,16.89,4.54
1455,6329,full,233.56,48.93
14842,8794,legal,46.13,1.71
4677,725,full,367.38,76.96
13332,8821,full,485.62,101.73
24117,2449,breakdown,16.89,4.54
2531,4005,full,471.79,98.83
24834,77,breakdown,16.89,4.54
15906,6103,full,278.39,58.32
21480,9847,legal,46.13,1.71
18147,8411,legal,37.5,2.02
2463,6380,breakdown,16.89,4.54
25783,9107,breakdown,16.89,4.54
2996,3740,breakdown,16.89,4.54
14911,5121,breakdown,16.89,4.54
1936,8544,breakdown,16.89,4.54
26305,358,full,190.36,39.88
15184,4099,full,381.8,79.98
12015,6833,full,270.2,56.61
9956,1587,breakdown,16.89,4.54
26922,9153,full,380.6,79.73
25916,1769,breakdown,16.89,4.54
20495,9852,full,316.25,66.25
3573,4832,full,477.04,99.94
14673,7645,legal,25.0,1.71
3881,6339,breakdown,22.9,5.09
23406,3169,legal,25.0,1.71
29690,6211,full,323.79,67.83
21780,6841,full,192.54,40.33
23621,2702,legal,25.0,1.71
22887,5447,breakdown,22.9,5.09
8603,7822,breakdown,16.89,4.54
9452,540,full,152.23,31.89
8956,4369,full,152.63,31.98
4252,2978,legal,25.0,1.71
13544,107,full,330.63,69.26
1818,2323,breakdown,16.89,4.54
18632,8906,breakdown,16.89,4.54
21411,9272,legal,25.0,1.71
14158,868,legal,46.13,1.71
24794,5877,breakdown,16.89,4.54
10867,1729,legal,25.0,1.71
1821,4931,full,172.87,36.22
18589,8040,full,276.2,57.86
10318,7198,full,505.9,105.98
584,9383,breakdown,16.89,4.54
19111,3901,legal,46.13,1.71
7706,9727,legal,25.0,1.71
376,8286,breakdown,25.9,5.91
26473,9362,legal,25.0,1.71
13805,5150,full,239.94,50.27
25830,9789,full,301.42,63.15
28460,3007,full,255.19,53.46
24551,9903,full,152.23,31.89
3577,5947,legal,25.0,1.71
10071,238,full,178.45,37.39
18145,5242,breakdown,16.89,4.54
12428,3136,full,508.97,106.63
14992,3632,legal,69.23,2.27
2881,6515,breakdown,16.89,4.54
20463,7702,full,152.23,31.89
12972,8394,breakdown,22.9,5.09
27542,7161,breakdown,22.9,5.09
2925,1353,full,282.89,59.26
24187,9880,full,159.3,33.37
25851,4164,breakdown,16.89,4.54
14818,3259,legal,25.0,1.71
15028,9040,breakdown,16.89,4.54
324,2557,full,152.63,31.98
21095,7383,breakdown,16.89,4.54
23426,390,breakdown,32.4,6.5
24603,9152,full,492.75,103.22
17659,7153,full,239.48,50.17
14681,1290,breakdown,25.9,5.91
29976,7945,breakdown,16.89,4.54
20274,2325,legal,25.0,1.71
15865,6956,breakdown,16.89,4.54
21795,2202,full,325.01,68.09
23861,2966,breakdown,16.89,4.54
6732,4007,full,260.73,54.62
4072,418,full,589.11,123.41
27015,3510,breakdown,16.89,4.54
15407,1702,legal,25.0,1.71
23503,4466,legal,46.13,1.71
11550,2360,full,315.12,66.02
23771,8335,breakdown,16.89,4.54
8477,1713,legal,25.0,1.71
27508,8521,legal,25.0,1.71
12315,3586,breakdown,16.89,4.54
4678,8989,breakdown,16.89,4.54
17621,613,legal,46.13,1.71
4503,2603,full,251.73,52.73
25185,9690,full,201.69,42.25
15061,9827,legal,25.0,1.71
28875,4774,full,270.83,56.74
2919,1954,legal,25.0,1.71
1482,6055,full,330.1,69.15
22956,6166,breakdown,22.9,5.09
10557,3591,full,228.31,47.83
6840,3286,breakdown,16.89,4.54
26088,1515,full,113.85,23.85
9419,5271,legal,69.23,2.27
17161,992,breakdown,25.9,5.91
8858,1834,full,407.52,85.37
2103,7715,full,478.89,100.32
5054,5080,full,384.32,80.51
15029,7754,full,566.91,118.76
2772,8754,full,317.36,66.48
25862,3237,breakdown,16.89,4.54
8518,2930,legal,37.5,2.02
18580,9578,full,337.46,70.69
2704,6437,legal,46.13,1.71
6771,4952,legal,25.0,1.71
21146,9912,full,165.6,34.69
9323,5415,breakdown,16.89,4.54
12933,8641,full,228.27,47.82
6293,359,legal,30.0,1.71
2927,891,breakdown,16.89,4.54
28908,1251,full,381.54,79.93
8808,9381,full,420.3,88.05
22094,2289,breakdown,16.89,4.54
15351,735,breakdown,16.89,4.54
26800,2599,breakdown,16.89,4.54
18937,4655,breakdown,16.89,4.54
7459,5363,breakdown,16.89,4.54
8681,3600,breakdown,16.89,4.54
27528,3141,full,303.99,63.68
2738,2728,full,455.45,95.41
15087,5910,breakdown,16.89,4.54
11988,5539,full,228.44,47.85
3758,9260,legal,25.0,1.71
22746,6604,full,1103.16,231.1
9191,3902,full,273.52,57.3
16938,3572,legal,37.5,2.02
6817,7634,breakdown,16.89,4.54
25417,2729,legal,25.0,1.71
14545,4435,legal,46.13,1.71
10932,3459,legal,46.13,1.71
20575,3363,breakdown,22.9,5.09
29564,5893,legal,46.13,1.71
28348,6759,full,350.54,73.44
3331,5520,breakdown,16.89,4.54
22225,6581,legal,37.5,2.02
25156,392,breakdown,16.89,4.54
7529,2010,full,187.03,39.18
26539,5333,legal,25.0,1.71
12362,1248,breakdown,16.89,4.54
11794,9589,full,254.22,53.26
4350,6642,legal,37.5,2.02
23430,6201,breakdown,16.89,4.54
2043,8184,breakdown,16.89,4.54
19834,8756,full,387.11,81.09
20683,3375,breakdown,16.89,4.54
16439,4649,full,378.34,79.26
1559,8321,full,169.37,35.48
10673,1526,full,124.49,26.08
17452,2475,breakdown,16.89,4.54
9975,749,breakdown,16.89,4.54
2157,3759,breakdown,16.89,4.54
8046,6120,breakdown,16.89,4.54
12738,9648,breakdown,22.9,5.09
25537,4752,legal,37.5,2.02
25247,6549,breakdown,16.89,4.54
6790,280,legal,25.0,1.71
29245,419,breakdown,16.89,4.54
6760,8297,legal,25.0,1.71
18762,9293,legal,25.0,1.71
24763,8729,full,276.34,57.89
27375,4610,breakdown,16.89,4.54
1413,4226,legal,25.0,1.71
7144,8647,breakdown,16.89,4.54
25617,9824,legal,37.5,2.02
3684,218,legal,37.5,2.02
2222,3531,full,506.24,106.05
3283,7223,legal,25.0,1.71
16559,820,breakdown,16.89,4.54
9544,4586,breakdown,16.89,4.54
8991,7866,full,250.47,52.47
22248,6540,legal,25.0,1.71
22578,993,breakdown,16.89,4.54
1054,6139,breakdown,16.89,4.54
20663,5802,breakdown,16.89,4.54
29437,3036,full,684.64,143.42
11175,9624,breakdown,16.89,4.54
2735,9445,legal,25.0,1.71
19924,5449,full,330.13,69.16
7114,9207,full,500.99,104.95
19254,2687,legal,25.0,1.71
14028,9352,full,460.12,96.39
13154,6624,full,283.41,59.37
27737,7585,legal,25.0,1.71
21188,6899,legal,25.0,1.71
23005,7750,breakdown,22.9,5.09
14456,6904,full,445.5,93.33
26404,2568,legal,25.0,1.71
8110,2332,breakdown,16.89,4.54
2294,5589,legal,25.0,1.71
3756,6789,full,101.2,21.2
16471,2205,legal,25.0,1.71
28002,9867,full,271.05,56.78
22950,5277,full,296.77,62.17
16619,4738,breakdown,16.89,4.54
15382,4892,breakdown,16.89,4.54
6391,2256,breakdown,22.9,5.09
17633,5099,breakdown,16.89,4.54
21459,5531,full,388.77,81.44
5540,5545,breakdown,22.9,5.09
6649,1730,legal,25.0,1.71
18061,6802,breakdown,16.89,4.54
18077,7815,full,172.87,36.22
20758,9568,legal,25.0,1.71
24082,1251,breakdown,16.89,4.54
5493,1193,full,588.02,123.18
21446,2078,full,466.19,97.66
6975,3172,legal,25.0,1.71
9462,2058,legal,25.0,1.71
13271,9316,breakdown,25.9,5.91
26340,9396,legal,25.0,1.71
2055,9312,legal,25.0,1.71
177,45,legal,25.0,1.71
14532,7910,breakdown,16.89,4.54
15397,5994,full,152.23,31.89
20818,4928,breakdown,16.89,4.54
10520,1608,full,374.96,78.55
22295,2877,legal,37.5,2.02
13686,8938,legal,25.0,1.71
28934,3120,breakdown,22.9,5.09
28008,6014,legal,25.0,1.71
10563,9910,full,300.47,62.94
20718,117,legal,25.0,1.71
25324,3599,breakdown,16.89,4.54
1851,3912,legal,25.0,1.71
25063,7274,breakdown,16.89,4.54
1890,6859,full,259.78,54.42
27835,1626,legal,25.0,1.71
4740,5638,legal,25.0,1.71
29339,6585,legal,69.23,2.27
2547,6893,breakdown,22.9,5.09
9310,9351,legal,46.13,1.71
17615,2185,breakdown,22.9,5.09
14029,7626,breakdown,16.89,4.54
19472,1616,full,289.0,60.53
22804,3961,legal,46.13,1.71
5105,3452,breakdown,22.9,5.09
23842,4766,legal,25.0,1.71
5298,4517,legal,45.0,2.08
15452,5424,full,223.25,46.77
22360,2093,breakdown,16.89,4.54
6498,3116,breakdown,16.89,4.54
4671,7907,full,103.83,21.75
24235,9171,legal,25.0,1.71
19416,7372,legal,25.0,1.71
1065,3226,breakdown,16.89,4.54
3094,4261,full,284.47,59.6
17911,607,full,511.87,107.23
26649,426,legal,25.0,1.71
29606,1484,full,348.0,72.9
7052,8910,full,194.76,40.8
2840,4004,breakdown,16.89,4.54
2659,6035,breakdown,16.89,4.54
8978,4607,full,278.45,58.33
16061,8931,legal,46.13,1.71
342,6598,legal,25.0,1.71
21634,4211,breakdown,16.89,4.54
29544,1399,breakdown,16.89,4.54
1576,6056,full,165.0,34.57
2228,691,legal,25.0,1.71
28448,7920,full,309.87,64.91
20514,478,full,189.11,39.62
21731,1085,full,863.59,180.91
27713,1772,legal,25.0,1.71
26179,2050,legal,25.0,1.71
25360,5909,breakdown,22.9,5.09
28494,6347,legal,25.0,1.71
29294,5028,breakdown,16.89,4.54
27029,4264,full,466.93,97.82
25048,4443,breakdown,16.89,4.54
24118,6454,breakdown,16.89,4.54
22120,4453,breakdown,16.89,4.54
16915,5433,legal,25.0,1.71
24813,9947,full,101.2,21.2
27216,7545,breakdown,16.89,4.54
24355,263,breakdown,16.89,4.54
7079,5076,full,492.48,103.17
17869,5103,legal,46.13,1.71
18221,9260,breakdown,16.89,4.54
15703,4177,legal,25.0,1.71
27454,8011,legal,37.5,2.02
15362,7704,legal,69.23,2.27
27163,6067,legal,37.5,2.02
20913,7517,full,169.37,35.48
29456,6979,full,149.04,31.22
1301,5263,full,152.23,31.89
25286,5330,full,527.77,110.56
10079,5510,legal,25.0,1.71
1698,8876,legal,37.5,2.02
16199,7011,full,385.31,80.72
13520,6492,breakdown,16.89,4.54
18434,9440,full,251.73,52.73
26023,283,breakdown,16.89,4.54
402,4060,full,288.58,60.45
11455,6041,breakdown,16.89,4.54
2052,9720,legal,25.0,1.71
12275,1128,legal,25.0,1.71
1966,7250,full,337.19,70.64
21519,3221,legal,46.13,1.71
22016,3423,legal,25.0,1.71
395,7236,breakdown,16.89,4.54
4431,1632,full,315.6,66.12
29870,8723,breakdown,16.89,4.54
18026,3028,legal,46.13,1.71
24313,5357,full,327.18,68.54
16218,3175,legal,25.0,1.71
26318,6838,full,1179.13,247.01
76,5314,breakdown,16.89,4.54
3537,4047,breakdown,16.89,4.54
1789,9065,legal,45.0,2.08
23584,9448,breakdown,16.89,4.54
20700,4557,legal,37.5,2.02
482,8045,breakdown,22.9,5.09
6561,1147,breakdown,22.9,5.09
23580,274,breakdown,22.9,5.09
16029,3797,full,157.07,32.91
3938,3320,legal,25.0,1.71
28135,986,full,417.16,87.39
16127,3391,breakdown,16.89,4.54
41,7138,legal,46.13,1.71
3141,7132,legal,25.0,1.71
10097,5030,breakdown,16.89,4.54
5251,713,legal,25.0,1.71
4160,8766,breakdown,16.89,4.54
15050,1084,full,307.82,64.48
163,1301,breakdown,16.89,4.54
23207,8224,full,804.29,168.49
2612,5863,breakdown,22.9,5.09
18214,3208,legal,25.0,1.71
4508,6110,full,552.65,115.77
26807,6164,full,555.87,116.45
8344,7951,full,171.16,35.86
7492,1085,breakdown,25.9,5.91
5458,8623,breakdown,16.89,4.54
1710,7650,full,234.1,49.04
19334,7643,legal,25.0,1.71
7601,7274,legal,25.0,1.71
9530,360,breakdown,16.89,4.54
28129,8458,breakdown,16.89,4.54
13780,7914,full,277.02,58.03
28844,5091,full,800.45,167.68
13773,6526,legal,25.0,1.71
7219,6685,breakdown,16.89,4.54
8327,5102,full,566.32,118.64
26228,8707,breakdown,22.9,5.09
3092,508,full,434.6,91.04
23847,2757,legal,25.0,1.71
28786,8671,full,302.61,63.39
4190,5548,breakdown,16.89,4.54
742,3204,full,578.39,121.17
2788,6732,legal,25.0,1.71
20436,8511,legal,25.0,1.71
25240,6443,full,282.81,59.25
593,4908,legal,25.0,1.71
26054,5474,breakdown,22.9,5.09
5805,4569,full,352.71,73.89
28332,3410,legal,25.0,1.71
1667,2808,breakdown,16.89,4.54
12938,8702,full,406.68,85.19
9194,9018,full,302.87,63.44
19414,5126,breakdown,16.89,4.54
11598,397,full,234.38,49.1
10779,93,breakdown,16.89,4.54
2941,2146,breakdown,16.89,4.54
10810,7407,legal,46.13,1.71
20279,8363,breakdown,16.89,4.54
28578,8388,breakdown,16.89,4.54
25519,4368,breakdown,16.89,4.54
29508,6521,full,616.45,129.14
12365,3602,breakdown,16.89,4.54
12057,1384,legal,25.0,1.71
8015,1374,full,152.23,31.89
11840,3114,breakdown,22.9,5.09
22230,7577,breakdown,16.89,4.54
27558,8059,full,228.91,47.96
26819,5826,full,271.53,56.88
28498,6232,breakdown,22.9,5.09
4172,6851,breakdown,16.89,4.54
6768,11,breakdown,16.89,4.54
23116,7510,full,101.2,21.2
23780,9683,breakdown,22.9,5.09
26185,8266,breakdown,22.9,5.09
488,4556,full,169.37,35.48
13682,2828,breakdown,25.9,5.91
25874,438,full,108.82,22.79
8070,9093,legal,25.0,1.71
7733,8312,legal,25.0,1.71
26322,667,legal,25.0,1.71
16032,9499,legal,25.0,1.71
13831,1046,legal,25.0,1.71
425,9425,breakdown,16.89,4.54
10493,758,legal,25.0,1.71
28066,1054,breakdown,16.89,4.54
21540,7460,legal,25.0,1.71
19181,4145,legal,25.0,1.71
15902,193,legal,37.5,2.02
28402,9999,full,410.5,85.99
19309,2862,legal,37.5,2.02
13480,6684,legal,69.23,2.27
16450,4789,full,312.77,65.52
28073,9594,breakdown,16.89,4.54
13484,5254,legal,37.5,2.02
26556,1732,full,345.04,72.28
6493,2848,legal,25.0,1.71
28385,4114,legal,25.0,1.71
13242,1628,full,345.41,72.36
21891,672,legal,25.0,1.71
15642,203,breakdown,16.89,4.54
13918,56,full,305.41,63.98
25678,7154,breakdown,16.89,4.54
14951,3076,full,464.59,97.33
13142,7295,breakdown,16.89,4.54
917,3919,legal,69.23,2.27
19663,135,breakdown,16.89,4.54
12328,369,breakdown,16.89,4.54
16118,8383,full,421.48,88.29
20217,2461,breakdown,22.9,5.09
16692,2163,legal,25.0,1.71
29775,4414,legal,25.0,1.71
29858,1904,legal,25.0,1.71
13739,7716,legal,46.13,1.71
21089,5159,breakdown,16.89,4.54
18747,5159,full,259.54,54.37
15394,6289,breakdown,16.89,4.54
19311,4243,legal,37.5,2.02
14890,7319,full,433.73,90.86
3311,7964,legal,25.0,1.71
4081,4924,legal,37.5,2.02
5913,7243,legal,25.0,1.71
19091,7726,breakdown,22.9,5.09
6396,103,full,324.54,67.99
9736,8472,legal,37.5,2.02
18171,288,breakdown,16.89,4.54
17891,9528,breakdown,16.89,4.54
8975,5614,breakdown,16.89,4.54
10638,3423,breakdown,16.89,4.54
28608,2805,full,158.69,33.24
3562,3410,breakdown,16.89,4.54
22912,9357,breakdown,16.89,4.54
15570,7679,breakdown,16.89,4.54
25922,389,legal,30.0,1.71
207,4373,legal,25.0,1.71
29585,4109,full,1360.19,284.94
18379,5841,legal,25.0,1.71
16432,9787,legal,25.0,1.71
11287,9491,full,268.53,56.26
25637,5225,breakdown,16.89,4.54
21931,2376,breakdown,16.89,4.54
14307,662,breakdown,16.89,4.54
25234,3566,legal,25.0,1.71
25312,9482,full,237.97,49.85
167,5657,breakdown,22.9,5.09
17813,7348,legal,25.0,1.71
19536,6059,full,169.37,35.48
26830,6918,breakdown,16.89,4.54
7237,9045,legal,25.0,1.71
3390,9822,breakdown,16.89,4.54
3052,7328,full,863.82,180.96
1357,4584,full,370.8,77.68
14211,1373,full,152.23,31.89
1967,955,full,1374.73,287.99
13539,6995,legal,25.0,1.71
20941,2069,legal,25.0,1.71
789,5114,legal,25.0,1.71
7802,7834,full,729.69,152.86
1840,382,full,560.0,117.31
21747,4474,breakdown,16.89,4.54
26923,9192,full,463.25,97.04
15778,4518,full,166.63,34.91
14702,1489,legal,46.13,1.71
1658,4296,breakdown,16.89,4.54
22138,9319,legal,25.0,1.71
17311,203,full,514.09,107.69
4886,6645,legal,25.0,1.71
5501,8569,full,234.9,49.21
14688,8425,legal,37.5,2.02
17124,1878,full,476.73,99.87
3580,9210,breakdown,16.89,4.54
18928,4161,legal,25.0,1.71
4312,8758,full,220.24,46.14
5945,2273,full,295.37,61.88
1498,7438,full,274.17,57.43
14185,8497,breakdown,16.89,4.54
10273,9146,breakdown,16.89,4.54
28103,3514,full,291.87,61.15
8738,1545,full,172.87,36.22
1225,566,full,142.21,29.79
29268,3934,breakdown,16.89,4.54
27931,8791,breakdown,22.9,5.09
22434,3742,legal,25.0,1.71
6570,6782,legal,25.0,1.71
3144,7044,legal,37.5,2.02
7025,4785,full,251.14,52.61
17128,1164,breakdown,22.9,5.09
17508,2704,breakdown,22.9,5.09
18433,4440,breakdown,16.89,4.54
19885,4689,breakdown,22.9,5.09
1412,7400,breakdown,16.89,4.54
7735,2919,legal,69.23,2.27
2764,3870,full,373.71,78.29
22348,4548,legal,37.5,2.02
21029,5865,legal,25.0,1.71
5895,4326,legal,25.0,1.71
4379,3816,breakdown,16.89,4.54
15269,1816,legal,37.5,2.02
25423,5090,breakdown,22.9,5.09
5332,8849,breakdown,16.89,4.54
5224,9321,breakdown,16.89,4.54
27080,1077,legal,37.5,2.02
18957,87,legal,37.5,2.02
3694,748,breakdown,22.9,5.09
11984,6168,legal,25.0,1.71
24221,723,legal,25.0,1.71
26447,6871,legal,25.0,1.71
9764,1300,legal,37.5,2.02
29785,9141,full,216.15,45.28
16603,2806,full,325.52,68.19
5049,1187,full,707.21,148.15
16221,5981,breakdown,16.89,4.54
24703,5059,full,344.96,72.26
2926,8737,full,625.56,131.04
19186,6794,full,335.33,70.24
26644,194,legal,25.0,1.71
28357,5724,full,925.29,193.83
1062,5755,full,537.72,112.64
21533,9493,legal,25.0,1.71
10446,6588,legal,25.0,1.71
2582,9961,full,261.15,54.71
11801,5728,breakdown,22.9,5.09
8058,2195,breakdown,16.89,4.54
15756,4311,full,166.86,34.95
14695,8954,breakdown,16.89,4.54
1135,877,full,492.95,103.27
28609,7153,legal,37.5,2.02
15809,5649,full,513.46,107.56
23372,7731,breakdown,22.9,5.09
13377,69,legal,46.13,1.71
23002,1420,breakdown,16.89,4.54
29324,9130,legal,69.23,2.27
4297,3549,legal,37.5,2.02
23182,4818,legal,46.13,1.71
20213,6067,full,450.15,94.3
27509,6123,legal,25.0,1.71
13873,7543,legal,25.0,1.71
6535,7477,legal,46.13,1.71
22559,6122,legal,25.0,1.71
24250,3965,full,784.94,164.43
8727,8714,legal,25.0,1.71
14285,2286,breakdown,16.89,4.54
21281,5532,full,152.23,31.89
354,5130,breakdown,16.89,4.54
4646,8160,legal,25.0,1.71
28990,2444,breakdown,22.9,5.09
187,1731,breakdown,16.89,4.54
14970,2153,legal,25.0,1.71
11279,7135,breakdown,16.89,4.54
29960,5718,breakdown,22.9,5.09
28392,5814,breakdown,22.9,5.09
24902,843,full,152.23,31.89
16260,8478,full,291.65,61.1
15219,4086,breakdown,16.89,4.54
20693,1276,full,209.23,43.83
10721,6062,breakdown,16.89,4.54
16283,5047,legal,25.0,1.71
3498,5664,breakdown,16.89,4.54
18168,8294,breakdown,16.89,4.54
16025,9226,breakdown,22.9,5.09
26701,6654,full,329.66,69.06
17840,6015,breakdown,16.89,4.54
9273,8235,breakdown,16.89,4.54
986,8348,legal,25.0,1.71
5938,1568,breakdown,16.89,4.54
14581,2734,full,590.5,123.7
23332,756,breakdown,16.89,4.54
1737,5289,breakdown,22.9,5.09
26928,6252,full,510.77,107.0
29028,848,breakdown,16.89,4.54
9489,9811,legal,25.0,1.71
2166,4253,full,449.53,94.17
12051,1802,legal,37.5,2.02
18308,9279,legal,25.0,1.71
13343,4551,breakdown,22.9,5.09
23850,7115,legal,46.13,1.71
8649,5178,full,101.2,21.2
16121,9345,full,444.83,93.18
13716,7747,breakdown,16.89,4.54
9566,1564,full,286.76,60.07
29303,1440,legal,25.0,1.71
21537,2431,legal,37.5,2.02
29541,4754,legal,37.5,2.02
23508,871,breakdown,25.9,5.91
3450,9388,full,421.72,88.35
8924,2093,full,236.65,49.58
21494,2398,breakdown,22.9,5.09
23827,5009,breakdown,16.89,4.54
18790,3617,legal,46.13,1.71
10556,6185,breakdown,16.89,4.54
14239,644,full,376.89,78.95
18992,7379,breakdown,16.89,4.54
7661,5998,legal,37.5,2.02
89,6246,full,346.52,72.59
25676,4660,breakdown,22.9,5.09
23846,2336,breakdown,16.89,4.54
7482,4882,legal,37.5,2.02
10985,815,full,106.07,22.22
13755,9833,full,192.15,40.25
15095,8094,breakdown,16.89,4.54
17376,7596,breakdown,22.9,5.09
18778,6643,legal,37.5,2.02
29552,9271,full,548.0,114.8
845,964,full,263.69,55.24
18368,5499,breakdown,16.89,4.54
4274,4787,full,231.48,48.49
28653,1535,breakdown,16.89,4.54
25416,1308,breakdown,16.89,4.54
22000,4331,breakdown,16.89,4.54
8429,7477,breakdown,16.89,4.54
18822,6820,breakdown,25.9,5.91
21844,7431,legal,46.13,1.71
19658,4788,full,536.75,112.44
274,2832,full,140.77,29.49
958,1024,breakdown,16.89,4.54
5678,567,breakdown,16.89,4.54
3810,6499,legal,25.0,1.71
21047,8905,breakdown,16.89,4.54
28436,9476,breakdown,22.9,5.09
20494,5792,legal,37.5,2.02
2407,6144,legal,25.0,1.71
156,3234,full,172.87,36.22
190,2382,full,515.65,108.03
29637,7411,legal,25.0,1.71
6471,9276,breakdown,16.89,4.54
16753,9518,breakdown,16.89,4.54
19971,351,full,282.67,59.22
12571,3171,legal,25.0,1.71
3517,4115,full,182.7,38.28
26528,5578,full,386.66,81.0
29557,5724,legal,25.0,1.71
11088,781,breakdown,16.89,4.54
8447,7569,legal,,2.27
26520,314,legal,25.0,1.71
9260,3055,breakdown,22.9,5.09
12119,8002,breakdown,16.89,4.54
3768,5532,breakdown,16.89,4.54
23527,9540,breakdown,,5.09
5117,4760,legal,46.13,1.71
25893,1048,legal,37.5,2.02
27808,5422,full,101.2,21.2
27849,5057,legal,25.0,1.71
13875,5046,legal,30.0,1.71
23078,2876,breakdown,16.89,4.54
20169,5799,breakdown,16.89,4.54
21187,3834,breakdown,22.9,5.09
15587,2845,breakdown,16.89,4.54
5118,3389,full,183.09,38.36
22735,3161,full,367.77,77.04
3111,18,full,625.4,131.01
10202,7200,full,186.62,39.09
22412,2030,full,261.63,54.81
28240,2457,legal,25.0,1.71
18901,7193,breakdown,22.9,5.09
6305,7245,full,397.93,83.36
19715,3728,breakdown,16.89,4.54
8375,2549,legal,37.5,2.02
15274,4281,legal,37.5,2.02
6719,3730,legal,25.0,1.71
20117,4897,breakdown,22.9,5.09
19284,3030,legal,37.5,2.02
24345,3831,full,330.59,69.25
23953,5004,breakdown,16.89,4.54
20321,7182,breakdown,16.89,4.54
19714,6373,breakdown,22.9,5.09
14964,4589,breakdown,16.89,4.54
17180,3606,full,212.87,44.6
5596,4620,legal,25.0,1.71
20580,4207,legal,25.0,1.71
28592,8542,full,247.24,51.79
13796,2506,full,485.42,101.69
10965,3789,legal,37.5,2.02
27031,3218,breakdown,16.89,4.54
19369,9605,legal,69.23,2.27
12870,6460,legal,37.5,2.02
17702,5247,full,320.51,67.14
1786,1160,full,448.37,93.93
26384,3470,full,490.73,102.8
9897,4566,full,489.01,102.44
2552,9015,legal,37.5,2.02
17457,7012,full,309.02,64.74
13950,7439,legal,25.0,1.71
12983,8130,full,619.34,129.74
6870,4740,full,118.17,24.76
4750,4096,legal,25.0,1.71
13856,1225,full,1495.16,313.22
2034,5506,breakdown,16.89,4.54
3522,1929,full,493.54,103.39
9078,2913,breakdown,16.89,4.54
15638,2637,legal,46.13,1.71
6944,146,full,250.47,52.47
7918,6232,legal,37.5,2.02
1220,2451,breakdown,22.9,5.09
17996,8497,legal,25.0,1.71
26450,2454,breakdown,22.9,5.09
21906,2785,full,263.23,55.14
7570,3109,full,195.85,41.03
6985,3162,full,462.47,96.89
5531,9919,legal,30.0,1.71
11540,7256,legal,37.5,2.02
3227,9675,breakdown,16.89,4.54
16062,471,breakdown,16.89,4.54
1539,6905,legal,69.23,2.27
10817,9318,legal,25.0,1.71
14835,6821,full,213.2,44.66
29991,3749,breakdown,16.89,4.54
22558,3559,legal,25.0,1.71
14040,5597,legal,25.0,1.71
18775,6963,full,465.39,97.49
2711,7793,legal,25.0,1.71
27315,4944,full,222.62,46.64
25128,6175,legal,25.0,1.71
28740,3181,full,200.35,41.97
12412,7171,legal,25.0,1.71
8163,7009,legal,25.0,1.71
11118,9705,breakdown,22.9,5.09
28585,954,legal,25.0,1.71
9609,6953,full,343.51,71.96
18234,2689,legal,25.0,1.71
21343,9378,legal,25.0,1.71
4286,2038,breakdown,16.89,4.54
27899,8469,breakdown,16.89,4.54
8221,8528,full,318.44,66.71
10728,6672,full,190.09,39.82
1745,1776,breakdown,16.89,4.54
15933,7374,full,250.06,52.39
13045,1799,breakdown,16.89,4.54
7505,1605,legal,25.0,1.71
4908,517,breakdown,22.9,5.09
12769,47,full,152.23,31.89
4596,5635,full,982.34,205.79
13679,5975,full,575.24,120.51
2644,4428,legal,25.0,1.71
27966,1966,legal,25.0,1.71
17279,7573,breakdown,16.89,4.54
10351,4691,breakdown,16.89,4.54
938,2950,breakdown,16.89,4.54
27146,9188,legal,25.0,1.71
4455,7115,full,229.47,48.07
6064,9524,full,256.69,53.77
11042,7439,breakdown,16.89,4.54
19191,2574,breakdown,16.89,4.54
13762,393,breakdown,16.89,4.54
14975,979,breakdown,22.9,5.09
5980,5879,full,171.53,35.94
21653,8033,legal,25.0,1.71
23494,9695,breakdown,22.9,5.09
20102,9347,full,519.23,108.77
25502,2887,breakdown,16.89,4.54
9941,9654,breakdown,22.9,5.09
21407,1872,full,361.77,75.78
2776,7829,breakdown,16.89,4.54
5635,6005,full,479.82,100.52
10275,3533,legal,25.0,1.71
3869,7758,breakdown,22.9,5.09
16838,5934,breakdown,16.89,4.54
12038,9109,full,379.5,79.5
8672,2598,full,201.8,42.28
9790,4606,full,153.41,32.14
28362,4351,breakdown,16.89,4.54
23124,7419,breakdown,22.9,5.09
8462,6878,full,346.63,72.61
26421,6649,full,615.24,128.89
23117,4572,breakdown,16.89,4.54
19568,1847,legal,37.5,2.02
23209,9130,full,805.02,168.64
8531,439,full,316.25,66.25
16242,8402,breakdown,16.89,4.54
2944,5410,full,394.73,82.69
17170,4262,full,1273.87,266.86
14138,5620,breakdown,16.89,4.54
18098,6660,breakdown,22.9,5.09
25855,6439,full,349.19,73.15
11880,9185,breakdown,16.89,4.54
16679,2899,legal,25.0,1.71
18599,5148,breakdown,16.89,4.54
23996,7167,full,331.27,69.4
26814,2991,full,150.32,31.49
16983,7969,legal,37.5,2.02
4141,6582,full,270.8,56.73
9102,6867,full,505.47,105.89
8351,625,full,173.21,36.29
819,5393,legal,25.0,1.71
24554,8293,breakdown,22.9,5.09
29751,6837,breakdown,32.4,6.5
5665,6728,breakdown,16.89,4.54
14003,2327,legal,25.0,1.71
25096,4847,full,150.32,31.49
19074,4764,legal,25.0,1.71
24356,2349,breakdown,16.89,4.54
7326,591,legal,37.5,2.02
27030,6449,legal,25.0,1.71
15132,404,breakdown,16.89,4.54
28694,7311,breakdown,16.89,4.54
15931,6879,legal,46.13,1.71
20843,3074,breakdown,22.9,5.09
15160,134,legal,25.0,1.71
6796,1867,legal,46.13,1.71
28933,2538,breakdown,16.89,4.54
25584,2629,full,356.89,74.76
22973,9578,legal,25.0,1.71
10900,8830,full,632.92,132.59
15654,7036,legal,37.5,2.02
18715,3721,breakdown,16.89,4.54
23793,9334,legal,25.0,1.71
8888,1416,breakdown,16.89,4.54
9137,6964,breakdown,16.89,4.54
2578,1663,full,444.08,93.03
24171,3502,breakdown,16.89,4.54
14167,959,breakdown,22.9,5.09
15500,4236,breakdown,22.9,5.09
20354,5940,breakdown,16.89,4.54
393,6666,legal,46.13,1.71
11236,5032,full,169.37,35.48
16351,3516,breakdown,16.89,4.54
27610,1612,full,218.43,45.76
9967,3885,breakdown,22.9,5.09
135,8791,full,235.96,49.43
15932,605,full,440.62,92.3
10657,2525,breakdown,22.9,5.09
29376,6574,full,546.08,114.4
20229,3605,legal,25.0,1.71
29279,8904,legal,45.0,2.08
5181,3365,legal,25.0,1.71
14396,9343,full,186.78,39.13
12019,9032,breakdown,22.9,5.09
5646,6212,legal,25.0,1.71
23831,6535,legal,46.13,1.71
17165,4518,legal,25.0,1.71
120,4478,breakdown,16.89,4.54
15315,1258,legal,25.0,1.71
8331,5021,legal,25.0,1.71
19789,4926,full,549.48,115.11
17525,3855,full,179.55,37.62
2252,836,legal,25.0,1.71
2408,8200,full,1426.92,298.92
10070,8909,breakdown,16.89,4.54
9287,4692,breakdown,16.89,4.54
17425,3488,full,364.5,76.36
10478,8052,full,553.93,116.04
26333,9285,breakdown,16.89,4.54
6879,9993,breakdown,16.89,4.54
1595,4980,full,483.07,101.2
28532,6973,full,394.87,82.72
22203,2713,legal,25.0,1.71
4765,9432,breakdown,22.9,5.09
18335,6089,breakdown,16.89,4.54
1083,6154,legal,37.5,2.02
12136,6265,breakdown,25.9,5.91
29716,7902,breakdown,16.89,4.54
2890,8601,full,101.2,21.2
6795,1296,legal,37.5,2.02
336,7347,legal,37.5,2.02
17328,7717,legal,25.0,1.71
29693,7120,breakdown,22.9,5.09
18858,789,legal,25.0,1.71
21569,3978,full,1112.17,232.98
21546,7271,legal,25.0,1.71
21937,2555,breakdown,22.9,5.09
21847,9981,full,101.2,21.2
16356,2582,breakdown,16.89,4.54
15761,619,breakdown,22.9,5.09
1285,9300,breakdown,22.9,5.09
12556,9295,breakdown,16.89,4.54
5084,5188,legal,25.0,1.71
3983,4825,legal,25.0,1.71
4602,6229,full,101.2,21.2
4058,4234,breakdown,22.9,5.09
25884,8970,legal,25.0,1.71
8496,9421,breakdown,16.89,4.54
25038,2095,legal,25.0,1.71
19751,6397,legal,25.0,1.71
29992,6840,legal,25.0,1.71
16205,1274,legal,37.5,2.02
21614,9641,breakdown,16.89,4.54
14647,9982,full,184.95,38.74
29761,150,breakdown,16.89,4.54
15685,7687,legal,37.5,2.02
20406,7850,breakdown,16.89,4.54
10162,3647,full,459.46,96.25
5694,7411,breakdown,16.89,4.54
23096,5421,breakdown,16.89,4.54
29045,3784,breakdown,16.89,4.54
4989,9621,legal,25.0,1.71
11737,3089,legal,25.0,1.71
9693,9160,legal,37.5,2.02
15448,6526,breakdown,16.89,4.54
29584,5164,legal,25.0,1.71
217,5036,breakdown,16.89,4.54
92,1451,breakdown,16.89,4.54
2053,6463,breakdown,25.9,5.91
7092,2259,breakdown,16.89,4.54
19122,6534,legal,46.13,1.71
22519,4182,full,304.13,63.71
28079,6288,full,392.24,82.17
13283,1791,full,287.19,60.16
6564,4152,breakdown,16.89,4.54
15774,19,legal,37.5,2.02
7772,6948,breakdown,16.89,4.54
6164,7165,full,391.14,81.94
22255,2328,full,387.91,81.26
11149,9990,breakdown,22.9,5.09
16798,3091,breakdown,16.89,4.54
9558,2510,full,513.26,107.52
8820,8469,full,254.95,53.41
2671,8595,legal,25.0,1.71
26673,718,breakdown,22.9,5.09
5211,1001,breakdown,16.89,4.54
4235,9322,full,960.21,201.15
17828,7046,breakdown,16.89,4.54
20524,7716,full,349.03,73.12
6504,6551,legal,37.5,2.02
15553,6013,full,427.43,89.54
29602,6009,full,238.29,49.92
20081,904,full,327.41,68.59
19601,2805,breakdown,16.89,4.54
1932,3458,breakdown,16.89,4.54
16867,7923,full,328.26,68.77
18439,8417,full,172.87,36.22
12154,7955,full,849.69,178.0
5318,6694,legal,46.13,1.71
24154,1607,legal,69.23,2.27
27446,110,legal,25.0,1.71
962,3303,breakdown,16.89,4.54
15981,423,breakdown,16.89,4.54
16316,6134,full,405.49,84.95
10729,8316,legal,25.0,1.71
14351,2463,legal,25.0,1.71
21691,1359,full,1325.32,277.64
18165,717,legal,30.0,1.71
29850,6649,breakdown,22.9,5.09
1473,617,legal,25.0,1.71
10589,299,breakdown,16.89,4.54
4384,744,breakdown,16.89,4.54
25823,1100,full,154.93,32.46
26167,6861,full,324.75,68.03
6824,2893,legal,25.0,1.71
1803,8104,breakdown,22.9,5.09
17098,3723,legal,37.5,2.02
20423,4534,breakdown,16.89,4.54
10213,908,breakdown,16.89,4.54
24596,8711,full,1192.51,249.81
6621,9260,full,333.4,69.84
26809,4476,full,248.76,52.11
14181,9679,full,379.5,79.5
2807,5454,full,1426.92,298.92
29863,2735,breakdown,16.89,4.54
17387,1561,legal,37.5,2.02
13927,5071,legal,25.0,1.71
4428,6652,breakdown,16.89,4.54
2054,769,full,175.1,36.68
21819,9251,full,172.52,36.14
14289,5320,legal,25.0,1.71
18251,9688,full,646.96,135.53
20049,6940,legal,25.0,1.71
6387,907,legal,25.0,1.71
27676,4079,breakdown,16.89,4.54
28366,6024,full,1125.29,235.73
10620,8515,breakdown,16.89,4.54
27068,9175,full,196.6,41.19
27253,3937,full,396.66,83.09
16839,5951,breakdown,16.89,4.54
12851,6679,full,178.72,37.44
29186,465,breakdown,16.89,4.54
28705,8810,legal,37.5,2.02
18953,9084,breakdown,16.89,4.54
6708,6445,legal,25.0,1.71
12589,8584,full,333.5,69.86
3259,6084,full,385.16,80.69
28435,3731,breakdown,22.9,5.09
15222,1936,breakdown,16.89,4.54
9949,2851,full,227.36,47.63
14,2512,legal,25.0,1.71
20114,5206,full,604.71,126.68
8537,8526,full,414.97,86.93
9704,4979,legal,37.5,2.02
26233,6700,full,241.13,50.51
13892,8996,full,359.18,75.24
21000,6017,legal,25.0,1.71
19006,8666,full,638.51,133.76
1258,310,full,113.85,23.85
7464,4887,full,148.8,31.17
16717,5183,legal,25.0,1.71
10346,26,full,690.72,144.69
8979,631,legal,37.5,2.02
6929,9652,breakdown,16.89,4.54
26882,5156,breakdown,16.89,4.54
21787,3450,legal,46.13,1.71
25789,2849,breakdown,16.89,4.54
27651,3202,full,200.7,42.05
21202,966,legal,25.0,1.71
1766,6954,full,279.66,58.58
16327,4801,full,183.25,38.39
18328,2830,breakdown,16.89,4.54
19904,2820,breakdown,16.89,4.54
29952,1666,full,156.58,32.8
1162,5047,full,247.69,51.89
1671,5095,legal,25.0,1.71
15567,3853,full,595.43,124.73
6317,4078,legal,25.0,1.71
14612,2349,legal,25.0,1.71
28031,7557,breakdown,16.89,4.54
10121,9204,legal,25.0,1.71
9743,8724,legal,25.0,1.71
29879,9691,full,546.26,114.43
10087,9866,full,220.87,46.27
23687,4627,breakdown,16.89,4.54
21667,9505,full,213.73,44.78
3238,2448,full,152.23,31.89
9124,7614,breakdown,16.89,4.54
28428,8531,full,246.14,51.56
16276,9980,full,101.2,21.2
16376,7988,legal,25.0,1.71
24410,1504,full,172.87,36.22
7337,7513,legal,25.0,1.71
14125,5917,legal,37.5,2.02
14874,343,legal,25.0,1.71
20196,2974,legal,25.0,1.71
26572,2496,legal,46.13,1.71
22585,5476,breakdown,16.89,4.54
20737,8669,legal,46.13,1.71
21208,5739,full,846.34,177.3
14267,2340,legal,25.0,1.71
22253,2887,legal,25.0,1.71
29893,505,breakdown,16.89,4.54
10405,3294,full,101.2,21.2
1320,5980,full,537.22,112.54
17962,2955,full,528.13,110.64
16740,7686,legal,25.0,1.71
12047,5961,full,376.33,78.84
12759,1693,full,561.07,117.54
19640,4301,legal,46.13,1.71
13612,9138,legal,37.5,2.02
7461,398,legal,25.0,1.71
13928,7257,legal,46.13,1.71
1775,7999,breakdown,22.9,5.09
2912,429,legal,37.5,2.02
1102,4978,legal,37.5,2.02
24086,1425,full,216.74,45.4
24147,7946,legal,25.0,1.71
11072,8819,breakdown,16.89,4.54
21781,2772,breakdown,16.89,4.54
9926,8667,full,597.81,125.23
10823,284,full,196.12,41.09
19256,4656,full,250.25,52.43
8660,1763,legal,25.0,1.71
9134,1382,breakdown,22.9,5.09
9142,3943,breakdown,16.89,4.54
11257,9106,legal,25.0,1.71
24486,9523,full,152.23,31.89
20774,4077,legal,25.0,1.71
12435,6161,breakdown,16.89,4.54
23488,1253,full,237.46,49.75
1518,7327,legal,69.23,2.27
28190,9046,full,373.25,78.19
12521,7064,breakdown,16.89,4.54
11222,9232,legal,25.0,1.71
27932,9589,breakdown,16.89,4.54
16762,6770,full,113.85,23.85
23054,6904,legal,45.0,2.08
10444,565,legal,46.13,1.71
3012,6799,full,220.44,46.18
22186,5389,full,535.47,112.18
27505,5643,full,421.71,88.35
4744,3231,breakdown,22.9,5.09
10040,8525,legal,25.0,1.71
22476,8724,breakdown,16.89,4.54
8608,387,breakdown,16.89,4.54
22173,8343,full,208.7,43.72
4552,120,breakdown,16.89,4.54
8728,7909,legal,25.0,1.71
409,6187,legal,25.0,1.71
17412,3839,breakdown,22.9,5.09
6437,440,legal,37.5,2.02
9623,117,breakdown,16.89,4.54
20352,2307,full,280.01,58.66
3447,1451,legal,25.0,1.71
21783,7264,full,671.77,140.73
28881,9962,full,590.6,123.72
7211,2070,full,296.87,62.19
15395,4883,full,199.77,41.85
22269,3155,breakdown,16.89,4.54
23363,3308,legal,69.23,2.27
28226,5672,breakdown,16.89,4.54
26565,8604,legal,25.0,1.71
22808,3608,full,164.59,34.48
20161,4295,full,1050.16,220.0
9047,3366,breakdown,22.9,5.09
15032,4947,breakdown,16.89,4.54
20917,2340,full,343.98,72.06
25609,4446,legal,37.5,2.02
7317,9918,legal,30.0,1.71
29647,2027,legal,25.0,1.71
7627,4023,legal,37.5,2.02
3138,9354,breakdown,16.89,4.54
4325,5540,breakdown,16.89,4.54
26786,6296,legal,25.0,1.71
753,5936,legal,25.0,1.71
8394,8414,legal,25.0,1.71
12966,7082,full,101.2,21.2
12068,5350,full,414.86,86.91
3530,2795,legal,25.0,1.71
24771,3614,legal,25.0,1.71
14038,3952,full,233.88,48.99
27341,4802,full,226.7,47.49
23988,1037,breakdown,16.89,4.54
6996,4554,full,291.25,61.02
29479,2600,full,818.1,171.38
14190,4675,legal,46.13,1.71
27905,6177,full,287.57,60.24
21167,4998,breakdown,22.9,5.09
26934,6021,breakdown,16.89,4.54
21051,8464,full,341.15,71.47
16602,5508,full,250.47,52.47
1447,41,legal,46.13,1.71
21964,8721,full,599.37,125.56
19289,7064,full,172.87,36.22
5677,8139,breakdown,16.89,4.54
24826,4872,full,316.52,66.31
7452,4737,legal,25.0,1.71
24381,665,full,689.33,144.41
10153,262,legal,30.0,1.71
25238,6443,breakdown,16.89,4.54
892,1203,full,455.08,95.33
22712,6057,legal,46.13,1.71
21535,8595,full,376.11,78.79
22991,8140,full,402.49,84.32
15136,7202,legal,45.0,2.08
27305,585,full,523.87,109.74
20522,8034,breakdown,16.89,4.54
4783,5048,breakdown,16.89,4.54
17022,9196,breakdown,16.89,4.54
3383,6765,legal,37.5,2.02
25431,8382,legal,46.13,1.71
1446,2112,legal,25.0,1.71
6947,4055,full,458.29,96.01
22296,1128,breakdown,16.89,4.54
21813,3517,legal,30.0,1.71
16859,9677,full,263.55,55.21
4784,9319,full,286.25,59.97
4368,2333,full,332.69,69.69
3316,9833,breakdown,16.89,4.54
4670,3830,legal,37.5,2.02
19257,1933,legal,25.0,1.71
12240,557,full,190.09,39.82
19886,6689,full,336.32,70.46
28388,6266,legal,25.0,1.71
365,3238,breakdown,22.9,5.09
29261,7152,breakdown,16.89,4.54
29694,5343,legal,25.0,1.71
23411,4051,breakdown,22.9,5.09
12287,8089,breakdown,16.89,4.54
20932,5692,legal,37.5,2.02
24233,5809,legal,37.5,2.02
16372,3305,full,286.39,59.99
29095,3321,full,152.23,31.89
28166,2407,legal,37.5,2.02
17129,499,breakdown,16.89,4.54
810,7928,full,501.34,105.03
5509,4381,breakdown,16.89,4.54
22711,4064,breakdown,16.89,4.54
17373,4113,legal,37.5,2.02
20413,5433,full,452.2,94.73
27135,6927,legal,25.0,1.71
19097,5031,legal,25.0,1.71
22599,8918,full,113.85,23.85
23431,1361,full,279.65,58.58
22408,6321,legal,25.0,1.71
28588,1933,full,171.16,35.85
808,3539,full,152.63,31.98
1702,7819,breakdown,16.89,4.54
24456,1503,breakdown,16.89,4.54
24097,1444,breakdown,16.89,4.54
28857,4128,full,331.77,69.5
1895,3324,full,691.72,144.91
28446,9458,legal,25.0,1.71
26959,6754,full,150.32,31.49
4261,6044,full,379.5,79.5
9643,7285,full,351.53,73.64
8191,8493,breakdown,16.89,4.54
17140,376,legal,25.0,1.71
29734,9320,legal,37.5,2.02
11967,3335,full,443.09,92.82
21518,2554,legal,37.5,2.02
19407,2666,full,1009.46,211.47
29411,8812,full,392.85,82.3
25614,7119,full,316.89,66.38
26911,4393,legal,25.0,1.71
14667,8262,legal,25.0,1.71
3470,1848,legal,25.0,1.71
13738,7879,legal,25.0,1.71
21172,6320,legal,25.0,1.71
14738,7646,full,195.68,40.99
6827,8301,full,432.34,90.57
27886,3419,full,577.13,120.9
803,3418,breakdown,22.9,5.09
21044,9126,breakdown,16.89,4.54
3792,7532,full,312.83,65.54
5762,7265,breakdown,16.89,4.54
18714,2143,legal,25.0,1.71
1552,2568,full,244.66,51.26
21484,8408,legal,25.0,1.71
10664,8602,legal,46.13,1.71
2156,7195,legal,25.0,1.71
24503,2571,breakdown,16.89,4.54
28422,9751,full,198.33,41.55
26705,2887,full,234.03,49.03
17360,968,legal,25.0,1.71
19980,762,breakdown,16.89,4.54
16923,356,full,303.69,63.62
3198,9410,breakdown,22.9,5.09
28228,3856,breakdown,16.89,4.54
13314,5138,full,267.12,55.96
25446,8858,full,387.33,81.14
16069,9419,full,227.7,47.7
6267,1606,legal,25.0,1.71
1113,7848,legal,25.0,1.71
4367,5086,none,169.37,35.48
1489,229,legal,25.0,1.71
16955,1156,full,476.7,99.86
22663,4841,legal,30.0,1.71
25635,1043,full,381.99,80.03
24724,3766,breakdown,16.89,4.54
9046,7308,full,101.2,21.2
17145,6522,full,255.73,53.57
20776,2217,breakdown,16.89,4.54
6505,386,full,388.88,81.46
7606,8526,breakdown,16.89,4.54
5844,392,legal,25.0,1.71
11410,6323,legal,25.0,1.71
2625,2852,full,1175.69,246.29
26727,4349,legal,45.0,2.08
5021,506,full,251.73,52.73
19600,3080,legal,25.0,1.71
16851,3001,legal,25.0,1.71
18649,5029,full,225.77,47.3
10401,4657,full,434.06,90.93
2889,4742,legal,37.5,2.02
24457,5557,legal,92.32,2.83
27786,8086,legal,37.5,2.02
27895,4951,legal,25.0,1.71
14575,8494,full,165.85,34.75
6836,2255,breakdown,16.89,4.54
20899,7015,full,331.48,69.44
21843,649,breakdown,16.89,4.54
11140,4482,full,316.58,66.32
6634,4999,full,980.59,205.42
13513,1855,breakdown,16.89,4.54
5734,518,breakdown,22.9,5.09
26688,9510,legal,25.0,1.71
5788,5102,breakdown,16.89,4.54
27677,1248,legal,25.0,1.71
3601,675,breakdown,32.4,6.5
10515,3628,full,620.23,129.93
117,193,breakdown,22.9,5.09
24882,710,legal,25.0,1.71
7050,7863,full,233.41,48.89
15973,9681,legal,25.0,1.71
10931,7683,full,719.43,150.71
4171,671,breakdown,16.89,4.54
25918,7293,legal,69.23,2.27
5196,2003,full,563.9,118.13
1571,9471,breakdown,22.9,5.09
29355,4179,full,101.2,21.2
6286,1562,full,152.63,31.98
7959,7003,legal,30.0,1.71
24095,2236,legal,25.0,1.71
29427,2861,breakdown,16.89,4.54
9835,2730,full,641.73,134.44
11534,4059,legal,25.0,1.71
5888,3856,legal,25.0,1.71
26595,2964,full,430.86,90.26
16308,8073,legal,37.5,2.02
28977,3749,legal,25.0,1.71
24001,6735,legal,46.13,1.71
29108,5319,breakdown,16.89,4.54
8619,1660,breakdown,16.89,4.54
15836,6402,full,301.14,63.09
27133,8514,legal,69.23,2.27
11732,4235,full,388.12,81.31
13902,1915,full,243.05,50.92
29037,9429,legal,46.13,1.71
15664,1419,legal,30.0,1.71
19308,5181,breakdown,22.9,5.09
25538,2885,legal,25.0,1.71
471,2535,legal,37.5,2.02
6962,9752,legal,25.0,1.71
11699,7370,breakdown,16.89,4.54
7755,1390,full,258.6,54.17
26190,2133,breakdown,16.89,4.54
20353,9079,legal,25.0,1.71
29394,5447,full,112.85,23.64
27743,2493,breakdown,22.9,5.09
15320,1607,breakdown,16.89,4.54
19505,6237,full,150.32,31.49
18193,9091,full,722.13,151.28
13947,9206,full,341.19,71.48
25908,1787,legal,37.5,2.02
646,405,legal,46.13,1.71
944,3066,full,150.32,31.49
6501,770,legal,25.0,1.71
11743,6735,full,348.02,72.91
4311,6789,legal,46.13,1.71
26086,7424,breakdown,16.89,4.54
2652,5896,breakdown,16.89,4.54
4074,7361,breakdown,22.9,5.09
23670,1679,legal,25.0,1.71
22384,4843,full,296.72,62.16
13028,5277,legal,25.0,1.71
16523,2477,full,278.63,58.37
17783,2288,full,245.69,51.47
5391,8055,legal,25.0,1.71
25267,5165,full,190.0,39.8
3808,148,legal,25.0,1.71
8293,905,legal,25.0,1.71
10030,6044,legal,37.5,2.02
25376,3838,legal,37.5,2.02
10780,3949,full,374.81,78.52
14708,327,breakdown,16.89,4.54
26562,3950,full,152.23,31.89
11672,593,full,499.64,104.66
27723,5134,legal,25.0,1.71
12545,6503,full,242.24,50.75
26994,9487,breakdown,22.9,5.09
6400,5705,legal,25.0,1.71
8144,2371,breakdown,22.9,5.09
9516,6988,full,162.08,33.95
28252,4909,legal,25.0,1.71
4497,3360,breakdown,16.89,4.54
5522,3479,breakdown,16.89,4.54
7375,4402,breakdown,16.89,4.54
11370,5411,breakdown,16.89,4.54
1418,1945,full,492.24,103.12
7469,1039,legal,25.0,1.71
13996,2988,legal,37.5,2.02
174,4021,breakdown,16.89,4.54
13444,8517,full,451.71,94.62
23001,5902,breakdown,16.89,4.54
1889,7572,breakdown,16.89,4.54
24257,6058,breakdown,16.89,4.54
20458,136,legal,25.0,1.71
7077,8801,breakdown,16.89,4.54
21385,4,full,244.59,51.24
16719,3637,breakdown,22.9,5.09
10821,1511,full,623.58,130.63
2857,6202,full,245.43,51.41
27618,9928,breakdown,16.89,4.54
10305,4339,full,192.17,40.26
23500,1315,legal,25.0,1.71
28863,3432,legal,25.0,1.71
22628,3439,legal,46.13,1.71
24729,4774,legal,25.0,1.71
8783,4838,legal,25.0,1.71
16383,776,full,845.95,177.22
7948,8648,breakdown,16.89,4.54
7129,6999,breakdown,16.89,4.54
18152,2188,legal,25.0,1.71
12075,6068,legal,25.0,1.71
11418,2798,full,176.99,37.08
12624,8362,legal,25.0,1.71
15743,1637,legal,25.0,1.71
26463,8097,breakdown,16.89,4.54
2859,7773,legal,46.13,1.71
26085,5365,breakdown,22.9,5.09
645,2952,breakdown,22.9,5.09
6247,2683,full,355.37,74.45
7378,1202,breakdown,16.89,4.54
714,5500,legal,25.0,1.71
7778,1221,full,150.32,31.49
23135,5716,breakdown,16.89,4.54
9041,7481,legal,92.32,2.83
26073,3164,legal,46.13,1.71
3652,7314,legal,25.0,1.71
26879,6448,legal,37.5,2.02
26716,4415,legal,37.5,2.02
20731,6189,legal,37.5,2.02
29117,907,breakdown,16.89,4.54
6601,5066,legal,25.0,1.71
6940,3158,legal,25.0,1.71
6644,8982,legal,25.0,1.71
10809,2562,breakdown,16.89,4.54
5816,7147,full,443.44,92.9
24158,1156,legal,30.0,1.71
15430,6872,breakdown,16.89,4.54
27694,9808,breakdown,16.89,4.54
12241,2449,legal,25.0,1.71
716,8247,full,453.28,94.96
11278,4983,legal,25.0,1.71
6502,1124,legal,25.0,1.71
605,9283,full,177.31,37.15
17261,2580,breakdown,16.89,4.54
19307,3051,breakdown,16.89,4.54
23102,4619,full,528.62,110.74
29814,5795,breakdown,16.89,4.54
4073,9890,full,305.27,63.95
24338,5886,full,336.82,70.56
26616,9443,legal,46.13,1.71
9282,9994,legal,25.0,1.71
3630,8443,full,228.31,47.83
16191,2636,full,485.0,101.6
1349,4681,breakdown,22.9,5.09
21509,5336,breakdown,16.89,4.54
1976,9651,legal,25.0,1.71
10627,8299,full,152.23,31.89
19374,1512,full,1207.23,252.9
25990,5933,legal,25.0,1.71
19764,7816,legal,25.0,1.71
22376,5695,legal,25.0,1.71
16866,5161,legal,25.0,1.71
29891,7932,legal,46.13,1.71
20871,5289,legal,37.5,2.02
15336,9604,legal,37.5,2.02
18777,3790,full,139.15,29.15
7888,4095,breakdown,16.89,4.54
20925,1747,full,455.95,95.51
16737,9996,full,313.72,65.72
1472,7883,breakdown,16.89,4.54
7138,1570,breakdown,16.89,4.54
2370,1702,full,223.45,46.81
21134,3294,breakdown,22.9,5.09
22893,2975,breakdown,22.9,5.09
16828,5971,breakdown,16.89,4.54
768,6014,breakdown,16.89,4.54
11496,5196,breakdown,16.89,4.54
15726,400,breakdown,16.89,4.54
24645,6023,legal,25.0,1.71
9617,7994,full,271.72,56.92
25073,4121,legal,25.0,1.71
25200,7157,full,485.63,101.73
16792,233,legal,25.0,1.71
2855,402,breakdown,16.89,4.54
7577,9857,legal,37.5,2.02
9400,835,legal,25.0,1.71
28104,6105,legal,25.0,1.71
2446,4558,breakdown,16.89,4.54
23297,5736,legal,25.0,1.71
1461,8921,full,101.2,21.2
8044,614,breakdown,16.89,4.54
24616,8766,legal,69.23,2.27
18361,663,legal,25.0,1.71
4906,4132,full,281.41,58.95
28614,1521,full,124.4,26.06
9796,9311,full,1008.13,211.19
13168,9877,full,150.32,31.49
12897,3097,legal,25.0,1.71
15045,670,legal,25.0,1.71
1255,9777,full,435.96,91.33
2760,7180,full,698.67,146.36
8968,3854,legal,46.13,1.71
26006,9154,legal,25.0,1.71
28119,8506,full,471.68,98.81
9407,8400,legal,46.13,1.71
667,6658,full,1148.84,240.67
8292,727,breakdown,22.9,5.09
7047,888,breakdown,16.89,4.54
20181,6967,breakdown,22.9,5.09
17223,8413,breakdown,16.89,4.54
24015,6455,full,197.47,41.37
6807,5048,legal,25.0,1.71
3321,4626,legal,25.0,1.71
18374,5273,breakdown,22.9,5.09
18068,5885,full,179.6,37.62
25541,6386,legal,25.0,1.71
26805,8765,full,289.74,60.7
4095,9117,full,266.37,55.8
8909,4401,full,335.97,70.38
15586,2970,full,259.15,54.29
18917,627,breakdown,16.89,4.54
21582,7595,breakdown,16.89,4.54
2029,9131,full,443.51,92.91
6818,1628,legal,25.0,1.71
11379,762,full,320.27,67.1
19665,1417,breakdown,16.89,4.54
10897,9375,breakdown,32.4,6.5
23369,8920,full,172.87,36.22
13264,9915,legal,37.5,2.02
28427,3960,legal,46.13,1.71
8530,6125,breakdown,22.9,5.09
11438,6784,breakdown,16.89,4.54
28717,593,breakdown,16.89,4.54
5674,430,legal,46.13,1.71
6218,5034,full,620.52,129.99
26099,4930,legal,46.13,1.71
20142,7704,full,242.72,50.85
25579,1227,legal,37.5,2.02
21212,1617,full,190.12,39.83
3594,5800,breakdown,16.89,4.54
5600,9894,legal,25.0,1.71
16715,2807,full,550.71,115.37
2525,2756,legal,25.0,1.71
5969,1004,none,16.89,4.54
13247,5977,breakdown,16.89,4.54
2786,1987,full,452.48,94.79
1425,6930,breakdown,16.89,4.54
18999,8606,breakdown,16.89,4.54
17592,9311,breakdown,16.89,4.54
27466,5736,full,288.74,60.49
14069,54,breakdown,16.89,4.54
8892,3817,legal,45.0,2.08
7342,1370,legal,25.0,1.71
23639,2485,breakdown,16.89,4.54
11520,3058,legal,37.5,2.02
3974,8682,breakdown,16.89,4.54
7932,6082,breakdown,16.89,4.54
15215,7292,breakdown,16.89,4.54
19182,4168,legal,25.0,1.71
26622,6279,full,224.89,47.11
16002,3486,legal,46.13,1.71
27225,3805,legal,25.0,1.71
11255,7442,full,321.48,67.35
11590,507,legal,46.13,1.71
3028,7511,full,937.1,196.31
11308,8735,breakdown,16.89,4.54
14129,16,legal,25.0,1.71
5586,7307,full,849.67,178.0
9626,5932,full,263.49,55.2
14110,6183,legal,25.0,1.71
28069,8604,breakdown,16.89,4.54
22666,133,breakdown,22.9,5.09
14273,5329,legal,25.0,1.71
12173,1933,breakdown,16.89,4.54
10141,638,breakdown,22.9,5.09
27051,1336,legal,25.0,1.71
28005,8897,full,525.81,110.15
12565,8584,breakdown,16.89,4.54
2372,8147,breakdown,16.89,4.54
28734,1901,breakdown,16.89,4.54
22129,2223,legal,46.13,1.71
23365,1468,full,587.58,123.09
13400,8913,full,252.67,52.94
21539,6228,breakdown,16.89,4.54
23429,4622,full,325.53,68.19
7567,9395,legal,69.23,2.27
4967,885,breakdown,16.89,4.54
5128,2176,full,265.49,55.62
7515,1866,legal,25.0,1.71
22191,4068,breakdown,32.4,6.5
20207,4609,full,287.96,60.32
23246,5874,legal,37.5,2.02
10903,4967,full,521.52,109.25
28172,9021,legal,25.0,1.71
4366,3683,breakdown,22.9,5.09
12425,6793,full,101.2,21.2
26031,5175,breakdown,16.89,4.54
21873,9530,full,200.06,41.91
9545,5234,full,407.88,85.45
29900,1958,breakdown,16.89,4.54
7998,9702,breakdown,16.89,4.54
13279,5256,legal,46.13,1.71
25394,9469,full,307.47,64.41
22501,6445,breakdown,16.89,4.54
6384,7395,full,1426.92,298.92
22524,1889,breakdown,22.9,5.09
16916,6546,full,586.6,122.88
11473,8479,breakdown,22.9,5.09
29919,5409,full,227.27,47.61
2363,813,legal,25.0,1.71
15755,6349,full,990.34,207.46
26650,305,full,222.97,46.71
16806,743,full,303.75,63.63
9935,7287,legal,37.5,2.02
10496,8302,breakdown,22.9,5.09
13557,1632,breakdown,16.89,4.54
13317,105,full,310.9,65.13
11665,8287,breakdown,25.9,5.91
13538,7027,breakdown,22.9,5.09
17832,6201,legal,25.0,1.71
2766,3393,full,150.32,31.49
25472,2314,full,207.92,43.56
7048,6371,legal,25.0,1.71
21250,467,breakdown,16.89,4.54
13353,3354,breakdown,16.89,4.54
26832,9323,breakdown,16.89,4.54
27489,6153,breakdown,16.89,4.54
6311,415,full,292.69,61.31
24251,9294,legal,25.0,1.71
27739,3130,legal,37.5,2.02
15187,6145,legal,69.23,2.27
401,2552,full,400.85,83.97
5925,7822,full,442.75,92.75
4603,3537,breakdown,16.89,4.54
708,9498,breakdown,16.89,4.54
11779,1912,legal,25.0,1.71
11802,3788,breakdown,16.89,4.54
10065,1956,breakdown,22.9,5.09
3501,8653,breakdown,16.89,4.54
12286,1822,legal,25.0,1.71
1589,8691,legal,25.0,1.71
8076,6893,full,101.2,21.2
6773,826,breakdown,16.89,4.54
12024,507,breakdown,16.89,4.54
16459,9147,legal,25.0,1.71
26110,7592,breakdown,16.89,4.54
8150,7971,full,411.53,86.21
5555,4926,breakdown,22.9,5.09
23464,6088,breakdown,22.9,5.09
29762,8232,breakdown,16.89,4.54
17234,3186,legal,25.0,1.71
13620,6837,legal,45.0,2.08
21137,1206,full,311.63,65.28
19220,3963,full,622.89,130.49
14317,9470,breakdown,22.9,5.09
3795,9594,legal,25.0,1.71
6645,435,legal,46.13,1.71
8949,5954,legal,25.0,1.71
12634,1398,breakdown,22.9,5.09
19202,1900,full,263.29,55.16
4855,1552,breakdown,16.89,4.54
8212,2155,breakdown,16.89,4.54
18360,9914,legal,25.0,1.71
8234,3930,legal,25.0,1.71
15170,5235,breakdown,22.9,5.09
14400,924,full,275.64,57.75
25403,949,full,347.32,72.76
9095,4289,full,215.99,45.25
8682,930,full,302.52,63.37
17704,3326,breakdown,16.89,4.54
13671,7737,breakdown,16.89,4.54
14974,9228,legal,25.0,1.71
4626,4283,legal,25.0,1.71
22354,264,full,321.88,67.43
8326,3679,legal,25.0,1.71
25023,5684,full,422.02,88.41
5960,2791,full,143.12,29.98
27399,2558,breakdown,16.89,4.54
2540,6311,full,291.26,61.02
12829,1458,breakdown,16.89,4.54
432,5336,legal,25.0,1.71
10572,3473,legal,25.0,1.71
12506,2478,breakdown,16.89,4.54
17953,2942,legal,25.0,1.71
15164,9326,breakdown,22.9,5.09
985,9132,full,226.42,47.43
17607,1943,full,430.97,90.28
28949,8605,legal,25.0,1.71
12669,7636,full,172.87,36.22
2001,1549,full,260.01,54.47
12684,1524,legal,25.0,1.71
12011,7275,breakdown,16.89,4.54
20506,9487,legal,46.13,1.71
152,7041,full,386.32,80.93
22022,4672,breakdown,16.89,4.54
494,8294,full,465.24,97.46
17374,1951,breakdown,16.89,4.54
17263,6301,breakdown,16.89,4.54
11263,9158,full,591.36,123.88
8613,548,full,236.51,49.55
27293,2901,full,171.53,35.93
20979,4198,breakdown,,5.09
16547,6157,full,316.25,66.25
18981,491,full,510.82,107.01
10171,313,full,432.68,90.64
2026,9455,full,172.87,36.22
5387,8949,legal,25.0,1.71
14483,2829,breakdown,25.9,5.91
2190,615,breakdown,16.89,4.54
26068,7406,legal,46.13,1.71
26397,460,breakdown,16.89,4.54
28859,2270,legal,25.0,1.71
15101,1863,full,350.31,73.39
28437,5236,breakdown,16.89,4.54
17926,3056,full,266.37,55.8
23686,8111,breakdown,16.89,4.54
5889,783,full,291.19,61.0
18337,7406,full,869.67,182.19
5754,5762,legal,25.0,1.71
8720,645,legal,69.23,2.27
7309,7345,breakdown,16.89,4.54
25700,188,breakdown,16.89,4.54
11290,8966,full,198.7,41.63
29908,3271,full,219.94,46.08
26512,3205,legal,25.0,1.71
16496,1625,legal,25.0,1.71
27798,7887,legal,25.0,1.71
4710,9039,legal,37.5,2.02
29498,8963,legal,25.0,1.71
22790,7794,breakdown,32.4,6.5
6276,580,legal,25.0,1.71
18873,872,full,329.53,69.03
10251,9206,breakdown,16.89,4.54
15461,2473,legal,25.0,1.71
25014,6957,legal,46.13,1.71
18910,1004,legal,25.0,1.71
15262,8136,breakdown,22.9,5.09
28248,7524,breakdown,16.89,4.54
5704,8940,breakdown,22.9,5.09
19440,2431,full,446.53,93.54
24068,7963,full,152.23,31.89
22660,2345,legal,25.0,1.71
25378,5694,full,192.65,40.36
28828,1688,full,1407.2,294.78
7039,5815,legal,25.0,1.71
27485,4410,legal,25.0,1.71
18125,5443,legal,37.5,2.02
21797,7464,full,409.81,85.85
25739,3759,full,726.72,152.24
16675,8558,breakdown,16.89,4.54
13023,4054,legal,25.0,1.71
20830,6122,full,152.23,31.89
15006,6541,full,776.29,162.62
23560,5240,legal,25.0,1.71
24526,727,full,416.75,87.3
20617,2969,full,289.21,60.59
4561,9518,full,213.38,44.7
28701,8562,full,344.17,72.1
371,5673,legal,37.5,2.02
9511,2347,breakdown,16.89,4.54
10252,7351,breakdown,16.89,4.54
26936,2020,breakdown,22.9,5.09
8567,6448,full,152.23,31.89
7910,693,full,171.53,35.94
17622,60,breakdown,16.89,4.54
5241,6420,breakdown,22.9,5.09
18354,7042,full,456.68,95.67
10010,1492,full,152.28,31.9
26257,2810,legal,37.5,2.02
15008,8374,legal,25.0,1.71
25989,2650,full,586.99,122.97
18172,6335,legal,25.0,1.71
4228,6943,full,237.26,49.7
3484,9936,breakdown,22.9,5.09
22612,6532,full,467.25,97.89
27921,9070,legal,25.0,1.71
17458,4048,full,224.23,46.97
25282,1510,full,442.18,92.63
16079,5099,full,548.46,114.89
26122,9952,legal,25.0,1.71
7222,2739,legal,25.0,1.71
10348,8690,full,595.19,124.68
12458,9903,legal,37.5,2.02
15830,1561,full,784.75,164.4
20857,4907,breakdown,16.89,4.54
6654,8304,breakdown,16.89,4.54
11786,1424,full,247.78,51.91
1645,3541,legal,25.0,1.71
8618,1998,legal,25.0,1.71
29116,4247,full,169.37,35.48
2013,6376,breakdown,22.9,5.09
29282,6712,breakdown,22.9,5.09
13734,6477,breakdown,22.9,5.09
13441,4356,full,150.32,31.49
1419,4607,breakdown,16.89,4.54
6866,7079,full,200.8,42.07
888,9425,legal,25.0,1.71
20658,4205,full,494.65,103.62
11110,7178,legal,25.0,1.71
24149,840,full,821.66,172.13
8399,6724,full,218.17,45.71
11680,398,full,172.87,36.22
2469,1211,full,126.86,26.58
25667,4952,breakdown,16.89,4.54
26147,22,legal,25.0,1.71
12091,6667,legal,25.0,1.71
20939,1944,full,171.07,35.84
13410,8549,breakdown,16.89,4.54
12838,1258,full,192.3,40.28
29550,7722,breakdown,16.89,4.54
382,3738,legal,30.0,1.71
8013,9851,breakdown,16.89,4.54
14585,3512,legal,25.0,1.71
23344,9839,legal,25.0,1.71
25074,8302,full,236.55,49.55
6734,8120,legal,25.0,1.71
28162,2381,breakdown,16.89,4.54
24247,2863,breakdown,16.89,4.54
24169,6788,breakdown,22.9,5.09
11080,9062,breakdown,22.9,5.09
795,461,legal,25.0,1.71
2213,9223,full,327.37,68.58
5214,2356,breakdown,16.89,4.54
26776,8846,full,303.62,63.61
19698,7678,breakdown,25.9,5.91
16196,9148,full,641.8,134.45
21683,3482,full,2671.19,559.58
19773,2875,breakdown,16.89,4.54
13174,1701,breakdown,16.89,4.54
4972,6388,breakdown,16.89,4.54
5378,8847,legal,46.13,1.71
28455,9974,full,775.06,162.36
5373,1947,legal,37.5,2.02
1763,8914,full,185.08,38.77
7921,5489,legal,25.0,1.71
25921,8042,full,298.02,62.43
12138,1925,legal,25.0,1.71
12220,8104,full,300.26,62.9
27116,3449,legal,46.13,1.71
22874,2443,breakdown,16.89,4.54
13696,8766,full,621.4,130.18
26699,6221,full,488.57,102.35
9016,5749,full,190.92,40.0
4979,5172,legal,25.0,1.71
10479,346,breakdown,16.89,4.54
12457,2159,legal,25.0,1.71
23892,6786,breakdown,16.89,4.54
23642,1075,breakdown,16.89,4.54
26544,4709,legal,37.5,2.02
6393,6544,breakdown,16.89,4.54
14758,4856,breakdown,16.89,4.54
8751,6858,legal,25.0,1.71
1523,9509,breakdown,22.9,5.09
6114,1659,legal,25.0,1.71
18947,9079,breakdown,16.89,4.54
9028,7969,full,208.09,43.59
23446,2142,breakdown,22.9,5.09
25563,581,breakdown,16.89,4.54
20842,9646,legal,25.0,1.71
20814,5191,legal,37.5,2.02
7853,4424,breakdown,16.89,4.54
20473,8069,breakdown,22.9,5.09
18310,4113,full,321.98,67.45
28580,2046,breakdown,16.89,4.54
26062,4751,full,275.0,57.61
29780,2946,legal,25.0,1.71
17634,2131,full,191.8,40.18
2924,991,full,426.91,89.43
27589,5259,legal,37.5,2.02
8443,5696,legal,25.0,1.71
19200,9626,full,242.99,50.9
17441,7198,breakdown,16.89,4.54
21732,7190,full,336.8,70.56
21654,6534,full,220.57,46.21
11225,7809,breakdown,16.89,4.54
20729,989,breakdown,16.89,4.54
13251,9835,legal,25.0,1.71
7318,2135,breakdown,16.89,4.54
1150,6484,breakdown,22.9,5.09
13788,6720,breakdown,16.89,4.54
10525,1295,legal,25.0,1.71
19020,6218,legal,37.5,2.02
18036,4623,breakdown,22.9,5.09
26230,3922,legal,25.0,1.71
930,1377,full,256.73,53.78
12533,9171,full,926.78,194.15
24226,8795,breakdown,22.9,5.09
1990,855,legal,25.0,1.71
18507,6344,legal,25.0,1.71
23337,292,breakdown,16.89,4.54
4134,1795,legal,25.0,1.71
19129,339,legal,25.0,1.71
25834,9864,legal,25.0,1.71
25859,5788,legal,25.0,1.71
22485,4002,full,388.88,81.47
3645,7135,legal,46.13,1.71
25483,7839,breakdown,16.89,4.54
28846,4270,legal,25.0,1.71
459,5844,breakdown,25.9,5.91
26600,4160,legal,25.0,1.71
27624,7059,breakdown,22.9,5.09
3309,62,full,183.45,38.43
5186,984,breakdown,16.89,4.54
12525,9490,breakdown,16.89,4.54
25807,8412,breakdown,16.89,4.54
2366,3205,full,171.53,35.94
4234,1283,full,173.73,36.39
12889,3384,breakdown,16.89,4.54
5004,1808,legal,25.0,1.71
11915,4910,legal,25.0,1.71
13182,889,legal,25.0,1.71
29120,8485,breakdown,16.89,4.54
15913,7594,legal,25.0,1.71
14898,9594,full,252.45,52.89
21914,3246,full,289.37,60.62
259,1061,breakdown,16.89,4.54
21106,8253,legal,25.0,1.71
9274,4133,full,250.55,52.49
16896,8491,legal,25.0,1.71
1796,7833,full,152.23,31.89
23804,291,breakdown,16.89,4.54
21946,4978,full,387.87,81.25
19743,7926,full,374.3,78.41
12930,5876,breakdown,22.9,5.09
10225,80,breakdown,22.9,5.09
22372,6501,breakdown,16.89,4.54
1305,243,breakdown,22.9,5.09
6474,7809,legal,25.0,1.71
11350,1575,legal,25.0,1.71
10546,367,full,240.11,50.3
3519,3904,full,919.67,192.66
3965,1312,breakdown,16.89,4.54
14081,1952,full,412.82,86.48
27435,4094,full,356.16,74.61
23570,3278,legal,25.0,1.71
2428,3851,breakdown,25.9,5.91
18257,3098,full,281.64,59.0
20248,7560,legal,25.0,1.71
6825,4048,legal,37.5,2.02
11844,7349,legal,25.0,1.71
29897,660,legal,37.5,2.02
7243,3666,breakdown,16.89,4.54
13260,9872,legal,25.0,1.71
7578,7700,legal,25.0,1.71
19294,6865,breakdown,16.89,4.54
1614,3628,breakdown,16.89,4.54
27360,1605,breakdown,16.89,4.54
21815,2435,full,387.33,81.14
8087,4166,full,202.01,42.32
21204,7210,legal,25.0,1.71
7253,7446,full,227.71,47.7
13492,6355,legal,25.0,1.71
22055,6534,breakdown,16.89,4.54
20938,4432,legal,25.0,1.71
27735,9365,legal,25.0,1.71
11584,4652,breakdown,16.89,4.54
26516,4395,full,485.23,101.65
6323,2214,breakdown,16.89,4.54
17187,6331,breakdown,22.9,5.09
29965,4556,breakdown,16.89,4.54
19919,6316,breakdown,16.89,4.54
8006,1518,full,525.63,110.11
9112,1357,full,416.37,87.22
1765,2761,legal,25.0,1.71
8016,7230,breakdown,16.89,4.54
29265,520,full,533.8,111.83
23957,7647,legal,25.0,1.71
8661,2285,breakdown,16.89,4.54
16536,6631,legal,46.13,1.71
14370,1731,full,318.02,66.62
24624,9152,legal,25.0,1.71
5293,8039,full,260.5,54.57
2984,1257,full,376.59,78.89
5936,9061,full,275.45,57.7
18390,7884,full,101.2,21.2
15093,1940,full,235.84,49.41
15914,8069,full,544.97,114.16
21719,5674,legal,25.0,1.71
3363,4292,legal,25.0,1.71
5022,3287,breakdown,16.89,4.54
29225,2420,full,399.07,83.6
16131,9552,full,152.23,31.89
17314,3863,breakdown,16.89,4.54
10714,8730,legal,25.0,1.71
6264,3655,breakdown,16.89,4.54
19985,205,legal,69.23,2.27
12793,5339,breakdown,16.89,4.54
19609,390,full,382.44,80.12
4622,2989,breakdown,16.89,4.54
123,7196,full,334.21,70.01
3999,9151,full,324.58,67.99
18623,1918,breakdown,16.89,4.54
27773,5713,breakdown,22.9,5.09
27674,704,legal,25.0,1.71
15037,6808,legal,46.13,1.71
18979,2835,breakdown,22.9,5.09
22952,5502,full,281.76,59.03
26568,2339,full,287.08,60.14
15338,8820,legal,69.23,2.27
20389,1523,full,287.99,60.33
24664,8839,full,247.24,51.79
8061,3883,full,204.96,42.93
21660,8581,full,803.69,168.37
8612,7337,breakdown,16.89,4.54
8075,8390,full,291.91,61.16
7794,4547,breakdown,16.89,4.54
2425,1721,full,323.9,67.86
26983,1223,full,275.17,57.64
27658,1373,legal,25.0,1.71
15773,5418,legal,25.0,1.71
7688,7653,full,1039.64,217.79
20358,8573,breakdown,22.9,5.09
8850,7118,legal,25.0,1.71
5163,3904,breakdown,16.89,4.54
16840,5947,full,544.47,114.06
6957,7288,full,172.87,36.22
10148,4388,breakdown,16.89,4.54
14276,9737,breakdown,22.9,5.09
3880,5057,breakdown,16.89,4.54
27147,2830,legal,25.0,1.71
28282,3227,breakdown,16.89,4.54
29909,1954,breakdown,16.89,4.54
16006,573,legal,25.0,1.71
8109,4949,legal,37.5,2.02
21414,7627,legal,25.0,1.71
24958,7781,legal,37.5,2.02
10824,6688,full,680.6,142.57
12544,8132,breakdown,16.89,4.54
22204,6906,breakdown,16.89,4.54
17925,4813,legal,25.0,1.71
26153,6380,full,215.84,45.22
1070,379,breakdown,16.89,4.54
27057,3916,legal,46.13,1.71
22908,9613,legal,37.5,2.02
2154,1327,legal,46.13,1.71
17658,3068,breakdown,16.89,4.54
25562,4906,full,375.09,78.58
2544,1372,full,152.23,31.89
7087,3620,full,172.87,36.22
27103,3818,breakdown,22.9,5.09
16661,1020,breakdown,16.89,4.54
10738,9141,legal,25.0,1.71
26799,4160,breakdown,16.89,4.54
29725,4072,full,483.24,101.23
1677,4035,breakdown,16.89,4.54
10456,5468,breakdown,22.9,5.09
26046,4744,breakdown,16.89,4.54
17799,7943,full,150.32,31.49
13645,1707,breakdown,16.89,4.54
2863,1110,full,281.16,58.9
13288,6453,breakdown,22.9,5.09
16748,6424,breakdown,22.9,5.09
5000,1187,legal,25.0,1.71
23324,549,breakdown,16.89,4.54
9579,2356,legal,25.0,1.71
3117,2970,breakdown,22.9,5.09
24995,40,legal,25.0,1.71
26142,6540,breakdown,16.89,4.54
11302,8538,breakdown,16.89,4.54
9146,9998,legal,25.0,1.71
28569,702,legal,,1.71
6490,6181,breakdown,16.89,4.54
20474,5246,full,230.94,48.38
16869,2962,breakdown,16.89,4.54
21307,8784,full,1213.39,254.19
8651,6293,full,218.43,45.76
26269,1589,legal,25.0,1.71
14004,9298,breakdown,22.9,5.09
20809,1571,full,152.63,31.98
22635,3226,legal,46.13,1.71
3525,1570,legal,46.13,1.71
24234,6619,full,198.55,41.6
29947,8675,full,315.3,66.05
24774,2914,legal,37.5,2.02
29740,6100,full,405.63,84.98
2870,553,legal,46.13,1.71
16567,9123,full,727.89,152.48
5715,4805,full,227.76,47.71
6054,2472,legal,25.0,1.71
16277,6419,legal,37.5,2.02
10471,587,breakdown,16.89,4.54
4198,8009,legal,37.5,2.02
6577,8865,legal,25.0,1.71
4365,5147,legal,37.5,2.02
11441,568,breakdown,22.9,5.09
18297,9332,legal,25.0,1.71
10506,2439,legal,46.13,1.71
22963,8676,full,463.08,97.01
1712,9365,full,150.32,31.49
19991,4391,full,684.98,143.49
21521,4343,full,278.61,58.37
1744,6908,legal,25.0,1.71
961,4086,full,171.97,36.03
67,1911,full,195.33,40.92
9698,2125,legal,25.0,1.71
26270,6043,breakdown,22.9,5.09
21798,6245,full,250.29,52.44
27963,3033,full,289.59,60.67
24058,708,breakdown,22.9,5.09
18412,782,legal,30.0,1.71
26100,2757,breakdown,16.89,4.54
17340,1622,full,390.71,81.85
2291,3096,legal,37.5,2.02
22105,2528,full,1467.27,307.37
28656,588,full,219.64,46.01
5399,6322,full,523.99,109.77
23232,266,legal,25.0,1.71
17495,7152,legal,25.0,1.71
14121,2376,legal,25.0,1.71
8965,6997,legal,25.0,1.71
14843,5731,breakdown,16.89,4.54
20091,1619,full,333.92,69.95
5656,1692,breakdown,16.89,4.54
20703,2737,breakdown,16.89,4.54
16441,7811,full,332.61,69.68
7752,8605,breakdown,16.89,4.54
10156,2734,breakdown,16.89,4.54
12809,1868,legal,25.0,1.71
15910,6523,breakdown,16.89,4.54
24631,5017,legal,25.0,1.71
22732,3637,full,175.94,36.86
4748,8224,breakdown,16.89,4.54
9034,3340,breakdown,16.89,4.54
14864,9082,full,298.25,62.49
5698,5515,full,978.94,205.08
3461,7536,full,525.18,110.02
8296,5993,breakdown,16.89,4.54
19315,6207,breakdown,16.89,4.54
10708,8307,breakdown,16.89,4.54
636,7321,full,185.01,38.76
1142,9642,legal,25.0,1.71
23653,8062,full,412.81,86.48
8664,313,legal,25.0,1.71
1717,7168,full,169.37,35.48
913,9355,legal,69.23,2.27
6780,2692,legal,25.0,1.71
8915,6951,breakdown,16.89,4.54
1261,5190,full,162.86,34.12
24475,4530,legal,25.0,1.71
17884,8203,full,257.18,53.88
24366,9036,full,510.68,106.98
2875,1304,full,504.37,105.66
19858,3206,legal,25.0,1.71
18189,6066,legal,25.0,1.71
24497,6804,legal,37.5,2.02
29797,2017,breakdown,16.89,4.54
27061,7697,full,101.2,21.2
5248,5915,breakdown,22.9,5.09
12625,7992,full,645.0,135.12
27807,6021,full,612.86,128.39
19237,1252,full,350.7,73.47
23433,8301,legal,25.0,1.71
19197,2225,legal,46.13,1.71
20191,836,breakdown,16.89,4.54
1159,5806,legal,25.0,1.71
7828,7869,breakdown,16.89,4.54
11626,8946,breakdown,16.89,4.54
5968,232,breakdown,22.9,5.09
1849,7234,full,101.2,21.2
8506,8792,legal,30.0,1.71
18427,2514,breakdown,16.89,4.54
27764,9497,legal,45.0,2.08
7621,3897,full,381.84,79.99
22681,3823,full,381.4,79.9
9002,7225,legal,25.0,1.71
11124,4053,full,211.85,44.38
16687,6201,full,245.43,51.41
26744,9250,breakdown,22.9,5.09
7681,6966,legal,25.0,1.71
9084,273,legal,37.5,2.02
15038,9317,breakdown,22.9,5.09
709,4891,breakdown,16.89,4.54
25404,1420,full,242.16,50.73
28799,6352,breakdown,16.89,4.54
15454,9239,full,907.91,190.19
121,1550,full,279.15,58.48
22214,7984,breakdown,16.89,4.54
21162,8072,breakdown,16.89,4.54
22869,2347,full,545.96,114.37
12843,581,legal,25.0,1.71
5589,1321,breakdown,16.89,4.54
26036,5094,full,175.92,36.85
12293,6657,legal,37.5,2.02
16184,5851,full,104.88,21.97
7380,3280,breakdown,22.9,5.09
16052,8551,full,222.02,46.51
13153,4780,full,737.51,154.5
28156,7003,breakdown,25.9,5.91
19843,1385,legal,25.0,1.71
18609,7789,full,152.23,31.89
27515,1058,breakdown,16.89,4.54
8748,1618,legal,46.13,1.71
19354,3246,breakdown,16.89,4.54
1298,8655,full,399.4,83.67
23703,3858,legal,25.0,1.71
15899,6328,legal,25.0,1.71
5496,3518,legal,69.23,2.27
1599,2958,full,169.28,35.46
8954,1389,full,278.06,58.25
13498,1922,breakdown,16.89,4.54
9092,7320,breakdown,16.89,4.54
18148,3402,full,236.84,49.62
13472,5123,legal,30.0,1.71
5180,2413,full,152.23,31.89
15481,3788,full,385.85,80.83
560,969,full,236.9,49.62
11366,4511,legal,25.0,1.71
13524,8241,full,528.25,110.66
18298,7062,breakdown,22.9,5.09
5130,5026,breakdown,16.89,4.54
25336,8157,full,562.59,117.85
22190,9531,legal,25.0,1.71
4715,9026,breakdown,22.9,5.09
15286,488,legal,25.0,1.71
2536,8829,legal,25.0,1.71
28137,7367,breakdown,16.89,4.54
11849,6258,legal,25.0,1.71
29980,6497,breakdown,16.89,4.54
3367,7535,full,251.16,52.62
20407,5265,breakdown,22.9,5.09
7780,711,full,559.86,117.28
5896,7790,breakdown,16.89,4.54
2114,7052,breakdown,16.89,4.54
6237,3041,legal,25.0,1.71
11460,1231,full,196.64,41.19
26160,6011,legal,25.0,1.71
21950,4281,breakdown,22.9,5.09
11503,5066,full,377.41,79.06
29625,5680,breakdown,16.89,4.54
8345,2879,breakdown,16.89,4.54
2901,2894,breakdown,22.9,5.09
20197,5384,legal,25.0,1.71
21921,5459,legal,37.5,2.02
21856,4583,full,866.11,181.44
19691,6913,breakdown,22.9,5.09
3991,9197,full,434.19,90.96
8718,6874,legal,25.0,1.71
12880,8415,full,310.88,65.12
14889,7841,legal,25.0,1.71
8616,2760,breakdown,22.9,5.09
13850,6735,breakdown,16.89,4.54
4665,3547,breakdown,22.9,5.09
16140,4770,legal,25.0,1.71
4892,6830,legal,25.0,1.71
26738,9703,full,150.32,31.49
23549,6933,full,451.88,94.66
12729,4444,breakdown,16.89,4.54
25821,9596,full,578.92,121.27
13758,8985,breakdown,16.89,4.54
27792,8843,breakdown,16.89,4.54
19052,9639,full,273.15,57.22
5689,8399,legal,46.13,1.71
20183,6914,breakdown,16.89,4.54
29771,6042,breakdown,16.89,4.54
18428,4783,breakdown,22.9,5.09
3155,9766,full,379.17,79.44
2216,251,legal,37.5,2.02
23057,9297,breakdown,16.89,4.54
23948,1434,legal,30.0,1.71
19762,7150,full,250.47,52.47
25913,9591,legal,25.0,1.71
9152,1287,legal,37.5,2.02
396,4961,full,150.32,31.49
26980,8332,full,259.04,54.27
29289,8590,full,387.33,81.14
21623,7461,legal,25.0,1.71
2206,1767,legal,25.0,1.71
10561,6466,breakdown,16.89,4.54
20792,6836,legal,25.0,1.71
8169,2273,breakdown,16.89,4.54
14268,2293,full,292.31,61.23
10731,292,full,256.58,53.75
27591,6141,legal,25.0,1.71
27150,332,full,259.66,54.39
13392,9784,breakdown,22.9,5.09
25103,5982,full,460.56,96.48
1426,9627,breakdown,16.89,4.54
18545,5359,legal,37.5,2.02
11807,9164,full,631.25,132.24
6288,2683,breakdown,16.89,4.54
24583,1261,breakdown,16.89,4.54
10088,5675,full,171.07,35.84
13144,2814,breakdown,22.9,5.09
13799,6135,breakdown,16.89,4.54
17976,8513,legal,25.0,1.71
20283,9094,full,250.73,52.52
4969,6355,breakdown,16.89,4.54
29272,52,full,271.45,56.87
27203,3510,full,267.93,56.13
24173,5865,full,225.7,47.28
3120,4494,legal,30.0,1.71
28093,2157,legal,25.0,1.71
1364,3925,legal,25.0,1.71
15012,2976,breakdown,16.89,4.54
9506,6245,legal,25.0,1.71
24375,401,legal,46.13,1.71
20620,8403,breakdown,16.89,4.54
24668,7681,legal,25.0,1.71
96,4741,legal,37.5,2.02
3964,6381,legal,25.0,1.71
27687,3765,legal,37.5,2.02
27370,6678,full,113.85,23.85
3625,7674,legal,25.0,1.71
15296,8672,breakdown,16.89,4.54
3730,6881,legal,25.0,1.71
19874,3334,full,296.46,62.1
29471,4360,legal,25.0,1.71
18676,8247,breakdown,16.89,4.54
23230,4889,full,377.88,79.16
8479,2315,breakdown,16.89,4.54
13874,5128,breakdown,16.89,4.54
12799,4019,full,481.02,100.77
22925,6205,legal,37.5,2.02
20012,9455,legal,25.0,1.71
618,5895,full,746.72,156.43
1191,58,legal,37.5,2.02
23067,4508,full,239.1,50.09
14018,1491,breakdown,16.89,4.54
17665,3060,legal,25.0,1.71
5592,7795,breakdown,16.89,4.54
7350,5980,breakdown,16.89,4.54
7808,1331,breakdown,22.9,5.09
3676,1815,breakdown,25.9,5.91
25902,6118,legal,25.0,1.71
24213,7822,legal,25.0,1.71
4639,8536,legal,25.0,1.71
21225,3602,full,537.18,112.53
15081,6311,legal,46.13,1.71
12505,58,full,376.99,78.97
25364,1593,full,101.2,21.2
14601,5454,legal,92.32,2.83
1892,1583,full,440.48,92.27
27230,2172,full,200.96,42.1
11449,3680,breakdown,16.89,4.54
23134,7840,legal,46.13,1.71
21374,1175,breakdown,16.89,4.54
22123,5479,legal,46.13,1.71
9135,3777,legal,25.0,1.71
18099,5858,breakdown,22.9,5.09
18070,6253,full,768.24,160.94
1344,9470,legal,37.5,2.02
5422,7980,breakdown,16.89,4.54
25847,3167,breakdown,22.9,5.09
10712,8909,full,188.2,39.42
6810,7027,full,805.85,168.82
28379,5859,breakdown,16.89,4.54
223,6124,full,149.75,31.37
6178,7597,legal,25.0,1.71
26907,8520,full,282.56,59.2
7579,6423,legal,37.5,2.02
11090,7220,legal,37.5,2.02
4001,8384,legal,37.5,2.02
26409,7763,breakdown,22.9,5.09
17198,5551,breakdown,16.89,4.54
21772,9767,breakdown,16.89,4.54
4372,5751,legal,37.5,2.02
7404,6816,full,403.63,84.55
29131,5793,full,152.63,31.98
28986,42,full,268.92,56.33
11837,6341,breakdown,16.89,4.54
14395,5424,legal,25.0,1.71
5336,4225,full,310.74,65.09
7294,4525,legal,25.0,1.71
14044,8089,legal,25.0,1.71
23059,8816,breakdown,16.89,4.54
20359,2323,full,576.26,120.72
27358,6773,full,644.73,135.06
29262,5262,breakdown,22.9,5.09
17120,3401,breakdown,16.89,4.54
24013,9446,breakdown,16.89,4.54
467,4346,legal,37.5,2.02
14086,8588,full,430.74,90.23
7240,2458,full,152.23,31.89
3496,3855,breakdown,16.89,4.54
14386,369,legal,69.23,2.27
28144,7450,legal,25.0,1.71
19179,4615,breakdown,22.9,5.09
23036,5557,breakdown,16.89,4.54
19206,3679,breakdown,16.89,4.54
3458,5948,full,471.83,98.84
28230,7183,legal,25.0,1.71
18810,2967,legal,25.0,1.71
12340,3365,breakdown,16.89,4.54
21305,3598,legal,25.0,1.71
9563,4114,breakdown,16.89,4.54
3757,8075,full,680.4,142.54
7629,1464,breakdown,16.89,4.54
13648,5301,legal,46.13,1.71
25928,9810,breakdown,16.89,4.54
17993,4325,breakdown,16.89,4.54
25381,230,legal,25.0,1.71
28975,1029,full,193.3,40.5
25313,6948,full,553.81,116.02
13657,436,legal,37.5,2.02
10891,7989,legal,37.5,2.02
4065,8845,full,376.33,78.84
16142,411,breakdown,16.89,4.54
23614,7044,full,526.21,110.23
22491,8596,full,154.22,32.31
18245,4922,breakdown,16.89,4.54
5107,2781,legal,37.5,2.02
18263,5089,legal,25.0,1.71
11241,3440,breakdown,16.89,4.54
19338,3660,breakdown,16.89,4.54
4574,1847,full,722.46,151.35
25809,9072,legal,25.0,1.71
16936,3885,legal,37.5,2.02
11288,7186,full,126.02,26.4
28885,9698,breakdown,16.89,4.54
27419,1674,breakdown,16.89,4.54
13255,6950,breakdown,16.89,4.54
4028,1473,full,152.23,31.89
4543,656,breakdown,25.9,5.91
28423,9994,full,362.12,75.86
12707,2081,full,544.58,114.08
14750,103,legal,25.0,1.71
10381,9012,legal,25.0,1.71
14745,8764,full,274.65,57.53
14806,472,full,635.19,133.06
22583,3820,legal,37.5,2.02
5618,7692,legal,46.13,1.71
12482,9069,breakdown,16.89,4.54
3993,1089,full,103.15,21.61
9113,4806,legal,25.0,1.71
21365,1548,legal,25.0,1.71
4061,6457,full,218.88,45.85
25723,904,breakdown,16.89,4.54
8731,4341,full,313.97,65.77
21930,8044,full,298.02,62.43
11600,2841,legal,37.5,2.02
23558,8805,breakdown,16.89,4.54
17400,943,full,577.09,120.89
21477,5486,full,269.59,56.47
2095,1134,legal,25.0,1.71
10398,7151,legal,37.5,2.02
24293,5013,breakdown,16.89,4.54
14095,46,legal,25.0,1.71
20747,2638,legal,25.0,1.71
24098,82,full,265.19,55.55
15456,6617,full,171.53,35.94
29329,235,full,291.41,61.05
15211,9033,full,646.05,135.34
6297,1904,full,430.7,90.23
13337,2224,breakdown,16.89,4.54
18997,1240,legal,46.13,1.71
5822,3990,full,426.0,89.24
18955,4516,breakdown,16.89,4.54
5302,7282,legal,37.5,2.02
23378,8734,full,634.57,132.94
14075,9931,full,506.28,106.06
6339,6308,legal,25.0,1.71
1376,7637,legal,25.0,1.71
21016,545,breakdown,16.89,4.54
2767,4876,breakdown,16.89,4.54
12563,124,legal,25.0,1.71
10888,1745,breakdown,22.9,5.09
22002,8311,full,421.91,88.38
7413,1416,legal,25.0,1.71
24195,5177,breakdown,16.89,4.54
1762,5020,legal,25.0,1.71
1752,4103,breakdown,22.9,5.09
26126,1335,legal,25.0,1.71
1001,7765,legal,25.0,1.71
29765,3745,legal,30.0,1.71
18688,412,full,240.9,50.47
27833,1720,legal,45.0,2.08
20865,4794,breakdown,22.9,5.09
18796,5135,legal,25.0,1.71
9533,8803,legal,25.0,1.71
6581,1557,legal,25.0,1.71
18006,407,full,306.73,64.26
18789,9697,breakdown,22.9,5.09
24989,606,legal,25.0,1.71
28778,484,full,186.46,39.06
12213,1168,legal,25.0,1.71
18515,4657,breakdown,25.9,5.91
5647,2057,breakdown,16.89,4.54
26264,3180,legal,25.0,1.71
29607,5080,breakdown,16.89,4.54
23762,2418,full,357.48,74.88
5803,9720,full,267.72,56.09
23122,5391,full,286.14,59.94
1395,8740,legal,25.0,1.71
18707,3104,full,101.2,21.2
17901,2403,legal,25.0,1.71
17753,4726,breakdown,16.89,4.54
16835,3981,breakdown,16.89,4.54
26491,8482,full,172.87,36.22
15333,6931,legal,46.13,1.71
3205,8168,breakdown,16.89,4.54
24908,1667,legal,37.5,2.02
17553,2730,breakdown,16.89,4.54
13919,8229,legal,25.0,1.71
2274,1894,full,363.24,76.09
495,8846,legal,37.5,2.02
27196,2243,legal,25.0,1.71
15482,1762,breakdown,22.9,5.09
10926,1449,full,292.27,61.23
13355,6582,legal,46.13,1.71
9339,543,breakdown,16.89,4.54
3294,4237,legal,25.0,1.71
19995,1760,legal,37.5,2.02
16517,1092,breakdown,16.89,4.54
22766,695,breakdown,16.89,4.54
6014,965,breakdown,22.9,5.09
18851,7575,legal,69.23,2.27
307,8479,full,255.94,53.62
5425,337,full,372.8,78.09
22597,4134,breakdown,22.9,5.09
5149,2697,legal,25.0,1.71
27180,7845,legal,46.13,1.71
7481,8439,legal,25.0,1.71
24289,4238,full,422.28,88.46
28780,4501,legal,25.0,1.71
10989,6706,breakdown,16.89,4.54
22087,3971,legal,25.0,1.71
22729,5493,full,376.33,78.84
10413,3810,breakdown,16.89,4.54
3304,9474,breakdown,22.9,5.09
3082,4634,breakdown,16.89,4.54
18923,3679,full,540.23,113.17
27160,3422,legal,25.0,1.71
20815,7456,full,176.23,36.92
23835,7201,breakdown,16.89,4.54
22316,4663,full,223.12,46.74
18874,3126,full,244.16,51.15
2335,8273,legal,37.5,2.02
16631,5319,legal,25.0,1.71
7329,4831,full,234.75,49.18
8837,2971,full,328.83,68.88
18435,5543,legal,25.0,1.71
29331,4308,full,392.38,82.2
28356,9186,legal,25.0,1.71
21409,8861,breakdown,16.89,4.54
2091,2714,full,480.7,100.7
18829,5712,breakdown,16.89,4.54
16705,9506,legal,25.0,1.71
11273,5215,full,494.28,103.55
7467,9316,legal,30.0,1.71
6055,7215,legal,25.0,1.71
13815,9071,legal,25.0,1.71
3853,2361,breakdown,16.89,4.54
21899,5393,breakdown,16.89,4.54
3549,3898,legal,25.0,1.71
15035,458,breakdown,16.89,4.54
8942,8792,breakdown,25.9,5.91
24073,9073,full,189.04,39.6
12788,1566,breakdown,16.89,4.54
24562,1215,full,172.87,36.22
19916,6120,legal,25.0,1.71
27420,7538,legal,46.13,1.71
9846,5168,legal,37.5,2.02
15986,2947,full,448.37,93.93
18644,4459,breakdown,22.9,5.09
6056,8599,full,387.18,81.11
11474,4455,breakdown,16.89,4.54
20228,1836,legal,25.0,1.71
7777,2263,breakdown,16.89,4.54
1333,1948,legal,25.0,1.71
18586,7432,breakdown,16.89,4.54
4532,5828,legal,25.0,1.71
6395,6409,full,253.74,53.16
21685,1324,legal,25.0,1.71
27158,6493,full,888.6,186.15
14448,6137,full,161.97,33.93
9074,6628,breakdown,16.89,4.54
543,8091,legal,46.13,1.71
10380,8064,full,266.39,55.8
3623,4544,breakdown,16.89,4.54
13521,4464,full,247.77,51.9
6960,5195,legal,25.0,1.71
6756,1857,breakdown,22.9,5.09
12318,7781,full,283.86,59.47
19890,681,breakdown,22.9,5.09
9929,1169,full,555.9,116.45
16291,5819,breakdown,16.89,4.54
6772,7671,breakdown,22.9,5.09
20364,4557,full,406.76,85.21
19968,8011,breakdown,22.9,5.09
4204,1899,breakdown,16.89,4.54
12806,4611,full,197.77,41.43
16663,2943,breakdown,16.89,4.54
416,8550,full,142.72,29.9
8060,2016,breakdown,16.89,4.54
14303,4400,full,335.97,70.38
2226,8571,breakdown,16.89,4.54
18919,7457,legal,46.13,1.71
23132,4216,breakdown,22.9,5.09
11870,7903,breakdown,22.9,5.09
15204,54,legal,25.0,1.71
19486,6785,full,711.55,149.06
24116,6683,legal,69.23,2.27
24282,8197,breakdown,22.9,5.09
3156,1490,breakdown,16.89,4.54
1643,8769,full,484.02,101.4
27756,1623,full,277.24,58.08
11541,6722,legal,46.13,1.71
16821,1428,full,389.02,81.49
16470,3043,legal,37.5,2.02
16514,8749,breakdown,16.89,4.54
16331,5426,breakdown,22.9,5.09
3185,9418,breakdown,16.89,4.54
18542,7383,full,452.27,94.74
28234,7659,legal,25.0,1.71
25434,4094,legal,25.0,1.71
15853,7406,breakdown,16.89,4.54
8675,2467,breakdown,16.89,4.54
5032,3342,breakdown,16.89,4.54
20493,6468,legal,25.0,1.71
28564,8683,full,112.2,23.5
3518,9503,full,600.93,125.89
18857,4940,breakdown,16.89,4.54
26245,3616,full,101.2,21.2
443,8594,breakdown,22.9,5.09
26393,269,full,218.95,45.87
11466,5654,legal,25.0,1.71
18137,1425,breakdown,22.9,5.09
8711,4379,legal,25.0,1.71
16695,7772,breakdown,16.89,4.54
2961,2566,full,225.82,47.3
14241,5174,full,414.3,86.79
12887,549,full,236.51,49.55
4008,184,legal,25.0,1.71
13311,7548,full,335.19,70.22
21354,3032,legal,25.0,1.71
28935,4080,full,497.19,104.16
9432,7782,legal,25.0,1.71
27085,3347,full,266.85,55.9
20037,7068,full,101.2,21.2
9521,5210,breakdown,16.89,4.54
5947,407,legal,25.0,1.71
22607,3211,breakdown,16.89,4.54
28562,7627,breakdown,16.89,4.54
9312,499,full,161.82,33.9
25713,2579,legal,25.0,1.71
23821,7045,breakdown,22.9,5.09
13962,1423,breakdown,22.9,5.09
6010,1215,breakdown,16.89,4.54
20281,1893,full,238.11,49.88
8566,732,legal,25.0,1.71
9652,2536,legal,25.0,1.71
23896,9438,full,485.27,101.66
11067,3842,full,313.35,65.64
25543,3457,full,152.23,31.89
8749,2136,full,598.08,125.29
27075,4395,legal,25.0,1.71
6053,6173,full,174.54,36.57
12618,9086,legal,25.0,1.71
9422,138,legal,25.0,1.71
16272,7749,full,339.0,71.02
15659,5220,legal,30.0,1.71
25631,554,full,227.94,47.75
28290,7376,legal,37.5,2.02
1322,7540,legal,69.23,2.27
24104,8236,full,902.72,189.11
7118,2285,legal,25.0,1.71
29787,8964,breakdown,16.89,4.54
5459,7330,breakdown,32.4,6.5
3348,3208,full,286.72,60.07
13246,4590,legal,46.13,1.71
15367,4625,full,496.3,103.97
28667,5056,breakdown,22.9,5.09
4863,1337,legal,25.0,1.71
11396,6290,full,349.69,73.26
7950,4112,breakdown,22.9,5.09
14115,2110,full,319.4,66.91
14449,5742,breakdown,16.89,4.54
9869,5188,full,336.77,70.55
10278,9559,breakdown,16.89,4.54
19893,8862,legal,46.13,1.71
9520,7375,breakdown,16.89,4.54
6318,7997,legal,69.23,2.27
26998,8835,legal,46.13,1.71
13464,8350,full,193.63,40.56
27641,9794,breakdown,16.89,4.54
23333,6821,breakdown,22.9,5.09
14137,3209,legal,37.5,2.02
27268,1182,legal,25.0,1.71
912,5228,full,328.2,68.75
18001,5384,breakdown,16.89,4.54
13236,3070,legal,25.0,1.71
19365,1204,full,455.08,95.33
29253,2217,legal,25.0,1.71
19681,4172,breakdown,22.9,5.09
1178,47,legal,25.0,1.71
652,6007,full,379.02,79.4
10871,5705,breakdown,16.89,4.54
10986,1326,legal,46.13,1.71
7847,6164,legal,25.0,1.71
3688,4379,breakdown,16.89,4.54
24598,8684,breakdown,16.89,4.54
25829,8463,legal,37.5,2.02
2651,3588,legal,25.0,1.71
6424,886,breakdown,16.89,4.54
19918,3107,full,154.38,32.34
19678,6109,full,434.52,91.03
20568,8196,legal,25.0,1.71
11969,9273,full,250.47,52.47
24408,6052,breakdown,16.89,4.54
12226,7620,breakdown,22.9,5.09
3752,5436,full,450.77,94.43
4611,5646,breakdown,22.9,5.09
1601,115,full,336.83,70.56
29703,9171,breakdown,16.89,4.54
2600,805,legal,37.5,2.02
27100,233,full,291.41,61.05
17269,3718,breakdown,16.89,4.54
13536,8681,breakdown,16.89,4.54
9378,8472,breakdown,22.9,5.09
22272,7318,breakdown,22.9,5.09
17253,3963,breakdown,16.89,4.54
14206,375,full,553.88,116.03
19745,3504,legal,25.0,1.71
22736,7633,legal,25.0,1.71
20482,8145,full,615.27,128.89
28853,2377,legal,25.0,1.71
5638,5665,full,387.33,81.14
23748,7941,legal,25.0,1.71
4555,7728,breakdown,16.89,4.54
6936,462,full,341.57,71.56
14547,4445,legal,69.23,2.27
27189,5719,legal,46.13,1.71
22752,2114,full,326.46,68.39
13561,8614,full,348.71,73.05
4504,9103,full,206.67,43.29
17077,3204,legal,30.0,1.71
26442,7944,breakdown,16.89,4.54
28092,2509,legal,25.0,1.71
3754,9462,full,497.79,104.28
12772,1976,legal,25.0,1.71
14347,3630,breakdown,25.9,5.91
23930,1849,breakdown,22.9,5.09
26045,4297,breakdown,16.89,4.54
29896,1166,breakdown,22.9,5.09
25553,2812,full,171.97,36.03
12018,9743,legal,25.0,1.71
26007,8450,full,269.53,56.46
18064,4182,breakdown,16.89,4.54
932,755,legal,37.5,2.02
26304,2909,full,598.36,125.35
17533,6105,breakdown,16.89,4.54
27785,952,legal,25.0,1.71
29385,1035,breakdown,16.89,4.54
17824,5915,legal,37.5,2.02
2965,2526,full,499.3,104.6
26385,9715,breakdown,22.9,5.09
25229,975,breakdown,22.9,5.09
6115,6607,breakdown,22.9,5.09
9055,6107,legal,25.0,1.71
428,7112,breakdown,16.89,4.54
7699,1567,legal,25.0,1.71
69,5401,legal,37.5,2.02
17498,8318,full,169.37,35.48
18029,9756,full,202.17,42.35
27546,1507,full,412.4,86.39
521,358,legal,25.0,1.71
9581,8115,full,284.33,59.57
24569,2909,breakdown,16.89,4.54
2933,2434,full,396.55,83.07
19944,1023,full,209.32,43.85
13274,5008,full,693.42,145.26
27703,3532,legal,25.0,1.71
11578,9518,legal,25.0,1.71
8990,5881,full,188.42,39.47
10327,7049,legal,37.5,2.02
9454,9878,legal,25.0,1.71
4746,4072,breakdown,22.9,5.09
29689,3490,breakdown,16.89,4.54
11566,6753,full,753.63,157.88
7398,8108,legal,25.0,1.71
14741,9452,full,401.92,84.2
11655,7966,full,213.75,44.78
28546,5997,full,571.79,119.78
23283,3955,full,546.09,114.4
1690,472,breakdown,16.89,4.54
28793,812,full,270.71,56.71
23839,4741,full,171.97,36.03
3966,5976,legal,25.0,1.71
11510,2318,legal,25.0,1.71
2951,6482,full,295.94,61.99
22474,6856,breakdown,16.89,4.54
9727,1450,legal,25.0,1.71
607,3037,legal,46.13,1.71
8410,2438,full,113.85,23.85
13017,4138,full,575.37,120.54
3448,6037,breakdown,22.9,5.09
9143,5105,legal,25.0,1.71
21598,2864,full,230.93,48.38
21745,4164,full,546.15,114.41
18535,3594,legal,25.0,1.71
5406,845,full,204.92,42.93
22291,2760,legal,37.5,2.02
19278,7517,breakdown,16.89,4.54
10669,7536,legal,25.0,1.71
6605,2425,breakdown,16.89,4.54
15002,4803,legal,25.0,1.71
28407,6907,legal,25.0,1.71
17656,234,legal,25.0,1.71
26069,2791,legal,92.32,2.83
13010,6417,legal,25.0,1.71
18719,1660,full,383.61,80.36
2866,1087,full,389.95,81.69
12247,6437,breakdown,16.89,4.54
28584,3135,breakdown,22.9,5.09
11930,3099,full,221.74,46.45
4088,6883,legal,25.0,1.71
27311,3172,breakdown,16.89,4.54
28237,3223,breakdown,22.9,5.09
1244,1478,legal,30.0,1.71
13081,8565,full,152.61,31.97
26871,2750,breakdown,16.89,4.54
404,8649,full,152.23,31.89
28067,896,breakdown,16.89,4.54
11897,3372,legal,25.0,1.71
22164,5192,breakdown,16.89,4.54
3703,4842,full,383.82,80.41
17999,9560,breakdown,16.89,4.54
4488,111,legal,25.0,1.71
14925,7026,breakdown,16.89,4.54
476,1012,breakdown,16.89,4.54
3104,1853,breakdown,16.89,4.54
28595,6273,legal,25.0,1.71
28923,1343,breakdown,16.89,4.54
22405,5591,legal,25.0,1.71
17440,9247,legal,25.0,1.71
319,3171,breakdown,16.89,4.54
20023,3512,full,289.14,60.57
90,2617,breakdown,16.89,4.54
17146,7794,legal,45.0,2.08
24025,9697,legal,37.5,2.02
21877,9224,legal,37.5,2.02
19272,9924,full,256.18,53.66
22406,1595,full,251.43,52.67
2492,1365,breakdown,16.89,4.54
4324,2847,breakdown,16.89,4.54
26567,434,full,362.03,75.84
21099,4655,full,250.25,52.43
2264,6485,full,265.93,55.71
2172,3112,breakdown,16.89,4.54
6018,7053,legal,25.0,1.71
6409,239,breakdown,22.9,5.09
16095,17,breakdown,22.9,5.09
26244,1708,legal,37.5,2.02
25588,1711,full,254.17,53.25
27307,7632,full,277.15,58.06
20655,5656,breakdown,22.9,5.09
8565,5404,breakdown,16.89,4.54
23898,9700,full,503.44,105.46
1554,9770,breakdown,16.89,4.54
4541,4769,full,495.26,103.75
20392,2253,full,101.2,21.2
8787,9915,full,232.58,48.72
16999,2016,legal,25.0,1.71
22045,4282,full,298.17,62.46
20387,148,breakdown,16.89,4.54
2504,1006,legal,25.0,1.71
17433,5547,legal,37.5,2.02
4790,4243,full,511.31,107.11
22827,2394,legal,25.0,1.71
24662,4116,legal,25.0,1.71
7670,9143,full,344.94,72.26
28770,9465,breakdown,16.89,4.54
1414,3957,legal,46.13,1.71
3261,3197,legal,69.23,2.27
23136,3474,legal,25.0,1.71
17506,9824,full,194.14,40.67
4040,8545,breakdown,16.89,4.54
16047,5416,full,420.24,88.03
17355,9965,legal,37.5,2.02
3675,2548,full,247.37,51.82
10021,3311,legal,25.0,1.71
5802,9239,breakdown,22.9,5.09
7306,5051,breakdown,16.89,4.54
15503,3640,breakdown,16.89,4.54
28247,4981,full,310.06,64.96
9088,1284,full,289.75,60.7
719,532,legal,25.0,1.71
3907,3860,legal,25.0,1.71
5175,3648,breakdown,16.89,4.54
14508,5902,legal,25.0,1.71
29001,7203,breakdown,22.9,5.09
10145,4552,breakdown,16.89,4.54
24296,1160,breakdown,16.89,4.54
13574,432,full,108.55,22.74
7933,367,legal,25.0,1.71
28131,8768,legal,25.0,1.71
21754,6379,breakdown,16.89,4.54
12406,2320,breakdown,22.9,5.09
4567,9312,breakdown,16.89,4.54
23955,2207,breakdown,16.89,4.54
19936,9963,legal,25.0,1.71
9803,251,full,434.22,90.96
14768,3126,breakdown,16.89,4.54
835,7378,full,497.44,104.21
5057,7147,breakdown,25.9,5.91
4686,2504,legal,25.0,1.71
2523,4957,legal,37.5,2.02
25512,597,breakdown,22.9,5.09
24615,5678,full,113.85,23.85
17259,2491,full,172.87,36.22
21464,2277,legal,46.13,1.71
14895,941,legal,25.0,1.71
29161,391,full,168.6,35.32
28575,688,breakdown,22.9,5.09
28183,5485,legal,37.5,2.02
12084,6067,breakdown,22.9,5.09
16065,6891,legal,46.13,1.71
27769,7351,full,577.39,120.96
20895,3534,legal,25.0,1.71
4479,4935,breakdown,22.9,5.09
22538,7586,legal,25.0,1.71
1374,139,breakdown,22.9,5.09
5394,7229,full,152.23,31.89
16434,8192,full,390.19,81.74
21486,5813,full,305.55,64.01
2617,249,breakdown,16.89,4.54
28059,4316,full,148.98,31.21
18191,5180,legal,37.5,2.02
777,8590,breakdown,16.89,4.54
9315,2244,full,321.09,67.26
24157,7585,full,371.48,77.82
11321,5955,breakdown,22.9,5.09
8313,5541,breakdown,16.89,4.54
25769,4819,legal,46.13,1.71
8493,671,full,308.16,64.55
25467,9968,legal,46.13,1.71
18436,8119,breakdown,22.9,5.09
19216,4628,legal,30.0,1.71
23434,2904,legal,25.0,1.71
20440,3788,legal,25.0,1.71
25392,5925,breakdown,16.89,4.54
26640,2345,breakdown,16.89,4.54
9657,5914,full,494.93,103.68
10650,866,breakdown,16.89,4.54
24750,9591,full,194.04,40.65
4114,1352,full,617.2,129.3
5244,7441,full,152.23,31.89
13156,1798,breakdown,16.89,4.54
8457,3868,full,346.89,72.67
22762,1929,breakdown,16.89,4.54
26446,3262,full,197.2,41.31
28995,1969,breakdown,16.89,4.54
22879,6701,breakdown,16.89,4.54
14006,2289,full,452.27,94.74
22970,5639,full,179.37,37.58
26725,5658,legal,25.0,1.71
28833,6961,legal,25.0,1.71
6199,9910,breakdown,16.89,4.54
22288,250,full,175.91,36.85
11622,7691,breakdown,16.89,4.54
19227,562,legal,25.0,1.71
14881,1974,legal,25.0,1.71
19972,5486,legal,45.0,2.08
4462,7121,full,240.48,50.38
26780,7491,breakdown,22.9,5.09
18588,9778,legal,69.23,2.27
1581,9809,legal,25.0,1.71
28710,6859,legal,25.0,1.71
906,5466,legal,25.0,1.71
21447,2233,legal,25.0,1.71
24565,5267,breakdown,16.89,4.54
13211,3269,full,848.96,177.85
3837,7625,breakdown,16.89,4.54
8600,7851,full,250.76,52.53
18804,869,full,295.43,61.89
29365,724,breakdown,16.89,4.54
28897,9387,full,242.43,50.78
11917,213,full,101.2,21.2
25127,8950,legal,25.0,1.71
1152,4321,legal,37.5,2.02
1474,2282,legal,25.0,1.71
12629,1542,legal,37.5,2.02
22471,9906,breakdown,16.89,4.54
10583,4931,breakdown,22.9,5.09
12439,130,legal,25.0,1.71
14409,1277,legal,25.0,1.71
2313,1870,full,606.66,127.09
27111,5089,full,224.26,46.98
20337,7531,legal,25.0,1.71
2031,9908,legal,37.5,2.02
22355,4171,legal,69.23,2.27
2847,5428,legal,25.0,1.71
29392,2690,breakdown,22.9,5.09
2983,6846,breakdown,16.89,4.54
22835,537,legal,37.5,2.02
27876,7628,breakdown,16.89,4.54
24301,8095,legal,25.0,1.71
13944,6934,breakdown,16.89,4.54
22836,6337,legal,25.0,1.71
1494,8427,breakdown,16.89,4.54
22391,3487,breakdown,16.89,4.54
3235,2918,legal,25.0,1.71
566,4648,legal,25.0,1.71
10024,4283,breakdown,16.89,4.54
6905,2252,full,172.87,36.22
26026,1050,legal,37.5,2.02
15875,3219,breakdown,16.89,4.54
6430,2508,breakdown,16.89,4.54
4581,1463,full,192.65,40.36
12001,4394,legal,25.0,1.71
16246,9671,legal,37.5,2.02
28921,1864,legal,25.0,1.71
25663,8013,breakdown,16.89,4.54
20680,6205,full,187.22,39.22
23046,7615,legal,37.5,2.02
26281,8855,legal,37.5,2.02
19023,9461,full,358.82,75.16
9729,9941,full,344.92,72.26
13006,129,legal,25.0,1.71
19476,2184,full,342.78,71.81
3494,198,breakdown,16.89,4.54
4888,164,full,260.09,54.49
6057,795,legal,25.0,1.71
20560,9115,legal,37.5,2.02
12782,4497,full,325.33,68.15
13725,3813,full,254.95,53.41
28654,1774,full,172.87,36.22
4079,5399,legal,25.0,1.71
20393,444,legal,25.0,1.71
14759,7806,breakdown,16.89,4.54
20209,4365,legal,37.5,2.02
27906,2223,full,124.68,26.12
21888,1984,full,356.26,74.63
26840,6966,full,332.23,69.6
21948,3828,legal,46.13,1.71
22419,878,full,105.64,22.13
10578,7177,legal,25.0,1.71
14345,7416,full,202.9,42.51
6263,197,breakdown,16.89,4.54
3968,2669,full,474.9,99.49
8080,2133,legal,25.0,1.71
17432,88,breakdown,16.89,4.54
29088,4997,full,425.19,89.07
16568,9846,legal,37.5,2.02
10378,3999,breakdown,22.9,5.09
10983,7191,full,336.8,70.56
21616,8248,breakdown,16.89,4.54
15216,4504,breakdown,16.89,4.54
23998,8715,breakdown,16.89,4.54
23569,7867,full,815.71,170.88
3345,9088,breakdown,16.89,4.54
25790,6027,full,743.86,155.83
1583,61,breakdown,16.89,4.54
17099,9497,breakdown,32.4,6.5
26948,784,full,169.37,35.48
13654,4274,breakdown,32.4,6.5
18480,8212,legal,37.5,2.02
26895,4534,full,574.65,120.38
2163,7830,full,647.13,135.56
2717,4654,full,300.26,62.9
24394,6165,legal,25.0,1.71
18385,2090,full,101.2,21.2
8481,4679,breakdown,22.9,5.09
23905,4503,legal,69.23,2.27
2989,4399,breakdown,22.9,5.09
16736,2847,full,205.77,43.11
16801,2656,breakdown,22.9,5.09
3867,8165,full,250.32,52.44
28304,3873,full,329.94,69.12
10533,2125,breakdown,16.89,4.54
20610,5835,breakdown,16.89,4.54
21170,8556,legal,30.0,1.71
3706,7539,breakdown,22.9,5.09
2456,1236,full,272.16,57.01
21181,1200,full,289.59,60.67
15708,6510,breakdown,22.9,5.09
14571,2069,breakdown,16.89,4.54
28535,2525,legal,37.5,2.02
11974,6995,full,606.6,127.08
2120,8347,legal,25.0,1.71
7665,2789,full,367.51,76.99
25956,2398,legal,37.5,2.02
7315,1472,full,314.92,65.97
17321,4683,breakdown,16.89,4.54
28447,4087,full,293.46,61.48
3890,4321,breakdown,22.9,5.09
1792,824,full,164.11,34.38
5930,8778,legal,92.32,2.83
12203,9325,breakdown,16.89,4.54
11266,8364,full,433.67,90.85
15955,9216,legal,45.0,2.08
25489,8021,legal,37.5,2.02
7891,650,full,175.46,36.76
13494,1096,full,171.53,35.94
9549,5167,full,342.89,71.83
531,7667,breakdown,22.9,5.09
8354,4958,legal,25.0,1.71
5028,7432,full,1022.91,214.29
13310,4493,full,496.37,103.98
10704,5953,full,492.56,103.19
3246,1648,full,434.37,91.0
28374,5066,breakdown,16.89,4.54
16318,2109,full,319.4,66.91
18364,2277,breakdown,16.89,4.54
22789,7935,breakdown,16.89,4.54
24499,7715,breakdown,16.89,4.54
27978,7299,legal,37.5,2.02
21161,5936,breakdown,16.89,4.54
23650,284,legal,25.0,1.71
13185,3098,breakdown,32.4,6.5
28606,8521,full,324.54,67.99
2204,6913,legal,37.5,2.02
28848,953,full,1402.22,293.75
8471,9781,legal,25.0,1.71
2480,9072,breakdown,16.89,4.54
22880,766,legal,92.32,2.83
20874,3608,legal,25.0,1.71
19325,3495,breakdown,16.89,4.54
661,5460,legal,25.0,1.71
27730,5363,legal,46.13,1.71
4713,2429,breakdown,16.89,4.54
26127,857,breakdown,16.89,4.54
22396,6251,legal,37.5,2.02
23565,769,breakdown,16.89,4.54
21916,7173,breakdown,22.9,5.09
28992,8328,breakdown,16.89,4.54
2768,8486,breakdown,22.9,5.09
20674,1689,breakdown,16.89,4.54
16041,9063,breakdown,16.89,4.54
10015,2350,legal,37.5,2.02
19623,4341,legal,25.0,1.71
14015,1554,full,316.25,66.25
567,957,breakdown,16.89,4.54
16585,6275,legal,25.0,1.71
27755,6326,full,635.34,133.1
7979,9970,breakdown,16.89,4.54
26931,1154,breakdown,16.89,4.54
10914,9708,full,824.65,172.75
522,1696,legal,25.0,1.71
11150,3222,breakdown,16.89,4.54
21268,856,legal,25.0,1.71
66,905,full,423.43,88.71
26932,5888,full,384.46,80.54
15625,8426,legal,25.0,1.71
18177,9146,full,150.03,31.43
9153,6267,legal,37.5,2.02
2038,1670,breakdown,16.89,4.54
11945,3703,breakdown,16.89,4.54
2757,2684,breakdown,16.89,4.54
19911,6027,legal,37.5,2.02
3592,5642,breakdown,16.89,4.54
25963,2385,legal,25.0,1.71
1044,2575,breakdown,16.89,4.54
9873,9507,breakdown,16.89,4.54
28400,320,full,136.36,28.57
7779,9672,legal,37.5,2.02
2315,9366,full,1092.91,228.95
12146,3634,breakdown,22.9,5.09
20327,3257,full,479.77,100.5
3599,9642,full,908.33,190.29
22716,7906,legal,25.0,1.71
3105,9291,legal,25.0,1.71
8821,3997,legal,25.0,1.71
9301,1849,full,187.39,39.26
18938,3702,full,515.03,107.89
18224,6870,legal,25.0,1.71
26601,7103,legal,25.0,1.71
21232,6150,legal,25.0,1.71
17992,2667,full,393.51,82.44
4247,2556,breakdown,16.89,4.54
4012,3355,legal,25.0,1.71
22023,6909,full,152.23,31.89
27194,3757,legal,25.0,1.71
15793,1279,legal,69.23,2.27
24401,4275,full,231.51,48.5
19376,8008,breakdown,16.89,4.54
29252,209,breakdown,22.9,5.09
22060,7651,full,422.79,88.57
25510,4822,breakdown,16.89,4.54
3664,7440,legal,69.23,2.27
10457,1315,breakdown,16.89,4.54
10072,5257,full,326.23,68.34
7175,7382,full,172.87,36.22
15370,3938,legal,25.0,1.71
26425,4212,breakdown,16.89,4.54
9170,7035,breakdown,16.89,4.54
12987,1721,breakdown,16.89,4.54
13827,6913,full,282.73,59.23
20846,1115,full,291.0,60.96
18348,788,full,113.85,23.85
28957,1980,legal,25.0,1.71
13328,188,full,204.04,42.75
7244,5328,full,223.74,46.87
12023,3463,breakdown,16.89,4.54
18278,9086,breakdown,16.89,4.54
29271,9512,breakdown,16.89,4.54
4164,8462,full,341.83,71.61
25436,5476,full,228.91,47.95
14446,4960,legal,46.13,1.71
4958,4737,full,750.81,157.29
13941,6001,breakdown,22.9,5.09
6296,6528,full,555.71,116.42
28337,5631,legal,25.0,1.71
29029,4506,breakdown,25.9,5.91
5521,3907,full,152.23,31.89
657,2529,legal,69.23,2.27
14271,7669,full,187.06,39.19
19378,7630,full,251.73,52.73
1396,6897,full,291.1,60.98
8137,8362,breakdown,16.89,4.54
19959,5171,legal,25.0,1.71
8864,4097,legal,25.0,1.71
25958,1840,legal,46.13,1.71
28150,2459,legal,25.0,1.71
28879,9165,legal,30.0,1.71
28242,3629,breakdown,25.9,5.91
8594,2518,legal,37.5,2.02
21861,5832,breakdown,16.89,4.54
13412,7367,legal,25.0,1.71
13814,4365,breakdown,22.9,5.09
29671,6525,legal,25.0,1.71
25161,5938,breakdown,16.89,4.54
24657,8148,full,228.19,47.8
5581,4652,full,213.65,44.75
12332,6434,breakdown,16.89,4.54
19632,2697,full,164.52,34.47
2810,5632,legal,46.13,1.71
21063,3995,full,170.47,35.71
21333,5224,legal,25.0,1.71
23233,3073,breakdown,16.89,4.54
3673,9506,full,172.87,36.22
6460,8341,legal,25.0,1.71
18410,8631,breakdown,22.9,5.09
15530,1709,full,510.78,107.0
28011,7750,full,172.87,36.22
17084,6030,legal,25.0,1.71
19051,3503,legal,46.13,1.71
22201,4085,breakdown,16.89,4.54
28058,1614,full,616.66,129.18
13898,223,breakdown,16.89,4.54
19357,2314,legal,25.0,1.71
15072,916,legal,46.13,1.71
21574,9397,legal,46.13,1.71
23795,8357,breakdown,16.89,4.54
12020,5518,full,101.2,21.2
19749,1412,breakdown,16.89,4.54
25123,3657,legal,25.0,1.71
20394,2593,breakdown,16.89,4.54
7213,8503,breakdown,16.89,4.54
18802,1108,legal,25.0,1.71
23829,7150,legal,30.0,1.71
2809,2178,full,498.88,104.51
23595,3931,legal,25.0,1.71
16825,5033,full,115.15,24.12
7018,8027,full,1742.61,365.05
19361,4199,breakdown,22.9,5.09
3415,5092,full,175.92,36.85
4436,5635,breakdown,16.89,4.54
13597,4425,full,259.2,54.3
27224,6389,breakdown,16.89,4.54
23335,5336,full,654.77,137.17
14357,493,legal,37.5,2.02
8902,4863,full,405.63,84.97
13165,6508,legal,46.13,1.71
10256,8168,legal,25.0,1.71
3270,7947,legal,25.0,1.71
5903,7408,legal,25.0,1.71
24733,1534,legal,25.0,1.71
5901,1598,breakdown,16.89,4.54
27240,732,full,375.54,78.67
515,1411,breakdown,16.89,4.54
19713,5170,breakdown,16.89,4.54
13054,9944,full,482.2,101.01
26930,9232,full,821.96,172.19
15493,4238,breakdown,16.89,4.54
25466,7307,breakdown,22.9,5.09
11884,6342,full,335.44,70.27
12611,3049,legal,25.0,1.71
7374,84,breakdown,16.89,4.54
15307,4824,breakdown,16.89,4.54
1870,8020,full,251.73,52.73
2398,5866,legal,46.13,1.71
1058,5545,legal,46.13,1.71
17244,5960,legal,25.0,1.71
25304,5777,full,563.42,118.03
25252,1021,full,329.33,68.99
26161,3623,legal,46.13,1.71
26651,7350,breakdown,16.89,4.54
3193,1777,legal,37.5,2.02
29926,582,full,306.01,64.11
26243,3670,breakdown,16.89,4.54
20484,2779,legal,25.0,1.71
24892,9432,full,486.88,102.0
28347,9759,breakdown,16.89,4.54
26303,6387,breakdown,16.89,4.54
20636,9047,full,377.13,79.0
26828,2345,full,233.11,48.84
14556,2085,full,188.42,39.47
7170,8518,breakdown,16.89,4.54
8106,4054,full,511.08,107.07
1724,9517,breakdown,22.9,5.09
20712,5718,full,113.85,23.85
7566,2941,breakdown,16.89,4.54
4101,964,breakdown,16.89,4.54
9769,5587,breakdown,16.89,4.54
19417,1497,legal,25.0,1.71
9058,5543,full,329.77,69.08
6442,9257,legal,30.0,1.71
21970,6350,legal,46.13,1.71
25786,9277,legal,25.0,1.71
24325,9292,breakdown,22.9,5.09
17104,8761,legal,25.0,1.71
11555,9814,full,281.02,58.87
18462,4748,full,409.26,85.73
16087,8622,full,196.22,41.11
11686,1535,full,475.46,99.6
5671,5196,full,170.78,35.78
21298,7624,legal,37.5,2.02
24448,6363,legal,46.13,1.71
16329,9521,legal,25.0,1.71
1022,4744,full,340.83,71.4
3178,1691,legal,37.5,2.02
8199,8812,legal,25.0,1.71
20611,9539,full,101.2,21.2
2078,7526,full,191.33,40.08
7209,4974,full,238.99,50.07
20404,3638,full,544.61,114.09
28779,9912,breakdown,16.89,4.54
28502,654,legal,25.0,1.71
17637,8871,breakdown,16.89,4.54
26265,3802,full,172.87,36.22
3788,7233,full,101.2,21.2
11215,5581,breakdown,16.89,4.54
16075,1210,breakdown,16.89,4.54
6101,8066,legal,37.5,2.02
12046,4561,breakdown,22.9,5.09
12514,7980,legal,25.0,1.71
11306,2532,legal,69.23,2.27
21794,6578,legal,37.5,2.02
19456,3572,full,251.25,52.63
6204,2047,full,531.13,111.27
27790,1835,breakdown,22.9,5.09
28818,7986,full,509.4,106.71
17093,4100,breakdown,22.9,5.09
899,6525,breakdown,16.89,4.54
11828,9376,legal,25.0,1.71
15046,4544,legal,25.0,1.71
15501,5061,full,272.42,57.07
21462,388,legal,25.0,1.71
26681,6400,full,497.02,104.12
25552,5637,legal,37.5,2.02
9992,2941,legal,25.0,1.71
4475,9542,legal,25.0,1.71
13299,8668,legal,37.5,2.02
1087,7615,breakdown,22.9,5.09
27513,8365,breakdown,16.89,4.54
13921,639,breakdown,22.9,5.09
25633,539,legal,25.0,1.71
22848,8025,full,134.62,28.2
8560,6171,breakdown,16.89,4.54
10149,6959,breakdown,16.89,4.54
6432,2193,legal,25.0,1.71
3811,3778,full,272.87,57.16
7007,9318,breakdown,16.89,4.54
27424,5657,legal,37.5,2.02
23238,8507,legal,46.13,1.71
111,2493,full,152.23,31.89
1736,7128,full,152.23,31.89
12171,9828,legal,25.0,1.71
21418,706,legal,25.0,1.71
24706,3668,full,896.16,187.74
24520,2541,legal,25.0,1.71
12786,1313,full,158.7,33.24
79,8589,full,431.39,90.38
1052,8722,full,376.3,78.83
18495,2581,breakdown,16.89,4.54
29489,3914,legal,25.0,1.71
7863,7125,full,345.84,72.45
5230,4117,breakdown,16.89,4.54
9109,2652,legal,25.0,1.71
9426,9509,legal,37.5,2.02
9968,3529,breakdown,16.89,4.54
21379,8588,breakdown,16.89,4.54
14945,3411,breakdown,16.89,4.54
21949,2917,full,101.2,21.2
10498,1493,legal,37.5,2.02
18574,4529,legal,25.0,1.71
11687,607,breakdown,16.89,4.54
928,408,breakdown,16.89,4.54
24828,7625,full,366.37,76.75
16410,4213,breakdown,16.89,4.54
26149,4587,breakdown,16.89,4.54
3086,3272,legal,25.0,1.71
5039,9787,full,592.9,124.21
2161,352,full,332.32,69.61
22823,5869,breakdown,16.89,4.54
6029,4840,breakdown,16.89,4.54
23277,8706,full,363.71,76.19
5447,8992,full,243.08,50.92
14326,1840,full,444.18,93.05
23447,6490,breakdown,16.89,4.54
2686,4456,full,406.29,85.11
8639,9213,breakdown,16.89,4.54
13603,751,full,171.53,35.94
10815,4878,breakdown,22.9,5.09
15408,8495,legal,37.5,2.02
28145,4647,full,442.31,92.66
24150,9218,full,169.37,35.48
2561,2985,breakdown,16.89,4.54
2235,4122,legal,37.5,2.02
312,8031,full,493.38,103.35
10329,7308,breakdown,16.89,4.54
10303,9614,breakdown,22.9,5.09
3192,7044,breakdown,22.9,5.09
1144,6151,legal,25.0,1.71
4443,9449,full,113.85,23.85
8209,2295,breakdown,16.89,4.54
8734,364,breakdown,16.89,4.54
20725,7694,full,208.27,43.63
20796,5049,full,743.31,155.72
28220,2359,full,169.37,35.48
24462,4155,full,353.65,74.08
20165,3886,breakdown,22.9,5.09
20505,4995,legal,25.0,1.71
1060,6518,legal,37.5,2.02
4225,2238,legal,25.0,1.71
8316,357,full,190.36,39.88
15650,5524,full,285.42,59.79
1788,8695,full,630.14,132.01
2797,2753,breakdown,16.89,4.54
5848,658,full,277.95,58.23
16092,1943,breakdown,22.9,5.09
9874,937,full,379.5,79.5
18878,6910,legal,25.0,1.71
23385,6416,legal,25.0,1.71
26672,9540,full,465.09,97.43
28594,5533,full,585.55,122.66
5395,501,legal,25.0,1.71
25735,5176,legal,25.0,1.71
27817,9264,full,382.14,80.06
8321,9272,breakdown,16.89,4.54
6673,6738,legal,25.0,1.71
29603,2932,breakdown,16.89,4.54
12801,2487,full,343.92,72.05
5086,6218,full,155.13,32.5
25119,7129,legal,25.0,1.71
21253,8877,legal,25.0,1.71
17505,1388,breakdown,16.89,4.54
15381,9541,legal,25.0,1.71
3214,5329,breakdown,16.89,4.54
16553,8934,full,337.78,70.76
5037,1092,full,483.69,101.32
6102,3688,full,386.09,80.88
9035,9521,breakdown,16.89,4.54
23876,4255,full,611.61,128.13
15540,4669,legal,25.0,1.71
12927,6426,legal,25.0,1.71
26974,794,legal,25.0,1.71
11264,5615,legal,25.0,1.71
19889,1009,legal,25.0,1.71
25589,3731,full,747.1,156.51
18051,7211,breakdown,16.89,4.54
6229,7137,full,215.43,45.13
10933,6984,full,603.08,126.34
18898,7239,breakdown,16.89,4.54
27317,4440,full,152.23,31.89
21149,8786,breakdown,16.89,4.54
25860,9189,breakdown,16.89,4.54
14896,8269,full,618.98,129.67
28802,646,full,113.85,23.85
23190,6730,breakdown,25.9,5.91
22672,6322,breakdown,16.89,4.54
9624,2134,legal,37.5,2.02
710,4677,legal,25.0,1.71
23684,522,legal,25.0,1.71
17593,4434,legal,25.0,1.71
18022,4150,legal,25.0,1.71
2002,2882,legal,25.0,1.71
11744,1372,legal,25.0,1.71
8509,8126,legal,45.0,2.08
3823,6719,legal,25.0,1.71
7149,3089,breakdown,16.89,4.54
15524,8928,legal,37.5,2.02
14166,8964,legal,25.0,1.71
21971,6306,legal,25.0,1.71
15335,7693,legal,25.0,1.71
12200,4877,full,249.95,52.36
17524,4647,legal,25.0,1.71
7340,6599,legal,25.0,1.71
22052,4889,legal,37.5,2.02
6928,3322,legal,25.0,1.71
11292,8281,breakdown,22.9,5.09
25808,7373,full,109.39,22.92
26092,6671,legal,37.5,2.02
15120,6599,full,279.0,58.45
1463,2360,breakdown,16.89,4.54
15897,1631,legal,25.0,1.71
2494,9151,legal,25.0,1.71
7038,9372,full,307.45,64.41
8499,114,breakdown,16.89,4.54
7022,3044,legal,37.5,2.02
25088,3832,full,505.73,105.94
26436,7853,breakdown,16.89,4.54
8806,4515,legal,25.0,1.71
26642,4193,legal,37.5,2.02
17662,7521,legal,25.0,1.71
13237,6063,legal,37.5,2.02
11459,3319,legal,92.32,2.83
21067,6707,breakdown,16.89,4.54
3196,1406,legal,25.0,1.71
27929,7976,full,250.47,52.47
1016,6025,full,420.13,88.01
28013,1137,full,405.65,84.98
7303,8483,full,113.85,23.85
18023,4471,legal,69.23,2.27
19042,4466,full,104.3,21.85
15153,7346,legal,25.0,1.71
8175,5688,legal,25.0,1.71
3762,7643,breakdown,16.89,4.54
7660,6490,legal,25.0,1.71
1794,3785,breakdown,16.89,4.54
2178,8162,legal,25.0,1.71
17232,919,breakdown,16.89,4.54
2059,1159,breakdown,16.89,4.54
25607,961,legal,46.13,1.71
17997,9685,full,412.72,86.46
12766,143,full,1144.42,239.74
24382,8963,breakdown,16.89,4.54
3760,2096,legal,25.0,1.71
15963,7286,full,259.99,54.46
21967,9761,legal,37.5,2.02
27283,689,breakdown,16.89,4.54
23203,3123,full,152.23,31.89
17028,5144,legal,37.5,2.02
2932,9851,full,162.08,33.95
21639,2912,full,110.24,23.09
25797,5135,breakdown,16.89,4.54
28418,2868,full,172.87,36.22
10337,8868,legal,25.0,1.71
28209,5842,full,327.43,68.59
9500,1681,full,459.73,96.31
18369,7041,legal,25.0,1.71
20619,6351,breakdown,16.89,4.54
14298,1135,legal,25.0,1.71
11346,3459,breakdown,16.89,4.54
15598,4957,breakdown,22.9,5.09
3685,2330,legal,25.0,1.71
13802,5400,full,114.9,24.07
639,356,legal,37.5,2.02
20927,7341,breakdown,22.9,5.09
18725,3396,legal,37.5,2.02
1652,6893,legal,46.13,1.71
3011,5732,breakdown,16.89,4.54
13509,7020,legal,25.0,1.71
18220,297,breakdown,22.9,5.09
15737,4221,full,234.73,49.18
22586,1700,full,113.09,23.69
11805,241,legal,46.13,1.71
12244,8899,legal,25.0,1.71
24655,2417,breakdown,25.9,5.91
20252,5169,legal,25.0,1.71
24166,2493,legal,37.5,2.02
28640,7339,breakdown,16.89,4.54
10686,5430,full,268.15,56.18
5435,23,breakdown,16.89,4.54
20338,6102,full,436.48,91.44
14208,6751,breakdown,16.89,4.54
10023,9148,breakdown,16.89,4.54
8684,3734,breakdown,16.89,4.54
13649,9481,full,681.24,142.71
23472,3887,breakdown,16.89,4.54
21194,8841,full,280.3,58.72
29263,8361,full,282.03,59.08
19735,5859,legal,25.0,1.71
10340,4448,full,216.31,45.32
24851,2195,full,282.12,59.1
2564,1119,breakdown,16.89,4.54
16777,1745,legal,37.5,2.02
23513,4876,legal,25.0,1.71
4303,1854,breakdown,16.89,4.54
26594,9619,legal,25.0,1.71
15278,1994,full,268.94,56.34
12283,301,full,564.75,118.31
28404,1796,legal,45.0,2.08
182,3458,legal,92.32,2.83
5239,3584,full,694.2,145.42
5562,1584,legal,25.0,1.71
25008,9490,legal,25.0,1.71
9062,176,breakdown,22.9,5.09
29061,612,breakdown,16.89,4.54
21893,1991,legal,25.0,1.71
387,2790,breakdown,16.89,4.54
12235,4139,breakdown,16.89,4.54
26960,1463,breakdown,22.9,5.09
4045,1330,breakdown,16.89,4.54
12929,4823,breakdown,22.9,5.09
17733,8389,full,150.32,31.49
23413,5482,breakdown,22.9,5.09
1884,2676,legal,37.5,2.02
1814,7338,breakdown,32.4,6.5
22782,3425,full,137.86,28.88
11199,9862,breakdown,16.89,4.54
17378,4989,breakdown,22.9,5.09
27026,8848,full,488.26,102.29
10670,7514,full,363.94,76.24
1948,5907,breakdown,16.89,4.54
6289,6853,breakdown,16.89,4.54
17642,6152,legal,25.0,1.71
17101,2846,full,298.44,62.52
12583,7599,breakdown,25.9,5.91
2201,9662,legal,37.5,2.02
17618,4183,full,541.9,113.52
14174,6020,breakdown,16.89,4.54
3038,5044,full,424.25,88.87
11415,8030,full,308.28,64.58
16952,7365,full,184.83,38.72
27870,1223,legal,25.0,1.71
3512,8624,breakdown,16.89,4.54
19870,3290,breakdown,16.89,4.54
24274,7853,full,488.27,102.29
8817,9453,legal,25.0,1.71
13220,2952,full,152.23,31.89
24318,5070,legal,46.13,1.71
7432,9304,breakdown,16.89,4.54
29171,2698,breakdown,32.4,6.5
23185,2999,full,275.35,57.68
1984,8098,breakdown,16.89,4.54
3405,9411,breakdown,22.9,5.09
13910,3492,full,240.43,50.37
12050,686,breakdown,16.89,4.54
7251,5747,legal,25.0,1.71
6556,3498,full,282.15,59.11
3655,2679,breakdown,16.89,4.54
16779,4966,legal,37.5,2.02
20978,2236,breakdown,16.89,4.54
16483,2077,legal,25.0,1.71
15124,7033,legal,37.5,2.02
1664,8458,legal,46.13,1.71
22237,1578,full,195.41,40.94
7514,936,legal,30.0,1.71
4690,2542,legal,25.0,1.71
3957,9072,full,189.04,39.6
28186,432,breakdown,16.89,4.54
7683,9263,full,221.31,46.36
22283,5717,legal,25.0,1.71
4126,2582,legal,25.0,1.71
787,1687,full,341.31,71.5
184,7058,legal,37.5,2.02
2806,2876,full,152.23,31.89
3740,4727,full,277.9,58.22
4149,9367,legal,25.0,1.71
11389,2111,legal,25.0,1.71
24957,2274,legal,37.5,2.02
19048,9519,full,179.46,37.59
11989,9083,legal,25.0,1.71
6020,8073,full,439.65,92.1
20687,2124,full,373.02,78.14
7608,2696,breakdown,16.89,4.54
4557,1455,legal,46.13,1.71
14328,2583,breakdown,16.89,4.54
12946,1795,full,357.08,74.8
22445,8349,legal,25.0,1.71
7712,3237,legal,46.13,1.71
13085,944,legal,46.13,1.71
17335,4987,legal,25.0,1.71
3724,7119,breakdown,16.89,4.54
22748,9093,full,758.69,158.94
22755,1815,legal,30.0,1.71
23736,7320,legal,25.0,1.71
20171,2852,legal,92.32,2.83
28629,1646,breakdown,22.9,5.09
19148,2386,breakdown,16.89,4.54
9175,5190,legal,25.0,1.71
3067,1638,legal,37.5,2.02
5713,1060,legal,25.0,1.71
29054,9544,full,379.5,79.5
13722,5244,legal,25.0,1.71
16301,1977,legal,25.0,1.71
6926,1164,full,208.88,43.76
25647,1686,breakdown,16.89,4.54
23079,7202,breakdown,32.4,6.5
25147,8708,breakdown,22.9,5.09
20961,4000,legal,69.23,2.27
6835,9182,breakdown,22.9,5.09
21209,4848,full,152.23,31.89
9928,440,breakdown,22.9,5.09
25577,6956,full,532.38,111.53
4610,4091,full,535.43,112.16
19931,7977,full,358.69,75.14
1915,3982,breakdown,16.89,4.54
16021,778,full,173.46,36.34
9281,497,breakdown,16.89,4.54
6036,4542,breakdown,16.89,4.54
12606,1332,breakdown,22.9,5.09
3943,6256,breakdown,16.89,4.54
15020,91,legal,25.0,1.71
3516,9462,legal,25.0,1.71
15352,8264,full,569.25,119.25
7573,9694,full,660.72,138.41
22698,121,legal,25.0,1.71
23524,748,full,858.32,179.81
6746,1068,legal,37.5,2.02
17267,4387,breakdown,16.89,4.54
3234,9584,full,312.85,65.54
2108,5526,breakdown,22.9,5.09
28658,2113,full,402.94,84.41
15696,9399,full,520.8,109.1
2171,9491,breakdown,16.89,4.54
21879,4013,full,212.22,44.46
5572,1462,breakdown,16.89,4.54
21143,7360,legal,37.5,2.02
16601,9080,breakdown,16.89,4.54
19954,7146,legal,30.0,1.71
23601,6033,full,538.63,112.84
4202,180,full,586.97,122.96
17174,9582,legal,25.0,1.71
11033,3411,full,305.9,64.08
12063,412,legal,37.5,2.02
26877,5136,breakdown,16.89,4.54
10232,8429,full,528.59,110.73
26434,2714,breakdown,25.9,5.91
20928,2558,legal,25.0,1.71
17908,1191,breakdown,16.89,4.54
29691,4558,legal,25.0,1.71
953,2247,breakdown,16.89,4.54
1227,8828,full,238.87,50.04
18211,3255,full,705.46,147.79
1831,7435,legal,25.0,1.71
20922,6040,legal,37.5,2.02
20746,2980,legal,46.13,1.71
9959,820,legal,25.0,1.71
26503,1953,full,371.22,77.76
21752,6028,breakdown,16.89,4.54
23695,1399,legal,25.0,1.71
3084,1126,legal,46.13,1.71
6646,2947,legal,25.0,1.71
9920,463,breakdown,22.9,5.09
12120,3623,full,491.05,102.87
17229,88,full,272.25,57.03
22787,5247,legal,25.0,1.71
6724,7883,legal,25.0,1.71
2147,1023,legal,25.0,1.71
743,1341,full,246.3,51.6
17461,5750,legal,46.13,1.71
15079,413,full,281.83,59.04
18968,9924,legal,25.0,1.71
14259,3590,legal,25.0,1.71
2096,3478,legal,25.0,1.71
29401,533,full,248.88,52.14
6689,9438,breakdown,16.89,4.54
29214,6327,legal,25.0,1.71
7372,9914,full,482.27,101.03
2580,7397,breakdown,16.89,4.54
29629,9793,breakdown,16.89,4.54
20970,1282,legal,37.5,2.02
12590,5623,full,405.33,84.91
17030,2994,legal,25.0,1.71
29314,3498,breakdown,16.89,4.54
16510,8266,legal,46.13,1.71
4264,2759,breakdown,22.9,5.09
28945,9048,breakdown,22.9,5.09
22035,3039,legal,25.0,1.71
29628,79,breakdown,16.89,4.54
5910,990,full,687.52,144.03
6767,2593,legal,25.0,1.71
22777,8490,full,116.28,24.36
11005,1966,breakdown,16.89,4.54
13189,6347,breakdown,16.89,4.54
24916,7402,breakdown,16.89,4.54
4736,2153,full,421.65,88.33
7031,5894,full,482.95,101.17
1099,7703,legal,25.0,1.71
1661,8164,full,196.81,41.23
28352,5535,breakdown,16.89,4.54
29654,685,legal,25.0,1.71
20200,425,breakdown,16.89,4.54
14821,1499,full,626.41,131.22
29398,9551,legal,37.5,2.02
9501,4451,legal,25.0,1.71
15886,7647,breakdown,16.89,4.54
16035,3216,legal,25.0,1.71
3330,7578,full,207.39,43.45
1764,6800,breakdown,16.89,4.54
17319,3811,full,261.6,54.8
21615,6926,full,190.09,39.82
26632,4809,breakdown,16.89,4.54
29535,8330,breakdown,16.89,4.54
21304,3771,full,499.59,104.66
7894,5753,breakdown,16.89,4.54
28480,6427,full,101.2,21.2
18966,281,breakdown,16.89,4.54
15686,6829,breakdown,16.89,4.54
7875,4596,full,275.4,57.69
3481,6390,full,556.03,116.49
5922,2857,full,683.22,143.13
10008,6487,full,203.25,42.58
8370,7403,full,136.64,28.62
20154,2253,legal,46.13,1.71
19474,8893,full,193.1,40.45
8361,6472,full,232.28,48.66
25444,1687,breakdown,16.89,4.54
27795,2865,breakdown,22.9,5.09
25709,8928,full,152.23,31.89
13726,3019,breakdown,16.89,4.54
7912,6241,full,185.0,38.76
255,8128,breakdown,16.89,4.54
561,23,full,180.84,37.88
5570,89,full,245.01,51.33
27364,9586,legal,46.13,1.71
23129,8688,legal,25.0,1.71
6819,8833,full,192.32,40.28
28153,2260,breakdown,16.89,4.54
24855,9073,legal,25.0,1.71
13959,4540,breakdown,25.9,5.91
10526,5335,breakdown,22.9,5.09
11190,6987,breakdown,16.89,4.54
15130,6697,breakdown,16.89,4.54
13420,3177,legal,25.0,1.71
18389,9204,breakdown,16.89,4.54
22996,8365,legal,25.0,1.71
28056,3049,full,457.49,95.84
518,1487,legal,25.0,1.71
9781,2079,legal,25.0,1.71
11119,8317,full,220.37,46.16
23412,4577,legal,25.0,1.71
1679,7319,breakdown,16.89,4.54
8636,6767,breakdown,22.9,5.09
29074,8792,full,342.44,71.73
9710,5817,breakdown,16.89,4.54
2300,6463,full,453.6,95.02
26825,2004,breakdown,16.89,4.54
1878,2837,full,411.78,86.26
1499,7072,full,543.01,113.75
6567,5887,full,384.46,80.54
24047,9230,full,335.09,70.19
24560,4691,legal,25.0,1.71
27477,5189,legal,25.0,1.71
14251,7418,full,339.6,71.14
27496,4927,legal,25.0,1.71
29958,1536,legal,25.0,1.71
16814,1556,breakdown,16.89,4.54
10158,3415,legal,25.0,1.71
6858,676,legal,46.13,1.71
25931,4743,breakdown,16.89,4.54
14035,4918,legal,25.0,1.71
28429,869,breakdown,16.89,4.54
28510,7601,full,101.2,21.2
26418,830,legal,37.5,2.02
127,2897,breakdown,16.89,4.54
5546,8760,legal,46.13,1.71
20555,9286,legal,25.0,1.71
17589,7587,breakdown,16.89,4.54
9240,241,full,122.25,25.61
2915,6276,legal,25.0,1.71
7747,9569,legal,30.0,1.71
25711,4385,full,386.9,81.05
24258,7497,legal,30.0,1.71
23871,6600,breakdown,22.9,5.09
4091,8394,legal,37.5,2.02
29784,4659,legal,37.5,2.02
7510,9724,full,503.18,105.41
13801,9961,legal,30.0,1.71
12969,4264,legal,25.0,1.71
21492,5878,legal,25.0,1.71
24844,4540,full,980.92,205.49
28369,6318,full,291.16,61.0
8388,7510,legal,46.13,1.71
18763,8882,breakdown,16.89,4.54
16877,9476,full,152.23,31.89
8891,9350,breakdown,22.9,5.09
14550,5675,breakdown,16.89,4.54
16453,7544,full,101.2,21.2
16560,8480,full,261.69,54.82
4647,9194,full,270.96,56.76
22181,3879,legal,25.0,1.71
7271,1818,legal,25.0,1.71
25572,5044,breakdown,22.9,5.09
19811,4256,breakdown,22.9,5.09
23640,9333,legal,37.5,2.02
23733,1280,legal,25.0,1.71
13531,4470,legal,25.0,1.71
28971,7689,breakdown,16.89,4.54
14515,8807,full,173.41,36.32
23922,4574,breakdown,16.89,4.54
20003,789,full,239.67,50.2
8275,8194,breakdown,16.89,4.54
4053,6694,full,380.28,79.66
5198,2536,breakdown,16.89,4.54
27768,2043,legal,25.0,1.71
773,3810,legal,69.23,2.27
16147,6729,full,425.11,89.06
17627,4543,legal,25.0,1.71
21688,8480,legal,25.0,1.71
24276,7445,legal,25.0,1.71
26389,716,legal,46.13,1.71
6965,9551,breakdown,22.9,5.09
29249,1792,breakdown,16.89,4.54
17803,6482,breakdown,16.89,4.54
4924,4718,breakdown,16.89,4.54
13976,1011,full,544.77,114.12
2047,7088,legal,25.0,1.71
239,2434,legal,46.13,1.71
6683,6933,legal,25.0,1.71
25580,7593,full,281.83,59.04
21002,79,legal,25.0,1.71
25747,3714,legal,37.5,2.02
18942,811,full,151.99,31.84
21372,1468,breakdown,,4.54
18697,6101,full,199.78,41.85
3794,3219,legal,25.0,1.71
22509,921,breakdown,16.89,4.54
7748,8816,legal,25.0,1.71
12857,7190,breakdown,25.9,5.91
11613,2988,breakdown,22.9,5.09
9173,9016,breakdown,22.9,5.09
1439,3408,legal,30.0,1.71
140,6512,legal,25.0,1.71
29882,4254,full,186.06,38.98
6259,3233,full,321.65,67.38
22472,9529,legal,25.0,1.71
3641,7460,breakdown,16.89,4.54
10715,5255,full,192.23,40.27
3433,8090,legal,25.0,1.71
24648,5103,breakdown,16.89,4.54
17002,9408,legal,25.0,1.71
29574,4315,full,192.3,40.28
21030,9916,full,809.95,169.67
28650,7291,breakdown,16.89,4.54
12274,1212,full,393.64,82.46
18014,5263,breakdown,22.9,5.09
18229,5689,legal,25.0,1.71
9860,2374,breakdown,16.89,4.54
24466,7937,breakdown,22.9,5.09
9061,7449,breakdown,16.89,4.54
7671,3996,breakdown,22.9,5.09
29042,185,breakdown,16.89,4.54
2139,2661,legal,37.5,2.02
10647,6239,breakdown,16.89,4.54
26277,9375,legal,45.0,2.08
15043,4527,legal,25.0,1.71
8921,6300,full,520.77,109.1
28785,2,breakdown,16.89,4.54
25988,4370,legal,37.5,2.02
17885,1312,full,111.08,23.27
20721,7025,breakdown,16.89,4.54
10953,2859,legal,25.0,1.71
16488,9566,legal,25.0,1.71
21222,5671,breakdown,22.9,5.09
13979,9818,full,193.16,40.46
25175,2342,full,222.93,46.7
15738,6926,breakdown,16.89,4.54
28231,873,legal,46.13,1.71
5523,6076,full,509.58,106.75
23383,4301,full,101.2,21.2
5558,2511,legal,25.0,1.71
16669,2746,full,680.17,142.49
8262,8587,breakdown,22.9,5.09
10531,1862,full,350.31,73.39
13985,624,full,435.41,91.21
26682,4250,legal,25.0,1.71
12202,2357,legal,25.0,1.71
517,6432,legal,46.13,1.71
19778,7027,legal,37.5,2.02
6635,4642,legal,37.5,2.02
891,511,legal,25.0,1.71
9413,7366,full,958.57,200.81
20632,4307,full,152.23,31.89
4506,9137,legal,25.0,1.71
1153,2782,legal,37.5,2.02
24966,6656,full,560.25,117.36
27299,2251,breakdown,22.9,5.09
26157,7179,full,291.36,61.04
3859,2377,breakdown,16.89,4.54
3885,7981,full,150.32,31.49
11382,2809,full,966.2,202.41
21005,3927,breakdown,16.89,4.54
9922,8681,legal,25.0,1.71
3504,370,breakdown,16.89,4.54
29786,9953,full,198.68,41.62
9106,1179,legal,25.0,1.71
19259,7634,legal,25.0,1.71
2583,501,full,469.35,98.32
13940,2070,legal,25.0,1.71
3900,2754,legal,37.5,2.02
14270,3402,breakdown,16.89,4.54
21196,5655,full,154.88,32.45
9127,1516,breakdown,22.9,5.09
1713,2634,full,251.73,52.73
22591,1995,breakdown,16.89,4.54
17955,6302,full,1453.09,304.4
12475,7623,legal,25.0,1.71
5939,1,legal,25.0,1.71
19726,7745,full,201.77,42.27
551,4004,legal,25.0,1.71
4452,2222,breakdown,16.89,4.54
8971,9638,breakdown,16.89,4.54
24932,9633,breakdown,16.89,4.54
8677,1460,legal,25.0,1.71
1270,5305,full,105.61,22.13
25593,3514,breakdown,16.89,4.54
4890,1756,full,241.81,50.65
11892,1190,legal,37.5,2.02
15013,3386,breakdown,16.89,4.54
20457,7648,legal,25.0,1.71
12145,3430,legal,25.0,1.71
29140,9906,legal,25.0,1.71
28808,7609,full,332.69,69.69
13552,9864,breakdown,16.89,4.54
13835,2228,full,101.2,21.2
11538,3558,legal,25.0,1.71
17944,3476,breakdown,16.89,4.54
13150,667,full,187.96,39.38
28334,2854,full,456.27,95.58
7392,4252,breakdown,16.89,4.54
4440,3467,legal,25.0,1.71
19827,4789,legal,92.32,2.83
7026,5505,full,314.94,65.98
15543,4269,full,150.32,31.49
3840,5733,breakdown,16.89,4.54
18564,7251,breakdown,22.9,5.09
19958,9799,legal,37.5,2.02
18619,6574,breakdown,16.89,4.54
11688,6882,full,174.86,36.63
4052,5578,legal,25.0,1.71
1265,7489,full,181.88,38.1
20623,2788,legal,25.0,1.71
29199,4897,full,423.83,88.79
13303,4474,legal,25.0,1.71
14810,1031,legal,25.0,1.71
5975,9210,full,226.68,47.49
9050,7431,full,1022.91,214.29
22523,592,full,171.53,35.94
16634,3659,legal,25.0,1.71
11515,608,legal,25.0,1.71
19419,9030,full,158.11,33.12
11741,3849,full,1597.05,334.56
3317,5313,full,448.67,93.99
6653,1055,full,169.37,35.48
14876,9288,legal,25.0,1.71
14248,4157,breakdown,16.89,4.54
25776,1654,breakdown,16.89,4.54
23077,1833,legal,30.0,1.71
20034,8470,full,1332.38,279.11
17935,7722,legal,25.0,1.71
7759,7868,legal,46.13,1.71
18617,515,breakdown,16.89,4.54
14476,2362,legal,37.5,2.02
10974,855,breakdown,16.89,4.54
391,7873,legal,25.0,1.71
7995,6776,legal,45.0,2.08
104,9060,breakdown,16.89,4.54
1273,2069,full,857.89,179.72
44,4964,legal,37.5,2.02
27913,5744,full,757.97,158.78
19269,41,full,101.2,21.2
29433,9805,legal,25.0,1.71
20984,4802,breakdown,16.89,4.54
4389,787,full,213.25,44.67
8630,2856,legal,25.0,1.71
20058,6381,breakdown,16.89,4.54
12735,8265,full,569.25,119.25
17069,1675,legal,37.5,2.02
13424,2031,legal,25.0,1.71
19873,3409,full,152.23,31.89
2799,3103,legal,37.5,2.02
14869,9519,breakdown,22.9,5.09
28249,3220,full,251.73,52.73
14490,9331,breakdown,16.89,4.54
24080,5556,breakdown,16.89,4.54
14100,9341,full,189.7,39.74
13253,457,breakdown,16.89,4.54
22301,1575,full,384.89,80.63
8107,1819,legal,37.5,2.02
8856,2101,full,315.73,66.14
12093,1184,legal,46.13,1.71
14555,5803,full,268.13,56.17
16396,8291,legal,25.0,1.71
13386,4630,full,314.85,65.96
27506,8637,breakdown,16.89,4.54
18905,2149,breakdown,22.9,5.09
1942,1479,full,169.37,35.48
14079,1183,breakdown,22.9,5.09
902,5844,full,517.36,108.38
18293,2821,breakdown,22.9,5.09
11230,2916,breakdown,22.9,5.09
8205,9728,full,338.5,70.91
5584,1598,none,321.09,67.26
23075,8917,legal,25.0,1.71
14087,660,full,152.23,31.89
29366,4136,breakdown,16.89,4.54
28641,6899,full,293.05,61.39
766,2245,full,271.32,56.84
14872,6874,breakdown,16.89,4.54
23709,7793,breakdown,16.89,4.54
25402,2082,full,187.12,39.2
21396,560,full,426.77,89.4
23157,50,full,726.25,152.14
10785,5298,legal,25.0,1.71
9503,3971,breakdown,16.89,4.54
9863,9078,full,258.22,54.1
13886,460,legal,25.0,1.71
13730,2023,breakdown,22.9,5.09
22238,8207,legal,37.5,2.02
16912,1610,breakdown,22.9,5.09
28916,4919,legal,25.0,1.71
28804,2874,breakdown,16.89,4.54
7356,3549,breakdown,22.9,5.09
13736,9463,breakdown,16.89,4.54
13014,1860,legal,46.13,1.71
724,6389,legal,25.0,1.71
26480,9302,breakdown,16.89,4.54
23665,6101,legal,69.23,2.27
3127,260,legal,46.13,1.71
16531,1329,full,682.3,142.94
1355,586,breakdown,16.89,4.54
24647,9626,breakdown,16.89,4.54
20432,9963,full,178.82,37.47
5237,4815,full,101.2,21.2
9723,9229,breakdown,22.9,5.09
2449,8170,legal,25.0,1.71
12711,9757,legal,25.0,1.71
15005,7768,legal,46.13,1.71
12502,6748,legal,25.0,1.71
15084,2701,full,193.16,40.46
3827,6220,breakdown,22.9,5.09
18218,9979,full,675.02,141.41
5192,7972,full,374.61,78.48
13070,8252,full,279.12,58.47
18173,555,full,337.15,70.63
27976,809,breakdown,16.89,4.54
17115,6793,breakdown,16.89,4.54
2465,8006,full,295.05,61.81
29418,9236,full,464.52,97.31
4076,9710,full,214.96,45.03
4191,3045,legal,46.13,1.71
5709,800,full,545.01,114.17
19820,2400,full,526.1,110.21
19065,170,full,592.71,124.17
1064,4563,breakdown,16.89,4.54
16903,2591,full,190.09,39.82
17631,4729,legal,25.0,1.71
12104,768,legal,37.5,2.02
2110,3429,legal,25.0,1.71
8140,7682,legal,25.0,1.71
5253,5721,legal,25.0,1.71
23062,8242,breakdown,22.9,5.09
9851,186,full,396.97,83.16
263,2238,full,180.12,37.73
3821,7337,full,400.96,83.99
17082,4889,breakdown,22.9,5.09
390,9855,breakdown,16.89,4.54
20989,715,legal,69.23,2.27
1402,4000,full,104.19,21.83
16789,1842,breakdown,16.89,4.54
26061,9515,full,129.27,27.08
17856,5593,legal,25.0,1.71
1905,1303,legal,25.0,1.71
1522,7544,legal,69.23,2.27
17830,1289,full,517.34,108.38
18717,5668,full,446.52,93.54
22605,9341,legal,25.0,1.71
29981,8127,breakdown,16.89,4.54
29617,5116,breakdown,22.9,5.09
5846,7275,legal,25.0,1.71
24895,978,legal,45.0,2.08
3598,8024,breakdown,16.89,4.54
27352,9826,breakdown,32.4,6.5
343,8560,full,180.3,37.77
29752,3905,breakdown,16.89,4.54
20070,8916,full,417.31,87.43
10581,1611,full,643.61,134.83
16007,5812,breakdown,16.89,4.54
18135,6476,breakdown,22.9,5.09
22534,9272,full,548.0,114.8
5354,2551,breakdown,16.89,4.54
20289,8187,legal,25.0,1.71
293,7158,full,389.83,81.66
29624,2304,full,676.27,141.67
18613,3837,full,291.51,61.07
8753,9515,legal,46.13,1.71
12952,8864,legal,25.0,1.71
27281,1707,legal,25.0,1.71
10956,4217,legal,69.23,2.27
8809,6459,legal,25.0,1.71
4424,3441,legal,37.5,2.02
16340,8311,breakdown,25.9,5.91
2115,2110,breakdown,22.9,5.09
11645,3360,full,170.78,35.78
13637,2843,breakdown,16.89,4.54
12229,6733,legal,25.0,1.71
11501,4782,legal,25.0,1.71
13322,2747,full,449.76,94.22
3139,3550,full,554.55,116.17
15684,1645,breakdown,16.89,4.54
10243,2794,breakdown,16.89,4.54
3914,6435,full,213.74,44.78
16844,9401,breakdown,16.89,4.54
9576,5068,breakdown,16.89,4.54
23145,3654,breakdown,16.89,4.54
9297,5746,breakdown,16.89,4.54
12446,8555,breakdown,25.9,5.91
12654,7700,full,194.83,40.81
16507,3797,breakdown,22.9,5.09
16569,895,full,350.47,73.42
12593,4612,full,356.57,74.7
17048,6156,full,250.47,52.47
13346,7310,legal,37.5,2.02
16034,2308,full,367.65,77.01
28912,9983,full,349.29,73.17
6005,2746,breakdown,32.4,6.5
3022,3186,full,350.97,73.52
22949,773,full,184.81,38.72
26966,7995,full,382.81,80.19
23594,8130,legal,37.5,2.02
22438,1139,full,431.45,90.38
18674,5656,legal,46.13,1.71
23963,4309,legal,46.13,1.71
10423,3931,full,388.85,81.46
11546,5527,breakdown,22.9,5.09
11274,3132,breakdown,16.89,4.54
9902,9018,breakdown,16.89,4.54
27046,4433,breakdown,16.89,4.54
8136,9550,legal,25.0,1.71
26864,1704,breakdown,16.89,4.54
4984,4512,breakdown,16.89,4.54
19938,4427,breakdown,16.89,4.54
22177,6254,full,198.49,41.58
3759,3804,full,588.51,123.29
22795,7086,full,312.64,65.5
1659,4578,full,502.61,105.29
5615,9454,legal,25.0,1.71
8067,7914,breakdown,22.9,5.09
5061,4894,breakdown,16.89,4.54
26475,8674,legal,25.0,1.71
6914,5571,breakdown,16.89,4.54
1908,6411,full,414.97,86.93
23785,9844,breakdown,16.89,4.54
28386,9287,full,950.43,199.11
16515,8745,full,619.16,129.7
8994,9022,legal,25.0,1.71
6038,7559,breakdown,16.89,4.54
13872,1981,breakdown,16.89,4.54
28360,3257,breakdown,16.89,4.54
21712,1426,legal,37.5,2.02
14629,5452,legal,25.0,1.71
16010,9195,legal,37.5,2.02
16254,4329,breakdown,16.89,4.54
17172,2610,legal,25.0,1.71
7720,5295,breakdown,22.9,5.09
23486,5574,legal,37.5,2.02
18471,5649,breakdown,16.89,4.54
26095,77,full,101.2,21.2
3737,2532,breakdown,16.89,4.54
14954,269,legal,25.0,1.71
19765,3796,breakdown,22.9,5.09
13727,335,full,171.53,35.94
29861,9001,full,774.9,162.33
29071,6111,legal,37.5,2.02
23141,1489,full,101.2,21.2
6468,7926,breakdown,22.9,5.09
7715,6665,legal,25.0,1.71
24075,5930,legal,37.5,2.02
8959,7911,legal,25.0,1.71
15474,6889,legal,25.0,1.71
12557,4962,breakdown,22.9,5.09
29507,8489,full,525.59,110.1
209,8071,legal,25.0,1.71
5330,5687,breakdown,22.9,5.09
15509,9744,breakdown,22.9,5.09
18279,3367,breakdown,16.89,4.54
11249,8993,legal,25.0,1.71
24564,1830,breakdown,22.9,5.09
24673,3899,full,402.56,84.33
27625,3242,legal,25.0,1.71
14924,6572,legal,46.13,1.71
8508,2421,breakdown,16.89,4.54
26575,2132,breakdown,16.89,4.54
18062,2880,breakdown,16.89,4.54
11706,7001,breakdown,16.89,4.54
21608,1930,breakdown,22.9,5.09
25250,3060,full,278.3,58.3
28797,1886,legal,25.0,1.71
6774,1017,legal,25.0,1.71
8917,4091,breakdown,16.89,4.54
26331,9446,legal,25.0,1.71
27903,3584,breakdown,16.89,4.54
8747,7803,legal,25.0,1.71
14388,393,full,511.43,107.14
28380,9715,legal,37.5,2.02
15944,8135,breakdown,16.89,4.54
12522,5010,legal,25.0,1.71
11437,2084,breakdown,16.89,4.54
883,8502,full,417.42,87.45
12460,16,full,260.4,54.55
16637,2811,breakdown,16.89,4.54
6324,4096,breakdown,16.89,4.54
20373,1581,breakdown,16.89,4.54
18915,5929,breakdown,22.9,5.09
15861,8751,full,253.77,53.16
15425,6294,legal,46.13,1.71
17779,8345,breakdown,16.89,4.54
28444,9205,legal,25.0,1.71
13404,2973,legal,25.0,1.71
7620,4496,breakdown,22.9,5.09
17493,6282,full,169.96,35.6
4340,4295,breakdown,16.89,4.54
2685,5304,full,160.34,33.59
5048,9495,breakdown,16.89,4.54
8312,4212,legal,25.0,1.71
226,5652,full,423.94,88.81
10960,1707,full,306.3,64.16
3895,8744,legal,25.0,1.71
26965,6867,legal,25.0,1.71
19212,1869,full,563.21,117.99
27300,9649,legal,46.13,1.71
24446,229,full,245.0,51.32
1041,8559,legal,25.0,1.71
14249,1682,full,182.37,38.21
28096,1722,breakdown,16.89,4.54
25480,8931,breakdown,22.9,5.09
29750,546,legal,25.0,1.71
17801,307,breakdown,16.89,4.54
16723,9871,full,152.23,31.89
21526,5370,full,338.14,70.83
7196,6292,full,617.29,129.32
11648,202,full,101.2,21.2
12211,283,full,937.82,196.46
27502,8546,full,198.67,41.62
10029,5559,full,108.81,22.79
24206,9439,breakdown,22.9,5.09
19795,1825,breakdown,16.89,4.54
1454,8588,legal,25.0,1.71
4963,30,full,361.12,75.65
9776,3888,legal,25.0,1.71
8091,6869,full,182.96,38.33
26957,1123,breakdown,16.89,4.54
5718,3770,full,477.35,100.0
28412,4190,legal,37.5,2.02
4523,6270,breakdown,16.89,4.54
21553,1500,full,626.41,131.22
16451,381,full,217.22,45.51
23310,1206,breakdown,22.9,5.09
10,9814,legal,25.0,1.71
26608,9502,legal,25.0,1.71
10432,1452,breakdown,16.89,4.54
21842,7531,breakdown,16.89,4.54
17216,4380,breakdown,16.89,4.54
12153,3717,legal,25.0,1.71
3394,9716,breakdown,16.89,4.54
25843,7819,legal,25.0,1.71
19014,49,full,726.25,152.14
5289,7424,legal,25.0,1.71
1416,1740,breakdown,16.89,4.54
836,911,legal,25.0,1.71
19264,2453,breakdown,16.89,4.54
15646,9666,breakdown,22.9,5.09
23588,1123,legal,25.0,1.71
17049,9266,full,152.23,31.89
20237,4205,legal,37.5,2.02
780,3506,breakdown,16.89,4.54
21428,3306,legal,25.0,1.71
13477,2006,full,523.57,109.68
16609,9526,breakdown,16.89,4.54
11717,5969,legal,25.0,1.71
6753,2415,breakdown,22.9,5.09
29506,3471,breakdown,16.89,4.54
18607,905,breakdown,16.89,4.54
22458,2147,full,195.05,40.86
20293,2678,full,1007.73,211.11
4127,7173,legal,37.5,2.02
15238,1460,breakdown,16.89,4.54
18318,2872,legal,25.0,1.71
4600,8683,legal,46.13,1.71
14434,7969,breakdown,22.9,5.09
12989,516,full,433.57,90.83
688,1252,breakdown,16.89,4.54
14288,3709,full,265.6,55.64
13162,5395,legal,46.13,1.71
10388,2660,breakdown,22.9,5.09
21687,546,breakdown,16.89,4.54
19708,3518,full,152.81,32.01
16546,5096,legal,25.0,1.71
29017,1415,breakdown,16.89,4.54
14013,7427,breakdown,22.9,5.09
9509,4125,legal,25.0,1.71
3749,2393,legal,37.5,2.02
27567,9867,breakdown,16.89,4.54
27988,2203,breakdown,16.89,4.54
18457,3146,breakdown,22.9,5.09
7141,9385,full,152.23,31.89
12305,7121,legal,25.0,1.71
19945,5778,full,563.42,118.03
14180,7738,legal,37.5,2.02
16788,9343,legal,37.5,2.02
540,2066,legal,25.0,1.71
12913,9620,full,517.4,108.39
11246,6551,breakdown,22.9,5.09
10177,5544,legal,25.0,1.71
24487,4324,full,392.63,82.25
20975,7420,full,134.73,28.22
23126,3803,breakdown,16.89,4.54
56,1269,breakdown,16.89,4.54
6946,5430,legal,25.0,1.71
10389,5720,breakdown,16.89,4.54
23973,157,legal,25.0,1.71
2189,1141,legal,25.0,1.71
16053,350,legal,25.0,1.71
20076,4945,full,253.81,53.17
2461,2474,legal,25.0,1.71
2957,1298,legal,69.23,2.27
17568,4898,legal,25.0,1.71
1382,1366,legal,46.13,1.71
17570,9251,legal,25.0,1.71
22073,4804,legal,25.0,1.71
19279,2914,breakdown,22.9,5.09
11858,1887,full,152.23,31.89
28415,1738,breakdown,22.9,5.09
27096,4995,breakdown,16.89,4.54
11130,4033,full,306.6,64.23
4833,1225,breakdown,16.89,4.54
21560,6434,full,453.76,95.06
26850,6227,breakdown,16.89,4.54
13356,4416,legal,25.0,1.71
19660,4963,legal,25.0,1.71
17206,7898,full,287.23,60.17
15529,970,legal,46.13,1.71
26493,1578,breakdown,16.89,4.54
3872,5141,full,660.91,138.45
20434,2320,full,457.5,95.84
20319,8811,full,172.87,36.22
5440,4090,breakdown,16.89,4.54
24547,6992,legal,25.0,1.71
6483,7735,full,171.88,36.01
17543,4350,breakdown,16.89,4.54
29285,5175,legal,25.0,1.71
677,874,legal,25.0,1.71
23410,4265,full,466.93,97.82
11074,2311,full,634.51,132.92
18730,7859,legal,37.5,2.02
23528,3768,breakdown,22.9,5.09
19265,8305,full,251.73,52.73
21450,4816,legal,25.0,1.71
24106,7534,legal,37.5,2.02
29754,4612,legal,25.0,1.71
22331,8607,full,152.63,31.98
22606,7912,legal,37.5,2.02
9849,1414,breakdown,16.89,4.54
9441,3179,breakdown,16.89,4.54
20050,2773,full,255.07,53.43
12811,1576,full,300.13,62.88
26833,728,full,250.47,52.47
3940,2604,breakdown,16.89,4.54
20730,8530,full,331.77,69.5
9178,2474,breakdown,16.89,4.54
29164,3682,breakdown,16.89,4.54
27056,2684,legal,25.0,1.71
26559,5047,breakdown,16.89,4.54
26464,79,full,239.5,50.17
17691,872,legal,25.0,1.71
2888,3926,breakdown,22.9,5.09
4848,9736,legal,25.0,1.71
573,5316,full,435.98,91.33
21943,2248,breakdown,16.89,4.54
4868,3962,breakdown,16.89,4.54
9195,6926,legal,25.0,1.71
4558,8288,breakdown,16.89,4.54
19602,6446,full,507.23,106.26
26515,3170,breakdown,16.89,4.54
5030,2783,legal,25.0,1.71
19530,8515,full,169.37,35.48
18958,795,breakdown,16.89,4.54
21918,5078,legal,25.0,1.71
26387,5609,legal,25.0,1.71
10969,248,full,296.78,62.18
23307,4603,full,506.41,106.08
21686,5354,breakdown,22.9,5.09
22046,4116,breakdown,16.89,4.54
6547,7336,legal,37.5,2.02
13877,538,breakdown,16.89,4.54
19524,46,full,284.62,59.63
6955,5898,full,284.66,59.63
25571,7439,full,232.3,48.66
26453,3444,breakdown,16.89,4.54
12754,9435,legal,25.0,1.71
14828,7390,full,250.48,52.47
4852,952,breakdown,16.89,4.54
19781,8249,breakdown,22.9,5.09
4316,1846,breakdown,16.89,4.54
25890,2662,legal,46.13,1.71
22007,2993,legal,69.23,2.27
19158,8279,full,475.96,99.71
6971,9283,breakdown,22.9,5.09
1338,1387,legal,25.0,1.71
27749,953,breakdown,22.9,5.09
2907,5843,full,378.18,79.23
9005,1951,full,510.1,106.86
19066,1949,legal,25.0,1.71
960,7083,legal,37.5,2.02
1351,4257,breakdown,16.89,4.54
16279,9253,legal,25.0,1.71
23499,3981,legal,25.0,1.71
19285,2960,legal,46.13,1.71
6736,2759,full,619.2,129.71
15201,1112,breakdown,16.89,4.54
28570,3998,legal,46.13,1.71
7343,5912,legal,25.0,1.71
8382,1415,legal,25.0,1.71
26810,3762,legal,69.23,2.27
25287,2147,legal,25.0,1.71
21390,2919,full,101.2,21.2
26903,373,breakdown,16.89,4.54
11338,5338,full,292.38,61.25
7915,7399,legal,37.5,2.02
11476,6064,breakdown,16.89,4.54
20016,8037,legal,25.0,1.71
19941,7927,legal,37.5,2.02
6473,3347,breakdown,16.89,4.54
24268,5252,full,239.47,50.17
17215,4171,breakdown,16.89,4.54
7883,8903,breakdown,32.4,6.5
27955,2911,full,273.13,57.22
7020,5836,legal,25.0,1.71
12849,416,breakdown,16.89,4.54
16939,4046,legal,25.0,1.71
13414,9903,breakdown,22.9,5.09
16975,427,full,344.11,72.08
10059,849,breakdown,22.9,5.09
28549,5054,full,172.87,36.22
10284,5140,full,349.99,73.32
29621,6790,full,174.5,36.55
9159,5029,breakdown,16.89,4.54
12686,556,legal,25.0,1.71
11012,8582,breakdown,16.89,4.54
14982,4438,full,200.78,42.06
28500,7953,legal,25.0,1.71
7391,4728,full,316.51,66.3
8488,1013,breakdown,16.89,4.54
1613,9456,legal,25.0,1.71
15418,3238,full,454.09,95.13
28826,3769,full,509.38,106.71
16918,8190,breakdown,16.89,4.54
20172,9852,legal,25.0,1.71
14743,3626,full,346.69,72.63
27961,9653,legal,25.0,1.71
19127,4517,full,556.12,116.5
15056,5410,legal,25.0,1.71
1408,609,breakdown,16.89,4.54
3058,2414,full,300.2,62.89
7970,7591,breakdown,22.9,5.09
11608,5409,legal,25.0,1.71
4526,1226,full,444.41,93.1
29137,7422,legal,25.0,1.71
26363,3206,breakdown,16.89,4.54
16402,9900,legal,25.0,1.71
15059,893,legal,25.0,1.71
2844,1964,breakdown,16.89,4.54
166,6230,breakdown,16.89,4.54
24537,1122,full,472.8,99.05
23590,4378,legal,25.0,1.71
22806,7826,full,593.7,124.37
19142,4926,legal,37.5,2.02
29374,4571,full,221.9,46.49
27287,7174,full,169.63,35.53
16343,389,breakdown,25.9,5.91
28192,694,breakdown,16.89,4.54
17734,4469,legal,25.0,1.71
14714,3818,legal,37.5,2.02
17586,2175,breakdown,16.89,4.54
27745,1323,breakdown,16.89,4.54
7013,2261,breakdown,22.9,5.09
8147,5765,breakdown,16.89,4.54
24856,4576,full,268.18,56.18
26969,2436,full,112.76,23.62
1096,7169,legal,37.5,2.02
15597,8935,breakdown,16.89,4.54
21649,5844,legal,30.0,1.71
25061,9277,full,595.78,124.81
26977,3988,full,334.9,70.16
10373,428,legal,37.5,2.02
14168,9329,breakdown,16.89,4.54
12540,2206,legal,25.0,1.71
29391,1682,breakdown,16.89,4.54
23949,5563,legal,37.5,2.02
12705,2406,legal,25.0,1.71
20735,2761,breakdown,16.89,4.54
12438,1996,breakdown,16.89,4.54
9009,6568,breakdown,16.89,4.54
21590,4184,legal,25.0,1.71
13731,6382,legal,25.0,1.71
18650,6709,full,169.37,35.48
17674,3923,breakdown,16.89,4.54
8486,162,breakdown,22.9,5.09
9232,4186,legal,25.0,1.71
881,7240,legal,37.5,2.02
5042,4759,full,324.4,67.96
28700,3432,breakdown,16.89,4.54
18735,2271,legal,25.0,1.71
29763,8759,breakdown,16.89,4.54
16302,1242,full,3364.71,704.86
6982,4278,full,315.78,66.16
17917,67,full,113.82,23.85
29840,9941,breakdown,22.9,5.09
20305,1772,breakdown,16.89,4.54
29759,1113,legal,25.0,1.71
644,3910,legal,46.13,1.71
26119,1080,breakdown,16.89,4.54
6274,2808,full,374.35,78.42
7428,9717,full,279.41,58.53
26348,7078,legal,46.13,1.71
5798,8226,legal,37.5,2.02
28481,792,breakdown,16.89,4.54
22604,5326,breakdown,16.89,4.54
15447,1037,legal,25.0,1.71
28184,9676,breakdown,22.9,5.09
5956,8496,legal,25.0,1.71
24681,436,full,152.41,31.93
9633,5048,full,743.31,155.72
12058,1873,breakdown,22.9,5.09
2745,5707,breakdown,22.9,5.09
27781,687,full,340.12,71.25
5894,3522,breakdown,16.89,4.54
14365,9700,breakdown,22.9,5.09
28876,3889,legal,25.0,1.71
3640,4402,full,201.02,42.11
18682,8188,legal,25.0,1.71
23445,7680,legal,37.5,2.02
4825,2096,full,387.33,81.14
25442,4166,legal,37.5,2.02
11381,7352,legal,25.0,1.71
1881,1488,full,197.43,41.36
24743,7558,legal,25.0,1.71
11082,4533,breakdown,16.89,4.54
27050,6452,legal,37.5,2.02
11281,1097,breakdown,16.89,4.54
14582,5866,breakdown,16.89,4.54
16693,2939,full,264.88,55.49
13463,7450,full,624.18,130.76
13917,2524,breakdown,16.89,4.54
29742,1814,legal,25.0,1.71
12189,700,full,221.66,46.44
6158,4782,breakdown,16.89,4.54
2314,8424,breakdown,25.9,5.91
14905,9452,breakdown,16.89,4.54
14841,7488,full,171.97,36.03
15091,5287,full,294.48,61.69
4588,2156,breakdown,16.89,4.54
1031,3511,full,294.84,61.77
27665,9110,legal,25.0,1.71
9774,5290,breakdown,16.89,4.54
21889,4390,breakdown,16.89,4.54
775,8741,full,423.2,88.66
18706,4182,legal,25.0,1.71
16817,6596,full,521.71,109.29
26627,9893,breakdown,16.89,4.54
21460,2061,full,500.54,104.86
29935,7805,legal,25.0,1.71
17235,2710,breakdown,16.89,4.54
11260,9773,legal,25.0,1.71
14825,7354,full,626.6,131.26
13958,3574,legal,25.0,1.71
16984,7353,full,499.61,104.66
9905,8593,legal,25.0,1.71
8281,1577,breakdown,16.89,4.54
513,6679,breakdown,16.89,4.54
11836,7751,legal,46.13,1.71
1213,1044,full,381.99,80.03
1777,570,full,236.45,49.53
2032,1340,breakdown,16.89,4.54
5650,1553,legal,25.0,1.71
15232,2246,legal,25.0,1.71
13562,9517,legal,37.5,2.02
19905,2618,full,101.2,21.2
3745,5949,breakdown,16.89,4.54
15558,1032,breakdown,16.89,4.54
14309,7748,full,458.3,96.01
26949,8984,legal,25.0,1.71
21830,6233,full,279.09,58.46
4511,8237,breakdown,16.89,4.54
8914,4674,breakdown,25.9,5.91
7996,4558,full,169.37,35.48
14852,8008,full,262.09,54.9
20757,72,breakdown,16.89,4.54
22865,9280,full,209.24,43.84
10873,5813,breakdown,16.89,4.54
27924,2938,breakdown,16.89,4.54
6828,2094,full,169.37,35.48
11500,9363,legal,25.0,1.71
15121,1126,breakdown,16.89,4.54
28260,8125,full,344.4,72.14
14193,175,legal,37.5,2.02
16950,1021,breakdown,16.89,4.54
19810,4452,full,576.66,120.8
21,3381,legal,25.0,1.71
5452,8999,legal,25.0,1.71
14959,6962,full,794.18,166.37
15387,1965,full,152.23,31.89
27971,9803,full,280.23,58.7
23872,9031,legal,92.32,2.83
4358,5097,breakdown,16.89,4.54
23561,811,legal,25.0,1.71
10927,2340,breakdown,16.89,4.54
29378,9813,legal,25.0,1.71
24294,8589,legal,25.0,1.71
13634,7644,full,201.99,42.31
6315,4470,full,430.0,90.08
16530,8596,legal,25.0,1.71
7614,8995,breakdown,22.9,5.09
16648,7465,full,153.11,32.07
11026,5889,full,200.19,41.94
13128,3727,legal,25.0,1.71
5216,8447,legal,69.23,2.27
5313,2544,legal,25.0,1.71
13929,5761,breakdown,16.89,4.54
18529,4797,legal,37.5,2.02
27374,7480,full,300.6,62.97
12823,9055,full,385.9,80.84
22443,801,breakdown,16.89,4.54
10384,8511,full,657.13,137.66
22610,3610,full,375.83,78.73
15053,7346,full,196.42,41.14
23598,3412,breakdown,16.89,4.54
4489,6020,legal,25.0,1.71
5988,690,legal,30.0,1.71
24303,9564,full,213.71,44.77
6758,4753,legal,69.23,2.27
1027,5305,breakdown,16.89,4.54
23545,7197,legal,46.13,1.71
19926,3260,full,302.45,63.36
22271,647,breakdown,16.89,4.54
14162,6398,full,269.66,56.49
6003,3063,breakdown,16.89,4.54
29056,9901,legal,30.0,1.71
29982,1741,breakdown,16.89,4.54
16123,8883,breakdown,16.89,4.54
26408,4566,legal,25.0,1.71
22675,3359,legal,46.13,1.71
25779,6137,breakdown,16.89,4.54
3838,5380,breakdown,22.9,5.09
6963,3873,legal,25.0,1.71
24348,6045,legal,25.0,1.71
13065,6139,legal,25.0,1.71
23392,1009,breakdown,16.89,4.54
3169,2176,legal,25.0,1.71
12714,7130,breakdown,22.9,5.09
26584,2487,breakdown,16.89,4.54
20039,5918,breakdown,16.89,4.54
1010,731,breakdown,22.9,5.09
26806,7924,legal,25.0,1.71
720,666,legal,25.0,1.71
10463,4194,full,275.17,57.64
14767,3992,legal,25.0,1.71
11923,3215,legal,46.13,1.71
28978,6323,full,884.33,185.26
12974,9170,breakdown,16.89,4.54
19741,6034,breakdown,16.89,4.54
20615,9264,legal,25.0,1.71
23852,2740,legal,25.0,1.71
21360,5134,breakdown,16.89,4.54
4674,5213,breakdown,16.89,4.54
21923,1380,breakdown,16.89,4.54
26000,3847,breakdown,16.89,4.54
15898,8941,legal,25.0,1.71
7800,971,breakdown,16.89,4.54
23679,1583,legal,25.0,1.71
7896,1837,legal,25.0,1.71
14544,950,legal,25.0,1.71
9171,6318,legal,25.0,1.71
19363,2301,breakdown,16.89,4.54
4369,4845,full,287.06,60.14
27207,5875,breakdown,16.89,4.54
11865,834,legal,25.0,1.71
5271,8516,legal,25.0,1.71
27666,165,full,209.75,43.94
9583,8179,breakdown,22.9,5.09
297,5324,breakdown,25.9,5.91
21655,157,full,315.13,66.02
28744,3336,full,152.23,31.89
5419,2598,breakdown,22.9,5.09
18124,5654,full,208.88,43.76
22118,9908,full,515.69,108.03
15707,6036,legal,25.0,1.71
27725,8565,breakdown,16.89,4.54
26251,2206,full,152.23,31.89
24941,480,legal,37.5,2.02
24614,4407,breakdown,16.89,4.54
7751,2965,breakdown,16.89,4.54
25299,2697,breakdown,16.89,4.54
22276,3756,breakdown,22.9,5.09
2798,6028,full,387.33,81.14
2723,5756,full,494.22,103.53
22126,7311,legal,25.0,1.71
6530,2319,breakdown,16.89,4.54
27741,5342,legal,25.0,1.71
1115,3283,breakdown,16.89,4.54
7267,5205,full,575.91,120.64
9722,5030,legal,25.0,1.71
1983,3819,breakdown,16.89,4.54
14234,8495,breakdown,22.9,5.09
27027,2668,breakdown,16.89,4.54
9559,5806,breakdown,16.89,4.54
5637,2397,breakdown,16.89,4.54
1140,3131,full,560.16,117.35
25857,5358,breakdown,16.89,4.54
8448,7828,legal,37.5,2.02
15695,8047,legal,25.0,1.71
5717,1091,full,484.39,101.47
3877,5439,breakdown,16.89,4.54
3403,864,legal,46.13,1.71
22469,9950,full,224.35,47.0
21264,4101,full,316.3,66.26
17988,1400,legal,25.0,1.71
9214,8715,full,397.62,83.29
10716,8479,legal,37.5,2.02
11610,4466,breakdown,,4.54
10500,1862,breakdown,16.89,4.54
26343,1374,breakdown,16.89,4.54
1934,7303,legal,46.13,1.71
24138,1649,full,425.86,89.21
11025,675,full,250.47,52.47
1254,307,full,282.49,59.18
6081,3300,full,326.59,68.42
14940,8731,breakdown,22.9,5.09
20765,9333,full,227.01,47.55
6881,8916,legal,25.0,1.71
1468,7588,legal,25.0,1.71
4248,1438,breakdown,22.9,5.09
26003,1648,breakdown,22.9,5.09
17371,1142,breakdown,16.89,4.54
4359,5334,legal,25.0,1.71
9771,6502,full,530.82,111.2
24297,2681,full,511.07,107.06
3738,3681,breakdown,16.89,4.54
21362,2993,breakdown,16.89,4.54
1947,8633,legal,25.0,1.71
23006,3722,breakdown,22.9,5.09
29287,963,legal,46.13,1.71
7925,6856,full,378.71,79.33
6171,8817,breakdown,16.89,4.54
21978,5883,full,152.23,31.89
20920,9111,full,170.02,35.62
23502,4041,full,464.88,97.39
4180,8678,legal,25.0,1.71
22512,7066,full,350.32,73.39
20153,4615,full,191.59,40.13
10795,7196,breakdown,16.89,4.54
23681,4320,breakdown,16.89,4.54
22447,7115,breakdown,16.89,4.54
27449,9471,full,369.77,77.46
16194,7500,legal,25.0,1.71
12770,4850,legal,25.0,1.71
7402,9223,breakdown,16.89,4.54
6769,1881,full,476.73,99.87
26585,3094,full,139.15,29.15
14005,7379,full,461.44,96.66
28052,1513,legal,46.13,1.71
18659,1927,breakdown,16.89,4.54
25770,2797,breakdown,16.89,4.54
15901,6365,legal,25.0,1.71
28958,5945,legal,25.0,1.71
604,8953,full,534.81,112.03
29257,6590,full,171.92,36.02
12418,6624,breakdown,16.89,4.54
14942,6223,legal,25.0,1.71
19093,6738,full,307.33,64.38
26802,2776,full,277.83,58.2
16109,8634,breakdown,16.89,4.54
11998,5349,full,298.11,62.45
7789,6767,full,232.19,48.64
26381,7582,breakdown,22.9,5.09
2902,3247,full,823.21,172.45
12727,4278,legal,25.0,1.71
300,3806,breakdown,22.9,5.09
13223,3148,full,456.59,95.65
27193,6262,full,174.76,36.61
24455,2776,legal,37.5,2.02
22701,2061,breakdown,16.89,4.54
23833,4241,breakdown,16.89,4.54
15838,7897,breakdown,16.89,4.54
16989,3707,breakdown,16.89,4.54
863,7697,breakdown,22.9,5.09
18357,6298,legal,69.23,2.27
20795,9898,full,357.96,74.99
23468,7493,legal,69.23,2.27
21240,9668,breakdown,16.89,4.54
5176,3875,full,285.9,59.89
10609,9922,full,153.62,32.18
9356,8351,breakdown,16.89,4.54
4026,2722,breakdown,16.89,4.54
2466,5459,full,557.6,116.81
14677,2790,full,139.15,29.15
1434,959,full,352.22,73.79
23740,8381,full,246.98,51.74
14514,3471,full,490.73,102.8
26332,8379,breakdown,16.89,4.54
3628,7300,full,158.74,33.26
15699,2573,breakdown,16.89,4.54
27719,1980,breakdown,16.89,4.54
22270,2226,full,183.52,38.44
7405,2641,breakdown,16.89,4.54
23903,6612,full,152.23,31.89
22967,5626,legal,25.0,1.71
18017,5729,breakdown,16.89,4.54
13276,8145,legal,30.0,1.71
29087,5072,full,187.31,39.24
16129,1551,legal,25.0,1.71
16320,3868,legal,37.5,2.02
26298,7554,breakdown,16.89,4.54
16545,3240,full,644.36,134.99
6375,7729,legal,25.0,1.71
7430,4014,breakdown,16.89,4.54
2937,5502,legal,46.13,1.71
27405,4735,full,445.96,93.43
20107,1308,full,710.81,148.91
24188,3236,full,562.75,117.89
20174,4614,full,113.85,23.85
7109,7221,breakdown,16.89,4.54
5593,8475,legal,25.0,1.71
26193,8531,breakdown,16.89,4.54
16009,4922,legal,25.0,1.71
2674,7407,full,201.07,42.12
27678,786,legal,37.5,2.02
5428,5970,full,1091.7,228.7
23085,6854,full,331.65,69.47
7935,2203,full,152.23,31.89
11612,9996,legal,25.0,1.71
11180,6977,legal,37.5,2.02
2849,4650,legal,25.0,1.71
27500,3936,full,300.81,63.02
9519,1890,legal,37.5,2.02
16333,9490,full,232.18,48.64
28524,9964,full,1735.48,363.56
15657,7302,legal,92.32,2.83
11731,3070,full,446.27,93.49
12548,693,breakdown,16.89,4.54
21038,2385,breakdown,16.89,4.54
10768,9159,full,171.53,35.94
13018,6202,breakdown,16.89,4.54
24360,7074,full,678.13,142.06
9552,6901,legal,25.0,1.71
22236,9023,full,319.23,66.87
15245,7839,legal,25.0,1.71
13103,6915,full,177.01,37.09
29928,9466,breakdown,22.9,5.09
16353,889,breakdown,16.89,4.54
3531,8896,full,169.37,35.48
21516,3731,legal,37.5,2.02
18208,5394,full,805.88,168.82
2311,6256,legal,25.0,1.71
18156,6011,full,228.19,47.8
2982,3881,full,366.48,76.77
9914,7263,breakdown,16.89,4.54
24087,3180,breakdown,16.89,4.54
6943,113,legal,25.0,1.71
14277,7538,breakdown,16.89,4.54
15143,8378,full,201.67,42.25
21648,7215,breakdown,16.89,4.54
7897,9740,legal,37.5,2.02
6314,2667,breakdown,16.89,4.54
13252,116,full,275.12,57.64
14578,7270,full,378.73,79.34
22776,3040,breakdown,16.89,4.54
3266,1944,legal,37.5,2.02
14579,3241,legal,37.5,2.02
22750,7259,legal,25.0,1.71
13673,9034,legal,37.5,2.02
29513,724,legal,25.0,1.71
26970,1700,breakdown,16.89,4.54
20009,1317,breakdown,22.9,5.09
28238,1078,legal,46.13,1.71
3375,2530,breakdown,16.89,4.54
23348,4986,legal,45.0,2.08
23987,475,legal,25.0,1.71
24477,3712,full,546.52,114.49
12133,5061,breakdown,16.89,4.54
12896,2850,legal,25.0,1.71
10394,8655,breakdown,22.9,5.09
19465,6962,legal,46.13,1.71
15839,9790,breakdown,16.89,4.54
14854,5467,breakdown,22.9,5.09
4843,5120,legal,25.0,1.71
6266,1398,full,252.04,52.8
26680,1777,full,186.18,39.0
22217,6537,legal,92.32,2.83
10041,6991,breakdown,22.9,5.09
6565,4589,full,406.41,85.13
27313,8082,legal,37.5,2.02
6674,6573,legal,37.5,2.02
17089,9605,breakdown,22.9,5.09
20343,8743,full,247.48,51.84
27205,8340,legal,25.0,1.71
1067,6364,breakdown,16.89,4.54
16988,7122,legal,25.0,1.71
22539,7928,legal,25.0,1.71
27054,976,full,404.8,84.8
22546,6852,breakdown,22.9,5.09
22510,3624,full,223.31,46.78
22602,3631,full,190.09,39.82
269,3834,legal,37.5,2.02
26050,2177,breakdown,22.9,5.09
9957,5323,full,541.09,113.35
10335,3683,full,246.85,51.71
22306,6148,full,172.87,36.22
12733,4254,breakdown,16.89,4.54
24430,4941,full,341.42,71.53
1672,1170,breakdown,22.9,5.09
25256,5170,full,215.21,45.08
28632,1332,full,227.86,47.73
29828,5178,legal,92.32,2.83
25152,7017,full,191.03,40.02
24854,7828,full,365.87,76.64
20002,9221,breakdown,22.9,5.09
18332,6417,full,466.79,97.79
1409,3924,breakdown,22.9,5.09
16677,2290,breakdown,16.89,4.54
21632,653,full,512.25,107.31
16486,8533,legal,25.0,1.71
13172,3743,legal,25.0,1.71
5982,8640,breakdown,22.9,5.09
2485,8405,legal,25.0,1.71
17287,5498,full,704.62,147.61
1877,8193,breakdown,16.89,4.54
16235,5419,breakdown,16.89,4.54
201,1086,legal,25.0,1.71
18626,7651,breakdown,16.89,4.54
4917,3490,legal,25.0,1.71
26519,3779,legal,25.0,1.71
10458,5919,breakdown,22.9,5.09
26703,3583,full,187.22,39.22
11852,9430,full,586.12,122.78
6203,4959,legal,25.0,1.71
29658,4916,full,959.47,201.0
28871,3845,breakdown,16.89,4.54
17236,6744,full,197.03,41.28
8813,3191,full,435.23,91.18
10451,5972,breakdown,16.89,4.54
14879,1081,legal,37.5,2.02
4448,6707,legal,46.13,1.71
7722,8194,legal,25.0,1.71
3992,5050,legal,25.0,1.71
3014,9657,breakdown,16.89,4.54
6486,6898,breakdown,16.89,4.54
6176,3808,breakdown,16.89,4.54
19437,8520,legal,25.0,1.71
9588,7344,breakdown,16.89,4.54
2658,4290,legal,37.5,2.02
10118,4075,breakdown,16.89,4.54
7906,7664,legal,25.0,1.71
9815,3505,legal,25.0,1.71
9488,1095,full,571.95,119.82
10875,6145,breakdown,16.89,4.54
13342,8269,breakdown,16.89,4.54
8348,4290,breakdown,22.9,5.09
24409,1680,legal,25.0,1.71
7074,5949,full,267.17,55.97
4016,864,breakdown,16.89,4.54
10328,8156,full,555.16,116.3
9365,9934,legal,92.32,2.83
24214,5106,breakdown,16.89,4.54
23818,4925,breakdown,16.89,4.54
12291,7157,legal,25.0,1.71
21524,1913,legal,25.0,1.71
28727,3547,full,281.83,59.04
16759,7403,legal,46.13,1.71
18133,4690,breakdown,16.89,4.54
9605,9890,legal,25.0,1.71
9249,1214,full,1931.52,404.62
25641,2006,breakdown,16.89,4.54
29206,4540,legal,30.0,1.71
21094,7329,legal,25.0,1.71
1859,6471,legal,25.0,1.71
22922,4849,full,372.85,78.11
10132,916,breakdown,22.9,5.09
22367,5583,legal,46.13,1.71
26468,9498,legal,25.0,1.71
2085,2317,full,354.97,74.36
28178,8465,breakdown,16.89,4.54
17708,7617,legal,25.0,1.71
11253,9306,breakdown,16.89,4.54
7903,6211,legal,25.0,1.71
4238,6125,full,193.6,40.56
18465,4352,full,256.66,53.76
24775,9405,breakdown,22.9,5.09
2030,9392,legal,25.0,1.71
5904,8211,legal,69.23,2.27
28719,6712,full,101.2,21.2
13771,6523,legal,92.32,2.83
16415,1827,full,306.71,64.25
23925,1183,full,188.0,39.38
3029,5801,legal,25.0,1.71
4229,1919,breakdown,16.89,4.54
15889,9068,full,158.63,33.23
171,7354,breakdown,16.89,4.54
1816,5160,full,259.54,54.37
2777,6876,full,152.23,31.89
16074,6711,breakdown,16.89,4.54
10782,6115,legal,46.13,1.71
4519,1901,full,263.29,55.16
2608,5782,breakdown,16.89,4.54
22974,5836,breakdown,16.89,4.54
28014,322,legal,25.0,1.71
17019,2973,full,152.23,31.89
10462,5232,full,644.11,134.93
8218,7262,legal,37.5,2.02
23781,8705,breakdown,22.9,5.09
14773,3084,full,221.22,46.35
11154,7209,breakdown,16.89,4.54
5465,5592,full,101.2,21.2
14900,9553,full,297.94,62.41
7965,3618,legal,25.0,1.71
18791,5968,legal,25.0,1.71
1802,6219,breakdown,16.89,4.54
2565,5461,legal,25.0,1.71
20806,4398,breakdown,16.89,4.54
13225,3682,legal,25.0,1.71
24433,334,legal,25.0,1.71
8342,8092,legal,25.0,1.71
1612,4894,legal,25.0,1.71
16256,6642,full,223.51,46.82
18076,8560,breakdown,22.9,5.09
27481,8726,full,172.74,36.19
27889,1376,breakdown,16.89,4.54
20331,1322,breakdown,16.89,4.54
13039,880,legal,46.13,1.71
4221,5279,breakdown,16.89,4.54
25245,841,breakdown,16.89,4.54
12299,4502,full,289.18,60.58
3883,8553,legal,46.13,1.71
9787,2565,legal,25.0,1.71
26848,9802,breakdown,22.9,5.09
13398,9604,breakdown,22.9,5.09
7029,5762,breakdown,16.89,4.54
17672,8936,full,265.94,55.71
16016,561,full,426.77,89.4
6228,8745,legal,37.5,2.02
22543,915,legal,25.0,1.71
12302,8333,full,300.37,62.92
23800,958,legal,25.0,1.71
5364,8422,breakdown,16.89,4.54
7261,3807,legal,25.0,1.71
11722,246,full,101.2,21.2
11128,3678,legal,69.23,2.27
18311,3055,full,285.19,59.74
353,1355,legal,37.5,2.02
12042,4866,breakdown,22.9,5.09
17668,6238,legal,25.0,1.71
25530,215,full,358.9,75.18
2655,7366,breakdown,22.9,5.09
22095,114,full,349.38,73.19
14263,6265,legal,30.0,1.71
5548,5768,legal,25.0,1.71
20077,3527,breakdown,16.89,4.54
17326,7040,full,809.27,169.53
8960,7730,full,514.72,107.82
1125,3484,full,387.86,81.25
1719,4549,legal,30.0,1.71
22166,6715,legal,25.0,1.71
28315,927,full,359.67,75.34
26587,5524,legal,25.0,1.71
26471,5704,full,372.1,77.95
24397,8115,breakdown,22.9,5.09
6080,8989,full,256.03,53.64
19711,1186,full,172.87,36.22
7046,6940,breakdown,16.89,4.54
3476,8600,breakdown,16.89,4.54
22504,4167,full,202.2,42.36
18479,3882,breakdown,16.89,4.54
20498,9811,breakdown,16.89,4.54
17958,5004,legal,25.0,1.71
7822,8498,breakdown,16.89,4.54
27232,5378,full,172.87,36.22
14037,4542,legal,25.0,1.71
12906,6716,legal,92.32,2.83
21434,9214,full,380.0,79.6
22373,1805,breakdown,16.89,4.54
28545,4996,legal,25.0,1.71
19666,3963,legal,25.0,1.71
1515,7494,full,231.77,48.55
26188,3249,full,490.22,102.69
13894,1145,breakdown,16.89,4.54
20772,7657,full,263.12,55.12
12752,2624,full,281.36,58.94
9020,8033,full,546.71,114.53
14398,3295,full,152.23,31.89
22156,2088,breakdown,16.89,4.54
28065,5535,full,695.98,145.8
14659,2774,breakdown,16.89,4.54
15854,8913,legal,25.0,1.71
12872,6153,legal,25.0,1.71
8671,7730,breakdown,16.89,4.54
6751,4791,full,347.5,72.79
1505,843,legal,25.0,1.71
19344,6817,legal,25.0,1.71
9151,2154,breakdown,16.89,4.54
22554,6468,breakdown,16.89,4.54
23878,76,breakdown,22.9,5.09
24779,4267,breakdown,16.89,4.54
5463,6479,full,506.15,106.03
27306,9212,legal,25.0,1.71
14272,8229,full,540.46,113.22
2529,1394,full,291.53,61.08
16449,4420,full,332.89,69.74
25029,2398,full,208.2,43.61
9207,7124,legal,25.0,1.71
8863,5406,full,250.47,52.47
442,8638,full,490.61,102.77
7416,1294,breakdown,16.89,4.54
1442,9682,full,243.18,50.95
11318,6815,breakdown,16.89,4.54
18521,3032,breakdown,16.89,4.54
18693,7709,breakdown,16.89,4.54
3595,9398,full,192.3,40.28
24691,1164,legal,37.5,2.02
14113,9810,full,849.02,177.86
4831,6031,breakdown,16.89,4.54
10507,1997,legal,69.23,2.27
5119,2670,legal,25.0,1.71
12807,2827,legal,25.0,1.71
6389,2458,breakdown,22.9,5.09
6991,6302,breakdown,16.89,4.54
27892,22,breakdown,16.89,4.54
14776,8980,breakdown,16.89,4.54
4273,4114,full,385.31,80.72
1854,476,full,309.94,64.93
16400,526,legal,25.0,1.71
11320,321,breakdown,22.9,5.09
26990,4443,legal,,1.71
26060,584,full,169.37,35.48
29749,9773,breakdown,16.89,4.54
11937,6053,legal,25.0,1.71
29678,8529,breakdown,16.89,4.54
19880,6127,breakdown,16.89,4.54
25522,9049,full,251.73,52.73
8803,445,full,424.75,88.98
21431,2752,breakdown,16.89,4.54
15377,6693,legal,46.13,1.71
26718,7810,full,272.44,57.07
1806,2650,breakdown,22.9,5.09
23783,6766,breakdown,16.89,4.54
3497,3166,legal,25.0,1.71
24498,3310,legal,25.0,1.71
278,9705,legal,37.5,2.02
5433,3613,full,372.97,78.13
3167,8741,legal,25.0,1.71
6661,7887,breakdown,16.89,4.54
6124,9554,full,333.25,69.81
9302,9638,legal,25.0,1.71
22487,2177,full,278.3,58.3
13351,9020,legal,46.13,1.71
7716,3659,full,292.82,61.34
9828,4159,breakdown,22.9,5.09
3941,5645,breakdown,22.9,5.09
7583,960,full,799.68,167.53
18766,8873,full,152.23,31.89
964,8698,legal,25.0,1.71
27615,5072,breakdown,16.89,4.54
23517,8003,breakdown,16.89,4.54
1200,8304,legal,25.0,1.71
4681,9747,breakdown,22.9,5.09
14559,5638,full,274.03,57.41
22751,884,legal,25.0,1.71
22715,1779,legal,25.0,1.71
2079,6747,legal,25.0,1.71
6779,7139,legal,25.0,1.71
17531,3348,full,215.53,45.15
800,4369,legal,25.0,1.71
28882,4291,breakdown,16.89,4.54
22825,5504,full,640.48,134.17
28246,2678,breakdown,16.89,4.54
2396,8012,full,296.93,62.21
18524,2274,full,794.96,166.53
3091,6644,breakdown,16.89,4.54
1348,4859,legal,25.0,1.71
18376,7071,breakdown,16.89,4.54
12033,2115,breakdown,25.9,5.91
18452,4462,breakdown,16.89,4.54
17882,69,breakdown,22.9,5.09
6344,7523,full,339.4,71.1
29005,9712,full,199.32,41.76
2286,6788,legal,37.5,2.02
26733,7214,breakdown,16.89,4.54
8871,8822,legal,37.5,2.02
29590,8051,full,477.53,100.04
29523,346,full,169.37,35.48
20546,1297,legal,25.0,1.71
28253,1160,legal,25.0,1.71
16678,9300,legal,46.13,1.71
14445,8163,legal,45.0,2.08
4070,8646,legal,69.23,2.27
10482,9486,full,290.11,60.77
17701,6186,legal,25.0,1.71
27304,8225,full,359.87,75.39
16165,1572,full,156.02,32.69
12461,2717,breakdown,22.9,5.09
22321,4520,legal,25.0,1.71
22696,6261,legal,25.0,1.71
7785,8750,legal,69.23,2.27
22486,2746,legal,45.0,2.08
26652,9667,legal,37.5,2.02
6799,4262,legal,30.0,1.71
8362,5736,breakdown,16.89,4.54
29994,4803,breakdown,16.89,4.54
9375,4403,full,351.62,73.66
13794,9497,full,252.64,52.92
7701,5565,full,412.22,86.36
5526,6687,breakdown,16.89,4.54
5059,8113,full,376.63,78.9
8874,6670,breakdown,16.89,4.54
22261,8401,breakdown,22.9,5.09
27032,3149,legal,25.0,1.71
12004,9165,full,1644.64,344.53
19288,6993,legal,25.0,1.71
23853,2835,legal,37.5,2.02
28878,5348,breakdown,16.89,4.54
22654,5462,legal,25.0,1.71
20066,7501,legal,37.5,2.02
3343,127,legal,25.0,1.71
933,4914,breakdown,16.89,4.54
25810,284,breakdown,16.89,4.54
11192,832,breakdown,16.89,4.54
15965,5206,breakdown,32.4,6.5
5973,5897,full,316.25,66.25
29735,6906,full,718.61,150.54
4,8176,legal,25.0,1.71
3050,3009,legal,25.0,1.71
2100,6182,breakdown,16.89,4.54
11234,2643,legal,25.0,1.71
9258,1365,legal,25.0,1.71
3683,5039,breakdown,22.9,5.09
19021,993,legal,25.0,1.71
20347,5333,full,347.11,72.72
20613,8397,full,223.65,46.85
26610,4460,legal,25.0,1.71
27432,4591,breakdown,16.89,4.54
12264,9865,full,448.18,93.89
7657,892,full,515.39,107.97
12097,4824,legal,25.0,1.71
15564,9852,breakdown,16.89,4.54
8939,1677,legal,25.0,1.71
13084,7317,full,523.63,109.69
17887,2125,full,373.02,78.14
761,9399,breakdown,32.4,6.5
9347,2631,breakdown,16.89,4.54
8176,3081,full,200.42,41.98
5017,722,breakdown,16.89,4.54
21575,5329,full,412.14,86.34
2332,7107,breakdown,16.89,4.54
4019,9477,legal,69.23,2.27
1924,6162,legal,37.5,2.02
13469,8325,legal,37.5,2.02
21953,1866,breakdown,16.89,4.54
26383,8768,breakdown,16.89,4.54
26714,3353,full,813.86,170.5
5590,1267,breakdown,22.9,5.09
13394,8575,legal,25.0,1.71
22691,8642,legal,25.0,1.71
2589,851,full,204.52,42.85
13712,859,legal,25.0,1.71
26273,5320,full,704.05,147.49
20570,5381,full,438.79,91.92
25093,4910,full,259.53,54.37
19433,9670,legal,37.5,2.02
16076,9628,full,292.81,61.34
17596,7882,breakdown,16.89,4.54
4315,3367,legal,46.13,1.71
3647,904,legal,25.0,1.71
8996,8823,full,301.68,63.2
7220,2245,breakdown,16.89,4.54
16489,1790,legal,,1.71
25492,1161,legal,37.5,2.02
5732,6429,full,622.23,130.35
25693,2109,legal,37.5,2.02
11461,5105,full,304.03,63.69
7300,8855,breakdown,22.9,5.09
24896,4465,legal,37.5,2.02
6610,3376,legal,37.5,2.02
16708,7665,legal,25.0,1.71
8383,7959,full,233.23,48.86
3747,3960,full,101.2,21.2
9711,5637,breakdown,22.9,5.09
18344,8052,legal,25.0,1.71
18227,2037,legal,25.0,1.71
7265,1553,breakdown,16.89,4.54
5296,3687,breakdown,16.89,4.54
21160,127,breakdown,16.89,4.54
25748,3451,legal,37.5,2.02
21854,3920,breakdown,22.9,5.09
27525,3190,legal,25.0,1.71
193,3341,breakdown,16.89,4.54
8425,8776,full,101.2,21.2
9158,2888,legal,46.13,1.71
23097,841,legal,25.0,1.71
7607,7727,breakdown,16.89,4.54
1628,9846,full,371.34,77.79
5279,1386,breakdown,22.9,5.09
5266,6701,full,665.77,139.47
3998,3338,breakdown,22.9,5.09
6700,646,breakdown,16.89,4.54
26080,766,breakdown,22.9,5.09
4253,1250,breakdown,16.89,4.54
26545,8236,legal,25.0,1.71
28560,1988,legal,46.13,1.71
919,8290,full,152.23,31.89
1563,6855,full,471.63,98.8
15826,8310,legal,46.13,1.71
6075,7755,legal,46.13,1.71
24443,1229,legal,25.0,1.71
6677,4668,full,418.74,87.72
25105,7705,legal,25.0,1.71
20072,8374,full,169.37,35.48
15690,8504,legal,25.0,1.71
19907,218,full,299.71,62.78
2256,3950,legal,25.0,1.71
19649,4095,full,253.31,53.07
14646,1832,legal,46.13,1.71
26771,7713,breakdown,16.89,4.54
4104,8859,legal,46.13,1.71
5829,1910,full,386.35,80.94
7543,4715,full,130.06,27.25
20976,3706,legal,25.0,1.71
29778,6041,legal,25.0,1.71
26629,8843,legal,25.0,1.71
1019,2777,full,1781.83,373.27
14642,3238,legal,37.5,2.02
16539,3622,full,411.84,86.27
1121,5833,breakdown,16.89,4.54
19703,2684,full,239.94,50.27
7476,3343,breakdown,16.89,4.54
4866,9199,full,371.83,77.89
22600,9259,breakdown,22.9,5.09
16465,2740,breakdown,16.89,4.54
5085,5630,legal,25.0,1.71
12934,2121,legal,25.0,1.71
24295,5498,legal,25.0,1.71
29134,9289,legal,25.0,1.71
10212,2278,legal,46.13,1.71
24781,7333,full,389.77,81.65
26216,446,full,118.54,24.83
614,3513,full,291.87,61.15
10742,1431,full,252.08,52.8
18455,4285,full,394.29,82.6
19656,4444,legal,25.0,1.71
21105,341,breakdown,16.89,4.54
16198,2708,breakdown,16.89,4.54
1508,3640,full,250.96,52.57
2785,4710,breakdown,16.89,4.54
25393,2778,breakdown,16.89,4.54
25410,960,legal,25.0,1.71
27320,3203,breakdown,22.9,5.09
13082,9973,legal,25.0,1.71
21469,5201,full,288.29,60.39
1198,6954,legal,37.5,2.02
7419,7292,legal,25.0,1.71
20057,4201,legal,46.13,1.71
8655,7832,full,152.23,31.89
12486,7761,breakdown,16.89,4.54
10601,767,breakdown,16.89,4.54
23960,4861,full,315.53,66.1
14391,6702,full,395.56,82.86
27507,4180,breakdown,16.89,4.54
23877,7974,legal,25.0,1.71
4641,310,breakdown,16.89,4.54
17188,5053,breakdown,32.4,6.5
12728,5062,legal,25.0,1.71
12388,3555,legal,25.0,1.71
26856,1261,full,329.52,69.03
25697,1440,full,343.77,72.01
9070,1788,breakdown,25.9,5.91
16620,7485,breakdown,22.9,5.09
2562,3817,full,340.76,71.38
1558,5142,legal,25.0,1.71
5151,7247,breakdown,16.89,4.54
2348,6650,full,196.65,41.2
8665,6051,legal,37.5,2.02
3495,2592,legal,37.5,2.02
26668,827,breakdown,16.89,4.54
6131,1885,legal,25.0,1.71
19975,1020,legal,25.0,1.71
27122,5878,breakdown,16.89,4.54
7721,6049,legal,25.0,1.71
7408,7222,breakdown,16.89,4.54
27568,2341,full,279.66,58.59
905,9950,breakdown,22.9,5.09
27637,7746,full,649.18,135.99
3243,8550,breakdown,16.89,4.54
5355,6675,full,169.37,35.48
4323,9536,breakdown,16.89,4.54
9882,681,full,152.23,31.89
18569,383,breakdown,16.89,4.54
26388,5036,full,190.09,39.82
3,2920,breakdown,16.89,4.54
28298,3555,breakdown,16.89,4.54
18473,2898,legal,25.0,1.71
3861,502,breakdown,22.9,5.09
12607,1858,breakdown,16.89,4.54
23236,187,breakdown,32.4,6.5
17063,193,full,172.87,36.22
5343,3185,full,231.99,48.6
19733,8344,full,219.26,45.93
6651,9923,legal,25.0,1.71
10906,8909,legal,46.13,1.71
6606,6667,breakdown,16.89,4.54
16756,2241,full,763.36,159.91
16212,7159,breakdown,22.9,5.09
22574,6408,breakdown,22.9,5.09
26647,8613,legal,30.0,1.71
20659,7260,legal,45.0,2.08
15595,6494,breakdown,16.89,4.54
11604,6648,breakdown,16.89,4.54
3265,5517,breakdown,16.89,4.54
752,4804,full,485.83,101.78
9535,616,breakdown,16.89,4.54
18353,594,breakdown,16.89,4.54
16494,2157,breakdown,16.89,4.54
8017,932,breakdown,22.9,5.09
4760,6300,breakdown,16.89,4.54
24715,7778,breakdown,16.89,4.54
28043,5550,breakdown,16.89,4.54
29821,137,breakdown,16.89,4.54
15203,4812,legal,25.0,1.71
2683,4920,full,235.76,49.39
4623,6249,breakdown,22.9,5.09
17752,7360,full,152.81,32.01
13257,2008,breakdown,16.89,4.54
16830,7294,breakdown,16.89,4.54
25979,5248,full,212.67,44.55
12610,8739,breakdown,22.9,5.09
12716,8313,full,558.85,117.07
6357,7416,legal,37.5,2.02
23855,1593,breakdown,16.89,4.54
24091,1297,full,220.44,46.18
2444,1661,legal,37.5,2.02
22085,475,breakdown,16.89,4.54
17064,6075,breakdown,16.89,4.54
29066,1548,full,253.85,53.18
22948,7973,legal,25.0,1.71
419,1697,breakdown,16.89,4.54
8598,2944,full,882.8,184.94
23008,2001,breakdown,16.89,4.54
16575,4393,full,230.87,48.37
24283,3535,legal,25.0,1.71
26988,2621,breakdown,16.89,4.54
7729,2635,legal,25.0,1.71
18831,3418,legal,37.5,2.02
7385,336,full,217.71,45.61
10602,8542,legal,46.13,1.71
21850,9235,legal,46.13,1.71
81,5926,breakdown,16.89,4.54
28258,5201,breakdown,16.89,4.54
21491,3251,legal,25.0,1.71
12076,6498,legal,25.0,1.71
11153,2300,full,458.43,96.03
27958,6099,breakdown,16.89,4.54
27527,4232,full,357.27,74.85
17939,597,legal,92.32,2.83
19353,5683,full,200.35,41.97
10562,4023,breakdown,22.9,5.09
8068,6969,breakdown,16.89,4.54
20881,2107,legal,25.0,1.71
15342,4431,full,347.36,72.77
4208,8719,full,254.48,53.31
7507,7835,legal,25.0,1.71
23018,1579,full,295.67,61.94
6116,2137,breakdown,16.89,4.54
24805,1337,breakdown,16.89,4.54
3798,5033,legal,46.13,1.71
17677,5207,breakdown,16.89,4.54
18378,1796,full,350.81,73.49
24612,1008,breakdown,25.9,5.91
15533,8795,legal,37.5,2.02
18661,6566,legal,25.0,1.71
14996,9863,full,378.21,79.23
22114,5208,legal,25.0,1.71
22477,4634,legal,25.0,1.71
12149,5024,full,189.75,39.75
5092,3262,legal,25.0,1.71
8226,8114,full,418.88,87.75
2929,4546,legal,25.0,1.71
270,7616,breakdown,22.9,5.09
7576,8408,full,415.15,86.97
9387,2668,full,299.62,62.77
4157,6243,full,169.78,35.57
23316,8725,breakdown,16.89,4.54
27522,4269,breakdown,16.89,4.54
21505,7002,legal,30.0,1.71
554,6763,legal,46.13,1.71
18891,6775,breakdown,16.89,4.54
16937,8250,legal,46.13,1.71
16853,9249,full,690.91,144.74
4393,9619,breakdown,16.89,4.54
26148,9711,breakdown,16.89,4.54
8434,7802,breakdown,16.89,4.54
13357,4052,legal,25.0,1.71
23009,5869,legal,25.0,1.71
22160,6035,full,320.1,67.06
23993,2286,legal,25.0,1.71
1809,1982,breakdown,16.89,4.54
7207,5222,legal,37.5,2.02
17583,2182,full,280.41,58.74
7421,2611,full,324.33,67.94
26538,5852,full,544.51,114.07
501,683,legal,25.0,1.71
15762,1679,full,388.95,81.48
4363,1501,breakdown,16.89,4.54
18043,2534,legal,37.5,2.02
16039,9389,legal,25.0,1.71
7967,9585,legal,37.5,2.02
21762,2002,legal,25.0,1.71
16225,2543,full,147.55,30.91
29916,7901,full,213.44,44.71
12470,5622,full,225.91,47.32
11827,1188,full,569.15,119.23
21077,3256,legal,25.0,1.71
13261,688,legal,46.13,1.71
25832,8905,full,429.21,89.92
20515,4016,legal,25.0,1.71
27323,2905,full,263.62,55.22
702,3833,full,242.76,50.86
14891,8564,full,405.06,84.85
28573,3086,legal,25.0,1.71
16328,7336,full,157.37,32.97
24253,3713,legal,25.0,1.71
3916,2676,full,616.6,129.17
9601,5356,breakdown,16.89,4.54
21992,6359,full,470.16,98.49
852,8,breakdown,16.89,4.54
14358,1081,breakdown,22.9,5.09
5226,7771,legal,25.0,1.71
13889,9101,full,415.05,86.95
3391,5328,legal,37.5,2.02
14968,86,legal,25.0,1.71
9484,4122,full,197.81,41.44
7365,162,full,396.97,83.16
9479,1917,legal,25.0,1.71
27875,6594,full,200.46,42.0
11938,3093,legal,25.0,1.71
5401,6476,legal,46.13,1.71
21373,6820,full,733.78,153.72
27959,1218,full,345.2,72.31
27136,6396,legal,25.0,1.71
3164,7965,full,213.75,44.78
10762,6159,breakdown,16.89,4.54
24076,9385,breakdown,22.9,5.09
21442,7937,legal,37.5,2.02
1557,9442,breakdown,22.9,5.09
26040,5341,full,725.76,152.04
6447,2936,legal,25.0,1.71
10137,359,full,525.08,109.99
12925,2925,legal,25.0,1.71
24840,3223,full,271.91,56.96
10827,4731,full,152.23,31.89
8563,7192,legal,25.0,1.71
12594,8585,legal,25.0,1.71
9761,3321,breakdown,16.89,4.54
6425,4878,legal,37.5,2.02
18106,2912,legal,46.13,1.71
5735,7763,legal,46.13,1.71
1634,4419,breakdown,25.9,5.91
6920,1897,legal,37.5,2.02
20137,9516,legal,37.5,2.02
23311,5027,legal,46.13,1.71
2533,2111,full,152.63,31.98
20836,705,full,344.29,72.13
21430,3301,full,525.79,110.14
18162,8505,full,471.68,98.81
15779,7380,breakdown,16.89,4.54
27406,3844,legal,25.0,1.71
21933,3100,full,705.73,147.84
13234,4682,full,281.96,59.06
287,7100,full,490.59,102.77
2421,1391,legal,25.0,1.71
25177,3959,breakdown,16.89,4.54
23317,4345,breakdown,16.89,4.54
8832,4810,breakdown,32.4,6.5
2354,5560,breakdown,16.89,4.54
3414,664,breakdown,16.89,4.54
8472,7776,legal,25.0,1.71
14334,7915,full,452.3,94.75
3040,4635,legal,25.0,1.71
20593,2852,breakdown,16.89,4.54
1201,6981,full,453.24,94.95
14197,7234,legal,46.13,1.71
2257,4197,legal,25.0,1.71
28960,5273,legal,37.5,2.02
26912,4181,legal,25.0,1.71
20430,4531,legal,37.5,2.02
19501,1688,legal,25.0,1.71
17846,3385,breakdown,16.89,4.54
3709,5165,breakdown,22.9,5.09
17182,5439,legal,25.0,1.71
11761,5401,breakdown,22.9,5.09
23457,3645,full,433.83,90.88
19025,2543,breakdown,16.89,4.54
5482,9816,full,227.45,47.65
11086,6177,breakdown,16.89,4.54
5658,9643,legal,25.0,1.71
19700,4142,full,489.55,102.55
1862,6384,legal,37.5,2.02
18615,7643,full,393.94,82.53
12713,6264,legal,37.5,2.02
5027,5850,breakdown,16.89,4.54
10804,8035,full,321.31,67.31
9767,1512,breakdown,16.89,4.54
12224,8756,legal,25.0,1.71
17692,5868,legal,46.13,1.71
10096,4817,full,101.2,21.2
29970,3647,breakdown,22.9,5.09
21571,8528,breakdown,16.89,4.54
23521,8720,full,132.83,27.83
9460,6728,legal,25.0,1.71
6579,2394,full,604.99,126.74
15510,7297,full,509.49,106.73
6435,7301,full,343.87,72.03
4380,7938,breakdown,16.89,4.54
24907,6856,legal,25.0,1.71
24727,5024,legal,37.5,2.02
27602,1063,legal,37.5,2.02
20971,27,full,599.33,125.55
2283,6242,full,160.9,33.7
29985,3135,legal,69.23,2.27
24872,4598,full,278.53,58.35
5575,1999,full,211.09,44.22
25391,2331,full,620.86,130.06
8104,1504,legal,25.0,1.71
13764,7689,legal,25.0,1.71
12434,2528,breakdown,16.89,4.54
20486,4604,full,360.34,75.49
3372,3477,full,152.23,31.89
8557,6002,full,171.53,35.93
8741,6908,full,278.9,58.43
12443,3344,breakdown,16.89,4.54
15989,9380,breakdown,16.89,4.54
9550,2635,full,251.73,52.73
9138,4255,breakdown,22.9,5.09
11351,8029,breakdown,16.89,4.54
4722,8930,legal,46.13,1.71
414,9450,legal,25.0,1.71
23395,6741,full,448.65,93.99
27581,6548,full,208.09,43.59
15920,459,full,160.72,33.67
8093,9689,legal,46.13,1.71
17743,4282,legal,25.0,1.71
15694,8839,legal,25.0,1.71
16379,8314,breakdown,16.89,4.54
14380,4118,legal,30.0,1.71
9670,6332,full,101.2,21.2
16731,9888,full,830.82,174.04
15309,1068,full,387.33,81.14
12822,4056,breakdown,16.89,4.54
17597,510,full,101.2,21.2
10571,3097,breakdown,16.89,4.54
23114,5511,legal,25.0,1.71
25551,498,breakdown,16.89,4.54
17653,1104,breakdown,22.9,5.09
5411,8387,breakdown,16.89,4.54
19793,4102,breakdown,16.89,4.54
26855,7214,legal,25.0,1.71
27069,9873,breakdown,22.9,5.09
22886,1972,legal,37.5,2.02
26971,1191,full,445.41,93.31
15983,38,legal,25.0,1.71
18155,1797,breakdown,16.89,4.54
1829,2068,legal,25.0,1.71
26151,6514,legal,25.0,1.71
17018,8434,breakdown,16.89,4.54
12357,7753,legal,37.5,2.02
1726,9539,breakdown,16.89,4.54
10851,7797,legal,25.0,1.71
13793,4740,legal,46.13,1.71
24074,2327,full,436.03,91.34
15374,8659,breakdown,16.89,4.54
11489,5979,legal,25.0,1.71
9795,7559,legal,25.0,1.71
11258,2067,full,315.92,66.18
25383,7034,full,260.47,54.57
3037,363,full,322.2,67.49
5113,8051,breakdown,16.89,4.54
1269,6778,full,281.49,58.97
2631,3862,breakdown,16.89,4.54
13159,6382,full,172.87,36.22
22693,1122,legal,25.0,1.71
4086,5494,full,467.76,97.99
15562,2851,breakdown,16.89,4.54
8904,2139,legal,25.0,1.71
14753,298,legal,25.0,1.71
10964,3364,breakdown,22.9,5.09
27003,5784,breakdown,16.89,4.54
266,3484,breakdown,16.89,4.54
632,7850,full,458.3,96.01
1927,8380,legal,46.13,1.71
20465,7240,full,187.46,39.27
16248,3612,full,372.97,78.13
12175,6351,legal,25.0,1.71
25606,4432,breakdown,16.89,4.54
18198,6563,legal,46.13,1.71
2575,3078,legal,92.32,2.83
9837,7813,legal,25.0,1.71
17594,8193,legal,69.23,2.27
17102,788,breakdown,16.89,4.54
14331,2936,breakdown,16.89,4.54
5265,2150,legal,25.0,1.71
11447,7328,breakdown,25.9,5.91
2739,5392,breakdown,16.89,4.54
27378,7451,breakdown,16.89,4.54
253,9187,breakdown,16.89,4.54
25978,7753,breakdown,22.9,5.09
3426,2671,legal,25.0,1.71
17317,1093,legal,37.5,2.02
16223,4761,legal,37.5,2.02
26767,2108,full,251.73,52.73
7358,8209,breakdown,16.89,4.54
24373,3939,breakdown,16.89,4.54
5781,8818,legal,25.0,1.71
21315,3951,breakdown,16.89,4.54
10051,492,legal,37.5,2.02
3572,3137,breakdown,16.89,4.54
26899,8258,full,152.23,31.89
11035,4200,full,482.23,101.02
24875,546,full,150.32,31.49
7640,3490,full,174.72,36.6
16152,8158,full,238.53,49.97
10322,8455,legal,25.0,1.71
23830,6723,breakdown,22.9,5.09
12957,8666,legal,37.5,2.02
20763,5363,full,409.4,85.76
12907,5676,full,314.21,65.82
18989,1005,full,492.78,103.23
9852,60,full,152.23,31.89
21178,419,legal,25.0,1.71
1640,1979,breakdown,25.9,5.91
1732,4218,breakdown,22.9,5.09
7325,9560,legal,46.13,1.71
4281,9690,legal,25.0,1.71
8762,1321,legal,25.0,1.71
8801,965,legal,37.5,2.02
29986,4859,breakdown,16.89,4.54
5275,5729,full,1153.43,241.63
9963,2071,breakdown,16.89,4.54
1143,3024,breakdown,16.89,4.54
19382,1312,legal,46.13,1.71
727,9859,full,201.68,42.25
4360,6623,full,492.3,103.13
16635,4494,full,332.01,69.55
70,4854,full,1194.87,250.31
25952,2900,full,185.47,38.85
3276,8486,legal,37.5,2.02
28677,6033,legal,25.0,1.71
5274,9227,full,309.58,64.86
23189,1961,breakdown,16.89,4.54
10769,9722,full,386.87,81.04
9270,5380,legal,37.5,2.02
19397,6254,legal,25.0,1.71
24830,8314,full,538.03,112.72
5630,5448,full,374.33,78.42
9415,7856,legal,25.0,1.71
20152,2170,full,323.34,67.74
17709,3707,full,503.4,105.46
5334,4487,breakdown,22.9,5.09
4583,2480,breakdown,16.89,4.54
2633,4752,full,275.0,57.61
4263,4839,breakdown,16.89,4.54
29905,2719,legal,25.0,1.71
24973,7603,full,345.61,72.4
17414,9849,full,443.33,92.87
1506,568,legal,37.5,2.02
22202,6801,breakdown,22.9,5.09
12398,7505,legal,37.5,2.02
13683,5423,breakdown,16.89,4.54
19201,6413,breakdown,16.89,4.54
8055,3945,breakdown,16.89,4.54
12945,6114,legal,46.13,1.71
18230,9176,full,259.07,54.27
26926,6032,legal,37.5,2.02
24951,9969,legal,25.0,1.71
28746,9331,legal,69.23,2.27
13405,1286,legal,37.5,2.02
23276,2351,legal,25.0,1.71
4597,830,full,524.57,109.89
10298,7889,breakdown,16.89,4.54
26097,971,full,303.62,63.61
25429,722,full,415.97,87.14
28342,5846,legal,46.13,1.71
24183,4264,breakdown,16.89,4.54
17727,6591,breakdown,16.89,4.54
13193,8385,full,644.78,135.07
19178,7064,legal,25.0,1.71
10290,9571,breakdown,16.89,4.54
6320,2550,full,219.51,45.99
7757,2892,legal,25.0,1.71
17721,2051,full,237.72,49.8
6750,5093,full,174.14,36.48
1656,2392,legal,25.0,1.71
7502,9414,breakdown,16.89,4.54
5096,1509,full,132.83,27.83
19554,8877,breakdown,16.89,4.54
14282,1276,legal,25.0,1.71
21422,6788,full,381.24,79.87
27660,6493,breakdown,,4.54
10377,7784,breakdown,16.89,4.54
4799,5931,full,298.51,62.53
21912,6031,full,610.07,127.8
29875,8385,breakdown,16.89,4.54
28344,31,breakdown,16.89,4.54
29777,25,full,184.45,38.64
5702,2029,breakdown,22.9,5.09
13540,1383,breakdown,16.89,4.54
20026,9714,breakdown,16.89,4.54
3636,8613,breakdown,25.9,5.91
11920,4825,full,383.18,80.27
19379,640,legal,25.0,1.71
11941,6750,legal,37.5,2.02
22622,8155,legal,25.0,1.71
15478,4811,legal,25.0,1.71
15134,3189,breakdown,16.89,4.54
24786,1568,legal,25.0,1.71
22473,8083,breakdown,16.89,4.54
13785,3618,full,415.98,87.15
2310,7695,full,153.28,32.11
20889,810,legal,37.5,2.02
9216,3845,full,461.89,96.76
10632,2501,legal,25.0,1.71
823,4673,legal,46.13,1.71
14780,7450,breakdown,16.89,4.54
22456,1606,full,505.85,105.97
19913,2100,legal,25.0,1.71
26455,4572,full,113.85,23.85
7483,37,full,132.83,27.83
15559,878,breakdown,16.89,4.54
8364,5285,breakdown,16.89,4.54
3099,1353,breakdown,22.9,5.09
17986,9002,breakdown,16.89,4.54
25329,3945,legal,25.0,1.71
13500,9659,breakdown,16.89,4.54
1989,9522,full,247.21,51.79
2056,9944,legal,25.0,1.71
5416,3435,legal,25.0,1.71
4973,1683,full,169.37,35.48
10661,9454,full,400.17,83.83
21755,984,legal,25.0,1.71
13909,8279,legal,25.0,1.71
25255,2368,legal,25.0,1.71
6388,4227,breakdown,16.89,4.54
14691,8747,breakdown,22.9,5.09
11623,8779,full,234.45,49.11
1621,8238,legal,25.0,1.71
22598,5913,full,494.93,103.68
12155,3969,full,294.44,61.68
538,5097,full,257.2,53.88
1360,6240,breakdown,16.89,4.54
14725,1142,legal,25.0,1.71
2599,6628,legal,92.32,2.83
1838,4338,full,524.89,109.96
6222,9595,full,454.48,95.2
1104,9168,breakdown,22.9,5.09
13087,1075,full,285.86,59.89
9429,7061,breakdown,16.89,4.54
13935,9786,full,158.45,33.2
2150,7725,breakdown,16.89,4.54
27348,4206,legal,25.0,1.71
11839,3069,full,466.49,97.72
26898,3515,full,291.87,61.15
24716,3182,breakdown,16.89,4.54
28910,1280,breakdown,16.89,4.54
9669,5263,legal,37.5,2.02
1262,5177,legal,25.0,1.71
15977,6584,breakdown,16.89,4.54
18488,482,full,132.83,27.83
13607,7237,legal,25.0,1.71
12295,6371,breakdown,16.89,4.54
11295,2515,full,517.28,108.37
12456,6509,breakdown,22.9,5.09
6599,8490,breakdown,16.89,4.54
16513,5482,legal,37.5,2.02
7610,7328,legal,30.0,1.71
16384,9936,full,284.94,59.69
18144,3427,legal,30.0,1.71
13653,7769,breakdown,16.89,4.54
14733,2059,breakdown,16.89,4.54
15240,1404,full,101.2,21.2
29950,4152,full,297.14,62.25
4805,54,full,585.95,122.75
18356,9234,legal,25.0,1.71
3692,1469,breakdown,16.89,4.54
1053,4080,legal,25.0,1.71
15092,6614,full,139.15,29.15
7034,1273,legal,46.13,1.71
27770,8377,full,584.32,122.41
14840,4743,full,101.2,21.2
7743,1758,full,407.86,85.44
22819,3527,legal,25.0,1.71
10617,2012,full,371.02,77.73
14390,3072,legal,46.13,1.71
15950,7218,full,329.07,68.93
7990,92,breakdown,16.89,4.54
16570,5617,breakdown,22.9,5.09
13807,901,breakdown,16.89,4.54
29692,2524,legal,46.13,1.71
11452,7940,breakdown,32.4,6.5
17693,3443,full,200.3,41.96
25289,2693,full,334.42,70.06
25844,936,full,950.68,199.15
20835,8854,full,197.21,41.31
29424,371,breakdown,22.9,5.09
24802,626,legal,25.0,1.71
21869,6346,full,460.8,96.53
16529,4630,legal,25.0,1.71
17539,4800,full,386.7,81.01
20149,2192,breakdown,16.89,4.54
4015,6376,legal,37.5,2.02
28970,4629,breakdown,16.89,4.54
20784,4988,full,446.31,93.5
25591,5861,full,475.82,99.68
10001,3932,breakdown,16.89,4.54
13450,5152,breakdown,16.89,4.54
6763,2224,full,271.09,56.78
22013,2016,full,184.09,38.56
8288,6337,breakdown,16.89,4.54
9465,2958,legal,25.0,1.71
23245,2470,legal,25.0,1.71
16419,3859,breakdown,16.89,4.54
6059,6802,legal,25.0,1.71
19377,4371,full,110.86,23.22
6255,9173,legal,25.0,1.71
15251,2997,breakdown,22.9,5.09
19107,5700,breakdown,22.9,5.09
5110,6479,legal,69.23,2.27
17616,7286,breakdown,16.89,4.54
23053,842,full,152.23,31.89
22986,6381,full,358.76,75.16
8849,9063,legal,25.0,1.71
24799,8332,breakdown,22.9,5.09
4078,8797,full,132.83,27.83
21619,839,breakdown,22.9,5.09
262,6472,breakdown,16.89,4.54
5474,8143,legal,37.5,2.02
16110,3500,breakdown,16.89,4.54
26838,2636,breakdown,16.89,4.54
24980,1495,breakdown,22.9,5.09
24831,2801,legal,46.13,1.71
29598,4149,breakdown,16.89,4.54
3775,9521,full,152.63,31.98
17043,5890,legal,25.0,1.71
14055,4015,legal,46.13,1.71
22679,25,legal,37.5,2.02
14962,7665,breakdown,16.89,4.54
19100,5257,legal,37.5,2.02
4966,9843,breakdown,22.9,5.09
18301,3521,full,171.97,36.03
9687,7792,breakdown,16.89,4.54
14787,4430,breakdown,22.9,5.09
5443,2608,legal,30.0,1.71
8587,4894,full,214.31,44.89
10544,3965,legal,25.0,1.71
28631,3832,breakdown,22.9,5.09
1782,8719,breakdown,16.89,4.54
17965,3322,breakdown,16.89,4.54
3462,106,legal,30.0,1.71
25500,5967,breakdown,22.9,5.09
8146,1687,legal,25.0,1.71
3873,2982,legal,25.0,1.71
20616,4834,full,841.15,176.2
13946,8233,legal,25.0,1.71
2720,7052,full,631.16,132.22
87,9806,legal,46.13,1.71
175,7429,legal,37.5,2.02
9836,3780,legal,25.0,1.71
6285,9855,legal,25.0,1.71
6898,6138,breakdown,22.9,5.09
6349,4978,breakdown,22.9,5.09
21942,8367,legal,25.0,1.71
23350,816,breakdown,16.89,4.54
26189,9794,full,296.09,62.03
29744,7467,full,236.05,49.45
80,386,legal,25.0,1.71
22796,9531,full,2174.83,455.6
203,3836,legal,25.0,1.71
19871,8910,breakdown,16.89,4.54
16709,7983,full,271.38,56.85
29338,3599,legal,46.13,1.71
23932,2754,full,412.75,86.46
1464,8684,legal,46.13,1.71
5538,5992,full,363.79,76.21
17222,8328,full,134.64,28.21
20573,2972,legal,25.0,1.71
5693,6143,full,344.74,72.22
25225,8844,full,139.15,29.15
14574,2768,full,292.17,61.21
7861,2780,breakdown,16.89,4.54
13724,8820,breakdown,16.89,4.54
27081,2163,breakdown,16.89,4.54
9495,4118,breakdown,25.9,5.91
28568,751,legal,25.0,1.71
11596,7495,legal,25.0,1.71
11996,2819,legal,37.5,2.02
26163,4637,breakdown,16.89,4.54
22153,9848,breakdown,16.89,4.54
26656,7908,legal,25.0,1.71
3146,6898,full,184.77,38.7
5794,8611,breakdown,16.89,4.54
2356,2775,breakdown,22.9,5.09
14606,1764,legal,45.0,2.08
19783,1994,breakdown,16.89,4.54
7115,4575,full,228.35,47.84
18186,340,legal,25.0,1.71
4609,3680,full,169.37,35.48
16176,377,breakdown,16.89,4.54
25037,1695,breakdown,16.89,4.54
14057,7000,full,221.13,46.33
18118,1415,full,190.71,39.95
12791,6984,breakdown,16.89,4.54
26469,1003,legal,25.0,1.71
17095,5390,full,448.37,93.93
13828,6801,full,188.67,39.53
10801,4670,breakdown,22.9,5.09
2833,294,full,172.87,36.22
7314,2348,breakdown,16.89,4.54
4356,5747,breakdown,16.89,4.54
23110,1968,legal,25.0,1.71
19124,6085,breakdown,22.9,5.09
21579,3358,full,236.47,49.54
17454,6773,breakdown,22.9,5.09
9025,8016,full,157.01,32.89
286,9369,full,253.95,53.2
6999,1484,breakdown,16.89,4.54
1681,4437,breakdown,16.89,4.54
990,1102,legal,25.0,1.71
12846,1651,full,267.41,56.02
26889,3556,legal,25.0,1.71
8615,9323,legal,25.0,1.71
19012,7391,legal,25.0,1.71
29659,5107,breakdown,22.9,5.09
26914,6989,legal,37.5,2.02
13075,6550,full,356.04,74.58
27826,6518,full,180.3,37.77
10513,6570,legal,25.0,1.71
15795,6507,breakdown,25.9,5.91
19210,3267,full,351.46,73.63
747,2022,breakdown,16.89,4.54
8210,2926,full,231.43,48.48
6133,4547,legal,25.0,1.71
14286,8047,breakdown,16.89,4.54
27604,3400,legal,25.0,1.71
27800,8947,legal,46.13,1.71
13291,922,legal,25.0,1.71
16158,3289,legal,37.5,2.02
13137,5979,breakdown,16.89,4.54
8846,2391,breakdown,16.89,4.54
1931,3318,legal,25.0,1.71
22550,7374,breakdown,22.9,5.09
7590,8853,full,327.95,68.7
14586,9713,legal,46.13,1.71
19313,989,legal,25.0,1.71
20946,3366,full,352.22,73.78
15679,1788,legal,30.0,1.71
26066,4677,full,172.87,36.22
1541,8488,breakdown,16.89,4.54
20898,3551,full,147.41,30.88
20685,2420,legal,25.0,1.71
26004,266,full,673.75,141.14
28289,8134,full,187.44,39.26
8512,680,legal,30.0,1.71
10184,7110,breakdown,16.89,4.54
9680,2482,full,203.93,42.72
47,5456,legal,25.0,1.71
23678,2467,legal,25.0,1.71
24928,9547,legal,25.0,1.71
7586,2405,full,466.26,97.67
11231,8837,breakdown,16.89,4.54
2548,6267,breakdown,22.9,5.09
18652,8150,legal,25.0,1.71
22078,7255,full,518.27,108.58
23702,8873,legal,25.0,1.71
17905,168,legal,25.0,1.71
10600,6123,full,406.07,85.07
24969,1412,full,478.1,100.16
3576,6150,full,501.11,104.97
4580,4426,full,384.32,80.51
25354,7660,full,196.87,41.24
24306,7273,breakdown,16.89,4.54
284,9193,full,600.19,125.73
20485,1400,breakdown,16.89,4.54
25395,454,full,460.95,96.56
13973,936,breakdown,25.9,5.91
11926,3345,legal,25.0,1.71
1079,8437,breakdown,16.89,4.54
8063,3424,breakdown,16.89,4.54
26292,9722,breakdown,16.89,4.54
434,3906,full,109.0,22.84
9358,7072,breakdown,16.89,4.54
6399,6217,breakdown,16.89,4.54
17896,9747,full,231.91,48.58
22394,6651,full,580.86,121.68
26229,477,full,441.56,92.5
16649,7145,breakdown,16.89,4.54
4355,1254,legal,25.0,1.71
3567,5360,breakdown,16.89,4.54
15279,1130,breakdown,22.9,5.09
19424,6897,breakdown,16.89,4.54
28905,1945,legal,92.32,2.83
28207,4960,breakdown,16.89,4.54
22328,7852,breakdown,22.9,5.09
24344,2646,legal,37.5,2.02
5093,7163,breakdown,16.89,4.54
7823,3324,legal,25.0,1.71
8629,1794,legal,69.23,2.27
7117,5978,full,420.76,88.15
12724,9088,full,214.77,44.99
24108,4191,legal,25.0,1.71
6754,7306,full,178.32,37.35
21725,9307,full,113.85,23.85
29657,1600,full,207.31,43.43
29860,3581,breakdown,16.89,4.54
7119,3939,legal,25.0,1.71
18097,760,legal,25.0,1.71
8810,5676,legal,25.0,1.71
16521,3762,full,102.76,21.53
7351,6538,legal,25.0,1.71
7872,9313,breakdown,16.89,4.54
12391,5012,full,340.18,71.26
6130,2155,legal,25.0,1.71
13041,187,legal,45.0,2.08
29949,3026,full,101.2,21.2
20005,3362,legal,46.13,1.71
26723,7899,legal,37.5,2.02
27470,12,full,336.35,70.46
10820,1812,legal,25.0,1.71
9622,8457,breakdown,22.9,5.09
13623,7089,full,379.66,79.53
17249,6659,full,1034.01,216.61
27345,8322,breakdown,16.89,4.54
7036,5218,legal,37.5,2.02
8120,6123,breakdown,16.89,4.54
879,5297,full,342.99,71.85
13936,7940,full,366.6,76.8
22068,3710,full,405.14,84.87
6190,7436,legal,25.0,1.71
3286,6726,full,439.6,92.09
15246,8896,breakdown,16.89,4.54
2940,1586,breakdown,16.89,4.54
6987,3598,breakdown,16.89,4.54
6041,3042,full,158.11,33.13
27445,9282,legal,30.0,1.71
1105,3573,legal,25.0,1.71
16612,2025,legal,37.5,2.02
15019,4743,legal,46.13,1.71
15994,8429,breakdown,16.89,4.54
595,7598,full,828.62,173.59
27324,2240,full,171.97,36.03
15317,4337,full,192.65,40.36
10324,1480,legal,25.0,1.71
10733,224,full,470.99,98.66
2018,8202,breakdown,16.89,4.54
27722,1495,legal,37.5,2.02
12691,6660,full,172.87,36.22
22004,6035,legal,25.0,1.71
21082,489,breakdown,32.4,6.5
2320,3631,legal,25.0,1.71
8379,265,breakdown,16.89,4.54
13196,3677,full,296.26,62.06
19004,8653,full,707.23,148.15
23100,7560,full,178.07,37.31
21308,58,breakdown,22.9,5.09
9318,4905,breakdown,16.89,4.54
7107,3567,full,559.13,117.13
27680,9150,breakdown,22.9,5.09
772,8838,full,148.22,31.05
6198,6096,breakdown,16.89,4.54
5870,5694,breakdown,22.9,5.09
6251,7057,legal,37.5,2.02
790,9625,legal,25.0,1.71
1833,799,legal,69.23,2.27
18718,2260,legal,25.0,1.71
22330,535,legal,25.0,1.71
29152,4630,breakdown,16.89,4.54
21380,4129,breakdown,16.89,4.54
20891,6200,legal,25.0,1.71
7920,3725,full,274.93,57.59
11685,487,full,169.37,35.48
17291,6868,legal,30.0,1.71
23263,3168,legal,25.0,1.71
25729,8190,legal,25.0,1.71
3078,6873,legal,25.0,1.71
20929,5491,legal,25.0,1.71
11904,3513,breakdown,16.89,4.54
12099,9221,legal,37.5,2.02
5985,304,breakdown,16.89,4.54
505,3771,legal,25.0,1.71
20182,8110,full,409.89,85.86
8742,3031,legal,25.0,1.71
1226,149,legal,25.0,1.71
13595,6795,legal,45.0,2.08
11523,9019,full,206.21,43.2
602,273,breakdown,22.9,5.09
8679,9155,legal,30.0,1.71
7142,4449,breakdown,16.89,4.54
11617,3924,full,240.17,50.31
10530,8749,legal,25.0,1.71
5997,6903,legal,45.0,2.08
12725,3916,full,1426.92,298.92
329,3503,full,148.38,31.09
24417,5699,breakdown,22.9,5.09
13585,9629,legal,25.0,1.71
6066,8111,legal,25.0,1.71
10080,535,breakdown,16.89,4.54
28080,235,breakdown,16.89,4.54
2538,4020,full,282.04,59.08
11970,4216,legal,37.5,2.02
624,1878,legal,25.0,1.71
17416,7001,legal,25.0,1.71
6313,885,full,431.23,90.34
18560,1015,breakdown,16.89,4.54
21331,1961,full,1036.8,217.2
2610,5883,legal,37.5,2.02
23582,9154,breakdown,16.89,4.54
12627,1045,full,513.04,107.47
10586,8250,breakdown,16.89,4.54
3354,5814,full,455.94,95.51
27086,659,breakdown,16.89,4.54
1650,9560,full,324.88,68.06
11084,6682,breakdown,16.89,4.54
10497,3504,full,354.46,74.25
7844,7579,legal,25.0,1.71
24189,3566,breakdown,16.89,4.54
27520,1992,full,340.68,71.37
15280,9756,legal,25.0,1.71
22547,6465,breakdown,22.9,5.09
11929,2767,full,307.86,64.5
8417,7684,breakdown,22.9,5.09
18426,7600,full,101.2,21.2
5010,5934,full,457.82,95.91
5681,5537,full,228.44,47.85
16306,4671,legal,37.5,2.02
13249,8252,breakdown,22.9,5.09
6777,4537,legal,25.0,1.71
13202,2023,legal,37.5,2.02
17730,740,breakdown,22.9,5.09
19413,8050,breakdown,16.89,4.54
7260,780,full,190.09,39.82
22353,7892,full,575.41,120.54
16725,9090,full,162.14,33.97
17545,7242,legal,37.5,2.02
17759,2034,full,901.52,188.86
19648,2253,breakdown,22.9,5.09
12527,7312,legal,46.13,1.71
12785,381,legal,37.5,2.02
1532,2732,full,637.15,133.48
18207,8723,legal,92.32,2.83
6794,5131,breakdown,16.89,4.54
21389,7500,breakdown,16.89,4.54
13186,4089,legal,25.0,1.71
29096,9174,breakdown,22.9,5.09
1382,1366,legal,46.13,1.71
27844,5022,breakdown,22.9,5.09
28764,5137,breakdown,16.89,4.54
23063,7370,legal,25.0,1.71
10204,7438,legal,25.0,1.71
3805,9975,breakdown,16.89,4.54
28820,1618,breakdown,16.89,4.54
2042,3183,full,510.2,106.88
10963,6617,legal,25.0,1.71
28509,602,breakdown,22.9,5.09
2545,5504,breakdown,22.9,5.09
23823,7016,legal,25.0,1.71
3399,3152,legal,37.5,2.02
18757,3526,full,340.37,71.31
25474,4041,legal,25.0,1.71
28672,9542,full,190.09,39.82
24585,3940,breakdown,16.89,4.54
14888,2680,legal,46.13,1.71
11421,3578,breakdown,25.9,5.91
18925,1084,breakdown,16.89,4.54
14502,8619,full,206.23,43.2
26461,3914,full,316.25,66.25
19493,4687,legal,25.0,1.71
8041,1825,legal,25.0,1.71
17365,4704,breakdown,22.9,5.09
12894,4258,full,268.91,56.33
25564,4216,full,609.66,127.71
3151,3197,full,240.2,50.32
25605,1127,breakdown,16.89,4.54
11126,2343,full,233.11,48.84
11864,5921,breakdown,16.89,4.54
569,3561,breakdown,16.89,4.54
4881,2048,breakdown,16.89,4.54
15486,9434,full,282.24,59.13
22076,6333,full,362.22,75.88
24836,2412,full,422.34,88.48
3295,1854,full,235.19,49.27
20332,8640,full,395.94,82.94
11348,7602,full,185.9,38.95
24927,3588,breakdown,16.89,4.54
6902,1915,legal,25.0,1.71
27565,6542,breakdown,16.89,4.54
16187,6890,legal,25.0,1.71
6663,4879,breakdown,22.9,5.09
18094,9532,breakdown,16.89,4.54
13763,1996,full,259.5,54.36
16366,2828,full,392.7,82.27
29333,2148,full,463.64,97.12
24533,7639,full,150.32,31.49
9664,6745,breakdown,16.89,4.54
28094,8352,breakdown,16.89,4.54
19032,9940,full,170.78,35.78
26514,4666,breakdown,25.9,5.91
25927,8050,legal,25.0,1.71
24069,3930,full,643.95,134.9
5983,5715,breakdown,22.9,5.09
24210,6895,breakdown,22.9,5.09
7795,2308,legal,25.0,1.71
7851,3493,legal,25.0,1.71
21338,5243,full,188.75,39.54
13161,2472,full,330.08,69.15
19389,2142,legal,46.13,1.71
28805,6959,full,152.23,31.89
29615,4884,legal,25.0,1.71
25915,4263,legal,37.5,2.02
6838,7501,breakdown,22.9,5.09
11052,1199,full,458.96,96.15
28750,8993,breakdown,16.89,4.54
22911,7869,full,475.47,99.61
9662,8102,legal,25.0,1.71
13714,1070,legal,25.0,1.71
17268,7982,full,339.84,71.19
25903,2123,legal,25.0,1.71
532,5974,breakdown,16.89,4.54
13615,8471,legal,25.0,1.71
21704,5728,legal,37.5,2.02
3315,7248,legal,25.0,1.71
24125,9900,breakdown,16.89,4.54
21785,1646,legal,37.5,2.02
28836,1430,breakdown,16.89,4.54
10491,4014,full,391.8,82.08
26942,9972,legal,25.0,1.71
26770,5028,legal,25.0,1.71
21987,5422,legal,46.13,1.71
8409,2928,breakdown,16.89,4.54
6608,7771,breakdown,16.89,4.54
4983,2479,breakdown,16.89,4.54
3698,7912,breakdown,22.9,5.09
6458,55,breakdown,22.9,5.09
29421,6374,full,340.58,71.35
834,5414,breakdown,16.89,4.54
20333,3444,full,376.38,78.85
23802,2355,breakdown,16.89,4.54
21071,7141,full,389.88,81.68
19455,4194,legal,25.0,1.71
24823,3406,breakdown,25.9,5.91
20994,140,breakdown,22.9,5.09
15927,2703,breakdown,22.9,5.09
26111,5005,breakdown,16.89,4.54
548,4165,breakdown,16.89,4.54
16253,1658,breakdown,16.89,4.54
10861,7600,legal,69.23,2.27
26326,9144,full,1074.43,225.08
14509,2822,legal,25.0,1.71
20902,1271,legal,46.13,1.71
25031,1091,breakdown,16.89,4.54
29112,5963,breakdown,16.89,4.54
9840,9397,full,1426.92,298.92
15799,8176,full,169.37,35.48
28674,6189,breakdown,22.9,5.09
8692,9567,legal,25.0,1.71
20089,5091,legal,37.5,2.02
10717,2939,breakdown,25.9,5.91
8023,679,breakdown,25.9,5.91
24784,7293,full,101.2,21.2
10849,6119,full,272.24,57.03
11691,6726,legal,25.0,1.71
8558,5682,legal,37.5,2.02
15613,9663,full,357.21,74.83
27851,44,legal,25.0,1.71
10698,2465,legal,37.5,2.02
1394,6999,legal,25.0,1.71
24676,5250,full,321.09,67.26
5159,938,legal,25.0,1.71
15877,4820,breakdown,16.89,4.54
13125,99,legal,25.0,1.71
17060,145,breakdown,16.89,4.54
1938,3298,full,273.98,57.39
17675,635,breakdown,16.89,4.54
29243,2564,legal,25.0,1.71
8946,2065,breakdown,16.89,4.54
28892,7159,legal,37.5,2.02
13141,1949,breakdown,16.89,4.54
23693,2674,full,169.37,35.48
13820,206,full,250.47,52.47
2719,1887,legal,25.0,1.71
23308,1018,breakdown,22.9,5.09
19448,8468,full,251.73,52.73
11167,2452,breakdown,16.89,4.54
15985,5034,breakdown,16.89,4.54
6417,9859,breakdown,16.89,4.54
25432,2531,legal,25.0,1.71
20001,9534,breakdown,22.9,5.09
12403,8540,breakdown,25.9,5.91
26891,3761,full,183.52,38.44
15356,2561,breakdown,32.4,6.5
9154,3187,breakdown,16.89,4.54
606,7888,breakdown,16.89,4.54
18571,512,breakdown,22.9,5.09
10868,7839,full,340.18,71.27
3879,8039,breakdown,16.89,4.54
14536,8308,breakdown,22.9,5.09
3681,9817,legal,25.0,1.71
28699,4285,breakdown,16.89,4.54
28004,6977,full,290.37,60.83
10374,6451,legal,92.32,2.83
16954,2419,legal,25.0,1.71
28720,9464,legal,25.0,1.71
10333,2363,legal,25.0,1.71
11364,9135,breakdown,16.89,4.54
5887,9363,full,152.23,31.89
19495,7699,full,478.19,100.17
21886,8331,legal,37.5,2.02
15951,2522,breakdown,16.89,4.54
20963,9971,full,644.51,135.02
14955,3169,full,172.87,36.22
18349,6673,legal,25.0,1.71
22786,9979,legal,25.0,1.71
13036,6752,full,172.87,36.22
17707,894,legal,25.0,1.71
25573,8106,breakdown,16.89,4.54
9366,842,breakdown,16.89,4.54
13205,1760,full,251.73,52.73
13797,9726,full,203.82,42.7
19232,1633,breakdown,22.9,5.09
14814,7361,full,252.48,52.89
15220,6505,legal,25.0,1.71
7684,6841,breakdown,22.9,5.09
14472,9215,full,250.47,52.47
12908,2737,legal,25.0,1.71
9560,7546,breakdown,22.9,5.09
21095,7383,breakdown,16.89,4.54
1421,3175,breakdown,16.89,4.54
18646,4577,breakdown,16.89,4.54
21107,4765,breakdown,16.89,4.54
10349,8982,full,447.47,93.74
28683,3787,breakdown,16.89,4.54
18835,1676,full,270.28,56.62
28684,9653,breakdown,16.89,4.54
10486,7583,breakdown,16.89,4.54
9629,4658,full,267.17,55.97
29363,3448,legal,37.5,2.02
20013,9661,full,444.85,93.19
17902,3957,full,101.2,21.2
11581,9218,breakdown,22.9,5.09
19992,1318,full,399.6,83.71
3514,9992,legal,25.0,1.71
29035,5051,legal,25.0,1.71
5290,1446,full,285.86,59.89
3674,925,legal,25.0,1.71
14440,2136,legal,25.0,1.71
9278,6691,breakdown,16.89,4.54
398,1151,breakdown,16.89,4.54
323,750,full,171.53,35.94
19276,6003,legal,46.13,1.71
14593,7827,breakdown,16.89,4.54
14520,3627,breakdown,16.89,4.54
8495,2625,full,352.94,73.94
28514,5375,full,459.96,96.36
5301,6104,breakdown,25.9,5.91
24342,39,breakdown,16.89,4.54
9155,6249,legal,37.5,2.02
12321,3047,breakdown,16.89,4.54
5225,210,breakdown,22.9,5.09
5736,2682,legal,45.0,2.08
27168,6257,breakdown,16.89,4.54
12530,7870,breakdown,22.9,5.09
26963,2577,full,227.7,47.7
26671,1751,breakdown,16.89,4.54
28558,6554,breakdown,22.9,5.09
11181,4440,legal,25.0,1.71
22999,5282,breakdown,16.89,4.54
10179,1524,full,189.75,39.75
20085,2685,legal,25.0,1.71
27842,2406,breakdown,16.89,4.54
21724,1846,full,516.1,108.12
807,7263,full,142.26,29.8
15744,4231,legal,37.5,2.02
1946,1515,breakdown,16.89,4.54
13148,2544,full,152.23,31.89
26074,66,full,345.88,72.46
22995,375,breakdown,16.89,4.54
5926,9346,breakdown,16.89,4.54
29873,4580,legal,25.0,1.71
14984,3685,breakdown,16.89,4.54
4090,2313,full,385.31,80.72
10535,5726,legal,46.13,1.71
8268,5400,breakdown,16.89,4.54
19291,7207,legal,25.0,1.71
29024,6304,legal,25.0,1.71
19999,5644,breakdown,16.89,4.54
7978,9125,full,442.75,92.75
1922,131,legal,25.0,1.71
3039,6046,breakdown,16.89,4.54
8680,6121,legal,25.0,1.71
18496,2142,full,103.3,21.64
25078,2805,legal,46.13,1.71
24162,3065,legal,25.0,1.71
5621,4477,breakdown,16.89,4.54
15189,117,full,323.98,67.87
28296,5512,legal,25.0,1.71
17473,2778,full,190.09,39.82
10835,261,legal,30.0,1.71
15432,3114,legal,37.5,2.02
3066,5623,breakdown,25.9,5.91
28943,4333,breakdown,16.89,4.54
26406,4665,legal,30.0,1.71
22932,4713,breakdown,16.89,4.54
11745,4463,legal,37.5,2.02
28468,9588,full,186.93,39.16
15702,4687,full,453.55,95.01
23358,2765,breakdown,16.89,4.54
18833,1804,breakdown,25.9,5.91
11530,7765,breakdown,16.89,4.54
10085,6579,full,216.42,45.33
7086,9212,full,257.05,53.85
4685,6383,full,483.28,101.24
8895,7996,legal,37.5,2.02
528,2158,legal,37.5,2.02
19009,8571,full,441.27,92.44
21142,1265,full,214.28,44.89
27077,6224,legal,25.0,1.71
15217,2761,full,269.4,56.44
21147,1228,legal,37.5,2.02
13001,5643,legal,25.0,1.71
12006,8232,full,404.87,84.81
24731,4923,full,329.09,68.94
3584,6858,breakdown,16.89,4.54
6731,5223,legal,25.0,1.71
7760,4082,legal,25.0,1.71
27754,2915,breakdown,25.9,5.91
8792,5818,full,441.17,92.42
21052,3400,full,190.09,39.82
12181,6888,full,169.37,35.48
6226,4750,breakdown,16.89,4.54
12048,8834,breakdown,16.89,4.54
1556,7952,full,171.16,35.86
11696,3425,legal,46.13,1.71
11127,7492,full,101.2,21.2
4457,8542,breakdown,16.89,4.54
29442,2706,full,139.15,29.15
13164,7682,full,179.76,37.66
4601,1487,breakdown,16.89,4.54
19385,4923,legal,25.0,1.71
26820,5484,breakdown,16.89,4.54
10185,649,legal,25.0,1.71
15040,285,full,578.9,121.28
18689,3405,legal,25.0,1.71
6281,7463,breakdown,16.89,4.54
7322,1853,legal,25.0,1.71
20545,2567,legal,25.0,1.71
27631,9992,full,581.76,121.87
18853,1599,full,152.63,31.98
1964,6200,full,1186.36,248.53
22924,8175,full,330.18,69.17
8043,1953,legal,30.0,1.71
24488,9090,breakdown,22.9,5.09
7598,4956,full,190.93,40.0
17914,8881,breakdown,16.89,4.54
3187,6792,breakdown,22.9,5.09
18069,8059,legal,25.0,1.71
22740,5491,full,172.87,36.22
17500,1040,breakdown,16.89,4.54
25193,8404,legal,25.0,1.71
673,5109,full,701.9,147.04
27545,8789,full,293.99,61.59
19581,5105,breakdown,16.89,4.54
5764,4261,breakdown,16.89,4.54
5619,2602,breakdown,16.89,4.54
6429,7621,breakdown,16.89,4.54
9593,690,full,541.26,113.39
5763,7381,breakdown,16.89,4.54
10272,6562,breakdown,22.9,5.09
16732,7842,breakdown,16.89,4.54
23699,4879,legal,37.5,2.02
14284,1778,legal,25.0,1.71
23647,5829,full,171.97,36.03
23916,9044,breakdown,22.9,5.09
10271,4244,breakdown,16.89,4.54
1728,6596,legal,25.0,1.71
3008,5766,legal,37.5,2.02
12463,3256,breakdown,16.89,4.54
24432,592,breakdown,16.89,4.54
3780,8673,breakdown,16.89,4.54
206,2675,full,646.38,135.41
8961,1873,full,369.0,77.3
4068,5374,legal,25.0,1.71
6106,8074,legal,46.13,1.71
24079,4441,breakdown,22.9,5.09
28661,7020,breakdown,16.89,4.54
14870,6500,legal,25.0,1.71
2353,2067,legal,25.0,1.71
1240,1721,legal,25.0,1.71
7,4046,breakdown,16.89,4.54
20698,7414,full,303.31,63.54
18057,8622,legal,25.0,1.71
27292,1733,full,148.69,31.15
946,6367,breakdown,16.89,4.54
22733,1952,breakdown,22.9,5.09
14041,8096,breakdown,16.89,4.54
26369,247,legal,25.0,1.71
29912,6396,full,538.51,112.82
22163,1861,full,272.87,57.16
22058,4043,full,559.49,117.21
27106,4980,breakdown,16.89,4.54
10038,1820,legal,46.13,1.71
22219,5088,breakdown,16.89,4.54
7382,195,legal,25.0,1.71
15133,9273,legal,45.0,2.08
506,1828,breakdown,16.89,4.54
17686,1473,legal,25.0,1.71
29556,9215,breakdown,32.4,6.5
6167,7412,breakdown,16.89,4.54
22195,101,breakdown,16.89,4.54
27134,4782,full,212.7,44.56
5856,9379,full,692.25,145.02
21750,7724,legal,25.0,1.71
29871,4450,full,707.07,148.12
20988,5301,breakdown,16.89,4.54
28484,2758,legal,37.5,2.02
4921,7031,breakdown,16.89,4.54
11548,328,legal,37.5,2.02
23862,2061,legal,25.0,1.71
4697,165,breakdown,16.89,4.54
29605,129,full,275.19,57.65
3560,2589,legal,25.0,1.71
24656,2146,legal,25.0,1.71
21884,6175,full,273.65,57.32
15349,3596,full,192.01,40.22
11138,81,breakdown,22.9,5.09
3226,2232,breakdown,16.89,4.54
13866,7449,full,909.7,190.57
6472,1985,legal,46.13,1.71
15427,1664,full,501.63,105.09
11977,2162,full,307.09,64.33
19247,2086,full,652.87,136.77
21364,2250,breakdown,16.89,4.54
5136,5219,full,1101.2,230.68
23258,7028,legal,25.0,1.71
7450,3926,full,101.2,21.2
17109,2597,breakdown,22.9,5.09
11115,1731,legal,25.0,1.71
26614,3569,breakdown,22.9,5.09
4039,1855,full,295.6,61.92
11854,1659,full,169.37,35.48
8307,1784,full,804.92,168.62
6157,1805,legal,25.0,1.71
9548,9128,full,240.91,50.47
23419,1859,breakdown,16.89,4.54
25521,2239,breakdown,16.89,4.54
17192,5245,legal,25.0,1.71
21155,8869,breakdown,22.9,5.09
23514,7854,legal,30.0,1.71
1103,9622,legal,25.0,1.71
520,1427,breakdown,16.89,4.54
3489,55,full,266.65,55.86
28254,1490,full,245.89,51.51
25100,7841,breakdown,16.89,4.54
15192,1386,legal,37.5,2.02
5820,3922,breakdown,16.89,4.54
20233,5451,full,376.33,78.84
1555,10,breakdown,16.89,4.54
10387,4254,legal,25.0,1.71
23379,8825,legal,25.0,1.71
18314,2753,full,347.66,72.83
15123,4471,full,529.93,111.02
10196,906,full,423.43,88.71
8160,4040,legal,25.0,1.71
17651,1180,full,1329.29,278.47
7085,2389,breakdown,22.9,5.09
29888,6183,full,628.68,131.7
524,7971,legal,25.0,1.71
12888,8087,legal,25.0,1.71
2210,4266,legal,25.0,1.71
9915,5081,legal,25.0,1.71
5690,4447,full,240.1,50.3
27736,9696,legal,37.5,2.02
28012,5203,legal,37.5,2.02
10161,760,breakdown,16.89,4.54
15185,3263,breakdown,16.89,4.54
4844,2793,breakdown,16.89,4.54
21241,6422,legal,25.0,1.71
17256,8618,full,214.57,44.95
28711,6219,legal,25.0,1.71
16078,9203,full,250.47,52.47
25689,5984,full,258.04,54.06
11755,1317,legal,37.5,2.02
14012,9692,breakdown,25.9,5.91
29518,423,full,576.99,120.87
29106,2191,breakdown,22.9,5.09
967,7180,legal,46.13,1.71
22010,9240,full,565.1,118.38
1017,4361,legal,25.0,1.71
20442,9934,breakdown,16.89,4.54
25526,3897,breakdown,16.89,4.54
23346,6486,breakdown,16.89,4.54
9537,6546,breakdown,22.9,5.09
4729,5653,breakdown,16.89,4.54
1701,3701,breakdown,16.89,4.54
11200,5485,full,432.96,90.7
23291,7892,legal,25.0,1.71
17139,5251,legal,25.0,1.71
6525,7358,legal,46.13,1.71
26382,9433,breakdown,16.89,4.54
3642,7711,legal,25.0,1.71
19590,7650,breakdown,16.89,4.54
23128,1760,breakdown,22.9,5.09
23501,6222,legal,25.0,1.71
9830,8620,breakdown,22.9,5.09
21520,5268,breakdown,16.89,4.54
5448,6691,legal,25.0,1.71
8561,2560,breakdown,16.89,4.54
19187,8150,breakdown,16.89,4.54
13474,4775,full,198.0,41.48
4918,2321,full,457.5,95.84
12789,5082,legal,37.5,2.02
14431,269,breakdown,16.89,4.54
25443,1073,legal,25.0,1.71
1059,6911,legal,37.5,2.02
16482,5577,full,169.37,35.48
22338,7796,breakdown,16.89,4.54
19756,6096,legal,25.0,1.71
21973,9577,breakdown,16.89,4.54
22451,1956,legal,37.5,2.02
25576,9545,full,322.0,67.45
1696,88,legal,25.0,1.71
20490,6583,breakdown,16.89,4.54
17026,6777,full,177.17,37.12
853,759,full,567.26,118.83
11170,2800,full,267.29,55.99
3438,376,breakdown,16.89,4.54
21370,1447,breakdown,16.89,4.54
10139,8918,breakdown,16.89,4.54
3075,5851,legal,46.13,1.71
9858,8540,legal,30.0,1.71
2606,6112,breakdown,16.89,4.54
23774,1065,legal,25.0,1.71
14071,4024,breakdown,22.9,5.09
5142,6277,legal,37.5,2.02
4946,5361,breakdown,16.89,4.54
29242,6049,full,359.51,75.31
10477,8097,legal,69.23,2.27
17080,6812,legal,25.0,1.71
18959,1010,full,544.77,114.12
24926,5073,full,475.92,99.7
12159,5249,legal,25.0,1.71
10959,4991,legal,25.0,1.71
8533,8554,legal,25.0,1.71
26226,8106,full,385.74,80.81
25481,6357,breakdown,16.89,4.54
23597,4631,legal,37.5,2.02
14224,9018,legal,25.0,1.71
1469,744,full,585.38,122.63
19208,4067,breakdown,22.9,5.09
21015,323,legal,25.0,1.71
28060,4773,legal,25.0,1.71
29188,9061,breakdown,16.89,4.54
19330,8795,full,342.33,71.72
13651,1705,full,906.39,189.88
20264,3153,legal,25.0,1.71
1302,278,breakdown,22.9,5.09
14865,4441,legal,37.5,2.02
1837,1348,legal,25.0,1.71
12865,6461,legal,25.0,1.71
7934,2284,full,383.36,80.31
1444,1370,breakdown,16.89,4.54
3269,6464,full,239.35,50.14
15287,1285,full,426.75,89.4
8713,1155,full,101.2,21.2
22020,3698,breakdown,16.89,4.54
8735,9869,full,153.3,32.11
5273,2803,legal,25.0,1.71
15518,1727,full,410.99,86.09
12100,2556,full,223.64,46.85
18541,2053,full,375.09,78.58
27582,4590,breakdown,16.89,4.54
23633,4152,legal,25.0,1.71
13203,5635,legal,25.0,1.71
3791,6524,full,182.02,38.13
19053,3414,legal,25.0,1.71
9051,5630,breakdown,16.89,4.54
18324,4039,legal,25.0,1.71
25675,9208,full,152.23,31.89
12775,9477,full,220.92,46.28
13109,8981,full,503.26,105.42
11776,4523,full,250.47,52.47
749,531,full,231.42,48.48
3813,7876,breakdown,16.89,4.54
9807,8589,breakdown,16.89,4.54
27549,636,legal,25.0,1.71
10227,366,legal,25.0,1.71
25740,7234,breakdown,16.89,4.54
157,1823,full,101.2,21.2
12162,2928,full,209.03,43.79
13451,1978,full,251.74,52.74
21874,1476,full,442.75,92.75
10035,703,breakdown,22.9,5.09
1180,5955,legal,37.5,2.02
2285,707,full,220.59,46.21
4498,6098,breakdown,16.89,4.54
908,2317,legal,37.5,2.02
6889,4160,full,381.48,79.91
2068,8265,legal,45.0,2.08
14598,8609,breakdown,22.9,5.09
26580,6885,breakdown,16.89,4.54
15022,3225,breakdown,16.89,4.54
12616,2323,legal,25.0,1.71
2004,2581,full,218.31,45.73
23504,3543,full,101.2,21.2
18774,3450,breakdown,22.9,5.09
8266,7980,full,255.93,53.61
9770,1245,legal,46.13,1.71
24702,2506,breakdown,16.89,4.54
25121,174,full,326.66,68.43
11517,8198,legal,25.0,1.71
19782,6998,legal,25.0,1.71
28310,1062,full,432.45,90.59
2385,7907,breakdown,16.89,4.54
19852,1734,full,152.23,31.89
16038,9027,legal,25.0,1.71
6245,70,breakdown,16.89,4.54
26976,466,full,169.37,35.48
479,173,breakdown,16.89,4.54
24447,6533,full,206.5,43.26
28754,9581,breakdown,16.89,4.54
14372,4336,full,172.74,36.19
15848,2063,breakdown,16.89,4.54
6386,7790,legal,25.0,1.71
18072,8268,full,618.98,129.67
13145,4800,legal,25.0,1.71
20370,8375,breakdown,16.89,4.54
6076,2960,breakdown,16.89,4.54
4652,3763,breakdown,16.89,4.54
18397,4159,full,523.05,109.57
16090,5007,legal,37.5,2.02
14833,6722,full,158.27,33.16
27712,2933,full,189.75,39.75
119,4918,breakdown,16.89,4.54
21862,191,legal,25.0,1.71
5951,2282,full,218.07,45.68
7101,961,breakdown,22.9,5.09
23402,7392,legal,46.13,1.71
18553,8262,full,246.51,51.64
16499,9781,breakdown,16.89,4.54
4178,7934,breakdown,22.9,5.09
9403,5670,legal,25.0,1.71
3123,8548,full,101.2,21.2
18042,6047,full,226.06,47.35
942,2719,full,575.7,120.61
4084,182,full,1158.28,242.64
24155,8771,breakdown,16.89,4.54
8721,3833,legal,25.0,1.71
19786,7504,breakdown,16.89,4.54
8843,3929,full,205.04,42.96
4162,3673,legal,25.0,1.71
1175,345,full,339.92,71.21
10957,2386,full,849.71,178.0
7354,3431,legal,25.0,1.71
13021,8862,full,251.91,52.77
20644,3741,full,262.22,54.94
21733,8159,legal,37.5,2.02
1565,4323,full,225.38,47.21
27550,6994,full,441.43,92.47
20173,2209,breakdown,16.89,4.54
28476,1742,legal,25.0,1.71
10615,2802,full,101.2,21.2
7120,6496,full,274.1,57.42
28127,3570,full,152.23,31.89
17654,7972,legal,25.0,1.71
21925,1357,breakdown,16.89,4.54
28662,3906,breakdown,22.9,5.09
28638,1326,breakdown,16.89,4.54
24323,2690,legal,92.32,2.83
15018,5612,breakdown,16.89,4.54
29211,4747,full,250.31,52.44
20202,6012,full,293.19,61.42
25056,4901,legal,25.0,1.71
11739,334,full,583.57,122.25
19752,9092,full,169.37,35.48
7584,7674,breakdown,16.89,4.54
2179,583,breakdown,16.89,4.54
23609,6404,breakdown,16.89,4.54
16751,343,breakdown,16.89,4.54
28340,9458,full,689.94,144.53
24291,382,legal,25.0,1.71
12217,1752,legal,37.5,2.02
5898,9635,legal,25.0,1.71
5845,4326,full,236.25,49.49
2000,9493,full,265.72,55.67
27710,2804,breakdown,16.89,4.54
27074,247,full,561.47,117.62
12040,4795,breakdown,16.89,4.54
16107,4162,breakdown,16.89,4.54
8397,3796,legal,37.5,2.02
12578,6732,full,303.77,63.63
21033,4865,breakdown,16.89,4.54
6747,5150,breakdown,16.89,4.54
18271,8025,legal,46.13,1.71
19010,5264,full,276.08,57.84
14935,5537,legal,25.0,1.71
8469,6923,legal,69.23,2.27
24545,5682,breakdown,22.9,5.09
9725,7012,breakdown,22.9,5.09
24399,3232,full,174.11,36.48
11704,2698,legal,45.0,2.08
15475,3533,breakdown,16.89,4.54
13485,6410,legal,25.0,1.71
25207,5686,breakdown,16.89,4.54
28106,6255,breakdown,22.9,5.09
16555,3632,breakdown,16.89,4.54
325,1151,full,444.35,93.08
5034,9739,breakdown,16.89,4.54
20138,5163,breakdown,16.89,4.54
25430,7876,legal,25.0,1.71
15988,2447,legal,25.0,1.71
26395,2943,legal,25.0,1.71
28148,5624,full,101.2,21.2
17919,677,full,101.2,21.2
25887,6699,breakdown,22.9,5.09
28888,9384,legal,37.5,2.02
22127,7047,legal,46.13,1.71
21591,8456,breakdown,16.89,4.54
1561,1663,breakdown,22.9,5.09
9298,7691,full,280.45,58.76
13382,9976,breakdown,16.89,4.54
2133,1204,legal,25.0,1.71
4608,9858,full,175.02,36.66
2930,9733,full,133.92,28.06
21514,5518,breakdown,22.9,5.09
11811,6681,breakdown,16.89,4.54
6598,6927,breakdown,16.89,4.54
3452,324,legal,37.5,2.02
10124,5093,legal,25.0,1.71
20767,5460,breakdown,16.89,4.54
24597,4990,breakdown,22.9,5.09
24502,7858,legal,37.5,2.02
23664,1624,breakdown,16.89,4.54
16132,5560,legal,46.13,1.71
24696,3899,legal,25.0,1.71
11233,7134,full,171.53,35.94
25596,8891,full,220.53,46.2
7749,5707,full,113.85,23.85
21482,1907,full,503.6,105.5
22435,6568,full,850.77,178.23
15392,997,breakdown,22.9,5.09
26591,4932,legal,25.0,1.71
4410,1885,full,152.23,31.89
507,9870,legal,25.0,1.71
7792,8103,legal,69.23,2.27
7081,8216,legal,37.5,2.02
22913,1099,full,1059.43,221.94
12601,8727,full,353.02,73.95
28236,7353,legal,25.0,1.71
27497,3420,legal,46.13,1.71
27014,318,full,385.4,80.74
26943,6646,legal,25.0,1.71
6725,5457,full,416.24,87.2
23816,3840,breakdown,16.89,4.54
7835,9092,breakdown,16.89,4.54
11668,3057,breakdown,22.9,5.09
6611,6958,legal,25.0,1.71
22758,9966,full,658.69,137.99
23778,6270,full,165.46,34.66
1711,5103,full,296.35,62.08
21880,5828,full,192.3,40.28
27084,660,breakdown,22.9,5.09
7448,8705,full,250.7,52.52
26803,3298,breakdown,16.89,4.54
17382,8693,full,363.51,76.14
12808,5420,full,281.83,59.04
4194,9267,legal,25.0,1.71
3388,6319,full,223.35,46.79
13198,311,full,377.35,79.05
23809,1461,breakdown,16.89,4.54
15330,7746,legal,37.5,2.02
233,8402,full,799.15,167.41
7060,6050,full,152.23,31.89
2486,5110,legal,25.0,1.71
2435,3166,full,312.62,65.49
16173,791,legal,46.13,1.71
9632,1351,full,288.43,60.42
19993,5055,breakdown,16.89,4.54
19223,6165,breakdown,16.89,4.54
26279,4877,legal,25.0,1.71
2362,971,legal,25.0,1.71
10449,5008,breakdown,16.89,4.54
4167,4676,full,172.87,36.22
3323,5246,legal,37.5,2.02
9978,2546,full,564.72,118.3
8790,1618,full,101.2,21.2
29933,5564,breakdown,16.89,4.54
26483,8894,full,468.76,98.2
29563,378,breakdown,16.89,4.54
3116,4820,legal,25.0,1.71
2482,2850,full,384.78,80.61
27174,6392,legal,37.5,2.02
6970,1242,breakdown,16.89,4.54
27408,3380,breakdown,22.9,5.09
26154,697,full,109.54,22.95
23992,3909,full,707.71,148.26
29502,9099,legal,25.0,1.71
7072,6464,legal,37.5,2.02
12979,9152,breakdown,16.89,4.54
27447,4151,full,332.52,69.66
1405,8721,legal,25.0,1.71
3477,6424,full,499.16,104.57
9475,4695,breakdown,16.89,4.54
19605,9434,legal,25.0,1.71
26826,3587,full,1274.98,267.09
24728,8945,breakdown,16.89,4.54
16911,9205,full,496.14,103.93
19062,5311,legal,37.5,2.02
23382,4190,full,169.37,35.48
18217,3495,full,346.7,72.63
17514,211,legal,37.5,2.02
26919,7014,legal,37.5,2.02
18358,4854,legal,25.0,1.71
12014,2929,legal,25.0,1.71
851,7604,legal,25.0,1.71
25773,5191,breakdown,22.9,5.09
27258,1167,breakdown,22.9,5.09
4243,2739,full,546.19,114.42
29218,4392,breakdown,16.89,4.54
3980,5450,legal,25.0,1.71
27645,3167,legal,37.5,2.02
3245,9511,full,169.37,35.48
25683,1338,legal,46.13,1.71
290,2825,full,263.68,55.24
20278,4857,legal,25.0,1.71
6485,9602,full,101.2,21.2
19039,9780,breakdown,16.89,4.54
22669,8238,full,590.39,123.68
12494,1117,full,102.8,21.53
21493,2672,legal,25.0,1.71
2791,9475,full,844.86,176.99
13690,9081,full,193.08,40.45
15578,9984,breakdown,22.9,5.09
27276,1319,breakdown,22.9,5.09
20480,3936,legal,46.13,1.71
9951,9825,breakdown,32.4,6.5
19952,1382,full,384.32,80.51
8025,988,breakdown,22.9,5.09
18816,8764,legal,25.0,1.71
16374,9048,legal,37.5,2.02
26764,4932,full,180.9,37.89
392,9326,legal,37.5,2.02
24557,240,breakdown,32.4,6.5
7009,9975,full,322.35,67.53
26831,7479,full,118.81,24.89
27036,7533,breakdown,16.89,4.54
14020,3831,breakdown,16.89,4.54
14133,286,full,470.98,98.66
24894,7312,full,142.5,29.85
7647,551,full,491.64,102.99
25782,7294,full,536.82,112.46
25400,7554,full,152.23,31.89
12280,631,breakdown,22.9,5.09
12121,4639,full,238.35,49.93
12,36,legal,25.0,1.71
22265,2827,breakdown,16.89,4.54
7499,5478,legal,37.5,2.02
22843,4992,legal,25.0,1.71
20452,5077,breakdown,16.89,4.54
21606,8603,full,564.89,118.34
27904,7007,full,196.74,41.21
24528,5724,breakdown,16.89,4.54
10406,2470,breakdown,16.89,4.54
2284,1651,breakdown,16.89,4.54
21269,7472,legal,69.23,2.27
3161,3343,full,765.54,160.37
24209,2126,legal,25.0,1.71
5688,3783,breakdown,16.89,4.54
5222,1188,legal,25.0,1.71
23138,5514,breakdown,16.89,4.54
4725,7231,legal,25.0,1.71
15697,8888,legal,25.0,1.71
9599,9620,legal,25.0,1.71
20483,1213,full,331.09,69.36
21555,6452,breakdown,22.9,5.09
15758,2050,full,707.34,148.18
14093,4965,breakdown,22.9,5.09
26495,4036,full,324.95,68.07
20511,8697,legal,69.23,2.27
10074,7403,breakdown,16.89,4.54
26918,2199,breakdown,16.89,4.54
25535,6348,legal,25.0,1.71
5641,8543,full,358.77,75.16
19295,2621,full,148.75,31.16
18581,6573,breakdown,22.9,5.09
8158,3130,breakdown,22.9,5.09
19489,3578,full,326.37,68.37
17883,514,legal,25.0,1.71
17213,8832,legal,37.5,2.02
11817,8079,full,227.13,47.58
22309,2929,breakdown,16.89,4.54
11740,7595,legal,25.0,1.71
13523,1022,breakdown,16.89,4.54
19775,4056,full,658.65,137.98
19449,7446,breakdown,22.9,5.09
5291,4300,full,239.4,50.15
22508,6953,legal,25.0,1.71
23691,8382,full,178.98,37.5
22247,736,legal,25.0,1.71
15618,9784,legal,37.5,2.02
14686,9893,legal,25.0,1.71
26178,5502,breakdown,16.89,4.54
26577,3068,legal,25.0,1.71
1906,291,legal,25.0,1.71
4131,8747,full,222.61,46.64
12560,9986,full,152.63,31.98
3460,7791,legal,25.0,1.71
9231,2385,full,273.03,57.19
6729,8141,full,152.23,31.89
27332,3756,full,415.87,87.12
7858,3694,legal,45.0,2.08
7132,587,legal,25.0,1.71
24377,5546,breakdown,16.89,4.54
11204,8777,breakdown,16.89,4.54
7236,4982,full,283.74,59.45
19250,2745,legal,25.0,1.71
25854,564,legal,25.0,1.71
6337,6388,legal,25.0,1.71
5326,3769,breakdown,16.89,4.54
23826,3890,full,331.8,69.51
15842,5049,breakdown,16.89,4.54
8743,702,full,377.1,79.0
19392,7333,breakdown,16.89,4.54
15094,2756,full,243.37,50.98
19753,5611,full,308.14,64.55
28561,2007,legal,25.0,1.71
29745,6305,breakdown,22.9,5.09
14676,3689,legal,37.5,2.02
8589,4003,breakdown,16.89,4.54
6659,7789,legal,25.0,1.71
26581,1775,full,172.02,36.03
29438,4500,legal,37.5,2.02
27570,8460,legal,25.0,1.71
22771,3880,breakdown,16.89,4.54
22933,469,full,101.2,21.2
20397,2844,full,172.9,36.22
9681,4524,full,284.57,59.62
3575,2078,breakdown,16.89,4.54
496,5825,full,172.87,36.22
12474,6470,breakdown,16.89,4.54
14497,9966,breakdown,16.89,4.54
15491,7181,breakdown,22.9,5.09
24748,4651,legal,25.0,1.71
22112,1309,legal,25.0,1.71
22680,9055,legal,25.0,1.71
3860,1461,full,370.13,77.53
277,791,breakdown,22.9,5.09
8851,1390,legal,25.0,1.71
7396,5746,legal,25.0,1.71
26873,6003,full,101.2,21.2
3230,3029,full,612.49,128.31
7498,3021,legal,25.0,1.71
12818,7764,legal,25.0,1.71
15419,4473,legal,25.0,1.71
2462,752,breakdown,16.89,4.54
17848,511,full,152.23,31.89
15812,9820,breakdown,16.89,4.54
14931,1914,breakdown,16.89,4.54
5720,6275,breakdown,16.89,4.54
12199,9775,breakdown,22.9,5.09
344,7195,breakdown,16.89,4.54
2140,6611,legal,69.23,2.27
20780,1383,legal,25.0,1.71
18871,5528,breakdown,16.89,4.54
29441,7639,breakdown,16.89,4.54
4496,4698,full,217.49,45.56
5610,9297,legal,25.0,1.71
1323,5775,full,172.87,36.22
7019,8661,full,186.66,39.1
6632,4899,breakdown,16.89,4.54
21085,4430,legal,37.5,2.02
18273,831,breakdown,16.89,4.54
8766,5588,legal,30.0,1.71
26551,8260,legal,25.0,1.71
3272,2054,breakdown,16.89,4.54
11791,6451,full,243.36,50.98
320,5526,full,253.26,53.05
23764,4879,full,152.23,31.89
7641,1494,full,472.54,98.99
10433,3397,legal,25.0,1.71
22165,1699,legal,46.13,1.71
6638,5316,legal,25.0,1.71
17332,1363,full,435.23,91.18
24471,3647,legal,37.5,2.02
14648,4821,full,281.83,59.04
10270,3941,breakdown,16.89,4.54
7323,416,legal,25.0,1.71
7111,8639,breakdown,16.89,4.54
21621,1028,full,364.57,76.37
14832,8477,breakdown,22.9,5.09
13256,9600,breakdown,16.89,4.54
11444,5452,breakdown,16.89,4.54
24027,2138,legal,25.0,1.71
29326,8540,full,638.54,133.76
7972,6860,breakdown,16.89,4.54
2167,5199,breakdown,16.89,4.54
29163,7105,full,178.2,37.33
21812,6838,breakdown,16.89,4.54
10825,4941,legal,25.0,1.71
1770,6411,breakdown,16.89,4.54
22028,2266,full,314.13,65.81
5215,9077,full,181.59,38.04
12962,173,legal,25.0,1.71
16146,2364,full,150.32,31.49
564,3507,breakdown,22.9,5.09
28697,9024,full,326.71,68.44
138,8977,breakdown,16.89,4.54
10352,8920,legal,25.0,1.71
9317,6545,full,101.2,21.2
9907,8001,breakdown,22.9,5.09
8073,3071,legal,25.0,1.71
11095,9545,breakdown,16.89,4.54
19185,2696,full,334.42,70.06
5174,4674,full,674.26,141.25
1384,5342,breakdown,16.89,4.54
2499,2915,full,296.38,62.09
9098,9928,legal,25.0,1.71
26255,6865,legal,25.0,1.71
2774,7421,full,152.63,31.98
25205,4719,full,406.73,85.2
24376,8670,legal,46.13,1.71
1136,4451,breakdown,16.89,4.54
24757,1684,legal,25.0,1.71
5703,131,breakdown,16.89,4.54
9810,3661,legal,37.5,2.02
678,6929,full,542.46,113.64
23011,5306,full,105.61,22.13
24858,8650,full,152.23,31.89
19982,7213,full,518.76,108.68
19842,6240,legal,69.23,2.27
26129,7921,full,447.41,93.73
28504,4975,legal,25.0,1.71
20778,7758,legal,37.5,2.02
5015,7528,breakdown,22.9,5.09
16646,4732,legal,25.0,1.71
3444,5965,full,310.96,65.14
21836,4371,legal,46.13,1.71
2741,4822,full,716.32,150.06
5500,992,legal,30.0,1.71
27830,2449,full,152.23,31.89
24290,7427,full,400.74,83.95
2471,5228,legal,25.0,1.71
16704,3974,legal,25.0,1.71
11430,6592,full,535.19,112.11
63,2782,full,468.02,98.05
12893,6972,breakdown,16.89,4.54
19607,1321,full,432.85,90.68
10434,943,legal,25.0,1.71
2700,2298,full,458.98,96.16
11720,9083,full,298.25,62.49
15450,8334,breakdown,16.89,4.54
26186,5265,full,586.27,122.82
6448,5130,full,524.57,109.89
12144,9633,full,251.57,52.7
28216,5652,breakdown,16.89,4.54
21820,2637,breakdown,16.89,4.54
28980,3523,legal,25.0,1.71
29013,3328,breakdown,16.89,4.54
4819,7258,legal,46.13,1.71
22428,4976,breakdown,16.89,4.54
4300,6711,full,101.2,21.2
3947,2639,full,274.66,57.54
22697,8874,breakdown,16.89,4.54
7182,2440,legal,46.13,1.71
21270,8571,legal,25.0,1.71
1475,2969,legal,25.0,1.71
19005,1926,breakdown,22.9,5.09
15783,750,legal,25.0,1.71
16023,8753,breakdown,16.89,4.54
25536,6884,full,165.27,34.62
25344,2548,breakdown,16.89,4.54
22335,3079,legal,25.0,1.71
29222,1205,breakdown,16.89,4.54
4903,3714,full,238.65,49.99
19226,7134,legal,25.0,1.71
8593,7203,legal,37.5,2.02
26024,997,full,268.14,56.17
29429,3681,full,194.72,40.8
8571,712,full,242.45,50.79
10516,8842,legal,37.5,2.02
21470,2331,breakdown,16.89,4.54
12847,9766,breakdown,16.89,4.54
22150,629,full,387.33,81.14
13632,1262,full,356.72,74.73
12773,3507,full,328.05,68.72
1509,1824,legal,25.0,1.71
748,1482,legal,37.5,2.02
29100,3077,legal,92.32,2.83
15549,8063,legal,37.5,2.02
5053,2659,breakdown,16.89,4.54
10429,2107,full,538.49,112.81
24034,3823,legal,25.0,1.71
10028,8627,full,652.41,136.67
14488,3218,full,649.11,135.98
10390,9855,full,277.91,58.22
12975,6851,legal,25.0,1.71
21391,9530,legal,69.23,2.27
27560,5473,breakdown,16.89,4.54
11442,1150,full,178.16,37.32
9027,1186,legal,37.5,2.02
14120,4535,breakdown,22.9,5.09
5920,5989,breakdown,16.89,4.54
23443,4746,full,250.31,52.44
9079,2723,legal,46.13,1.71
19750,5000,legal,25.0,1.71
46,8865,breakdown,16.89,4.54
29313,8636,full,540.08,113.14
1315,9149,breakdown,16.89,4.54
1753,2517,full,712.85,149.33
3262,9924,breakdown,16.89,4.54
27052,8830,legal,25.0,1.71
3926,5869,full,404.37,84.71
4909,1062,legal,25.0,1.71
10363,4293,breakdown,22.9,5.09
22462,9104,breakdown,16.89,4.54
13413,7528,legal,37.5,2.02
26852,9023,breakdown,16.89,4.54
21157,2533,full,367.17,76.92
11363,8173,legal,30.0,1.71
27772,8688,breakdown,16.89,4.54
2003,8563,legal,25.0,1.71
13380,3273,full,399.78,83.75
4447,9217,breakdown,16.89,4.54
28064,1814,full,310.68,65.09
15735,2266,breakdown,16.89,4.54
20188,7931,legal,37.5,2.02
13752,9368,legal,25.0,1.71
19518,8603,legal,37.5,2.02
3611,982,legal,25.0,1.71
28269,1261,legal,25.0,1.71
26885,5950,full,560.83,117.49
26012,1148,full,101.2,21.2
2193,8621,legal,45.0,2.08
15545,9809,breakdown,16.89,4.54
18499,1079,breakdown,16.89,4.54
11073,471,legal,25.0,1.71
13118,1338,full,434.23,90.96
3735,1289,breakdown,16.89,4.54
17985,1998,full,158.24,33.15
2064,9140,legal,46.13,1.71
5783,4038,full,254.96,53.41
10407,7506,breakdown,16.89,4.54
12603,3537,full,152.63,31.98
11064,3511,legal,25.0,1.71
27982,1861,breakdown,22.9,5.09
4320,6142,full,320.55,67.15
7070,7785,legal,25.0,1.71
11462,3530,breakdown,16.89,4.54
112,3037,breakdown,22.9,5.09
22903,5186,full,355.24,74.42
17138,1522,breakdown,16.89,4.54
20989,715,legal,69.23,2.27
11693,4726,legal,25.0,1.71
26339,2202,breakdown,16.89,4.54
11891,5999,legal,25.0,1.71
17522,459,breakdown,16.89,4.54
21611,8505,breakdown,16.89,4.54
2812,1281,full,169.37,35.48
15235,7722,full,465.36,97.49
13218,5117,full,300.1,62.87
3285,4198,legal,37.5,2.02
13675,4768,breakdown,22.9,5.09
5514,7685,full,579.54,121.4
8869,7900,full,253.92,53.19
3963,9570,breakdown,22.9,5.09
1172,8000,legal,25.0,1.71
10856,7260,breakdown,32.4,6.5
1834,3514,legal,46.13,1.71
146,9336,legal,25.0,1.71
20641,399,breakdown,16.89,4.54
7878,7873,full,211.66,44.34
11592,4155,legal,37.5,2.02
12114,9580,legal,25.0,1.71
28482,261,full,340.51,71.33
3710,2908,legal,25.0,1.71
25636,2207,full,555.96,116.47
26115,5752,breakdown,22.9,5.09
24630,4593,full,391.69,82.06
10836,5739,legal,46.13,1.71
10598,5534,breakdown,16.89,4.54
25516,6091,breakdown,16.89,4.54
6666,7431,breakdown,16.89,4.54
22011,8278,breakdown,22.9,5.09
20954,7755,breakdown,16.89,4.54
24407,9629,full,152.23,31.89
21986,2302,full,690.41,144.63
26268,4870,breakdown,16.89,4.54
17068,2490,breakdown,16.89,4.54
22483,2871,breakdown,16.89,4.54
26192,1689,full,152.23,31.89
21703,2295,legal,92.32,2.83
4239,997,legal,37.5,2.02
23213,9004,full,212.6,44.54
28100,916,full,139.15,29.15
272,6029,full,211.58,44.33
17836,1493,breakdown,22.9,5.09
11763,7856,breakdown,16.89,4.54
10599,5385,breakdown,16.89,4.54
25131,9543,full,101.2,21.2
2279,2014,full,249.89,52.35
18838,8573,legal,46.13,1.71
13546,8660,legal,37.5,2.02
15197,1757,breakdown,16.89,4.54
29380,4025,legal,25.0,1.71
9418,2094,legal,25.0,1.71
29934,4052,breakdown,16.89,4.54
21050,3925,full,251.73,52.73
8957,8178,legal,37.5,2.02
9888,7016,breakdown,16.89,4.54
7473,3235,breakdown,16.89,4.54
11850,1460,full,328.37,68.79
2230,4574,legal,25.0,1.71
15608,7601,breakdown,16.89,4.54
18033,7641,full,396.87,83.14
22891,8900,full,316.83,66.37
12855,2492,legal,37.5,2.02
4283,2497,breakdown,16.89,4.54
16388,1340,full,216.36,45.33
18994,890,full,169.37,35.48
22867,7633,breakdown,16.89,4.54
8118,8945,full,288.63,60.47
16778,464,full,398.82,83.54
12109,5259,full,383.19,80.28
8167,1445,legal,25.0,1.71
22791,2000,legal,25.0,1.71
20388,821,full,879.21,184.18
682,8254,full,453.73,95.05
18163,9452,legal,25.0,1.71
9096,3730,breakdown,16.89,4.54
10788,7422,breakdown,16.89,4.54
2576,8099,full,438.98,91.96
12132,4729,full,463.58,97.11
23956,6983,legal,25.0,1.71
18813,9678,full,459.55,96.27
13564,8938,full,278.3,58.3
12290,5098,full,282.01,59.08
14697,3356,legal,37.5,2.02
6792,2049,full,171.53,35.93
1011,4969,full,259.95,54.46
12722,8145,breakdown,25.9,5.91
13015,2644,legal,25.0,1.71
4920,3353,legal,25.0,1.71
10711,94,legal,25.0,1.71
20224,347,breakdown,16.89,4.54
4534,6618,legal,25.0,1.71
28026,7965,breakdown,16.89,4.54
20915,9376,breakdown,16.89,4.54
10552,9760,full,297.96,62.42
9487,1586,legal,25.0,1.71
2187,3370,breakdown,22.9,5.09
15615,8129,legal,37.5,2.02
14290,8667,breakdown,22.9,5.09
13060,5157,full,101.2,21.2
2669,7415,breakdown,16.89,4.54
13169,8726,breakdown,16.89,4.54
1751,7249,breakdown,16.89,4.54
26446,3262,full,197.2,41.31
7826,4093,full,387.73,81.22
11217,2007,full,475.96,99.71
776,5161,full,367.93,77.08
24362,3757,breakdown,16.89,4.54
16508,1523,legal,25.0,1.71
10775,82,legal,37.5,2.02
18086,5254,breakdown,22.9,5.09
12862,4490,breakdown,16.89,4.54
2379,2823,legal,25.0,1.71
4696,9987,full,432.07,90.51
3381,601,full,194.29,40.7
2495,3674,breakdown,16.89,4.54
14510,1617,breakdown,16.89,4.54
28521,7931,breakdown,22.9,5.09
6233,2918,full,233.61,48.94
29795,8656,full,171.53,35.94
21299,8296,legal,25.0,1.71
20839,6776,breakdown,32.4,6.5
22847,2777,legal,25.0,1.71
22305,7806,full,345.13,72.3
16858,7714,full,192.97,40.43
15928,4045,full,172.9,36.22
29318,2811,legal,25.0,1.71
22080,4575,breakdown,22.9,5.09
8420,2615,full,341.73,71.59
3455,9329,legal,25.0,1.71
26694,9607,breakdown,16.89,4.54
29207,1531,full,361.24,75.68
14465,4975,breakdown,16.89,4.54
11480,6508,full,101.2,21.2
19445,8070,full,365.17,76.5
4492,9684,legal,69.23,2.27
18199,2392,full,371.17,77.76
23854,8852,full,101.2,21.2
14535,4945,legal,25.0,1.71
17485,1830,full,197.37,41.35
25445,5701,breakdown,16.89,4.54
11304,1619,legal,37.5,2.02
27102,8969,breakdown,16.89,4.54
26225,9056,full,3206.32,671.68
22834,1051,legal,25.0,1.71
27005,8231,legal,37.5,2.02
15497,3334,breakdown,22.9,5.09
19205,4008,legal,25.0,1.71
25681,3817,breakdown,32.4,6.5
3624,3400,breakdown,16.89,4.54
13904,1048,full,371.9,77.91
29480,6790,legal,46.13,1.71
16130,6277,full,519.07,108.74
25938,3652,full,878.14,183.96
13258,6069,full,169.37,35.48
22889,7131,breakdown,16.89,4.54
29007,9276,full,101.2,21.2
3744,6916,full,738.28,154.66
14450,866,full,583.86,122.31
10792,4028,breakdown,16.89,4.54
23667,2203,legal,25.0,1.71
15777,2189,full,169.37,35.48
27850,6854,legal,25.0,1.71
24349,1603,full,951.96,199.42
8784,6840,full,375.36,78.64
7064,1572,legal,25.0,1.71
24380,4229,full,543.15,113.78
27865,9932,full,292.91,61.36
19624,1448,breakdown,22.9,5.09
4669,8319,breakdown,16.89,4.54
11275,7488,legal,25.0,1.71
188,2355,full,220.95,46.29
9344,7254,breakdown,22.9,5.09
21617,7533,full,152.23,31.89
10049,6301,legal,25.0,1.71
26609,3877,breakdown,16.89,4.54
29667,3947,legal,25.0,1.71
22810,5645,legal,37.5,2.02
2959,9543,breakdown,16.89,4.54
16292,3291,legal,37.5,2.02
25811,9850,breakdown,22.9,5.09
4170,7098,full,109.46,22.93
24177,3138,breakdown,22.9,5.09
24682,2763,legal,37.5,2.02
867,6575,legal,69.23,2.27
26271,1931,legal,45.0,2.08
28378,6447,full,152.23,31.89
7877,5800,full,230.43,48.27
9285,9101,breakdown,16.89,4.54
21110,5456,full,171.53,35.94
172,4869,breakdown,16.89,4.54
26924,4060,legal,25.0,1.71
22800,6858,full,259.78,54.42
17212,1041,full,220.81,46.26
19863,5060,full,272.42,57.07
12469,4467,full,360.86,75.6
2876,4635,breakdown,16.89,4.54
15173,1431,breakdown,22.9,5.09
19430,8462,legal,30.0,1.71
18375,4512,legal,25.0,1.71
28291,3043,breakdown,22.9,5.09
9477,1470,breakdown,16.89,4.54
17453,7989,breakdown,22.9,5.09
16696,228,full,332.77,69.71
28890,5435,legal,37.5,2.02
7456,7539,full,212.22,44.46
7848,8229,breakdown,16.89,4.54
9613,9191,full,405.25,84.9
23822,5344,breakdown,16.89,4.54
24132,7860,legal,46.13,1.71
3350,6509,legal,37.5,2.02
19422,9014,legal,46.13,1.71
16947,9465,full,251.73,52.73
9878,133,full,393.16,82.36
9619,3296,legal,37.5,2.02
10799,3595,full,101.2,21.2
13518,3263,full,190.71,39.95
7552,7640,breakdown,16.89,4.54
4999,4613,full,101.2,21.2
9264,4605,legal,37.5,2.02
22648,9317,full,101.2,21.2
18396,459,legal,46.13,1.71
16137,7529,full,364.06,76.27
29536,8121,legal,25.0,1.71
2342,4424,legal,25.0,1.71
1795,2926,legal,25.0,1.71
7191,2822,breakdown,16.89,4.54
4002,6329,legal,25.0,1.71
13951,755,full,150.32,31.49
2563,8899,full,414.36,86.8
21266,2191,full,477.4,100.01
28527,6834,full,450.94,94.47
22872,6656,breakdown,16.89,4.54
19771,6740,full,223.09,46.73
29755,3563,legal,25.0,1.71
29862,2572,legal,25.0,1.71
10440,3288,full,480.7,100.7
8256,5334,full,371.93,77.91
18015,7227,full,845.54,177.13
7399,1324,full,432.85,90.68
27573,6314,legal,25.0,1.71
3307,854,legal,25.0,1.71
2017,8095,full,238.46,49.95
385,4784,legal,69.23,2.27
7073,1105,legal,25.0,1.71
12734,55,legal,37.5,2.02
27695,6668,legal,37.5,2.02
28813,6895,legal,37.5,2.02
19215,9983,legal,37.5,2.02
18055,2749,full,187.32,39.24
8951,384,breakdown,16.89,4.54
12002,6556,full,354.11,74.18
5100,153,breakdown,16.89,4.54
6368,8324,legal,37.5,2.02
11228,2248,legal,25.0,1.71
6868,9147,breakdown,16.89,4.54
25327,9276,legal,92.32,2.83
12351,9534,full,281.83,59.04
14042,4981,breakdown,16.89,4.54
3041,4011,legal,25.0,1.71
20548,6172,breakdown,22.9,5.09
23586,4847,legal,25.0,1.71
14994,3905,full,101.2,21.2
28421,7773,full,101.2,21.2
25126,4675,full,101.2,21.2
4024,828,legal,25.0,1.71
23547,7311,full,235.06,49.24
10257,6287,legal,25.0,1.71
11861,5838,full,353.62,74.08
25774,108,legal,25.0,1.71
29295,8202,legal,25.0,1.71
13519,4584,legal,25.0,1.71
22642,5782,legal,25.0,1.71
19273,6600,full,743.3,155.71
16623,3694,breakdown,32.4,6.5
27501,5193,legal,25.0,1.71
3122,9953,breakdown,16.89,4.54
25296,1928,breakdown,16.89,4.54
15224,8962,legal,46.13,1.71
3013,9563,full,867.64,181.76
15622,4686,breakdown,16.89,4.54
28280,6662,breakdown,22.9,5.09
2016,4420,breakdown,16.89,4.54
5866,712,legal,46.13,1.71
25162,1383,full,1206.55,252.76
10753,1923,full,286.76,60.07
1774,8286,legal,30.0,1.71
28086,741,breakdown,16.89,4.54
12172,6653,full,184.79,38.71
18971,8024,full,228.26,47.82
19742,972,full,261.67,54.82
24406,6106,breakdown,16.89,4.54
17476,6380,legal,25.0,1.71
26710,7738,breakdown,22.9,5.09
10564,5303,breakdown,16.89,4.54
10653,4605,breakdown,22.9,5.09
12905,4514,breakdown,16.89,4.54
8078,5969,full,1228.49,257.35
16104,4261,legal,25.0,1.71
5257,3865,breakdown,16.89,4.54
19194,9500,legal,46.13,1.71
13701,1970,full,150.32,31.49
7162,3001,full,610.58,127.91
27561,3155,full,495.93,103.89
9340,7473,full,482.68,101.12
8644,8892,full,449.53,94.17
7278,9833,legal,25.0,1.71
26187,8432,breakdown,16.89,4.54
7709,6747,breakdown,16.89,4.54
3945,314,full,332.99,69.76
25677,4865,legal,69.23,2.27
15176,2227,legal,25.0,1.71
1819,3917,breakdown,22.9,5.09
14287,2825,legal,46.13,1.71
8129,3532,breakdown,16.89,4.54
6467,1445,breakdown,16.89,4.54
9187,9248,breakdown,16.89,4.54
13254,8921,legal,69.23,2.27
8929,6,full,257.46,53.93
8708,5317,breakdown,16.89,4.54
208,9858,breakdown,22.9,5.09
20923,1912,full,560.14,117.34
16081,6627,legal,25.0,1.71
20633,5011,breakdown,16.89,4.54
19511,1303,breakdown,16.89,4.54
18460,2869,legal,25.0,1.71
22450,5267,legal,25.0,1.71
24726,2036,legal,25.0,1.71
22368,5312,breakdown,16.89,4.54
17703,7926,legal,37.5,2.02
21981,2943,full,644.2,134.95
24992,9834,legal,25.0,1.71
24351,4655,legal,25.0,1.71
28206,75,full,571.18,119.65
29105,8377,breakdown,16.89,4.54
11048,4519,full,242.14,50.72
27827,1549,legal,37.5,2.02
26407,4012,legal,25.0,1.71
7775,1112,legal,25.0,1.71
29800,5640,full,152.27,31.9
7153,940,breakdown,16.89,4.54
1410,4602,legal,46.13,1.71
9161,6240,full,105.54,22.11
14016,3664,full,163.94,34.35
19853,7036,breakdown,22.9,5.09
18665,151,breakdown,16.89,4.54
3175,4231,full,357.27,74.85
13969,6975,full,303.07,63.49
5247,1627,legal,37.5,2.02
24542,9574,full,1129.09,236.53
6563,9536,legal,25.0,1.71
23728,992,full,536.7,112.43
25820,9029,full,312.42,65.44
22759,723,breakdown,16.89,4.54
28451,8696,full,741.01,155.23
18672,5835,legal,25.0,1.71
25891,199,full,152.23,31.89
13285,5926,full,390.41,81.79
907,4548,full,395.89,82.93
27734,8215,full,219.48,45.98
21846,6878,breakdown,16.89,4.54
15728,6296,breakdown,16.89,4.54
8907,2410,legal,25.0,1.71
24534,7779,breakdown,16.89,4.54
18506,2119,full,388.05,81.29
1361,2686,legal,25.0,1.71
21337,3388,full,295.56,61.91
7521,4483,legal,25.0,1.71
14744,5200,breakdown,16.89,4.54
1120,9275,breakdown,22.9,5.09
21230,5564,legal,25.0,1.71
19572,4217,full,101.2,21.2
13984,9327,legal,46.13,1.71
5164,4147,legal,25.0,1.71
15359,7848,full,363.11,76.07
3378,1018,legal,37.5,2.02
21028,770,breakdown,16.89,4.54
14253,5065,breakdown,16.89,4.54
279,8722,legal,25.0,1.71
20346,9899,full,139.15,29.15
15188,9409,legal,45.0,2.08
5005,5760,full,235.81,49.4
28944,2855,legal,25.0,1.71
28319,5847,legal,25.0,1.71
20329,8555,full,626.36,131.21
3856,9708,breakdown,22.9,5.09
8269,7013,full,539.94,113.11
21072,2688,full,154.9,32.45
11001,6280,legal,25.0,1.71
18268,6496,breakdown,22.9,5.09
9434,3019,legal,25.0,1.71
3344,5899,breakdown,25.9,5.91
22071,858,full,221.37,46.38
12007,4508,breakdown,16.89,4.54
10770,401,breakdown,22.9,5.09
27322,372,breakdown,16.89,4.54
12453,2137,full,186.79,39.13
21237,5100,legal,37.5,2.02
7603,6403,breakdown,16.89,4.54
8716,497,full,158.45,33.2
16309,2366,legal,25.0,1.71
20445,1511,breakdown,16.89,4.54
11804,8732,breakdown,16.89,4.54
29460,1245,full,378.21,79.23
2512,4759,legal,25.0,1.71
26459,1382,legal,37.5,2.02
7555,2977,legal,37.5,2.02
461,7551,breakdown,16.89,4.54
2380,6107,full,459.1,96.18
22845,8355,legal,25.0,1.71
20455,7461,full,152.23,31.89
28619,4129,full,229.8,48.14
1761,4318,full,171.53,35.94
9013,5771,full,1190.91,249.48
12343,3520,legal,25.0,1.71
27097,524,breakdown,16.89,4.54
5847,5653,full,215.18,45.08
10412,4645,breakdown,16.89,4.54
11711,8673,full,296.84,62.19
22377,3864,full,335.34,70.25
29886,4287,legal,25.0,1.71
6670,7622,legal,25.0,1.71
21610,9666,legal,37.5,2.02
8527,8630,legal,25.0,1.71
11935,7080,full,289.34,60.61
17352,7235,legal,25.0,1.71
10060,2481,breakdown,22.9,5.09
20601,4263,breakdown,22.9,5.09
12626,3391,full,284.05,59.5
28731,8276,legal,25.0,1.71
25706,5480,full,130.95,27.43
25216,9584,breakdown,16.89,4.54
24122,6126,legal,46.13,1.71
14340,3338,legal,46.13,1.71
10281,5750,breakdown,16.89,4.54
28925,7958,legal,25.0,1.71
21801,1027,legal,46.13,1.71
16833,9835,breakdown,16.89,4.54
21163,4703,legal,25.0,1.71
5131,7767,full,152.63,31.98
11723,2540,legal,25.0,1.71
11806,497,legal,25.0,1.71
11492,9916,breakdown,22.9,5.09
21766,2667,legal,25.0,1.71
8403,6279,breakdown,16.89,4.54
22900,8905,legal,25.0,1.71
1433,9011,legal,37.5,2.02
25363,3208,breakdown,16.89,4.54
4124,4146,breakdown,16.89,4.54
6023,5957,legal,25.0,1.71
22187,5808,legal,25.0,1.71
2709,3974,full,216.98,45.46
21249,1205,full,172.87,36.22
22475,542,full,428.71,89.81
1279,3443,legal,37.5,2.02
27758,7683,breakdown,16.89,4.54
24934,5908,legal,37.5,2.02
29153,3827,legal,45.0,2.08
15293,293,legal,37.5,2.02
29012,8548,breakdown,,5.09
12697,5472,full,234.64,49.15
22455,1751,legal,25.0,1.71
11400,2901,breakdown,22.9,5.09
16883,1631,full,328.07,68.73
17915,6138,legal,37.5,2.02
9416,68,breakdown,16.89,4.54
11631,2938,full,624.48,130.82
861,4509,full,514.64,107.81
15776,8100,legal,30.0,1.71
10408,4489,legal,46.13,1.71
7734,4812,full,493.8,103.45
29722,2395,breakdown,16.89,4.54
22358,7238,breakdown,22.9,5.09
788,9700,legal,37.5,2.02
3990,1786,breakdown,16.89,4.54
29545,691,breakdown,16.89,4.54
27564,4753,breakdown,16.89,4.54
8014,3989,legal,46.13,1.71
26306,7914,legal,37.5,2.02
14845,5217,full,356.18,74.61
26777,6741,breakdown,16.89,4.54
8390,7425,full,1149.59,240.82
12638,7526,breakdown,16.89,4.54
10880,192,legal,37.5,2.02
6952,5368,breakdown,16.89,4.54
14280,9069,legal,25.0,1.71
18621,6510,legal,37.5,2.02
7753,9591,breakdown,16.89,4.54
29853,1614,breakdown,22.9,5.09
4884,5805,breakdown,16.89,4.54
24717,1342,full,214.24,44.88
28556,2896,full,152.23,31.89
23386,9887,breakdown,16.89,4.54
10555,8888,full,152.63,31.98
15119,6324,breakdown,25.9,5.91
28454,3738,breakdown,25.9,5.91
21756,5307,legal,25.0,1.71
6911,3455,breakdown,16.89,4.54
27619,3622,breakdown,16.89,4.54
3778,6026,legal,25.0,1.71
9668,3358,legal,46.13,1.71
20011,5990,full,380.47,79.7
29080,1476,breakdown,16.89,4.54
29368,8351,full,143.98,30.16
15891,8930,breakdown,22.9,5.09
29364,9422,legal,46.13,1.71
6352,7624,full,382.05,80.03
2551,7342,legal,69.23,2.27
24385,7442,legal,25.0,1.71
7363,4423,breakdown,22.9,5.09
6252,2042,breakdown,16.89,4.54
29859,1328,legal,25.0,1.71
12926,8425,breakdown,22.9,5.09
19709,5992,legal,46.13,1.71
8367,1984,legal,25.0,1.71
17548,2356,full,592.17,124.05
22449,5932,legal,25.0,1.71
20606,1393,breakdown,22.9,5.09
10259,5386,full,166.98,34.98
6062,7164,legal,37.5,2.02
26009,4979,full,416.85,87.32
17385,6069,legal,25.0,1.71
17388,5253,breakdown,22.9,5.09
4031,6393,legal,25.0,1.71
2708,1958,legal,25.0,1.71
22184,4107,breakdown,22.9,5.09
16993,7881,full,635.51,133.13
7082,429,breakdown,22.9,5.09
21705,7824,full,172.87,36.22
22942,8955,full,251.73,52.73
19386,7797,full,199.54,41.8
17341,7377,full,191.52,40.12
27643,5776,full,463.25,97.04
2236,5808,full,238.71,50.0
25531,3088,full,239.4,50.15
5865,2844,legal,25.0,1.71
10358,6284,full,179.94,37.69
1598,5321,legal,25.0,1.71
29195,9781,full,1715.98,359.48
8319,5041,full,190.09,39.82
16216,9636,full,152.63,31.98
1993,3975,breakdown,16.89,4.54
7190,7765,full,298.56,62.54
8763,167,full,361.64,75.76
21515,1130,legal,37.5,2.02
13465,474,breakdown,16.89,4.54
17308,6981,legal,25.0,1.71
10777,7014,breakdown,22.9,5.09
21301,1679,breakdown,16.89,4.54
1725,3729,breakdown,16.89,4.54
10524,3533,full,249.42,52.25
14188,5309,legal,25.0,1.71
27186,6308,full,171.53,35.94
13493,3790,legal,46.13,1.71
6528,7515,breakdown,22.9,5.09
29102,1970,legal,25.0,1.71
5476,175,full,174.69,36.59
19196,3554,legal,25.0,1.71
17793,9074,full,292.55,54.71
20328,330,breakdown,16.89,4.54
7126,128,full,275.19,57.65
27333,2193,breakdown,16.89,4.54
29673,4336,breakdown,16.89,4.54
24745,3663,full,327.3,68.57
21164,155,breakdown,22.9,5.09
7652,1385,breakdown,16.89,4.54
16829,1817,full,394.45,82.63
26769,9271,legal,25.0,1.71
9916,8910,legal,25.0,1.71
8602,1725,legal,25.0,1.71
10138,685,full,565.82,118.53
1893,4776,legal,69.23,2.27
14772,4553,legal,25.0,1.71
14611,9445,full,191.35,40.08
14246,104,legal,25.0,1.71
14461,6350,full,306.21,64.15
6669,1596,full,225.77,47.3
14201,9129,legal,37.5,2.02
8690,1799,full,152.63,31.98
15532,5768,breakdown,16.89,4.54
18964,8733,full,634.57,132.94
7818,4823,full,176.13,36.9
16816,6952,full,264.46,55.4
7839,2018,breakdown,22.9,5.09
29792,1453,legal,46.13,1.71
22318,1050,full,303.48,63.58
1991,6315,full,379.5,79.5
22051,2104,legal,25.0,1.71
18532,6259,legal,25.0,1.71
5129,3205,breakdown,16.89,4.54
20222,9677,breakdown,22.9,5.09
19104,5666,legal,25.0,1.71
28438,9199,breakdown,22.9,5.09
20797,5917,full,246.88,51.72
7434,3369,breakdown,16.89,4.54
2329,3505,full,448.69,93.99
1260,1442,full,422.22,88.45
2682,3972,legal,30.0,1.71
14682,977,legal,25.0,1.71
27891,814,full,101.2,21.2
9716,3174,legal,46.13,1.71
21955,5063,breakdown,16.89,4.54
29064,3744,full,207.41,43.45
16204,5587,legal,25.0,1.71
19222,5414,legal,25.0,1.71
7002,3020,full,188.29,39.44
5660,9597,full,406.63,85.18
21074,2815,breakdown,22.9,5.09
16387,4442,breakdown,16.89,4.54
28966,8958,full,495.17,103.73
14862,3710,legal,37.5,2.02
13304,1643,full,534.07,111.88
15421,6777,legal,25.0,1.71
21429,9469,legal,25.0,1.71
18825,8736,full,502.96,105.36
20120,7576,breakdown,16.89,4.54
693,9919,breakdown,25.9,5.91
21510,8309,legal,25.0,1.71
3842,4104,legal,25.0,1.71
27265,2654,legal,25.0,1.71
24334,536,legal,46.13,1.71
8271,7825,breakdown,16.89,4.54
11434,9740,breakdown,22.9,5.09
1108,3734,legal,25.0,1.71
27590,2956,legal,25.0,1.71
10460,3738,full,378.62,79.32
11097,534,breakdown,16.89,4.54
14050,829,breakdown,22.9,5.09
23151,5296,breakdown,22.9,5.09
1591,9588,legal,37.5,2.02
9341,5099,legal,25.0,1.71
10866,8492,full,358.89,75.18
27012,6036,breakdown,16.89,4.54
4996,9026,legal,46.13,1.71
2290,5076,legal,37.5,2.02
15617,5966,full,1364.85,285.92
10604,668,breakdown,22.9,5.09
2905,9652,full,185.0,38.76
8573,4676,legal,25.0,1.71
19861,9795,legal,25.0,1.71
15614,385,full,232.06,48.61
9961,7326,legal,25.0,1.71
18573,5833,full,264.4,55.39
10113,1925,breakdown,16.89,4.54
13396,7784,legal,46.13,1.71
23179,1640,legal,25.0,1.71
6522,5878,full,1271.76,266.41
1308,2445,legal,37.5,2.02
8773,3090,full,549.56,115.13
12978,2565,breakdown,16.89,4.54
29167,6889,breakdown,16.89,4.54
7635,7211,legal,25.0,1.71
5966,8067,full,181.68,38.06
229,2003,breakdown,16.89,4.54
22553,9464,breakdown,16.89,4.54
17173,5534,legal,25.0,1.71
22249,2210,legal,25.0,1.71
9556,3698,full,393.51,82.43
8861,4416,breakdown,16.89,4.54
8232,2641,legal,25.0,1.71
22429,4105,breakdown,16.89,4.54
5166,5575,breakdown,16.89,4.54
7649,3319,full,467.25,97.88
29070,2378,breakdown,16.89,4.54
19987,7091,breakdown,16.89,4.54
3068,5719,breakdown,22.9,5.09
11886,2986,legal,46.13,1.71
4277,1785,breakdown,16.89,4.54
27385,7306,legal,37.5,2.02
24749,9725,legal,25.0,1.71
8100,7226,legal,25.0,1.71
9342,6039,breakdown,16.89,4.54
26093,3978,legal,25.0,1.71
23977,2944,legal,25.0,1.71
15629,7566,full,152.23,31.89
15872,5573,breakdown,16.89,4.54
4865,341,legal,25.0,1.71
24190,3934,legal,25.0,1.71
8235,3243,full,706.61,148.02
18950,9386,breakdown,16.89,4.54
10576,3913,breakdown,16.89,4.54
19808,3611,legal,25.0,1.71
4627,6097,breakdown,16.89,4.54
17159,756,legal,25.0,1.71
26350,6512,full,320.6,67.16
4197,2728,legal,25.0,1.71
10343,8159,full,701.79,147.01
8187,2983,breakdown,16.89,4.54
20678,7894,full,231.19,48.43
884,9220,legal,25.0,1.71
23366,8915,breakdown,16.89,4.54
935,5444,full,193.37,40.51
9913,1681,legal,25.0,1.71
21258,5960,full,550.18,115.26
1933,939,full,416.1,87.17
21352,3653,breakdown,16.89,4.54
5495,7467,legal,25.0,1.71
22757,4148,full,363.31,76.11
24674,6828,breakdown,16.89,4.54
22141,574,breakdown,16.89,4.54
23865,1071,breakdown,22.9,5.09
18309,2658,full,286.9,60.1
22161,7298,legal,25.0,1.71
25079,9763,full,422.16,88.44
10182,6681,legal,69.23,2.27
7783,5793,breakdown,22.9,5.09
14464,6755,legal,25.0,1.71
27746,1217,breakdown,22.9,5.09
15385,9169,full,171.97,36.03
3114,7879,full,315.86,66.17
24388,112,full,347.11,72.71
418,4563,legal,25.0,1.71
19914,24,breakdown,22.9,5.09
18812,945,full,253.94,53.2
20848,7470,breakdown,16.89,4.54
11833,3852,breakdown,16.89,4.54
22904,9145,breakdown,16.89,4.54
29425,6700,breakdown,22.9,5.09
9884,2986,breakdown,16.89,4.54
21919,4929,breakdown,16.89,4.54
16977,8971,full,452.05,94.7
2070,5582,full,187.39,39.25
6009,666,full,187.96,39.38
9210,9003,legal,25.0,1.71
6277,2144,breakdown,16.89,4.54
12307,2574,full,370.26,77.56
11994,5170,legal,46.13,1.71
20732,1222,legal,25.0,1.71
11981,4964,breakdown,22.9,5.09
26939,5436,breakdown,16.89,4.54
17011,8406,full,152.23,31.89
8714,5904,legal,25.0,1.71
29021,2935,full,306.34,64.18
19123,8,full,262.5,54.99
6876,3064,full,272.32,57.04
9721,6343,legal,25.0,1.71
18276,6524,legal,92.32,2.83
5311,3954,full,525.93,110.17
2442,3892,legal,25.0,1.71
21852,2849,full,169.37,35.48
22281,5191,full,544.95,114.16
3534,4460,full,601.53,126.01
6618,8823,legal,25.0,1.71
9233,1499,breakdown,16.89,4.54
17417,838,full,152.23,31.89
4835,4035,legal,25.0,1.71
15420,2555,full,453.64,95.03
16774,5774,breakdown,16.89,4.54
13427,8371,full,523.85,109.75
9780,3181,breakdown,22.9,5.09
2390,7836,legal,25.0,1.71
23506,4289,breakdown,22.9,5.09
3874,7739,legal,25.0,1.71
9688,3194,full,219.04,45.89
3147,5480,breakdown,16.89,4.54
5170,5403,full,511.81,107.22
2248,5180,full,570.14,119.44
5437,8544,full,266.58,55.85
23020,5225,full,113.85,23.85
14645,931,legal,46.13,1.71
3665,2022,legal,25.0,1.71
10022,840,breakdown,16.89,4.54
16100,887,legal,46.13,1.71
7245,9357,full,390.29,81.76
2920,9768,legal,37.5,2.02
6475,1133,full,262.72,55.04
5007,8206,legal,37.5,2.02
25276,8278,legal,37.5,2.02
21145,7857,full,310.78,65.11
8242,1423,legal,46.13,1.71
26792,2629,breakdown,16.89,4.54
6909,863,full,392.05,82.13
19188,4988,breakdown,22.9,5.09
3950,2955,legal,25.0,1.71
8265,2002,full,214.45,44.92
20206,3630,legal,30.0,1.71
23293,2793,legal,69.23,2.27
10976,2694,legal,25.0,1.71
22228,1783,legal,25.0,1.71
20140,6273,full,273.35,57.26
16202,3047,full,213.53,44.73
2199,8032,breakdown,16.89,4.54
14432,4555,legal,25.0,1.71
19267,563,breakdown,16.89,4.54
3561,9554,breakdown,16.89,4.54
25595,5197,legal,25.0,1.71
19271,9413,full,212.86,44.59
4675,4997,legal,25.0,1.71
26372,3189,full,380.77,79.77
17155,4280,legal,25.0,1.71
14467,5953,legal,25.0,1.71
11384,2365,breakdown,16.89,4.54
21115,7379,legal,25.0,1.71
25143,2784,legal,25.0,1.71
3131,6771,legal,25.0,1.71
16046,3062,legal,25.0,1.71
1968,3359,breakdown,16.89,4.54
21561,6710,full,394.53,82.65
8360,8092,full,169.37,35.48
10633,6353,legal,25.0,1.71
13868,62,breakdown,16.89,4.54
26283,1396,breakdown,16.89,4.54
19192,4538,legal,30.0,1.71
17286,6147,breakdown,16.89,4.54
8877,4050,full,101.2,21.2
27450,2160,breakdown,16.89,4.54
27223,6801,legal,37.5,2.02
27690,9949,legal,25.0,1.71
3132,2615,legal,25.0,1.71
8473,4502,breakdown,16.89,4.54
711,6440,full,1272.14,266.49
14602,3288,legal,30.0,1.71
14165,1881,legal,25.0,1.71
20357,899,breakdown,16.89,4.54
27854,8210,breakdown,16.89,4.54
25298,2284,breakdown,16.89,4.54
11999,8612,legal,25.0,1.71
6156,3508,full,351.35,73.6
9163,4350,legal,25.0,1.71
13031,6632,breakdown,16.89,4.54
11406,8064,legal,25.0,1.71
4743,903,legal,25.0,1.71
91,6632,legal,25.0,1.71
12708,6549,full,348.06,72.91
13078,2070,breakdown,16.89,4.54
20450,8788,full,274.17,57.44
23904,6941,legal,46.13,1.71
6002,4134,legal,37.5,2.02
12805,8536,full,460.46,96.46
15929,2462,full,315.49,66.09
23745,6580,full,317.72,66.56
7653,6352,full,293.51,61.48
4570,4397,legal,25.0,1.71
1630,1396,legal,25.0,1.71
25196,4243,breakdown,22.9,5.09
8752,9292,full,152.23,31.89
29,192,full,423.74,88.77
17963,1033,breakdown,16.89,4.54
5769,8152,legal,25.0,1.71
27396,9371,full,664.23,139.14
21650,450,full,466.38,97.71
2721,6589,breakdown,16.89,4.54
14291,7285,breakdown,22.9,5.09
13565,2254,legal,25.0,1.71
2522,7113,full,361.28,75.68
11235,7759,breakdown,22.9,5.09
25102,8644,full,248.49,52.06
10776,2240,legal,25.0,1.71
16724,8773,full,152.63,31.98
18164,2155,full,258.3,54.11
16887,2705,full,632.96,132.6
18821,1339,breakdown,16.89,4.54
7889,8015,breakdown,16.89,4.54
5594,429,full,429.74,90.03
19282,7462,legal,37.5,2.02
18129,9731,legal,37.5,2.02
5520,5572,legal,25.0,1.71
7993,8324,full,191.45,40.11
26715,8110,breakdown,16.89,4.54
3491,9771,breakdown,22.9,5.09
22566,8784,legal,25.0,1.71
28132,533,legal,37.5,2.02
20996,7938,legal,25.0,1.71
25082,3260,legal,37.5,2.02
15088,8761,breakdown,16.89,4.54
3298,5510,full,411.81,86.27
7575,1161,breakdown,22.9,5.09
2642,9105,full,698.39,146.3
22431,9535,legal,25.0,1.71
8386,6664,legal,69.23,2.27
22898,6723,legal,37.5,2.02
20727,3394,legal,25.0,1.71
9321,5735,breakdown,22.9,5.09
25055,8038,full,260.5,54.57
14060,9417,legal,37.5,2.02
20059,6009,legal,46.13,1.71
12680,2687,full,154.9,32.45
29198,779,full,108.05,22.63
3547,1505,legal,37.5,2.02
17605,1323,legal,25.0,1.71
28306,341,full,420.52,88.1
458,4953,full,490.84,102.83
16452,9575,full,254.36,53.28
1961,9834,full,291.45,61.05
12419,5702,breakdown,16.89,4.54
17952,7252,full,393.86,82.51
15912,2017,legal,25.0,1.71
5195,9232,breakdown,16.89,4.54
12693,5910,legal,25.0,1.71
13843,8598,legal,25.0,1.71
11987,5429,full,268.15,56.18
12573,9786,breakdown,16.89,4.54
12821,5894,breakdown,16.89,4.54
15710,2979,breakdown,16.89,4.54
10262,1610,full,643.61,134.83
897,845,breakdown,16.89,4.54
4967,885,breakdown,16.89,4.54
11767,793,legal,25.0,1.71
25771,2896,legal,25.0,1.71
21627,2653,legal,25.0,1.71
19592,3519,legal,37.5,2.02
9939,3818,full,173.57,36.36
19967,3278,full,250.86,52.55
8470,5808,breakdown,16.89,4.54
18876,4192,full,172.75,36.19
1731,1518,legal,25.0,1.71
15687,5326,legal,25.0,1.71
28045,4565,breakdown,16.89,4.54
27070,574,full,273.92,57.38
4220,9028,full,152.23,31.89
5342,8631,legal,37.5,2.02
17967,6739,breakdown,22.9,5.09
13212,7956,full,512.87,107.44
6364,865,full,251.73,52.73
3112,2418,breakdown,22.9,5.09
12303,9769,full,1285.91,269.38
24031,4314,breakdown,16.89,4.54
7957,4679,full,204.65,42.87
13221,4275,legal,25.0,1.71
1263,7733,legal,25.0,1.71
24222,7885,full,246.34,51.61
29264,7550,full,462.26,96.84
28176,4353,breakdown,16.89,4.54
19556,598,legal,92.32,2.83
2440,4678,legal,25.0,1.71
2146,2,full,152.23,31.89
18236,685,breakdown,16.89,4.54
6144,6269,breakdown,16.89,4.54
29428,7587,legal,25.0,1.71
4169,5269,legal,25.0,1.71
11834,5787,legal,25.0,1.71
8854,6163,breakdown,16.89,4.54
27671,6353,full,322.77,67.62
15102,3928,breakdown,16.89,4.54
8712,523,full,259.64,54.39
6741,9167,legal,45.0,2.08
23727,1322,full,432.85,90.68
12541,8192,legal,37.5,2.02
11481,7662,legal,25.0,1.71
22322,1971,full,188.52,39.49
14788,2793,full,101.2,21.2
7301,9597,legal,25.0,1.71
19857,1582,full,770.0,161.3
15484,8985,legal,25.0,1.71
6326,560,legal,25.0,1.71
25285,9921,legal,25.0,1.71
26415,1119,legal,69.23,2.27
26787,3105,full,463.59,97.12
14466,8881,full,432.38,90.58
27255,711,legal,25.0,1.71
7165,7787,legal,37.5,2.02
24262,7209,full,402.38,84.29
15880,5429,breakdown,16.89,4.54
9995,151,legal,25.0,1.71
8569,5678,breakdown,16.89,4.54
2195,3503,breakdown,16.89,4.54
25455,2162,legal,25.0,1.71
5024,148,full,212.22,44.46
988,2554,full,206.54,43.27
27600,6334,legal,25.0,1.71
23108,4403,legal,25.0,1.71
13372,7905,legal,25.0,1.71
260,3772,breakdown,16.89,4.54
1185,5978,breakdown,16.89,4.54
28115,9935,full,169.37,35.48
26152,220,breakdown,22.9,5.09
3770,9502,full,235.98,49.44
17499,7338,full,250.47,52.47
25941,1401,full,389.96,81.69
29200,9828,breakdown,16.89,4.54
6785,8522,full,477.16,99.96
16808,6402,legal,25.0,1.71
13684,8007,breakdown,16.89,4.54
13507,8594,full,530.24,111.08
18788,8107,breakdown,16.89,4.54
16033,365,breakdown,22.9,5.09
10160,2481,legal,37.5,2.02
2152,2387,full,321.09,67.26
26445,1917,breakdown,16.89,4.54
10622,9081,legal,25.0,1.71
27280,7141,legal,25.0,1.71
10402,7946,breakdown,16.89,4.54
15139,9225,legal,46.13,1.71
3239,4219,breakdown,16.89,4.54
14227,3767,breakdown,22.9,5.09
1813,5291,breakdown,16.89,4.54
13454,7639,legal,25.0,1.71
3201,7266,legal,25.0,1.71
2595,8480,breakdown,16.89,4.54
17243,946,full,142.61,29.88
12254,4468,legal,25.0,1.71
15010,7349,breakdown,16.89,4.54
23629,8290,breakdown,16.89,4.54
22008,2855,breakdown,16.89,4.54
5359,6089,legal,25.0,1.71
2619,6211,breakdown,16.89,4.54
17532,6653,legal,37.5,2.02
2954,9305,legal,25.0,1.71
1530,9692,legal,30.0,1.71
20817,4613,breakdown,16.89,4.54
15411,4642,full,193.81,40.6
11196,441,legal,37.5,2.02
17219,3687,full,687.51,144.03
25568,9501,breakdown,16.89,4.54
14824,2204,full,199.18,41.72
27521,3518,breakdown,22.9,5.09
15466,5874,full,334.65,70.11
18629,5791,legal,25.0,1.71
7008,1755,full,296.74,62.16
9033,3700,full,371.98,77.93
23885,7214,full,753.51,157.85
12524,3713,breakdown,16.89,4.54
5400,4377,breakdown,16.89,4.54
25835,8917,full,356.41,74.66
18294,196,full,152.23,31.89
23974,6074,full,251.32,52.65
3463,1336,full,346.88,72.66
10814,3059,legal,25.0,1.71
8764,3200,full,581.87,121.9
14754,5294,breakdown,16.89,4.54
11735,2784,full,535.94,112.28
15316,4037,legal,25.0,1.71
28033,3621,breakdown,16.89,4.54
23490,5453,full,247.59,51.87
12462,9885,full,215.29,45.1
21730,4047,full,191.36,40.08
10255,2251,full,101.2,21.2
3322,2801,breakdown,16.89,4.54
27705,5860,full,107.47,22.51
3263,9793,full,174.79,36.62
2122,3323,breakdown,16.89,4.54
20273,417,full,204.1,42.76
2430,2536,full,210.51,44.1
10941,4539,legal,30.0,1.71
9272,552,full,483.55,101.3
7669,6456,legal,25.0,1.71
22686,2519,legal,69.23,2.27
6340,7412,legal,25.0,1.71
22155,9854,breakdown,16.89,4.54
16992,3644,breakdown,22.9,5.09
19329,8215,breakdown,16.89,4.54
11692,1095,breakdown,16.89,4.54
1171,5311,breakdown,22.9,5.09
25222,6137,legal,25.0,1.71
15724,6147,full,609.18,127.62
13974,8077,breakdown,16.89,4.54
23891,8852,breakdown,16.89,4.54
28503,5817,legal,25.0,1.71
16929,1588,full,199.18,41.73
26077,7918,full,375.92,78.75
3850,8924,full,101.2,21.2
10127,5461,full,220.95,46.29
16005,1131,breakdown,16.89,4.54
27535,998,legal,25.0,1.71
11883,1046,breakdown,16.89,4.54
2138,737,breakdown,16.89,4.54
9376,891,full,260.14,54.49
12137,2036,full,150.32,31.49
16350,1513,breakdown,16.89,4.54
13863,9672,breakdown,22.9,5.09
10260,7076,breakdown,16.89,4.54
8081,2440,breakdown,16.89,4.54
22989,4709,full,455.31,95.38
29121,5313,breakdown,16.89,4.54
19813,776,breakdown,16.89,4.54
3868,7309,legal,46.13,1.71
14709,594,full,354.03,74.16
7116,2457,breakdown,16.89,4.54
9971,7386,full,585.78,122.71
10294,881,breakdown,16.89,4.54
2149,5479,breakdown,16.89,4.54
5094,4636,full,700.23,146.69
20690,3154,legal,25.0,1.71
10580,8575,breakdown,16.89,4.54
10490,5292,full,238.66,50.0
328,2588,breakdown,16.89,4.54
2491,8529,full,150.68,31.57
16217,9622,full,316.96,66.4
16444,5613,legal,25.0,1.71
19617,980,breakdown,22.9,5.09
29306,653,legal,25.0,1.71
20710,6912,breakdown,22.9,5.09
19305,5752,full,259.14,54.29
3919,2998,full,246.26,51.59
23381,9837,legal,25.0,1.71
14194,547,full,150.32,31.49
13037,7543,full,193.44,40.53
26065,1278,breakdown,16.89,4.54
21988,3087,full,179.84,37.67
21326,3784,legal,25.0,1.71
22993,4163,breakdown,22.9,5.09
5998,435,breakdown,16.89,4.54
26402,3884,breakdown,22.9,5.09
9448,4053,breakdown,16.89,4.54
20284,1921,legal,25.0,1.71
16305,3746,legal,25.0,1.71
6139,8697,full,139.15,29.15
20164,8062,breakdown,16.89,4.54
19614,8169,breakdown,22.9,5.09
12572,3866,breakdown,22.9,5.09
7288,5240,breakdown,16.89,4.54
17021,6319,legal,25.0,1.71
9772,1098,breakdown,16.89,4.54
24787,5848,full,250.0,52.37
3024,4485,breakdown,16.89,4.54
27395,3171,full,612.36,128.28
9562,2011,breakdown,16.89,4.54
13823,6002,breakdown,22.9,5.09
26794,6816,breakdown,16.89,4.54
9244,1247,full,808.08,169.28
10832,3082,breakdown,16.89,4.54
18475,5706,legal,25.0,1.71
2733,7807,legal,46.13,1.71
4591,8292,full,391.28,81.97
22244,1362,full,531.06,111.25
12395,636,full,169.37,35.48
20512,1952,legal,37.5,2.02
26476,8309,breakdown,16.89,4.54
4500,3582,full,969.97,203.19
13737,1154,legal,25.0,1.71
4195,4268,legal,25.0,1.71
14186,1014,breakdown,16.89,4.54
21675,9802,legal,46.13,1.71
14948,3233,legal,69.23,2.27
20476,13,breakdown,16.89,4.54
13011,159,breakdown,22.9,5.09
25284,1284,breakdown,16.89,4.54
6883,3446,full,284.97,59.7
8151,4394,full,182.15,38.16
10559,6648,full,288.01,60.34
1901,3636,full,189.52,39.7
5133,8785,full,256.88,53.81
29355,4179,full,101.2,21.2
18800,6791,full,336.75,70.54
978,8686,breakdown,16.89,4.54
14262,620,breakdown,16.89,4.54
21026,5722,breakdown,16.89,4.54
14904,1349,legal,46.13,1.71
11788,8614,legal,37.5,2.02
1190,3407,breakdown,25.9,5.91
25699,1224,full,468.38,98.12
12940,9778,full,142.98,29.95
21557,6195,breakdown,16.89,4.54
24340,1686,legal,46.13,1.71
2134,2631,legal,25.0,1.71
15259,5739,breakdown,16.89,4.54
20823,9982,breakdown,22.9,5.09
23125,5775,legal,25.0,1.71
24990,7367,full,728.16,152.54
18060,9933,full,130.25,27.29
14892,3835,breakdown,16.89,4.54
11539,5,full,333.03,69.77
24713,8994,breakdown,22.9,5.09
5544,4808,legal,25.0,1.71
11950,4962,legal,37.5,2.02
10211,201,legal,46.13,1.71
10858,4157,legal,46.13,1.71
23088,2828,legal,30.0,1.71
19737,1023,breakdown,16.89,4.54
16473,4840,legal,25.0,1.71
14633,6827,breakdown,16.89,4.54
2358,8618,breakdown,16.89,4.54
25040,3747,legal,25.0,1.71
12447,2073,full,101.2,21.2
8852,1059,full,415.57,87.05
11985,9776,legal,25.0,1.71
7619,8465,legal,46.13,1.71
3733,6640,breakdown,16.89,4.54
27669,4401,legal,46.13,1.71
17510,3457,breakdown,16.89,4.54
24847,7341,legal,37.5,2.02
14769,5991,legal,25.0,1.71
9568,7414,breakdown,16.89,4.54
4772,7893,legal,37.5,2.02
27657,9896,full,171.97,36.03
18101,8616,legal,37.5,2.02
23848,5396,legal,46.13,1.71
27530,6038,breakdown,16.89,4.54
25311,7183,full,200.67,42.04
10143,5755,legal,25.0,1.71
407,6639,breakdown,16.89,4.54
21093,1273,full,698.91,146.41
4129,3287,full,510.25,106.89
26391,1899,legal,25.0,1.71
23090,1024,full,189.75,39.75
3801,4876,full,553.81,116.02
18300,7167,breakdown,25.9,5.91
14568,7318,legal,37.5,2.02
9119,3538,legal,25.0,1.71
17652,6979,breakdown,22.9,5.09
14747,13,full,585.83,122.73
27813,1065,breakdown,16.89,4.54
10689,8793,breakdown,16.89,4.54
10435,1511,legal,69.23,2.27
3407,6849,full,682.89,143.05
6282,6061,breakdown,16.89,4.54
11483,7004,legal,45.0,2.08
7685,8123,full,225.43,47.23
25539,2857,breakdown,16.89,4.54
18216,2610,full,327.07,68.52
7955,4846,legal,25.0,1.71
12079,5140,legal,92.32,2.83
25583,3575,breakdown,22.9,5.09
18830,719,full,872.52,182.78
2023,2620,legal,37.5,2.02
14382,2169,legal,25.0,1.71
26079,875,legal,46.13,1.71
13273,5507,legal,25.0,1.71
7357,3367,full,196.29,41.12
28834,6561,full,1022.18,214.14
9091,9896,breakdown,16.89,4.54
27480,958,breakdown,16.89,4.54
7121,9867,legal,25.0,1.71
19429,7381,legal,25.0,1.71
6374,4504,full,380.2,79.65
11747,1100,breakdown,16.89,4.54
12071,2379,full,479.84,100.52
29522,219,legal,37.5,2.02
23715,891,legal,25.0,1.71
23944,5599,breakdown,16.89,4.54
24999,668,legal,37.5,2.02
17041,3812,legal,69.23,2.27
12113,9907,breakdown,16.89,4.54
9917,9981,breakdown,16.89,4.54
24436,6876,breakdown,16.89,4.54
23623,3781,legal,25.0,1.71
589,4725,full,344.56,72.18
23834,5517,full,801.78,167.96
5579,1716,legal,46.13,1.71
4927,9861,breakdown,16.89,4.54
7341,909,legal,25.0,1.71
14135,9592,breakdown,16.89,4.54
6031,9193,breakdown,16.89,4.54
2579,9201,breakdown,22.9,5.09
25204,2346,legal,25.0,1.71
24327,8586,legal,25.0,1.71
21223,8310,full,488.36,102.31
4850,4489,breakdown,16.89,4.54
5340,1123,full,472.8,99.05
12763,7894,legal,25.0,1.71
29983,1698,breakdown,16.89,4.54
28083,2679,full,251.73,52.73
16548,4007,legal,37.5,2.02
6469,1855,legal,25.0,1.71
15016,8871,full,236.0,49.44
27852,4930,breakdown,22.9,5.09
27586,9364,full,457.48,95.83
10494,4,breakdown,16.89,4.54
6809,1522,legal,25.0,1.71
6998,8369,legal,25.0,1.71
21210,8002,legal,25.0,1.71
28730,4298,full,433.11,90.73
22706,2097,legal,37.5,2.02
2614,6848,breakdown,16.89,4.54
27783,9321,legal,25.0,1.71
6541,6548,breakdown,16.89,4.54
11602,2201,breakdown,16.89,4.54
19040,5007,breakdown,22.9,5.09
26513,8381,breakdown,22.9,5.09
20637,2059,legal,25.0,1.71
28706,6839,breakdown,16.89,4.54
12554,5241,breakdown,16.89,4.54
14640,4646,full,485.45,101.69
1665,1708,breakdown,22.9,5.09
5235,5280,full,341.01,71.44
14615,2193,full,172.87,36.22
6578,8691,breakdown,16.89,4.54
8962,1012,legal,25.0,1.71
26782,9635,full,397.8,83.34
9578,2037,breakdown,16.89,4.54
12783,3273,legal,25.0,1.71
5317,9009,breakdown,22.9,5.09
9259,1662,full,315.38,66.07
16973,3477,breakdown,22.9,5.09
4049,9527,full,101.2,21.2
29416,8376,legal,25.0,1.71
6874,8283,breakdown,16.89,4.54
28611,2952,legal,37.5,2.02
16981,5224,full,255.35,53.49
20754,8027,breakdown,25.9,5.91
19630,7334,legal,25.0,1.71
21205,7847,breakdown,16.89,4.54
19866,2228,breakdown,16.89,4.54
24163,7204,legal,25.0,1.71
11948,8891,breakdown,22.9,5.09
13915,2933,breakdown,22.9,5.09
9706,4970,full,141.81,29.71
16616,516,breakdown,16.89,4.54
24900,5292,breakdown,16.89,4.54
26920,7471,full,883.84,185.15
7014,8712,breakdown,16.89,4.54
16577,515,full,139.15,29.15
16271,4284,full,394.29,82.6
9490,2162,breakdown,16.89,4.54
2588,8443,legal,25.0,1.71
4484,5519,legal,25.0,1.71
24476,8773,breakdown,16.89,4.54
28862,5547,full,437.87,91.73
12339,2213,legal,92.32,2.83
24517,204,legal,69.23,2.27
12702,4678,full,737.73,154.55
5692,3570,breakdown,16.89,4.54
18244,7974,breakdown,16.89,4.54
27776,6133,breakdown,16.89,4.54
17829,3751,full,576.69,120.81
23045,277,legal,37.5,2.02
1662,7325,breakdown,22.9,5.09
1101,586,legal,25.0,1.71
18334,4138,breakdown,16.89,4.54
28759,5725,full,178.38,37.37
6465,1647,legal,25.0,1.71
7790,2818,full,152.23,31.89
8928,9178,breakdown,22.9,5.09
8002,3769,legal,25.0,1.71
12249,9414,legal,25.0,1.71
9291,4667,full,717.24,150.25
5072,8544,legal,25.0,1.71
12816,4671,full,313.18,65.61
24873,9153,legal,25.0,1.71
11311,8287,full,477.83,100.1
7055,8509,legal,25.0,1.71
25966,3810,full,145.13,30.41
2546,9283,legal,46.13,1.71
22493,4717,legal,25.0,1.71
29148,4364,legal,25.0,1.71
16680,4525,full,667.25,139.78
4879,7340,breakdown,16.89,4.54
17868,576,legal,25.0,1.71
11549,8893,legal,25.0,1.71
12980,2143,breakdown,16.89,4.54
4192,4805,breakdown,22.9,5.09
28633,4895,breakdown,22.9,5.09
28121,7929,breakdown,16.89,4.54
28171,9115,breakdown,22.9,5.09
1486,2379,breakdown,16.89,4.54
21748,3606,breakdown,16.89,4.54
3826,3822,full,381.4,79.9
1822,4790,full,312.77,65.52
8673,4381,legal,25.0,1.71
1916,6988,breakdown,16.89,4.54
665,4899,full,523.35,109.63
4388,4720,legal,25.0,1.71
6806,4915,full,475.48,99.61
8855,190,legal,25.0,1.71
9438,6785,breakdown,16.89,4.54
18512,4362,legal,25.0,1.71
5724,3633,full,444.85,93.19
28177,2081,breakdown,22.9,5.09
23163,5214,full,194.89,40.83
19739,5791,breakdown,16.89,4.54
27058,4169,full,169.37,35.48
8640,9102,breakdown,22.9,5.09
8756,9739,legal,25.0,1.71
5840,4668,legal,25.0,1.71
25375,7693,full,392.87,82.3
29467,2906,full,417.21,87.4
6500,3676,breakdown,16.89,4.54
15082,9766,legal,25.0,1.71
21867,207,breakdown,16.89,4.54
15819,1756,legal,46.13,1.71
21279,2979,legal,25.0,1.71
19821,5266,full,157.01,32.89
26431,236,legal,25.0,1.71
9283,5462,full,524.14,109.8
14789,3894,legal,25.0,1.71
13134,9572,breakdown,16.89,4.54
23320,3972,breakdown,25.9,5.91
29579,7542,legal,25.0,1.71
9129,6747,full,435.44,91.22
10207,1350,legal,69.23,2.27
22422,9281,legal,25.0,1.71
16657,8425,full,176.04,36.88
22314,6094,legal,25.0,1.71
26238,6737,full,436.9,91.52
17429,4616,legal,25.0,1.71
22871,4646,breakdown,22.9,5.09
16259,3545,legal,25.0,1.71
1045,7281,breakdown,16.89,4.54
16436,3798,legal,25.0,1.71
25421,8813,breakdown,16.89,4.54
3793,8448,breakdown,16.89,4.54
18032,8826,full,408.1,85.49
28272,7062,full,548.92,114.99
27209,2529,breakdown,16.89,4.54
1372,1359,breakdown,25.9,5.91
25914,91,breakdown,16.89,4.54
9237,566,breakdown,16.89,4.54
19755,2404,full,251.73,52.73
19780,8225,legal,37.5,2.02
17277,7267,legal,25.0,1.71
22590,5160,breakdown,16.89,4.54
13119,7767,legal,37.5,2.02
12371,4499,legal,25.0,1.71
5944,9881,breakdown,16.89,4.54
14662,5135,full,275.31,57.67
7588,1292,legal,69.23,2.27
10848,2592,breakdown,22.9,5.09
8944,3780,full,263.71,55.24
23014,5621,breakdown,16.89,4.54
1974,6631,full,355.75,74.53
4209,4153,legal,25.0,1.71
16998,5295,full,431.31,90.35
158,6559,legal,25.0,1.71
735,4683,legal,25.0,1.71
529,3996,full,121.13,25.37
28382,9277,breakdown,16.89,4.54
15239,4006,breakdown,16.89,4.54
4495,8804,breakdown,16.89,4.54
14507,2965,full,209.91,43.97
16321,4016,full,316.25,66.25
15457,3270,full,219.94,46.08
15165,5067,full,208.13,43.6
28245,6222,full,401.31,84.07
15632,426,breakdown,16.89,4.54
2413,3398,legal,25.0,1.71
27459,2995,full,923.24,193.41
17588,4051,legal,69.23,2.27
12325,2527,full,921.21,192.99
2082,4966,full,482.79,101.14
16458,5568,breakdown,16.89,4.54
11908,5471,full,237.15,49.68
21690,5585,full,172.87,36.22
14139,451,legal,25.0,1.71
13108,6099,full,172.87,36.22
19664,6197,legal,25.0,1.71
8903,5229,legal,37.5,2.02
28543,9092,legal,25.0,1.71
7112,9069,full,520.88,109.11
13742,3075,breakdown,22.9,5.09
5851,5923,breakdown,22.9,5.09
29197,8783,legal,25.0,1.71
12910,5250,breakdown,16.89,4.54
3975,1306,full,192.3,40.28
18209,3733,legal,25.0,1.71
9238,2804,legal,69.23,2.27
23121,1280,full,317.35,66.48
11326,4736,breakdown,16.89,4.54
1024,9658,breakdown,16.89,4.54
14350,7589,full,163.69,34.29
17648,868,breakdown,16.89,4.54
2872,9522,breakdown,16.89,4.54
7682,492,full,477.68,100.07
20707,1264,full,566.49,118.67
13360,7043,full,526.21,110.23
2331,4625,breakdown,16.89,4.54
16862,9034,breakdown,22.9,5.09
10155,8057,breakdown,16.89,4.54
1812,9114,legal,37.5,2.02
29260,2566,breakdown,16.89,4.54
12404,1320,legal,25.0,1.71
1703,6247,full,486.22,101.86
2202,357,breakdown,16.89,4.54
4371,1107,full,344.67,72.21
19528,3324,breakdown,16.89,4.54
10180,9297,full,398.86,83.56
25449,1984,breakdown,16.89,4.54
22174,6166,full,327.1,68.52
5384,1083,legal,25.0,1.71
412,3998,breakdown,16.89,4.54
974,293,full,269.69,56.5
1830,5075,breakdown,16.89,4.54
24307,6900,full,251.73,52.73
23328,8138,legal,25.0,1.71
21876,3214,breakdown,16.89,4.54
15924,6143,breakdown,16.89,4.54
11007,428,full,173.49,36.35
23094,3232,legal,25.0,1.71
20962,5043,full,297.17,62.26
26765,4631,full,321.15,67.28
1683,2820,full,286.72,60.07
26958,2426,legal,30.0,1.71
3870,794,full,340.16,71.26
26620,6946,legal,25.0,1.71
8005,9625,breakdown,16.89,4.54
5040,9516,full,169.37,35.48
3250,1350,breakdown,16.89,4.54
23947,2098,full,354.93,74.35
28664,8806,full,152.82,32.02
5897,3233,breakdown,16.89,4.54
322,3137,legal,46.13,1.71
20265,9259,full,468.53,98.15
11671,9722,legal,25.0,1.71
26975,9373,legal,25.0,1.71
5292,5347,full,298.11,62.45
18561,8519,breakdown,16.89,4.54
6863,6008,legal,25.0,1.71
14882,7565,full,113.85,23.85
6141,8175,breakdown,22.9,5.09
14141,4070,breakdown,16.89,4.54
25836,7913,legal,37.5,2.02
15730,9557,legal,25.0,1.71
10619,8319,full,132.83,27.83
12585,8031,legal,46.13,1.71
18406,64,full,363.38,76.12
4853,6806,breakdown,16.89,4.54
27942,1503,full,373.37,78.22
4738,1808,full,506.64,106.13
19591,2867,breakdown,16.89,4.54
18912,4400,legal,46.13,1.71
13963,9706,full,293.38,61.46
1369,8783,breakdown,16.89,4.54
13549,3093,breakdown,16.89,4.54
14378,7574,breakdown,16.89,4.54
17980,2716,breakdown,16.89,4.54
5228,5326,full,400.56,83.91
4553,8644,legal,25.0,1.71
25877,968,breakdown,16.89,4.54
5604,5470,breakdown,22.9,5.09
29129,7562,legal,25.0,1.71
12891,5493,breakdown,16.89,4.54
8243,4436,full,138.52,29.02
1978,5011,legal,25.0,1.71
1028,2818,breakdown,16.89,4.54
4344,8006,legal,37.5,2.02
7056,2194,full,316.84,66.38
13616,2426,breakdown,25.9,5.91
2509,3200,legal,25.0,1.71
4607,4062,full,176.33,36.94
14454,6276,breakdown,16.89,4.54
24611,883,legal,25.0,1.71
15163,3276,full,352.29,73.8
19573,9935,breakdown,22.9,5.09
18021,5679,full,113.85,23.85
26309,6372,legal,37.5,2.02
23143,4918,full,235.76,49.39
25057,6168,breakdown,16.89,4.54
14085,923,full,163.61,34.27
17904,8421,full,101.2,21.2
13138,2485,full,343.92,72.05
25125,57,full,372.1,77.95
15725,696,breakdown,16.89,4.54
12110,1963,full,1090.26,228.4
20383,7459,legal,25.0,1.71
806,2279,legal,25.0,1.71
19654,8118,full,240.46,50.37
14657,9654,legal,37.5,2.02
29767,2342,breakdown,16.89,4.54
18142,2041,breakdown,16.89,4.54
28628,5492,breakdown,16.89,4.54
15876,7530,breakdown,22.9,5.09
9773,1669,legal,25.0,1.71
15739,1022,full,424.21,88.87
19921,4035,full,335.73,70.33
11000,2503,breakdown,16.89,4.54
6037,9235,breakdown,22.9,5.09
818,7293,breakdown,22.9,5.09
1275,2834,breakdown,16.89,4.54
29665,5303,legal,25.0,1.71
20082,3861,full,355.56,74.49
3338,4545,breakdown,16.89,4.54
19499,4302,legal,25.0,1.71
20330,3268,full,183.02,38.34
17344,3351,full,264.29,55.37
10550,7091,legal,25.0,1.71
27574,1537,legal,25.0,1.71
4116,7705,breakdown,16.89,4.54
19022,9838,breakdown,22.9,5.09
15652,4768,full,272.67,57.12
10100,3311,full,271.12,56.8
29062,6438,legal,69.23,2.27
22619,2451,full,710.48,148.84
5940,6433,full,453.76,95.06
27377,9413,legal,25.0,1.71
10283,1127,legal,25.0,1.71
17758,9245,legal,37.5,2.02
24336,1260,legal,25.0,1.71
2278,8470,legal,25.0,1.71
24496,7973,breakdown,16.89,4.54
9989,2358,full,254.92,53.4
25763,7257,full,132.83,27.83
29902,1450,full,347.82,72.87
10978,2921,full,203.68,42.67
3764,9479,legal,25.0,1.71
21727,6757,breakdown,16.89,4.54
4840,1978,breakdown,16.89,4.54
10947,8841,legal,25.0,1.71
29065,489,full,262.0,54.88
25742,9829,full,190.7,39.95
4406,7212,breakdown,16.89,4.54
21377,1597,full,213.42,44.71
21872,158,legal,25.0,1.71
16813,5347,breakdown,16.89,4.54
20631,8527,full,311.92,65.34
15127,6839,full,101.2,21.2
24890,3528,breakdown,22.9,5.09
29481,2980,breakdown,16.89,4.54
9943,3953,legal,25.0,1.71
149,3026,breakdown,16.89,4.54
29917,3568,legal,25.0,1.71
10918,7511,legal,25.0,1.71
8554,1797,full,604.72,126.68
29889,7702,legal,25.0,1.71
25985,4412,full,370.54,77.63
10093,757,full,556.14,116.51
2541,5579,full,334.28,70.03
6830,6333,legal,25.0,1.71
4676,7812,legal,25.0,1.71
1483,424,full,412.44,86.4
8969,1773,legal,25.0,1.71
22090,4242,full,498.42,104.41
7846,7281,full,176.21,36.92
12835,9142,full,304.37,63.76
8634,9958,legal,25.0,1.71
4635,4193,breakdown,22.9,5.09
26729,9860,full,926.76,194.14
14283,7401,breakdown,16.89,4.54
20756,1239,legal,46.13,1.71
9295,4697,full,320.5,67.14
22594,4595,full,300.2,62.89
20073,6432,full,101.2,21.2
13158,4845,legal,37.5,2.02
28825,3317,full,268.67,56.28
2604,8416,full,157.57,33.01
19443,5928,legal,46.13,1.71
15285,8045,full,241.68,50.63
15068,6965,breakdown,16.89,4.54
1678,5528,full,244.38,51.2
12272,1060,breakdown,16.89,4.54
12168,5702,legal,25.0,1.71
11661,5667,legal,25.0,1.71
12294,7132,full,556.53,116.59
23278,4814,full,223.51,46.82
483,9647,full,208.1,43.59
14626,7873,breakdown,16.89,4.54
10610,6090,full,243.76,51.06
29833,9624,full,261.13,54.7
13514,2387,breakdown,16.89,4.54
10165,2072,full,343.19,71.9
7420,9074,legal,25.0,1.71
18102,1316,legal,46.13,1.71
4351,7607,full,804.44,168.52
24051,5154,breakdown,16.89,4.54
1856,8646,breakdown,16.89,4.54
3687,6262,breakdown,22.9,5.09
18421,886,legal,25.0,1.71
8923,7492,legal,46.13,1.71
26523,5018,legal,30.0,1.71
2312,2850,breakdown,16.89,4.54
10223,8665,legal,46.13,1.71
1160,8217,legal,46.13,1.71
19962,1671,legal,25.0,1.71
16045,4214,legal,25.0,1.71
15508,6276,full,439.54,92.08
534,1132,breakdown,16.89,4.54
5019,9880,breakdown,22.9,5.09
15893,8751,breakdown,22.9,5.09
21985,6486,legal,25.0,1.71
15024,6098,full,172.87,36.22
27991,8344,legal,25.0,1.71
25815,7712,breakdown,16.89,4.54
870,1073,full,234.4,49.1
3148,6269,full,665.22,139.36
9651,6961,breakdown,16.89,4.54
4695,7665,full,185.43,38.84
27458,5438,legal,25.0,1.71
21630,4891,full,182.01,38.13
6688,8043,full,298.02,62.43
25837,7766,legal,25.0,1.71
12178,3965,breakdown,16.89,4.54
8247,4168,breakdown,16.89,4.54
3453,7622,breakdown,16.89,4.54
16124,180,breakdown,16.89,4.54
17158,7728,legal,25.0,1.71
29055,6199,breakdown,16.89,4.54
10784,8366,breakdown,16.89,4.54
6869,8254,legal,25.0,1.71
17763,6093,breakdown,16.89,4.54
2307,2980,full,101.2,21.2
9405,6390,legal,25.0,1.71
304,8292,legal,37.5,2.02
14486,746,legal,37.5,2.02
6088,4582,breakdown,16.89,4.54
17419,9573,legal,25.0,1.71
4417,3025,full,217.12,45.48
25051,1573,breakdown,16.89,4.54
3136,2442,breakdown,16.89,4.54
7613,1894,legal,30.0,1.71
27220,8662,breakdown,16.89,4.54
24254,9252,breakdown,16.89,4.54
194,6625,legal,25.0,1.71
16004,9132,breakdown,22.9,5.09
8507,5219,legal,30.0,1.71
23767,6705,legal,46.13,1.71
5513,8359,legal,37.5,2.02
11759,7569,full,138.41,29.0
872,5167,legal,25.0,1.71
3987,146,legal,30.0,1.71
19252,7606,breakdown,22.9,5.09
15576,2329,legal,46.13,1.71
26511,7478,breakdown,16.89,4.54
15141,995,legal,25.0,1.71
22349,2710,full,232.87,48.79
23688,1317,full,237.74,49.81
12253,3126,legal,69.23,2.27
25558,3542,breakdown,25.9,5.91
3284,2219,full,286.63,60.04
21726,1404,breakdown,16.89,4.54
16238,5775,breakdown,16.89,4.54
29340,1620,legal,25.0,1.71
3979,1842,full,434.75,91.08
17760,2520,legal,69.23,2.27
311,2567,breakdown,16.89,4.54
15672,4111,full,152.23,31.89
19318,1537,full,386.56,80.98
12863,24,legal,37.5,2.02
11662,2060,breakdown,16.89,4.54
8432,1734,legal,25.0,1.71
13131,5913,legal,25.0,1.71
5620,2581,legal,25.0,1.71
17348,9020,full,101.2,21.2
12608,2102,full,190.09,39.82
17845,4595,breakdown,16.89,4.54
12943,5781,legal,46.13,1.71
1148,8681,full,371.45,77.82
2969,3351,breakdown,16.89,4.54
25490,2223,breakdown,16.89,4.54
1603,7912,full,297.07,62.23
26033,8923,legal,25.0,1.71
15660,4321,full,304.28,63.74
22216,3570,legal,25.0,1.71
27493,4838,breakdown,16.89,4.54
2263,9038,breakdown,22.9,5.09
18179,12,breakdown,16.89,4.54
19876,4306,full,685.63,143.63
5125,9957,breakdown,16.89,4.54
14210,6696,breakdown,22.9,5.09
28537,8967,legal,46.13,1.71
17959,7820,full,384.43,80.53
21247,2652,full,490.29,102.71
7479,1906,full,101.2,21.2
26951,8170,full,379.5,79.5
1735,8435,legal,25.0,1.71
10154,6230,legal,25.0,1.71
7429,892,legal,25.0,1.71
10748,7433,legal,37.5,2.02
22258,5012,breakdown,22.9,5.09
5088,2382,legal,25.0,1.71
19037,2462,legal,92.32,2.83
10566,3386,legal,25.0,1.71
27760,1968,breakdown,16.89,4.54
22363,8937,legal,37.5,2.02
14600,7282,breakdown,22.9,5.09
6246,1739,legal,25.0,1.71
22492,418,breakdown,16.89,4.54
23032,2559,breakdown,16.89,4.54
19454,2664,breakdown,22.9,5.09
27640,9366,legal,69.23,2.27
19761,4397,breakdown,16.89,4.54
9279,3397,breakdown,16.89,4.54
10567,8162,full,169.37,35.48
19604,1893,breakdown,16.89,4.54
9015,5613,breakdown,16.89,4.54
23401,941,breakdown,16.89,4.54
23534,9729,legal,25.0,1.71
13792,465,full,268.08,56.17
13044,2765,full,243.27,50.96
28317,7744,legal,25.0,1.71
6977,8652,breakdown,22.9,5.09
24720,9640,legal,25.0,1.71
22157,7299,breakdown,22.9,5.09
23194,6191,full,719.02,150.62
16344,7978,breakdown,16.89,4.54
1641,5018,breakdown,25.9,5.91
25347,5471,breakdown,16.89,4.54
16325,6142,breakdown,16.89,4.54
2884,6607,legal,37.5,2.02
19977,9145,legal,46.13,1.71
20163,2824,breakdown,16.89,4.54
28338,8336,legal,25.0,1.71
22304,481,breakdown,16.89,4.54
2518,2180,legal,25.0,1.71
24870,611,legal,25.0,1.71
4430,6554,full,261.69,54.82
10200,6053,breakdown,16.89,4.54
3807,564,full,827.7,173.4
11139,4902,legal,46.13,1.71
17706,3159,full,242.29,50.76
28936,3615,full,101.2,21.2
11907,7173,full,295.38,61.88
19303,3592,full,152.23,31.89
3211,6648,legal,25.0,1.71
21711,1927,full,165.76,34.72
12968,8438,legal,25.0,1.71
18985,8484,legal,25.0,1.71
29266,7085,legal,25.0,1.71
25864,5618,breakdown,22.9,5.09
14204,8347,full,343.99,72.06
3457,3513,legal,46.13,1.71
5436,9544,breakdown,16.89,4.54
5464,857,full,221.37,46.38
17189,9138,breakdown,22.9,5.09
18974,6866,legal,25.0,1.71
24452,9104,full,1135.2,237.81
10841,1166,legal,37.5,2.02
25372,4483,breakdown,16.89,4.54
7929,1584,breakdown,16.89,4.54
21885,5356,legal,25.0,1.71
13180,2226,legal,25.0,1.71
22049,2956,breakdown,16.89,4.54
14207,7470,full,463.12,97.02
13689,9449,legal,69.23,2.27
28758,8168,full,361.19,75.66
6214,3927,legal,25.0,1.71
15881,9585,full,235.64,49.36
16462,8101,legal,37.5,2.02
19468,3672,breakdown,16.89,4.54
20652,3187,full,627.99,131.56
4354,7001,full,322.74,67.61
9299,6051,breakdown,22.9,5.09
20276,9776,full,435.96,91.33
13717,8464,breakdown,16.89,4.54
8973,5343,full,486.0,101.81
27601,7232,breakdown,16.89,4.54
10445,1336,breakdown,16.89,4.54
6351,2922,full,416.85,87.32
19823,226,breakdown,22.9,5.09
10365,7846,full,175.37,36.74
17148,5042,legal,37.5,2.02
8908,5569,breakdown,16.89,4.54
12986,3830,breakdown,22.9,5.09
22799,4003,full,199.76,41.85
23489,9022,full,152.63,31.98
3786,3387,full,295.56,61.91
25025,3211,full,101.2,21.2
21359,4760,full,680.74,142.6
12402,6237,legal,25.0,1.71
24321,326,breakdown,16.89,4.54
14617,4868,legal,37.5,2.02
12013,799,breakdown,16.89,4.54
27092,5252,legal,37.5,2.02
17628,8416,legal,25.0,1.71
9122,6625,breakdown,16.89,4.54
28158,9408,breakdown,16.89,4.54
12709,4786,full,325.41,68.17
3183,4647,breakdown,16.89,4.54
20529,9432,legal,37.5,2.02
21424,3054,breakdown,16.89,4.54
20151,4065,legal,25.0,1.71
23836,9256,full,650.13,136.19
4849,8282,breakdown,16.89,4.54
17065,7843,legal,25.0,1.71
13309,3625,full,317.34,66.48
12859,4271,breakdown,16.89,4.54
18696,4884,breakdown,16.89,4.54
25132,1597,breakdown,22.9,5.09
6580,3051,legal,25.0,1.71
3637,2619,full,101.2,21.2
20193,5397,breakdown,16.89,4.54
2101,8612,full,270.47,56.66
26010,5966,legal,25.0,1.71
23927,7507,legal,25.0,1.71
27912,3843,full,265.36,55.59
12142,3729,legal,46.13,1.71
26788,1360,full,279.65,58.58
12082,2254,breakdown,16.89,4.54
29299,5829,breakdown,22.9,5.09
29004,9363,breakdown,16.89,4.54
14411,45,breakdown,16.89,4.54
28007,5119,legal,25.0,1.71
9532,7525,breakdown,16.89,4.54
3944,8582,full,374.92,78.54
5821,1045,breakdown,16.89,4.54
5727,1421,full,171.53,35.94
12655,4230,breakdown,16.89,4.54
12214,5677,breakdown,16.89,4.54
291,1345,legal,46.13,1.71
24741,7137,breakdown,16.89,4.54
27016,2226,breakdown,16.89,4.54
22369,9100,legal,25.0,1.71
24230,6149,legal,37.5,2.02
19030,4526,full,727.18,152.34
14897,695,legal,25.0,1.71
26136,8333,breakdown,22.9,5.09
22958,9044,full,615.87,129.02
2820,9253,breakdown,16.89,4.54
28830,6764,full,150.32,31.49
1091,2871,full,380.01,79.61
9157,7732,breakdown,16.89,4.54
7171,4103,legal,37.5,2.02
8357,8808,legal,25.0,1.71
12879,4880,legal,45.0,2.08
19031,5824,breakdown,16.89,4.54
8504,1436,breakdown,16.89,4.54
25113,2732,breakdown,16.89,4.54
16791,1028,breakdown,16.89,4.54
12762,7331,breakdown,16.89,4.54
25422,503,full,471.1,98.69
23515,1242,legal,25.0,1.71
1199,1489,breakdown,16.89,4.54
14429,2426,full,250.47,52.47
28006,5337,breakdown,16.89,4.54
4453,2515,legal,25.0,1.71
21612,653,breakdown,16.89,4.54
8359,9169,legal,25.0,1.71
25762,2114,legal,30.0,1.71
13348,1705,breakdown,16.89,4.54
23523,5998,full,602.0,126.11
7707,4564,breakdown,16.89,4.54
17720,1683,legal,25.0,1.71
19174,7808,legal,25.0,1.71
10922,2372,breakdown,16.89,4.54
9128,5482,full,344.96,72.26
15998,6871,full,171.53,35.94
12043,8330,legal,25.0,1.71
16097,394,full,184.86,38.72
11448,6459,full,418.92,87.76
5942,4745,full,188.04,39.39
27595,7500,full,261.93,54.87
6359,2650,legal,46.13,1.71
17924,3855,legal,25.0,1.71
5767,3344,legal,25.0,1.71
3536,9616,legal,46.13,1.71
22210,4498,breakdown,16.89,4.54
11872,4234,legal,37.5,2.02
26548,8288,legal,25.0,1.71
24120,8547,breakdown,16.89,4.54
19228,9047,legal,25.0,1.71
18009,5040,breakdown,16.89,4.54
2175,1025,breakdown,16.89,4.54
22385,1998,breakdown,16.89,4.54
4318,8808,full,375.76,78.72
8478,9849,legal,25.0,1.71
4067,9911,legal,25.0,1.71
5077,1286,breakdown,22.9,5.09
22393,9419,legal,69.23,2.27
29293,5935,breakdown,16.89,4.54
24481,747,breakdown,22.9,5.09
21805,3946,breakdown,22.9,5.09
28512,2275,full,577.47,120.97
15568,6928,full,257.9,54.03
13818,8211,breakdown,22.9,5.09
10805,9794,legal,25.0,1.71
19362,4667,breakdown,22.9,5.09
26593,4053,legal,25.0,1.71
2707,5927,full,390.41,81.79
7449,7729,breakdown,16.89,4.54
14913,3664,breakdown,22.9,5.09
13630,8497,full,197.03,41.27
6206,1428,breakdown,16.89,4.54
8847,5994,breakdown,16.89,4.54
27212,1305,breakdown,16.89,4.54
13555,7897,full,542.9,113.73
15327,3242,full,337.16,70.63
17420,1034,breakdown,22.9,5.09
12650,2574,legal,25.0,1.71
10481,5590,legal,37.5,2.02
28692,8718,legal,25.0,1.71
3878,3928,legal,25.0,1.71
22828,2768,breakdown,22.9,5.09
882,7010,legal,37.5,2.02
1163,678,breakdown,16.89,4.54
10575,3983,full,224.53,47.04
23193,6225,full,228.32,47.83
4880,1198,full,162.2,33.98
24807,1194,legal,25.0,1.71
18686,5390,breakdown,22.9,5.09
28301,703,full,111.64,23.39
14442,9529,full,303.26,63.53
6740,7445,breakdown,16.89,4.54
10469,991,legal,37.5,2.02
4245,8943,breakdown,16.89,4.54
26278,8248,legal,25.0,1.71
2550,1911,legal,25.0,1.71
23060,6962,breakdown,16.89,4.54
25555,5590,full,189.75,39.75
10331,5052,breakdown,16.89,4.54
22103,98,full,180.42,37.8
20660,286,legal,25.0,1.71
25497,4621,legal,25.0,1.71
17242,7772,full,101.2,21.2
27269,2823,full,556.21,116.52
29680,5339,full,742.34,155.51
23600,6321,breakdown,16.89,4.54
954,493,breakdown,22.9,5.09
4842,982,full,461.71,96.72
9585,920,full,303.92,63.67
23540,5646,legal,37.5,2.02
25032,5919,full,190.09,39.82
27190,5677,legal,25.0,1.71
21158,3291,full,226.3,47.4
856,9832,legal,37.5,2.02
2488,6688,legal,25.0,1.71
29773,1504,breakdown,16.89,4.54
14712,1077,breakdown,22.9,5.09
11889,2829,legal,30.0,1.71
23989,4998,legal,37.5,2.02
16317,733,legal,25.0,1.71
6684,3483,full,951.53,199.33
558,6520,legal,25.0,1.71
18555,8561,legal,25.0,1.71
18605,5581,legal,25.0,1.71
15070,6544,full,287.04,60.13
14313,198,legal,25.0,1.71
5893,3892,breakdown,16.89,4.54
24839,9043,legal,46.13,1.71
29639,5773,full,240.05,50.29
16220,2181,full,175.32,36.73
29304,8578,full,197.53,41.38
26116,7553,legal,46.13,1.71
24135,5429,legal,25.0,1.71
18382,3298,legal,46.13,1.71
1801,2171,breakdown,16.89,4.54
366,223,legal,25.0,1.71
539,7539,legal,37.5,2.02
20854,589,legal,25.0,1.71
19671,1051,full,278.06,58.25
26259,5816,breakdown,16.89,4.54
22359,5804,full,220.35,46.16
16345,8217,full,1426.92,298.92
21254,3390,full,266.82,55.9
16594,4371,breakdown,22.9,5.09
11030,337,breakdown,16.89,4.54
15,5903,legal,25.0,1.71
16727,2161,legal,37.5,2.02
16565,67,breakdown,16.89,4.54
5701,4580,full,1096.35,229.67
17765,6383,legal,25.0,1.71
13982,3750,full,359.24,75.26
13516,9749,legal,46.13,1.71
10803,6239,legal,69.23,2.27
13363,4565,legal,25.0,1.71
25696,6825,legal,25.0,1.71
20952,2700,breakdown,16.89,4.54
4176,1830,legal,37.5,2.02
27767,3610,legal,37.5,2.02
12445,6378,breakdown,16.89,4.54
3654,8201,full,332.1,69.57
6856,4703,breakdown,16.89,4.54
16347,3604,legal,25.0,1.71
26829,61,full,174.09,36.47
29445,763,breakdown,16.89,4.54
2527,6896,breakdown,16.89,4.54
21592,1677,breakdown,16.89,4.54
5557,5832,full,232.78,48.76
8487,4565,full,452.16,94.72
2137,3252,breakdown,25.9,5.91
3153,3151,legal,46.13,1.71
5561,4788,breakdown,25.9,5.91
5120,1356,breakdown,16.89,4.54
27606,240,full,606.74,127.1
12532,5546,full,638.6,133.78
5220,6869,legal,25.0,1.71
6361,7584,breakdown,22.9,5.09
8039,3038,legal,25.0,1.71
6867,9103,breakdown,22.9,5.09
1972,1946,breakdown,22.9,5.09
14183,611,breakdown,16.89,4.54
23851,5027,breakdown,16.89,4.54
14492,8914,breakdown,16.89,4.54
17389,6677,legal,69.23,2.27
9040,9243,legal,25.0,1.71
16201,2283,breakdown,16.89,4.54
4632,2781,breakdown,22.9,5.09
19485,1779,full,230.86,48.36
12508,3392,full,150.32,31.49
26935,5706,full,,77.95
28676,7330,legal,45.0,2.08
12069,1143,legal,25.0,1.71
1629,8710,breakdown,16.89,4.54
16240,8822,breakdown,22.9,5.09
18585,6246,breakdown,16.89,4.54
14460,4031,full,258.66,54.19
13117,9538,full,228.49,47.87
24879,3023,full,251.33,52.65
28626,306,breakdown,22.9,5.09
439,5241,full,253.07,53.02
24911,4179,legal,46.13,1.71
9564,8883,full,378.1,79.21
463,3069,legal,37.5,2.02
7962,628,full,273.14,57.22
24634,6404,full,297.34,62.29
94,363,legal,37.5,2.02
2649,2257,full,173.25,36.29
12614,6706,full,343.19,71.9
3080,9465,legal,25.0,1.71
25965,1821,legal,46.13,1.71
29851,8730,full,344.01,72.06
22803,8348,full,343.99,72.06
9345,9284,full,165.48,34.67
8154,3089,full,451.27,94.53
6450,6372,breakdown,22.9,5.09
12529,2776,breakdown,22.9,5.09
562,4280,full,352.28,73.8
19933,8569,breakdown,16.89,4.54
9744,1238,full,295.45,61.89
7298,9468,breakdown,16.89,4.54
5890,8080,full,208.97,43.78
20475,999,legal,25.0,1.71
19596,8632,breakdown,25.9,5.91
14327,4933,breakdown,16.89,4.54
2420,5183,breakdown,16.89,4.54
26508,1418,full,244.45,51.21
29118,582,breakdown,16.89,4.54
22444,8510,full,657.13,137.66
28506,800,breakdown,16.89,4.54
3071,575,breakdown,16.89,4.54
6562,5254,full,509.59,106.75
17358,5161,breakdown,16.89,4.54
19420,3346,legal,25.0,1.71
3303,2182,legal,25.0,1.71
20414,6113,legal,46.13,1.71
3622,9050,full,150.32,31.49
27195,7090,breakdown,22.9,5.09
10362,3264,breakdown,16.89,4.54
14784,442,full,153.71,32.2
10852,7899,breakdown,22.9,5.09
15431,9964,breakdown,16.89,4.54
21112,9947,legal,46.13,1.71
18255,2845,full,395.1,82.77
6187,5094,breakdown,16.89,4.54
1585,7399,breakdown,22.9,5.09
13009,9109,breakdown,16.89,4.54
4206,7859,breakdown,22.9,5.09
796,6731,legal,25.0,1.71
21605,6216,legal,37.5,2.02
12390,3915,breakdown,16.89,4.54
27316,4576,breakdown,22.9,5.09
8881,2006,legal,25.0,1.71
7860,9150,legal,37.5,2.02
20900,2559,legal,25.0,1.71
3118,1979,legal,30.0,1.71
16982,5961,legal,25.0,1.71
25365,8498,full,152.63,31.98
12086,6614,legal,46.13,1.71
4804,4807,breakdown,16.89,4.54
28488,7402,legal,25.0,1.71
23921,2250,legal,25.0,1.71
26296,250,breakdown,16.89,4.54
21529,4903,breakdown,22.9,5.09
2519,1224,breakdown,16.89,4.54
18890,5759,legal,92.32,2.83
7704,4366,legal,25.0,1.71
18096,7633,full,350.98,73.52
16945,452,breakdown,16.89,4.54
557,3325,legal,25.0,1.71
6781,4438,legal,25.0,1.71
23047,3966,full,309.71,64.88
6859,919,legal,25.0,1.71
20649,2954,legal,25.0,1.71
18174,3173,full,391.07,81.92
10325,5852,breakdown,16.89,4.54
13960,2564,full,605.99,126.95
2574,3066,legal,25.0,1.71
5911,7128,legal,25.0,1.71
16375,908,legal,25.0,1.71
5811,4408,breakdown,16.89,4.54
20260,4975,full,185.77,38.92
12914,3583,legal,25.0,1.71
24284,2522,legal,25.0,1.71
5836,7104,full,262.24,54.94
11726,8019,full,699.09,146.45
21375,8972,legal,25.0,1.71
10553,7,legal,37.5,2.02
2636,3922,full,359.76,75.36
5177,5893,full,101.2,21.2
15117,7058,breakdown,22.9,5.09
11918,2661,full,243.49,51.01
22128,3692,legal,46.13,1.71
17427,1339,full,216.36,45.33
18054,4111,breakdown,22.9,5.09
26669,2529,full,401.02,84.01
15589,5693,breakdown,16.89,4.54
18618,1074,full,139.15,29.15
13146,2482,breakdown,22.9,5.09
22152,2443,legal,46.13,1.71
19805,2112,breakdown,16.89,4.54
11873,626,breakdown,16.89,4.54
23507,4811,full,281.83,59.04
19195,1070,full,212.91,44.6
29449,1890,breakdown,22.9,5.09
4326,7371,full,171.53,35.94
11142,2959,full,172.67,36.17
28130,4516,full,188.42,39.47
26237,7877,breakdown,22.9,5.09
12984,6241,legal,25.0,1.71
19676,4177,breakdown,16.89,4.54
11895,3396,full,336.11,70.41
16850,4680,legal,46.13,1.71
29234,2095,breakdown,16.89,4.54
20790,7818,breakdown,16.89,4.54
16122,3633,breakdown,16.89,4.54
19862,8090,full,219.74,46.03
6008,3265,full,239.6,50.19
8112,7840,full,265.05,55.52
16299,59,full,182.17,38.16
29371,4474,full,242.2,50.73
9220,5941,full,101.2,21.2
11960,4585,legal,25.0,1.71
12666,4449,legal,25.0,1.71
28377,867,full,172.87,36.22
2524,2592,full,220.01,46.09
12184,7481,full,258.39,54.13
282,3604,breakdown,16.89,4.54
17834,1716,breakdown,16.89,4.54
29967,299,legal,25.0,1.71
13777,856,full,767.16,160.71
27044,287,full,349.52,73.22
4629,3988,legal,37.5,2.02
6686,6232,full,152.23,31.89
13437,2831,full,251.97,52.78
25599,1281,legal,25.0,1.71
5453,7953,full,152.23,31.89
4246,9561,breakdown,16.89,4.54
2345,9637,full,261.79,54.84
2558,7300,breakdown,16.89,4.54
20912,8443,breakdown,16.89,4.54
9156,7537,legal,25.0,1.71
4618,562,full,437.76,91.71
2756,479,breakdown,22.9,5.09
24530,8943,legal,25.0,1.71
1886,779,breakdown,22.9,5.09
4394,6759,breakdown,22.9,5.09
15242,6955,full,179.54,37.61
20591,2769,full,340.11,71.25
26741,1675,breakdown,22.9,5.09
28345,8241,breakdown,22.9,5.09
19277,787,legal,46.13,1.71
5356,526,full,331.19,69.38
23895,2699,legal,25.0,1.71
26732,9324,full,286.78,60.08
24337,3871,breakdown,16.89,4.54
11684,4291,legal,25.0,1.71
1149,915,full,508.67,106.56
20267,5698,legal,46.13,1.71
29413,1735,full,152.23,31.89
14711,3603,full,527.23,110.44
27004,4942,breakdown,16.89,4.54
16738,2665,breakdown,16.89,4.54
12204,9840,full,152.23,31.89
19402,2401,full,232.42,48.69
3191,4611,legal,25.0,1.71
5339,3516,full,239.79,50.23
25095,6197,breakdown,16.89,4.54
17863,9164,breakdown,16.89,4.54
16036,9886,full,396.29,83.02
4361,4229,legal,25.0,1.71
11219,9270,full,540.87,113.3
3396,4627,full,169.37,35.48
10453,6400,legal,25.0,1.71
13104,2110,legal,37.5,2.02
17690,7034,legal,37.5,2.02
8657,5154,full,217.77,45.62
14561,1939,legal,25.0,1.71
12465,2748,full,1055.27,221.06
11992,3755,breakdown,16.89,4.54
13676,3673,breakdown,16.89,4.54
6433,4300,legal,25.0,1.71
22267,8350,breakdown,16.89,4.54
256,2170,legal,25.0,1.71
8113,3313,legal,25.0,1.71
14130,3290,full,322.11,67.48
10739,5043,breakdown,16.89,4.54
16524,9870,full,216.94,45.44
8174,5515,breakdown,16.89,4.54
26001,4534,legal,25.0,1.71
18594,6733,breakdown,16.89,4.54
1759,9240,legal,25.0,1.71
211,5204,legal,37.5,2.02
6833,804,legal,37.5,2.02
21746,6481,breakdown,16.89,4.54
24367,7780,full,284.64,59.63
11719,253,full,171.53,35.94
29081,3662,breakdown,22.9,5.09
10002,6441,breakdown,16.89,4.54
2275,3621,legal,46.13,1.71
20492,9907,full,169.37,35.48
26361,1902,full,564.9,118.34
4415,6237,breakdown,16.89,4.54
8139,851,legal,25.0,1.71
224,8396,breakdown,16.89,4.54
25827,9696,full,596.15,124.88
10203,4064,legal,25.0,1.71
16019,143,breakdown,16.89,4.54
8085,1970,breakdown,16.89,4.54
28466,9553,breakdown,16.89,4.54
1007,6192,breakdown,16.89,4.54
3296,5023,legal,25.0,1.71
12263,4286,breakdown,16.89,4.54
3355,9411,legal,37.5,2.02
13708,1738,full,428.34,89.73
29582,1789,breakdown,25.9,5.91
8596,1464,full,600.7,125.84
3863,4410,full,627.13,131.38
10033,5379,breakdown,16.89,4.54
23022,9075,full,132.83,27.83
16535,9673,legal,25.0,1.71
29500,8244,legal,25.0,1.71
9640,3242,breakdown,16.89,4.54
11822,9216,breakdown,32.4,6.5
15205,8506,legal,46.13,1.71
17922,9506,breakdown,16.89,4.54
17769,3924,legal,37.5,2.02
22077,6998,full,357.73,74.94
3406,4869,legal,25.0,1.71
7331,5206,legal,45.0,2.08
1570,7329,breakdown,16.89,4.54
13126,3734,full,333.03,69.76
11810,6295,legal,25.0,1.71
20503,4867,legal,30.0,1.71
25644,5911,full,514.67,107.82
28032,1212,breakdown,16.89,4.54
24670,5923,legal,37.5,2.02
18896,8431,legal,25.0,1.71
28776,2049,breakdown,22.9,5.09
21859,2338,breakdown,16.89,4.54
21822,3894,breakdown,16.89,4.54
24768,6358,breakdown,22.9,5.09
4585,259,legal,25.0,1.71
26573,2945,full,438.65,91.89
10265,6746,full,178.11,37.31
6890,2602,full,363.16,76.07
3397,3545,full,169.37,35.48
7258,8703,full,178.1,37.31
4287,739,legal,25.0,1.71
1730,2560,full,169.37,35.48
372,2424,legal,25.0,1.71
25033,1625,full,413.58,86.64
10973,7078,full,358.92,75.19
21892,1872,breakdown,16.89,4.54
12426,4473,full,150.32,31.49
10913,7650,legal,25.0,1.71
19529,5121,legal,25.0,1.71
18550,3894,full,495.14,103.73
2477,4200,legal,46.13,1.71
5442,776,legal,69.23,2.27
16885,8318,breakdown,16.89,4.54
14906,3953,full,373.67,78.28
21041,2621,legal,46.13,1.71
8610,4426,breakdown,16.89,4.54
28659,4641,legal,37.5,2.02
27731,5446,legal,25.0,1.71
2931,3100,breakdown,16.89,4.54
10181,3617,breakdown,16.89,4.54
18267,6387,legal,25.0,1.71
3413,2167,breakdown,16.89,4.54
2895,70,legal,46.13,1.71
23628,5142,full,344.39,72.15
11713,7786,legal,37.5,2.02
7638,853,breakdown,16.89,4.54
12450,4075,full,272.45,57.07
6024,6315,breakdown,16.89,4.54
7624,8162,breakdown,16.89,4.54
14333,5376,legal,25.0,1.71
25528,8935,legal,25.0,1.71
1310,4120,full,334.12,69.99
13199,4771,breakdown,16.89,4.54
17044,5011,full,583.68,122.28
22765,2312,breakdown,16.89,4.54
24605,4697,legal,25.0,1.71
10529,7474,full,488.86,102.41
5233,2089,breakdown,16.89,4.54
23734,7005,full,276.37,57.9
7098,1121,legal,37.5,2.02
10452,7933,full,254.48,53.31
4014,3585,legal,25.0,1.71
22148,3829,legal,25.0,1.71
10930,7340,full,251.73,52.73
15736,2984,full,899.71,188.48
22416,1462,legal,46.13,1.71
7639,4620,full,350.37,73.4
14560,9309,legal,25.0,1.71
1417,8938,breakdown,16.89,4.54
3779,1638,breakdown,22.9,5.09
18259,4476,legal,25.0,1.71
1110,22,full,180.84,37.88
415,3752,breakdown,16.89,4.54
2271,7954,legal,25.0,1.71
12186,6536,breakdown,22.9,5.09
18625,9978,legal,37.5,2.02
1215,5174,legal,25.0,1.71
7135,7455,breakdown,16.89,4.54
10090,2002,breakdown,16.89,4.54
23931,7069,breakdown,16.89,4.54
13614,7184,legal,37.5,2.02
12994,3083,full,191.96,40.21
1841,1524,breakdown,16.89,4.54
27422,6730,full,569.25,119.25
15716,2514,legal,25.0,1.71
14238,4994,full,291.41,61.05
11847,2774,full,704.46,147.57
23743,3398,full,269.45,56.45
14752,4000,breakdown,16.89,4.54
8524,3437,full,611.71,128.14
10734,6585,full,298.17,62.46
5390,5959,legal,25.0,1.71
2695,9236,breakdown,16.89,4.54
19712,4526,legal,25.0,1.71
22615,3748,legal,25.0,1.71
11357,5608,full,302.26,63.32
13423,3891,breakdown,16.89,4.54
29452,7208,full,356.44,74.67
11183,2073,legal,69.23,2.27
27098,5264,legal,46.13,1.71
13096,6960,full,198.55,41.59
17003,4120,legal,25.0,1.71
28529,6229,legal,46.13,1.71
18834,9340,full,189.7,39.74
28713,1129,full,210.13,44.02
14792,3442,full,101.2,21.2
5645,5856,legal,37.5,2.02
21903,34,legal,25.0,1.71
904,3552,full,567.33,118.85
16964,1521,breakdown,16.89,4.54
14927,6460,breakdown,22.9,5.09
21717,100,breakdown,16.89,4.54
9371,6475,legal,25.0,1.71
10104,180,legal,25.0,1.71
20726,705,legal,25.0,1.71
4739,4389,breakdown,16.89,4.54
27828,5411,full,169.37,35.48
20421,7492,breakdown,22.9,5.09
19203,5241,legal,25.0,1.71
26686,4616,breakdown,16.89,4.54
6499,3562,full,385.81,80.82
16537,7266,breakdown,16.89,4.54
1075,7613,legal,37.5,2.02
10000,1479,legal,25.0,1.71
14639,5673,breakdown,22.9,5.09
26089,1862,legal,25.0,1.71
22137,6231,breakdown,16.89,4.54
16275,3441,full,152.23,31.89
28600,1110,breakdown,22.9,5.09
27519,4180,full,373.35,78.21
1094,4919,breakdown,16.89,4.54
11172,6009,breakdown,16.89,4.54
20657,5809,breakdown,22.9,5.09
26172,1637,breakdown,16.89,4.54
27998,7580,breakdown,16.89,4.54
8754,7629,full,171.97,36.03
8532,4495,legal,25.0,1.71
6624,4073,legal,25.0,1.71
1214,5768,full,405.78,85.01
25838,8984,breakdown,16.89,4.54
7204,8179,full,282.31,59.14
29194,5063,legal,25.0,1.71
19792,5416,breakdown,16.89,4.54
29987,3568,breakdown,16.89,4.54
7027,7559,full,269.02,56.36
3320,947,full,152.63,31.98
27261,1670,full,447.12,93.66
26433,8801,legal,25.0,1.71
8676,9211,full,250.47,52.47
17066,5624,breakdown,22.9,5.09
24123,9587,breakdown,25.9,5.91
20557,7359,breakdown,16.89,4.54
5530,9831,legal,37.5,2.02
27753,9642,breakdown,16.89,4.54
18287,2140,breakdown,16.89,4.54
18489,5038,breakdown,16.89,4.54
17316,2077,breakdown,16.89,4.54
2493,9925,full,294.19,61.63
5812,9239,legal,37.5,2.02
15962,7621,legal,46.13,1.71
9296,1935,legal,25.0,1.71
8385,5655,legal,37.5,2.02
15941,2806,breakdown,16.89,4.54
5280,4724,legal,46.13,1.71
10636,7939,breakdown,16.89,4.54
29565,9711,full,256.1,53.65
5673,2075,full,544.75,114.12
23173,9637,legal,25.0,1.71
13072,8670,breakdown,16.89,4.54
27862,5666,breakdown,16.89,4.54
19061,2062,breakdown,16.89,4.54
15712,6297,full,515.59,108.01
19236,4465,breakdown,22.9,5.09
16665,3059,full,313.25,65.62
29527,7124,full,203.6,42.64
13570,422,legal,25.0,1.71
10268,5871,legal,46.13,1.71
9275,4115,legal,25.0,1.71
26462,4947,full,371.94,77.91
13667,9657,legal,25.0,1.71
124,1174,breakdown,22.9,5.09
17780,1154,full,240.84,50.46
19856,1749,breakdown,16.89,4.54
19577,8419,legal,92.32,2.83
24391,8785,legal,25.0,1.71
18699,697,legal,46.13,1.71
2713,8257,full,181.63,38.05
10234,2410,breakdown,16.89,4.54
21543,8622,breakdown,16.89,4.54
11227,6004,full,176.76,37.03
17057,8399,full,101.2,21.2
16522,3491,legal,37.5,2.02
15111,4423,full,101.2,21.2
22994,7564,full,283.53,59.39
7312,9227,breakdown,16.89,4.54
7247,5857,full,248.82,52.13
4846,929,legal,25.0,1.71
1122,3787,full,385.85,80.83
27953,468,breakdown,22.9,5.09
11401,8868,full,336.87,70.57
27957,4392,legal,25.0,1.71
13983,9578,breakdown,16.89,4.54
12116,1457,legal,46.13,1.71
14704,8912,legal,25.0,1.71
11771,8165,legal,25.0,1.71
12242,4482,legal,25.0,1.71
9872,4511,breakdown,16.89,4.54
13272,9369,legal,45.0,2.08
19597,8119,full,379.11,79.42
12284,5451,legal,37.5,2.02
15751,9841,full,833.1,174.52
25323,485,legal,37.5,2.02
16879,4533,full,524.89,109.96
4978,4226,full,275.58,57.73
3033,2895,legal,92.32,2.83
18018,3010,full,538.46,112.8
22466,6412,legal,25.0,1.71
12106,1369,legal,37.5,2.02
18909,823,legal,37.5,2.02
27440,6331,legal,37.5,2.02
6953,1641,legal,37.5,2.02
26401,3101,legal,25.0,1.71
21666,437,full,318.35,66.69
12984,6241,legal,25.0,1.71
15603,4368,full,199.2,41.73
5466,9559,full,218.08,45.69
1723,4046,full,424.2,88.86
25532,6745,legal,25.0,1.71
26521,9854,legal,25.0,1.71
13387,9883,legal,25.0,1.71
101,2595,legal,30.0,1.71
5366,6599,breakdown,16.89,4.54
24490,1274,breakdown,22.9,5.09
6303,6008,breakdown,16.89,4.54
7675,6532,breakdown,22.9,5.09
4709,4568,breakdown,16.89,4.54
11399,5275,full,239.73,50.22
4818,830,breakdown,22.9,5.09
1343,9519,legal,37.5,2.02
10166,2185,full,131.9,27.63
4789,1082,full,312.57,65.48
989,3598,full,322.77,67.62
11543,5452,full,174.55,36.57
12409,4563,full,421.4,88.28
11164,7096,full,872.75,182.83
16963,5944,breakdown,16.89,4.54
2662,1917,full,172.87,36.22
5427,832,legal,25.0,1.71
6068,8418,full,171.11,35.84
2075,7803,breakdown,16.89,4.54
18709,8160,breakdown,16.89,4.54
6280,4959,full,320.27,67.1
6604,8080,legal,37.5,2.02
17646,8569,legal,25.0,1.71
9802,8233,breakdown,16.89,4.54
24368,5956,breakdown,16.89,4.54
24991,9887,full,418.62,87.7
10511,999,full,272.84,57.16
12059,7047,full,101.2,21.2
6159,8257,legal,46.13,1.71
20314,7999,legal,37.5,2.02
15344,1662,legal,25.0,1.71
9469,3884,legal,37.5,2.02
12245,5463,legal,25.0,1.71
27815,3573,breakdown,16.89,4.54
27917,8664,breakdown,16.89,4.54
1050,9887,legal,25.0,1.71
179,2954,full,528.13,110.64
3017,6535,breakdown,22.9,5.09
10427,33,legal,25.0,1.71
23646,3773,full,152.63,31.98
3190,6212,breakdown,16.89,4.54
11114,7523,legal,25.0,1.71
26162,9937,legal,25.0,1.71
12160,1672,full,395.15,82.78
19719,1026,legal,25.0,1.71
6633,9212,breakdown,16.89,4.54
13774,3874,breakdown,16.89,4.54
19026,790,full,172.87,36.22
30,9141,breakdown,16.89,4.54
9234,9899,breakdown,16.89,4.54
10112,6567,legal,25.0,1.71
10404,3077,full,101.2,21.2
4651,9471,legal,69.23,2.27
7377,1196,full,404.34,84.7
23965,6970,breakdown,16.89,4.54
5861,5553,breakdown,16.89,4.54
3440,6336,legal,25.0,1.71
12112,6891,full,241.72,50.63
17246,611,full,152.63,31.98
8270,200,legal,25.0,1.71
4032,1706,full,1136.55,238.1
29774,8442,full,283.43,59.38
23671,978,breakdown,32.4,6.5
21656,3862,full,472.17,98.91
26287,50,legal,25.0,1.71
17667,9484,legal,25.0,1.71
8736,7753,full,310.39,65.02
9290,5640,breakdown,16.89,4.54
25640,3997,full,347.57,72.81
26735,1106,legal,37.5,2.02
7585,7641,legal,25.0,1.71
11513,8065,legal,25.0,1.71
13842,5834,legal,37.5,2.02
4720,8362,full,379.72,79.55
11365,6167,legal,25.0,1.71
15599,8520,breakdown,16.89,4.54
21851,967,breakdown,16.89,4.54
20231,9374,legal,25.0,1.71
6917,7397,legal,25.0,1.71
16746,6772,legal,25.0,1.71
28336,5496,full,468.82,98.21
10107,8117,full,440.87,92.36
4396,5884,legal,25.0,1.71
10558,6751,legal,46.13,1.71
13058,9823,legal,25.0,1.71
17369,7608,full,150.32,31.49
25294,1967,full,214.03,44.83
13319,4843,breakdown,16.89,4.54
9554,565,breakdown,16.89,4.54
13790,7440,breakdown,16.89,4.54
7554,6022,legal,25.0,1.71
15284,3691,full,241.79,50.65
13043,2454,legal,37.5,2.02
6360,3849,legal,25.0,1.71
28465,6682,full,233.79,48.98
14047,4905,legal,25.0,1.71
9931,7081,full,295.12,61.82
20966,1231,breakdown,16.89,4.54
20189,7384,legal,25.0,1.71
1303,9166,breakdown,16.89,4.54
19045,9374,breakdown,16.89,4.54
19687,6041,full,311.22,65.19
20130,9616,full,101.2,21.2
8887,7097,breakdown,22.9,5.09
114,3912,breakdown,16.89,4.54
24606,5261,breakdown,16.89,4.54
1616,1048,breakdown,22.9,5.09
10998,4314,full,501.85,105.13
19548,9882,full,189.87,39.78
12526,7335,full,169.37,35.48
29503,3853,legal,25.0,1.71
1196,5842,breakdown,22.9,5.09
9325,7617,full,200.75,42.05
3179,6189,full,723.14,151.49
13916,2537,breakdown,16.89,4.54
9996,7480,breakdown,16.89,4.54
12787,3536,breakdown,16.89,4.54
16667,5701,legal,69.23,2.27
20834,7224,legal,25.0,1.71
1720,7835,breakdown,16.89,4.54
7295,5314,full,372.89,78.11
24202,1597,legal,92.32,2.83
10504,8448,full,116.04,24.31
10020,6783,legal,25.0,1.71
4427,7935,full,244.35,51.19
4542,1919,legal,25.0,1.71
5667,929,full,1044.16,218.74
19915,3323,legal,,1.71
5365,6620,full,198.55,41.6
16346,8991,legal,25.0,1.71
1112,6538,breakdown,16.89,4.54
1287,6388,full,1716.01,359.48
1867,6624,legal,69.23,2.27
20112,3485,full,101.2,21.2
13756,26,breakdown,16.89,4.54
20178,8022,full,358.69,75.14
7968,1111,breakdown,16.89,4.54
7525,295,legal,25.0,1.71
2952,7653,legal,25.0,1.71
8840,6129,breakdown,16.89,4.54
10098,630,legal,25.0,1.71
22684,4683,full,496.8,104.07
17723,8430,full,452.98,94.89
17296,7933,breakdown,16.89,4.54
14260,1146,breakdown,22.9,5.09
8897,10,legal,25.0,1.71
27825,2549,breakdown,22.9,5.09
13923,9354,legal,25.0,1.71
4306,6231,full,395.39,82.82
17598,253,breakdown,16.89,4.54
27347,6575,full,689.71,144.49
19759,6032,full,391.36,81.98
22730,4115,breakdown,16.89,4.54
10164,1534,full,246.73,51.69
4041,9786,legal,25.0,1.71
3720,2906,legal,25.0,1.71
11388,2911,breakdown,16.89,4.54
1985,285,legal,25.0,1.71
7687,9932,legal,25.0,1.71
4296,7777,breakdown,16.89,4.54
6446,8507,full,471.68,98.81
5971,2105,full,251.71,52.73
10781,5885,legal,37.5,2.02
26210,6615,legal,25.0,1.71
12411,2265,full,231.7,48.54
15531,9985,full,380.65,79.74
8285,7476,legal,25.0,1.71
3302,4837,legal,25.0,1.71
18269,4478,full,424.39,88.91
13419,9762,breakdown,22.9,5.09
8008,1441,legal,25.0,1.71
12278,917,full,327.55,68.62
1909,541,breakdown,22.9,5.09
6132,5923,full,152.23,31.89
984,968,full,664.3,139.16
28647,6714,legal,25.0,1.71
20719,6268,legal,25.0,1.71
12209,1755,breakdown,22.9,5.09
28691,3702,legal,69.23,2.27
29548,9423,legal,37.5,2.02
5127,7284,breakdown,22.9,5.09
16550,2953,breakdown,22.9,5.09
10220,6589,full,152.23,31.89
10568,717,breakdown,25.9,5.91
20702,3956,full,172.87,36.22
3615,2787,breakdown,16.89,4.54
14844,1987,breakdown,16.89,4.54
5863,9698,full,173.75,36.4
24891,1111,legal,25.0,1.71
23976,8745,breakdown,22.9,5.09
29531,8296,breakdown,16.89,4.54
4546,9755,legal,25.0,1.71
1986,3434,full,942.12,197.36
18391,4167,legal,25.0,1.71
14393,6474,full,490.85,102.83
18559,5324,legal,30.0,1.71
28784,2146,full,449.53,94.17
26022,2466,full,256.41,53.71
11294,3413,legal,25.0,1.71
21368,1152,full,630.02,131.98
22842,7727,full,101.2,21.2
23087,5075,legal,25.0,1.71
15115,7898,breakdown,22.9,5.09
21602,7796,legal,25.0,1.71
15025,6805,breakdown,16.89,4.54
11133,2882,breakdown,16.89,4.54
26247,3075,full,152.23,31.89
7600,9972,full,314.05,65.78
1224,6588,breakdown,16.89,4.54
17502,4881,full,581.0,121.71
21457,9185,full,485.6,101.73
14860,2116,legal,30.0,1.71
13800,1016,breakdown,16.89,4.54
15572,7215,full,280.14,58.69
22158,9958,breakdown,16.89,4.54
3583,9005,breakdown,16.89,4.54
25045,1209,legal,46.13,1.71
27169,6464,breakdown,22.9,5.09
24194,9659,full,296.97,62.21
15007,955,legal,25.0,1.71
18470,1773,breakdown,16.89,4.54
5664,4217,breakdown,22.9,5.09
20605,5955,full,439.02,91.97
17736,3348,legal,25.0,1.71
10725,4643,breakdown,16.89,4.54
6812,9613,breakdown,22.9,5.09
28213,902,full,216.72,45.4
20437,3007,legal,25.0,1.71
20215,2725,breakdown,16.89,4.54
25491,66,legal,25.0,1.71
8011,9395,breakdown,16.89,4.54
2255,4501,full,280.84,58.84
14070,2526,legal,37.5,2.02
18366,7088,full,523.11,109.59
3401,6736,breakdown,16.89,4.54
27144,1864,breakdown,16.89,4.54
4548,2230,legal,46.13,1.71
29235,3880,legal,25.0,1.71
24474,4170,legal,69.23,2.27
26634,7272,legal,25.0,1.71
6896,2393,full,164.86,34.53
8955,7372,full,684.11,143.31
16543,8493,full,615.46,128.93
19219,8943,full,172.87,36.22
15190,4312,breakdown,16.89,4.54
12937,578,full,206.05,43.17
26801,9690,breakdown,16.89,4.54
3614,1440,breakdown,16.89,4.54
10336,3955,legal,37.5,2.02
9871,7364,full,292.3,61.23
11168,2552,breakdown,16.89,4.54
3421,734,full,416.68,87.29
26280,8099,breakdown,16.89,4.54
18694,9661,breakdown,22.9,5.09
24263,2628,breakdown,16.89,4.54
2511,3437,legal,37.5,2.02
2852,8763,breakdown,22.9,5.09
15878,1531,legal,45.0,2.08
8645,6761,full,322.77,67.62
23914,3004,legal,45.0,2.08
7618,5467,full,373.75,78.3
1082,6946,breakdown,16.89,4.54
857,4204,full,410.95,86.09
12180,2721,legal,37.5,2.02
24744,3120,legal,37.5,2.02
14551,8264,breakdown,25.9,5.91
5018,6368,legal,37.5,2.02
12520,4636,breakdown,16.89,4.54
12798,5680,legal,46.13,1.71
21272,2919,breakdown,16.89,4.54
10116,9230,legal,30.0,1.71
29760,4942,legal,25.0,1.71
2803,464,breakdown,25.9,5.91
126,6183,breakdown,16.89,4.54
24072,6130,full,166.73,34.93
15146,5730,breakdown,22.9,5.09
12742,3188,legal,37.5,2.02
23309,5258,full,101.2,21.2
28856,2873,breakdown,16.89,4.54
24090,9868,full,153.3,32.11
14764,5555,full,475.68,99.65
26578,1137,breakdown,16.89,4.54
2946,8482,breakdown,16.89,4.54
16424,956,full,241.44,50.58
12297,3460,full,397.04,83.18
11416,6580,legal,25.0,1.71
25879,5817,full,366.23,76.72
23770,3286,legal,46.13,1.71
15563,3752,legal,25.0,1.71
7545,4964,full,234.46,49.12
15504,2803,breakdown,16.89,4.54
21545,160,full,283.09,59.3
17444,7725,legal,25.0,1.71
7069,6403,legal,25.0,1.71
15806,7228,legal,25.0,1.71
8550,8651,full,336.92,70.58
4800,6927,full,152.23,31.89
24625,8891,legal,37.5,2.02
3937,1822,breakdown,16.89,4.54
5321,4615,legal,37.5,2.02
3854,7252,legal,37.5,2.02
29810,7936,full,290.35,60.82
17205,5831,legal,25.0,1.71
3362,5660,legal,25.0,1.71
9208,5786,breakdown,16.89,4.54
27448,9714,legal,25.0,1.71
14760,126,legal,25.0,1.71
15798,1946,legal,46.13,1.71
25398,6307,breakdown,16.89,4.54
4110,9268,full,254.44,53.31
19540,9041,legal,37.5,2.02
18642,1262,legal,25.0,1.71
9001,9269,full,540.87,113.3
5908,2396,breakdown,16.89,4.54
15749,7524,legal,25.0,1.71
29505,8998,breakdown,16.89,4.54
29664,2448,breakdown,16.89,4.54
3696,9080,full,560.69,117.46
4723,4370,breakdown,22.9,5.09
10548,3029,breakdown,22.9,5.09
18466,6597,legal,37.5,2.02
11050,132,legal,37.5,2.02
6656,5085,full,195.86,41.03
22855,1516,full,101.2,21.2
7403,4870,full,402.89,84.4
5691,9876,full,278.3,58.3
3096,3140,full,201.28,42.16
21350,3541,full,379.09,79.41
14831,6324,legal,30.0,1.71
8880,4036,legal,37.5,2.02
24439,4382,legal,25.0,1.71
1018,8813,full,189.75,39.75
14054,607,legal,25.0,1.71
19574,601,breakdown,16.89,4.54
24751,9029,breakdown,16.89,4.54
15178,9342,breakdown,16.89,4.54
27613,80,full,615.15,128.86
5986,1093,breakdown,22.9,5.09
7696,9367,breakdown,16.89,4.54
3621,9441,breakdown,16.89,4.54
14172,2194,breakdown,16.89,4.54
24661,6627,breakdown,16.89,4.54
15177,8509,breakdown,16.89,4.54
555,2260,full,605.67,126.88
18761,5682,full,283.55,59.4
2479,1399,full,425.07,89.04
16780,8654,breakdown,16.89,4.54
8042,115,breakdown,16.89,4.54
14949,8306,legal,69.23,2.27
17449,350,breakdown,16.89,4.54
838,4851,legal,25.0,1.71
4483,3142,full,444.46,93.11
6456,3751,legal,30.0,1.71
12568,3816,full,169.42,35.5
28283,6698,full,882.8,184.94
3967,4778,legal,25.0,1.71
11835,4351,full,300.64,62.98
20893,7165,breakdown,16.89,4.54
151,3310,full,521.19,109.18
26743,2178,legal,25.0,1.71
6613,5136,full,275.31,57.67
15069,4192,legal,25.0,1.71
509,6520,full,272.78,57.14
9196,9895,legal,25.0,1.71
29540,3579,legal,25.0,1.71
13415,7783,legal,25.0,1.71
10794,3122,breakdown,22.9,5.09
25235,308,full,226.51,47.45
20714,1614,legal,37.5,2.02
10409,537,full,539.46,113.01
4138,2079,full,189.64,39.72
26378,69,full,571.98,119.83
21238,2232,legal,25.0,1.71
18192,6882,breakdown,16.89,4.54
26087,8186,breakdown,16.89,4.54
922,8478,legal,25.0,1.71
19071,6690,legal,25.0,1.71
16905,8305,breakdown,16.89,4.54
8535,6850,full,556.21,116.52
8829,3118,full,250.47,52.47
25459,3035,legal,25.0,1.71
19701,1743,full,320.27,67.1
24081,1313,legal,46.13,1.71
19258,8689,breakdown,16.89,4.54
17984,8567,breakdown,16.89,4.54
20211,930,legal,30.0,1.71
27607,2179,breakdown,22.9,5.09
2893,9140,breakdown,16.89,4.54
7907,85,legal,25.0,1.71
6197,6843,legal,25.0,1.71
15326,1936,full,397.93,83.36
9481,6551,full,251.73,52.73
12731,2693,breakdown,16.89,4.54
1380,6250,legal,37.5,2.02
23516,2492,full,437.2,91.59
5056,8976,legal,25.0,1.71
4721,7607,breakdown,16.89,4.54
22065,8222,legal,25.0,1.71
19328,1723,legal,37.5,2.02
22374,7919,breakdown,16.89,4.54
22151,1296,full,189.75,39.75
17715,1818,breakdown,16.89,4.54
2364,2671,full,168.04,35.2
6455,458,full,342.66,71.78
8365,6901,full,194.45,40.74
7898,6441,legal,25.0,1.71
15476,7479,breakdown,22.9,5.09
26900,4268,breakdown,16.89,4.54
25303,6857,breakdown,22.9,5.09
22139,11,legal,25.0,1.71
9242,4465,full,210.02,44.0
18105,28,full,528.68,110.76
5475,4541,breakdown,25.9,5.91
6431,4092,full,535.43,112.16
13297,1005,legal,25.0,1.71
13416,6309,legal,37.5,2.02
9612,8742,breakdown,16.89,4.54
2162,3880,full,367.4,76.97
16349,8886,legal,46.13,1.71
7437,1847,breakdown,22.9,5.09
6196,4105,full,436.83,91.51
25454,5737,breakdown,16.89,4.54
379,7964,breakdown,16.89,4.54
1692,9693,breakdown,32.4,6.5
25764,631,full,156.41,32.77
28690,2895,breakdown,16.89,4.54
12976,1161,full,385.8,80.82
18365,4868,full,171.23,35.87
14406,8578,legal,46.13,1.71
24485,3579,breakdown,16.89,4.54
9856,2707,legal,25.0,1.71
21837,873,breakdown,22.9,5.09
16909,8975,legal,25.0,1.71
27245,4202,legal,69.23,2.27
7246,7094,full,437.4,91.63
931,7640,full,190.09,39.82
26804,9930,full,573.61,120.16
27711,7344,legal,25.0,1.71
2185,8577,full,277.04,58.04
27290,6358,legal,37.5,2.02
22533,8239,breakdown,16.89,4.54
13040,5708,breakdown,22.9,5.09
15689,3207,full,552.07,115.65
24527,4640,legal,25.0,1.71
10012,2384,breakdown,16.89,4.54
13600,734,breakdown,16.89,4.54
13086,3929,legal,25.0,1.71
15827,3815,full,408.86,85.65
15076,5921,legal,25.0,1.71
27436,5171,breakdown,16.89,4.54
18329,6597,breakdown,22.9,5.09
1674,939,breakdown,22.9,5.09
6034,3949,breakdown,16.89,4.54
25730,9775,legal,37.5,2.02
8500,8933,legal,25.0,1.71
25228,720,breakdown,16.89,4.54
18806,2940,full,251.73,52.73
14430,5034,legal,25.0,1.71
14570,2714,legal,30.0,1.71
25212,7145,full,370.65,77.65
15469,9844,legal,25.0,1.71
9909,7844,legal,25.0,1.71
4650,5227,legal,37.5,2.02
28496,1250,legal,25.0,1.71
12844,601,legal,25.0,1.71
2473,3921,breakdown,16.89,4.54
9357,118,breakdown,22.9,5.09
453,9603,breakdown,22.9,5.09
29758,888,legal,92.32,2.83
9162,5615,breakdown,16.89,4.54
20951,7423,full,224.22,46.97
24018,1517,full,344.64,72.2
29082,3383,full,378.46,79.28
10277,1949,full,169.37,35.48
2389,7108,breakdown,22.9,5.09
5809,9091,legal,37.5,2.02
12125,7102,breakdown,16.89,4.54
22263,4398,full,359.74,75.36
6407,7583,full,512.39,107.34
15517,6643,full,541.6,113.46
28887,7710,legal,25.0,1.71
19401,6869,breakdown,16.89,4.54
8737,2987,breakdown,16.89,4.54
7273,8271,legal,25.0,1.71
21346,1595,legal,,1.71
18419,6087,full,1071.14,224.39
7316,1748,legal,46.13,1.71
1235,9131,breakdown,22.9,5.09
22513,305,breakdown,22.9,5.09
25000,841,full,152.23,31.89
3425,3543,legal,46.13,1.71
21037,8373,breakdown,16.89,4.54
14119,6820,legal,30.0,1.71
14850,9564,breakdown,22.9,5.09
14301,9301,full,150.32,31.49
6413,7874,legal,25.0,1.71
3680,525,legal,25.0,1.71
16070,7944,full,169.37,35.48
26076,5538,full,228.44,47.85
11936,8596,breakdown,16.89,4.54
2783,3078,full,101.2,21.2
10379,4230,legal,25.0,1.71
16342,2322,breakdown,16.89,4.54
9589,3360,legal,46.13,1.71
8454,4360,breakdown,16.89,4.54
26755,5820,full,152.23,31.89
22926,9919,full,285.25,59.76
22340,5317,full,220.26,46.14
17694,6955,legal,25.0,1.71
16810,3073,legal,25.0,1.71
8095,2816,legal,37.5,2.02
6722,9059,legal,25.0,1.71
1368,8879,breakdown,16.89,4.54
11678,3662,legal,37.5,2.02
1236,8433,full,192.3,40.28
13543,2949,full,541.08,113.35
7623,5967,legal,37.5,2.02
29342,8594,legal,37.5,2.02
6600,4619,breakdown,16.89,4.54
26596,9991,breakdown,32.4,6.5
20897,3067,full,181.67,38.06
5405,3405,breakdown,16.89,4.54
23683,8562,breakdown,16.89,4.54
29223,3373,full,311.04,65.16
22982,5750,full,215.98,45.25
14549,2513,full,122.77,25.72
7947,661,full,153.12,32.08
6716,3371,legal,25.0,1.71
11394,7982,breakdown,16.89,4.54
6843,129,breakdown,16.89,4.54
28044,349,full,1223.48,256.3
2272,6090,legal,25.0,1.71
2611,8451,breakdown,22.9,5.09
6184,5948,legal,69.23,2.27
2450,9934,full,188.57,39.5
19073,3574,full,202.33,42.39
19008,6995,breakdown,16.89,4.54
28175,19,breakdown,22.9,5.09
356,2358,legal,25.0,1.71
16054,2450,full,101.2,21.2
24566,6937,legal,25.0,1.71
6100,9708,legal,37.5,2.02
5478,5605,legal,25.0,1.71
26506,995,breakdown,16.89,4.54
18716,5769,full,375.36,78.64
10886,3629,full,303.04,63.48
29815,81,legal,37.5,2.02
2099,3898,full,201.7,42.25
29217,4350,full,223.6,46.84
7836,316,breakdown,16.89,4.54
7400,5227,full,362.0,75.83
21496,3652,legal,37.5,2.02
13421,4650,full,357.66,74.93
26252,9528,legal,25.0,1.71
29423,1334,full,269.89,56.53
7630,5534,full,260.66,54.61
21708,8702,legal,25.0,1.71
4313,3862,legal,25.0,1.71
3035,3021,breakdown,16.89,4.54
24804,9944,breakdown,16.89,4.54
2654,3760,breakdown,16.89,4.54
19888,7168,legal,25.0,1.71
12344,388,breakdown,16.89,4.54
3958,2089,full,151.09,31.65
10593,5971,full,121.97,25.55
15971,8271,full,416.46,87.25
17558,8491,full,1247.43,261.32
7361,4272,full,1179.7,247.13
3746,7509,breakdown,16.89,4.54
20451,5182,full,113.85,23.85
21945,7970,full,344.0,72.06
21125,487,breakdown,16.89,4.54
20454,6626,breakdown,16.89,4.54
5297,3586,legal,25.0,1.71
24493,5229,full,1080.06,226.26
29052,5276,breakdown,22.9,5.09
16386,9119,breakdown,16.89,4.54
23535,4447,legal,37.5,2.02
9561,6236,full,167.5,35.09
29511,5366,breakdown,22.9,5.09
16742,2677,breakdown,22.9,5.09
24134,6427,legal,46.13,1.71
24983,1000,legal,25.0,1.71
29819,8377,legal,25.0,1.71
19705,1301,legal,25.0,1.71
19099,4351,legal,25.0,1.71
29670,8127,legal,25.0,1.71
4838,4857,breakdown,16.89,4.54
16378,7018,legal,25.0,1.71
778,8292,breakdown,22.9,5.09
2277,9877,legal,37.5,2.02
17079,3373,breakdown,16.89,4.54
17979,5497,breakdown,22.9,5.09
14877,3100,legal,25.0,1.71
18929,9684,full,204.01,42.73
8380,2861,full,446.53,93.54
18027,3083,breakdown,16.89,4.54
25457,6513,legal,25.0,1.71
21695,2438,breakdown,16.89,4.54
23868,7124,breakdown,16.89,4.54
20261,9959,breakdown,16.89,4.54
6183,6466,full,356.37,74.66
26775,919,full,305.0,63.89
27706,8435,full,251.73,52.73
9453,1995,legal,25.0,1.71
3930,9610,breakdown,16.89,4.54
6676,439,breakdown,16.89,4.54
29383,7484,breakdown,22.9,5.09
14540,2602,legal,25.0,1.71
29895,6835,breakdown,16.89,4.54
29811,5020,full,205.69,43.09
25104,7562,breakdown,16.89,4.54
4995,2123,breakdown,16.89,4.54
1470,3697,full,681.55,142.77
14422,8149,legal,46.13,1.71
5564,957,full,504.68,105.72
3030,9795,breakdown,16.89,4.54
18877,7390,legal,25.0,1.71
1997,1926,legal,37.5,2.02
10981,9281,full,152.23,31.89
1779,3907,breakdown,16.89,4.54
6510,1649,legal,25.0,1.71
24215,6292,legal,46.13,1.71
6418,4207,breakdown,16.89,4.54
27410,6618,breakdown,16.89,4.54
14527,7507,full,379.5,79.5
22446,2465,full,498.19,104.37
4655,7089,breakdown,22.9,5.09
18123,3380,full,243.45,51.0
10356,6703,breakdown,16.89,4.54
15467,2187,full,372.97,78.13
28425,7369,legal,37.5,2.02
1493,7925,full,213.54,44.74
29543,2128,legal,25.0,1.71
7286,288,legal,25.0,1.71
12194,2843,legal,25.0,1.71
4272,8222,breakdown,16.89,4.54
21807,4898,full,523.35,109.63
24383,9892,legal,25.0,1.71
19801,6835,full,379.5,79.5
3346,4389,full,573.76,120.19
8805,3865,full,265.46,55.61
20983,8487,breakdown,16.89,4.54
9217,7994,legal,25.0,1.71
23165,5248,breakdown,16.89,4.54
1061,4980,legal,25.0,1.71
14126,7743,full,365.08,76.48
12271,7441,breakdown,16.89,4.54
27553,2929,full,248.31,52.02
18464,3350,full,210.2,44.04
12022,9563,breakdown,22.9,5.09
2646,2460,legal,25.0,1.71
14223,2157,full,182.83,38.3
19653,1243,breakdown,25.9,5.91
27048,8841,breakdown,16.89,4.54
14683,6354,full,572.67,119.96
8168,3185,breakdown,22.9,5.09
8227,8708,full,307.99,64.52
28559,7518,full,169.37,35.48
14305,3600,full,127.47,26.7
29974,3265,breakdown,22.9,5.09
19517,3027,legal,25.0,1.71
15152,5620,full,191.31,40.08
11117,3010,legal,25.0,1.71
5931,6655,legal,25.0,1.71
9408,1838,legal,37.5,2.02
27621,2432,legal,25.0,1.71
28874,637,breakdown,22.9,5.09
6521,9089,breakdown,16.89,4.54
5349,7362,breakdown,22.9,5.09
19563,9245,full,464.62,97.33
27021,6314,full,379.5,79.5
22279,1929,legal,25.0,1.71
822,4373,breakdown,16.89,4.54
22915,9151,breakdown,16.89,4.54
2793,1381,breakdown,16.89,4.54
5603,9768,full,488.42,102.31
28884,9540,legal,37.5,2.02
6576,937,legal,25.0,1.71
15612,7936,legal,37.5,2.02
9221,3264,legal,25.0,1.71
23799,6325,legal,92.32,2.83
24011,3102,legal,25.0,1.71
24151,752,full,374.8,78.52
3942,1107,breakdown,16.89,4.54
612,4429,legal,25.0,1.71
3003,7931,full,154.56,32.38
7728,7942,breakdown,16.89,4.54
25996,6459,breakdown,16.89,4.54
6620,6182,legal,25.0,1.71
19144,2460,breakdown,16.89,4.54
14956,9254,legal,25.0,1.71
25350,1193,legal,46.13,1.71
11307,9645,full,152.23,31.89
18772,5386,breakdown,16.89,4.54
24588,2950,full,184.26,38.6
3215,6296,full,282.03,59.08
2816,1378,full,254.77,53.37
23655,4003,legal,25.0,1.71
6574,1187,breakdown,16.89,4.54
17789,4519,legal,25.0,1.71
15557,4901,breakdown,16.89,4.54
20384,1993,legal,25.0,1.71
8233,8701,legal,25.0,1.71
26405,402,legal,25.0,1.71
7005,4153,breakdown,16.89,4.54
27427,8695,breakdown,16.89,4.54
21388,3902,legal,25.0,1.71
20131,807,legal,25.0,1.71
15264,8863,full,539.3,112.97
4802,808,full,404.8,84.8
17394,6036,full,615.93,129.03
3347,5111,full,444.14,93.04
5853,1886,breakdown,16.89,4.54
19807,7902,legal,25.0,1.71
28076,9450,breakdown,16.89,4.54
5864,4542,full,239.96,50.27
9364,9745,full,151.55,31.75
3928,5151,legal,25.0,1.71
9176,9135,full,212.88,44.6
4471,6208,breakdown,16.89,4.54
8575,1235,breakdown,22.9,5.09
2752,1838,full,359.1,75.23
23819,9902,breakdown,16.89,4.54
10395,1298,breakdown,16.89,4.54
29063,3976,legal,25.0,1.71
9395,2579,full,254.07,53.23
12845,8249,full,308.34,64.59
21559,3403,breakdown,22.9,5.09
29201,6057,full,284.91,59.69
19503,3977,breakdown,16.89,4.54
7287,2083,full,587.04,122.98
3812,7563,breakdown,16.89,4.54
26374,364,full,315.88,66.17
29854,4836,legal,25.0,1.71
17673,6328,full,172.87,36.22
17542,6980,legal,46.13,1.71
13870,1960,breakdown,16.89,4.54
13418,8457,full,152.23,31.89
19704,8171,full,460.8,96.53
23414,2785,breakdown,16.89,4.54
12167,3055,legal,37.5,2.02
12164,1173,full,384.09,80.46
14074,5442,full,298.79,62.59
13460,1496,full,212.53,44.52
8700,7906,full,650.48,136.26
2010,528,legal,92.32,2.83
15372,2954,breakdown,16.89,4.54
21248,142,full,1081.85,226.63
23484,5261,legal,25.0,1.71
20799,2106,legal,37.5,2.02
13306,2540,full,341.3,71.5
15318,6024,breakdown,16.89,4.54
20367,1921,breakdown,16.89,4.54
18272,5784,full,316.25,66.25
10163,7877,legal,37.5,2.02
12784,9200,full,273.01,57.19
14577,1874,breakdown,16.89,4.54
2143,7032,legal,25.0,1.71
25124,2257,breakdown,22.9,5.09
23015,8990,legal,25.0,1.71
11966,9856,full,295.51,61.91
3207,1192,breakdown,16.89,4.54
29463,3016,legal,25.0,1.71
25117,4681,full,163.15,34.18
26498,6558,breakdown,16.89,4.54
25118,5101,legal,25.0,1.71
17431,7838,full,235.82,49.4
7411,3330,breakdown,22.9,5.09
22507,9726,breakdown,16.89,4.54
12212,2145,legal,37.5,2.02
918,8204,breakdown,16.89,4.54
18685,1975,full,345.18,72.31
15108,4965,legal,69.23,2.27
11419,986,breakdown,22.9,5.09
13049,2296,breakdown,32.4,6.5
25223,9986,breakdown,22.9,5.09
3610,7029,full,296.42,62.1
4856,3596,breakdown,16.89,4.54
21068,4080,breakdown,16.89,4.54
27353,3268,legal,37.5,2.02
23027,9441,full,172.43,36.12
26561,8329,breakdown,16.89,4.54
22209,5571,legal,25.0,1.71
20403,3235,full,626.14,131.17
6536,4484,breakdown,16.89,4.54
6371,6578,breakdown,22.9,5.09
24468,8462,breakdown,25.9,5.91
22116,9313,legal,25.0,1.71
4187,4189,breakdown,16.89,4.54
1685,845,legal,25.0,1.71
3564,9284,breakdown,22.9,5.09
12745,8944,breakdown,22.9,5.09
25054,8341,full,704.43,147.57
22977,1069,full,380.83,79.78
27918,7013,breakdown,16.89,4.54
12478,331,legal,25.0,1.71
8465,850,legal,37.5,2.02
25396,8223,full,299.33,62.71
23481,2885,full,380.33,79.67
7938,3184,full,385.49,80.76
13970,6495,breakdown,16.89,4.54
22569,185,full,178.74,37.45
13074,5854,full,152.23,31.89
24419,8669,full,120.79,25.31
26967,5489,breakdown,16.89,4.54
29741,706,full,385.26,80.71
6182,4713,legal,25.0,1.71
9446,5573,full,537.55,112.61
1400,7843,breakdown,16.89,4.54
17240,4472,breakdown,16.89,4.54
28370,4638,legal,25.0,1.71
4559,427,breakdown,16.89,4.54
20699,7327,full,399.5,83.69
24577,4973,full,101.2,21.2
1670,657,breakdown,16.89,4.54
18121,2004,full,229.58,48.1
25246,3500,full,169.37,35.48
23982,2211,legal,25.0,1.71
29440,9582,full,345.13,72.3
4563,4284,breakdown,16.89,4.54
29652,5727,full,514.7,107.82
24328,6522,breakdown,22.9,5.09
12860,9194,legal,25.0,1.71
26417,3614,breakdown,16.89,4.54
16150,2151,legal,25.0,1.71
23466,1530,legal,25.0,1.71
29492,2063,full,188.42,39.47
23273,8709,breakdown,16.89,4.54
14426,3061,full,286.2,59.96
26661,4513,full,729.52,152.82
3349,3117,legal,25.0,1.71
18970,1326,full,101.2,21.2
873,76,full,494.1,103.51
3465,1937,breakdown,16.89,4.54
21284,2441,legal,46.13,1.71
16583,9630,full,377.19,79.02
23003,7857,breakdown,16.89,4.54
23112,4120,breakdown,16.89,4.54
19840,3499,legal,25.0,1.71
17938,3153,breakdown,16.89,4.54
20004,4784,full,578.58,121.2
3137,5972,full,416.14,87.18
15277,7356,legal,25.0,1.71
9253,9941,legal,37.5,2.02
7806,3312,breakdown,16.89,4.54
17283,9699,full,381.5,79.92
17013,7318,full,586.38,122.84
27356,6320,breakdown,16.89,4.54
8945,5045,full,152.63,31.98
12327,3107,legal,46.13,1.71
9230,3329,breakdown,16.89,4.54
24883,9943,breakdown,22.9,5.09
20775,6798,full,260.03,54.47
26993,4943,breakdown,22.9,5.09
1217,3753,breakdown,16.89,4.54
22108,5666,full,381.69,79.96
22245,9335,legal,92.32,2.83
17807,71,breakdown,16.89,4.54
13652,6389,full,556.03,116.49
19470,8444,breakdown,16.89,4.54
23880,8232,legal,25.0,1.71
955,454,legal,25.0,1.71
20553,6726,breakdown,16.89,4.54
8932,6585,breakdown,16.89,4.54
28981,5123,breakdown,25.9,5.91
10767,272,full,270.53,56.67
22453,5662,breakdown,22.9,5.09
24734,3672,legal,25.0,1.71
9984,2348,legal,25.0,1.71
18290,8223,breakdown,16.89,4.54
19322,7721,full,152.23,31.89
14512,8538,legal,25.0,1.71
24402,6774,full,230.98,48.39
17681,9535,breakdown,16.89,4.54
24752,2054,full,752.78,157.7
4140,3957,breakdown,16.89,4.54
29627,6476,full,196.05,41.07
26846,1851,full,294.0,61.59
29525,6993,breakdown,16.89,4.54
15255,8439,full,152.23,31.89
2245,8368,breakdown,16.89,4.54
21710,3115,full,430.28,90.14
26260,9307,breakdown,22.9,5.09
14678,2769,breakdown,22.9,5.09
6142,7825,full,296.65,62.14
17928,9098,legal,69.23,2.27
12072,8998,full,182.83,38.3
8213,5905,full,190.09,39.82
17644,5184,full,1084.57,227.2
29115,7584,full,407.73,85.41
18502,8585,breakdown,16.89,4.54
2539,8412,legal,25.0,1.71
16809,5004,full,266.53,55.83
7401,1227,full,169.37,35.48
2242,7216,full,280.14,58.69
16289,4603,legal,25.0,1.71
5959,5942,full,394.87,82.72
23334,3669,breakdown,16.89,4.54
10613,7688,breakdown,16.89,4.54
3529,2143,full,150.32,31.49
17977,4294,breakdown,16.89,4.54
4728,6377,legal,37.5,2.02
27794,8635,full,1825.08,382.33
19930,1356,legal,46.13,1.71
10648,2434,breakdown,22.9,5.09
14023,1666,legal,46.13,1.71
19882,257,full,459.17,96.19
14067,6873,full,254.56,53.33
25257,2916,legal,37.5,2.02
18721,3194,legal,25.0,1.71
27483,2993,full,532.87,111.63
11868,5602,breakdown,22.9,5.09
22170,7719,legal,37.5,2.02
24326,5607,breakdown,16.89,4.54
5628,3565,breakdown,16.89,4.54
3480,4038,legal,37.5,2.02
20291,7038,breakdown,16.89,4.54
18411,9920,legal,25.0,1.71
27985,984,full,498.19,104.36
5958,2065,full,170.78,35.78
21911,729,full,1230.81,257.84
2676,5139,breakdown,16.89,4.54
8857,467,legal,25.0,1.71
14122,1177,full,399.24,83.64
11089,4937,legal,25.0,1.71
2963,5882,legal,92.32,2.83
3182,1763,full,213.76,44.78
19610,4297,legal,25.0,1.71
5996,2737,full,150.32,31.49
1327,4739,breakdown,16.89,4.54
17275,3618,breakdown,,4.54
1124,3116,legal,25.0,1.71
10347,1014,legal,25.0,1.71
9569,5924,legal,37.5,2.02
7021,4886,full,279.77,58.61
2967,2134,breakdown,22.9,5.09
23773,1007,legal,25.0,1.71
11959,2693,legal,25.0,1.71
17936,7412,full,172.87,36.22
26500,3147,legal,25.0,1.71
15355,1777,breakdown,22.9,5.09
6494,8038,legal,25.0,1.71
13878,7703,breakdown,16.89,4.54
27387,7976,breakdown,25.9,5.91
14356,3524,legal,25.0,1.71
6698,8375,full,1621.42,339.67
23643,897,full,444.43,93.1
10887,5052,legal,25.0,1.71
13042,8295,breakdown,16.89,4.54
6738,4221,legal,25.0,1.71
15520,221,breakdown,22.9,5.09
24232,3827,full,501.0,104.95
28523,2184,breakdown,16.89,4.54
6044,7255,legal,25.0,1.71
17855,2399,legal,37.5,2.02
11516,5651,breakdown,22.9,5.09
9642,2402,full,257.76,54.0
6155,9477,breakdown,16.89,4.54
1039,4963,full,811.89,170.08
7269,1010,breakdown,16.89,4.54
24780,7006,breakdown,22.9,5.09
12459,1163,legal,25.0,1.71
17091,7316,breakdown,22.9,5.09
15709,8879,legal,25.0,1.71
21926,2815,legal,37.5,2.02
26530,1532,legal,25.0,1.71
10606,422,full,207.46,43.46
19165,8041,legal,25.0,1.71
4280,1127,full,335.01,70.18
5567,7713,legal,25.0,1.71
25731,513,legal,25.0,1.71
17554,8783,full,172.87,36.22
18776,3964,breakdown,16.89,4.54
15149,2352,legal,25.0,1.71
23023,1186,breakdown,22.9,5.09
3310,785,legal,37.5,2.02
21478,7589,breakdown,22.9,5.09
23144,3131,legal,25.0,1.71
15107,817,breakdown,16.89,4.54
10802,4079,legal,69.23,2.27
27622,9777,breakdown,16.89,4.54
27949,7885,legal,25.0,1.71
8771,3519,full,155.69,32.61
10833,2423,breakdown,16.89,4.54
154,7211,full,402.38,84.29
15946,8113,legal,25.0,1.71
29940,6588,full,395.71,82.9
214,1241,legal,25.0,1.71
6648,8997,legal,46.13,1.71
3106,5705,full,372.1,77.95
9336,5716,legal,25.0,1.71
22928,6725,full,520.41,109.02
19629,2535,full,150.32,31.49
9064,2116,breakdown,25.9,5.91
5213,1537,breakdown,16.89,4.54
23248,8580,full,822.87,172.38
29612,3428,full,192.3,40.28
7139,9435,full,529.18,110.85
18291,6762,full,101.2,21.2
18751,3045,full,726.98,152.29
21243,282,breakdown,16.89,4.54
9313,7276,legal,25.0,1.71
26470,2628,full,207.79,43.53
12956,7815,legal,25.0,1.71
9433,5245,breakdown,16.89,4.54
26964,696,legal,25.0,1.71
18159,2351,full,152.23,31.89
7724,8353,breakdown,22.9,5.09
10510,3207,legal,25.0,1.71
6514,6803,full,306.93,64.3
25081,1454,breakdown,16.89,4.54
27178,3352,full,136.46,28.59
5551,4924,full,224.4,47.01
21677,5113,legal,25.0,1.71
5629,349,legal,46.13,1.71
24663,4144,legal,25.0,1.71
28219,4809,full,227.25,47.6
4891,8617,breakdown,22.9,5.09
23787,9790,full,412.01,86.31
24285,5270,legal,37.5,2.02
4099,4779,full,173.34,36.32
25503,8390,legal,25.0,1.71
707,5500,full,704.62,147.61
25861,7714,breakdown,16.89,4.54
29453,2907,breakdown,16.89,4.54
13987,3700,legal,25.0,1.71
21159,5560,full,108.81,22.79
5444,7672,legal,25.0,1.71
315,3625,breakdown,16.89,4.54
6071,4331,legal,25.0,1.71
17330,7739,breakdown,16.89,4.54
18422,8942,full,643.24,134.75
7648,344,breakdown,16.89,4.54
5777,5552,full,276.58,57.94
12301,8956,breakdown,16.89,4.54
11429,6850,legal,37.5,2.02
28815,6925,full,398.34,83.44
23115,4475,full,636.17,133.27
16126,4670,full,496.88,104.09
15225,9073,breakdown,16.89,4.54
19016,7138,full,367.13,76.91
19481,4946,legal,37.5,2.02
8328,5644,legal,25.0,1.71
17281,911,full,225.67,47.28
18083,2117,full,219.41,45.96
18941,3501,full,304.75,63.84
22494,6447,breakdown,16.89,4.54
9697,2463,full,558.15,116.93
19346,910,legal,25.0,1.71
16083,8409,legal,46.13,1.71
19884,358,breakdown,16.89,4.54
9430,773,breakdown,16.89,4.54
23615,342,breakdown,16.89,4.54
17391,9764,legal,69.23,2.27
11034,3042,breakdown,16.89,4.54
4347,5853,full,356.54,74.69
19553,1011,legal,25.0,1.71
24740,2422,full,407.05,85.27
9471,1559,legal,25.0,1.71
6411,3313,breakdown,16.89,4.54
7763,4413,full,252.22,52.84
20074,8846,breakdown,22.9,5.09
11398,1821,breakdown,16.89,4.54
26380,2491,breakdown,16.89,4.54
8219,8866,breakdown,16.89,4.54
13048,1106,breakdown,22.9,5.09
15276,2511,breakdown,16.89,4.54
20936,3282,full,401.11,84.02
9087,333,full,731.08,153.15
11557,3879,breakdown,16.89,4.54
5708,297,legal,37.5,2.02
14002,208,legal,25.0,1.71
22140,7661,breakdown,16.89,4.54
16068,8765,breakdown,16.89,4.54
7447,1022,legal,25.0,1.71
27871,3053,full,330.37,69.21
20985,4161,full,371.3,77.78
8161,3085,breakdown,16.89,4.54
5069,1221,breakdown,22.9,5.09
12320,6834,legal,30.0,1.71
27761,543,full,375.73,78.71
8261,8970,breakdown,16.89,4.54
1280,7545,full,169.37,35.48
12123,7305,legal,37.5,2.02
5728,1087,breakdown,16.89,4.54
19515,7561,legal,46.13,1.71
10929,3652,breakdown,22.9,5.09
25872,265,full,101.2,21.2
28403,1254,breakdown,16.89,4.54
12542,6965,legal,25.0,1.71
26316,4017,breakdown,16.89,4.54
9610,590,breakdown,22.9,5.09
2436,1592,full,169.37,35.48
27744,7587,full,499.66,104.67
11812,7608,legal,25.0,1.71
12279,1494,legal,25.0,1.71
1920,2792,legal,30.0,1.71
17397,549,legal,25.0,1.71
7445,8502,breakdown,16.89,4.54
12237,4127,breakdown,22.9,5.09
1330,6908,breakdown,16.89,4.54
24909,1478,full,604.3,126.59
17393,9824,breakdown,22.9,5.09
15644,3970,full,386.89,81.05
25994,4954,legal,37.5,2.02
25017,709,full,205.74,43.1
9107,4934,full,190.09,39.82
24523,1219,breakdown,22.9,5.09
19500,1243,full,326.56,68.41
19029,9290,breakdown,22.9,5.09
12744,8463,full,200.74,42.05
1864,7575,breakdown,16.89,4.54
4794,2280,full,345.18,72.31
9324,4990,full,588.82,123.35
25550,938,breakdown,16.89,4.54
17087,1787,full,333.87,69.94
5719,4357,full,192.74,40.38
22647,7692,breakdown,16.89,4.54
2744,5320,breakdown,16.89,4.54
2945,3508,legal,25.0,1.71
1020,4722,breakdown,16.89,4.54
3251,848,legal,25.0,1.71
18084,4370,full,342.04,71.65
22017,6917,full,858.02,179.74
25071,7530,full,153.16,32.09
6194,6223,full,275.97,57.81
5883,8382,breakdown,16.89,4.54
9498,8218,full,398.13,83.41
15754,5524,breakdown,16.89,4.54
11377,327,legal,25.0,1.71
11585,9109,legal,25.0,1.71
3203,1364,legal,37.5,2.02
17725,8225,breakdown,22.9,5.09
8729,374,legal,37.5,2.02
18690,7133,legal,25.0,1.71
17791,2968,legal,25.0,1.71
9334,5195,breakdown,16.89,4.54
19387,1097,legal,46.13,1.71
25507,7770,full,207.21,43.41
2722,9284,legal,37.5,2.02
27951,4009,breakdown,22.9,5.09
6119,7093,full,238.71,50.0
8709,1507,legal,25.0,1.71
25165,7799,legal,46.13,1.71
598,1723,breakdown,22.9,5.09
9608,9236,legal,46.13,1.71
27037,348,legal,37.5,2.02
17293,6299,legal,69.23,2.27
6966,8411,full,499.09,104.55
14595,9514,breakdown,16.89,4.54
17404,3332,legal,25.0,1.71
13967,3486,breakdown,16.89,4.54
26002,9309,breakdown,16.89,4.54
9786,4424,full,446.48,93.53
14903,3992,breakdown,16.89,4.54
14564,757,breakdown,16.89,4.54
28225,1153,legal,25.0,1.71
10645,1162,legal,25.0,1.71
28341,9303,full,417.64,87.49
8077,2481,full,169.37,35.48
18882,1895,full,323.31,67.73
25251,5542,breakdown,16.89,4.54
20999,5984,legal,46.13,1.71
22990,2291,full,180.73,37.86
12366,9489,breakdown,16.89,4.54
1680,6365,full,239.57,50.19
12932,8040,legal,25.0,1.71
6069,8591,breakdown,16.89,4.54
2041,2017,full,273.96,57.39
12030,4836,full,152.23,31.89
23295,3779,breakdown,16.89,4.54
1562,6519,full,281.83,59.04
1274,7713,full,1020.9,213.87
1861,656,full,420.7,88.13
19298,6175,breakdown,16.89,4.54
14976,3253,legal,37.5,2.02
17478,5118,full,291.62,61.09
5999,2141,full,101.28,21.22
17853,3061,legal,25.0,1.71
8505,7561,breakdown,16.89,4.54
22300,5399,breakdown,16.89,4.54
23444,8587,legal,46.13,1.71
14524,2561,legal,45.0,2.08
1314,1942,full,477.69,100.07
24101,6338,full,150.32,31.49
9901,6740,breakdown,22.9,5.09
3059,1469,legal,46.13,1.71
21972,415,legal,25.0,1.71
12432,9990,full,236.7,49.59
7488,3861,legal,37.5,2.02
13906,1616,legal,25.0,1.71
20286,737,full,273.57,57.31
2424,7151,full,325.65,68.22
1035,8214,full,478.63,100.27
27718,9968,breakdown,22.9,5.09
10723,6395,legal,25.0,1.71
23264,3368,legal,25.0,1.71
15915,7338,legal,45.0,2.08
8166,8349,breakdown,16.89,4.54
13076,2416,full,373.71,78.29
1051,1443,legal,25.0,1.71
941,3594,full,347.82,72.86
17336,2860,breakdown,16.89,4.54
13588,4601,full,169.16,35.44
2269,377,legal,25.0,1.71
23964,7076,full,552.53,115.75
11928,452,full,172.87,36.22
14163,4492,full,810.92,169.88
4100,5837,breakdown,16.89,4.54
23211,1817,legal,25.0,1.71
10665,294,legal,25.0,1.71
15376,5481,full,347.38,72.77
13123,1903,full,256.86,53.81
17437,2537,full,210.51,44.1
21471,8500,full,203.03,42.53
21502,5703,breakdown,16.89,4.54
268,8166,full,422.98,88.61
12643,8122,breakdown,16.89,4.54
20950,7393,full,351.84,73.7
5360,1262,breakdown,16.89,4.54
10514,9546,legal,37.5,2.02
4352,8139,full,536.7,112.43
25018,3079,breakdown,16.89,4.54
14474,6355,full,276.64,57.95
28399,2418,legal,37.5,2.02
18752,333,breakdown,16.89,4.54
17062,5311,full,172.87,36.22
11062,5753,legal,25.0,1.71
13286,3452,full,208.27,43.63
13687,7688,legal,25.0,1.71
17973,6973,breakdown,16.89,4.54
12135,2461,legal,37.5,2.02
10393,4303,full,172.05,36.04
27620,2727,full,227.57,47.67
15361,5396,full,198.91,41.67
302,2961,full,298.93,62.62
1383,1175,legal,25.0,1.71
15781,538,legal,25.0,1.71
15808,1409,breakdown,22.9,5.09
17224,4651,breakdown,16.89,4.54
16186,3893,legal,25.0,1.71
1959,4332,legal,37.5,2.02
27104,2922,legal,25.0,1.71
5121,3560,breakdown,22.9,5.09
19000,4912,breakdown,16.89,4.54
25802,8243,breakdown,22.9,5.09
6443,5779,full,242.66,50.83
5789,7603,legal,46.13,1.71
21022,6458,full,330.18,69.17
29914,1813,legal,25.0,1.71
23028,3761,breakdown,16.89,4.54
26618,3634,full,280.15,58.69
13787,8527,breakdown,16.89,4.54
14597,5985,legal,25.0,1.71
16770,9494,full,609.8,127.75
29377,2841,breakdown,22.9,5.09
11795,6864,full,466.72,97.77
24947,3715,legal,37.5,2.02
19405,9235,full,139.54,29.23
24279,699,legal,25.0,1.71
13222,5052,full,321.65,67.38
2782,8583,full,201.16,42.14
7833,2665,legal,25.0,1.71
10054,395,full,268.55,56.26
17059,6312,breakdown,22.9,5.09
19224,9254,full,655.42,137.3
6862,6794,breakdown,16.89,4.54
19434,5679,breakdown,16.89,4.54
10532,3226,full,383.21,80.28
1872,6050,breakdown,16.89,4.54
17282,4273,full,434.97,91.12
9304,247,breakdown,16.89,4.54
22521,3292,legal,25.0,1.71
27372,650,legal,25.0,1.71
15112,1742,breakdown,16.89,4.54
27040,2090,legal,69.23,2.27
23568,6988,legal,46.13,1.71
25904,1796,breakdown,32.4,6.5
12587,7264,legal,25.0,1.71
22742,474,legal,25.0,1.71
16401,6193,breakdown,22.9,5.09
20312,9219,breakdown,16.89,4.54
25919,8086,full,662.3,138.74
14084,9203,legal,30.0,1.71
21585,5772,full,526.43,110.28
7272,162,legal,37.5,2.02
10855,3259,breakdown,16.89,4.54
19090,977,full,408.19,85.51
23576,7278,full,600.28,125.75
21398,6804,full,290.9,60.94
24131,9719,legal,25.0,1.71
20982,9372,legal,37.5,2.02
28814,579,breakdown,16.89,4.54
24753,749,full,841.5,176.28
25597,4852,legal,37.5,2.02
25600,6547,legal,25.0,1.71
16354,3665,full,284.21,59.53
20940,2502,full,717.39,150.29
18870,4012,full,216.89,45.44
2848,8647,full,189.75,39.75
26258,5622,legal,25.0,1.71
3620,7071,full,282.16,59.11
14062,3009,breakdown,16.89,4.54
18242,5261,full,625.76,131.09
2660,5612,legal,25.0,1.71
5379,583,full,269.37,56.43
14311,326,full,189.75,39.75
5112,7101,breakdown,16.89,4.54
9801,4007,breakdown,22.9,5.09
21423,4951,full,614.39,128.71
28748,8078,breakdown,22.9,5.09
3419,5589,full,152.23,31.89
25804,4401,breakdown,16.89,4.54
21658,6290,legal,25.0,1.71
18657,6060,breakdown,22.9,5.09
19920,2197,breakdown,16.89,4.54
13409,9056,legal,25.0,1.71
16228,4250,full,152.63,31.98
21151,9816,legal,25.0,1.71
27661,7517,legal,25.0,1.71
23798,838,legal,25.0,1.71
6015,7067,full,152.23,31.89
8467,6416,full,466.79,97.79
28766,1159,full,322.73,67.61
16337,5741,full,334.88,70.15
19558,790,breakdown,16.89,4.54
4734,935,legal,25.0,1.71
12122,6817,breakdown,16.89,4.54
28698,33,breakdown,16.89,4.54
29281,4135,full,476.73,99.87
20020,4422,breakdown,22.9,5.09
2885,1563,legal,25.0,1.71
13781,1835,full,152.23,31.89
2087,8680,full,816.31,171.01
29144,9730,legal,37.5,2.02
26222,8836,full,666.98,139.72
4460,7187,full,262.73,55.04
28670,9338,legal,37.5,2.02
6441,1392,legal,25.0,1.71
24278,3203,legal,37.5,2.02
21320,3800,full,162.93,34.13
18454,1967,breakdown,16.89,4.54
19747,8893,breakdown,16.89,4.54
2827,7948,full,391.9,82.1
3102,1954,full,365.32,76.53
13399,5107,full,375.17,78.59
7238,4221,breakdown,16.89,4.54
16754,1724,legal,25.0,1.71
261,1601,full,486.72,101.96
20119,15,breakdown,16.89,4.54
27804,9221,full,295.55,61.91
4870,3443,breakdown,22.9,5.09
5563,5598,legal,25.0,1.71
15439,696,full,251.73,52.73
18713,7474,breakdown,16.89,4.54
8513,6831,breakdown,16.89,4.54
26950,4531,breakdown,22.9,5.09
24639,8961,breakdown,16.89,4.54
2116,8214,legal,46.13,1.71
29275,8434,full,169.37,35.48
18850,9360,breakdown,16.89,4.54
8253,9015,full,549.14,115.04
18809,336,legal,37.5,2.02
8459,1846,legal,25.0,1.71
23452,2837,breakdown,16.89,4.54
2188,869,legal,46.13,1.71
12970,3993,breakdown,22.9,5.09
7423,8027,legal,30.0,1.71
6837,5251,breakdown,16.89,4.54
23926,4005,breakdown,16.89,4.54
16497,7727,legal,46.13,1.71
18444,3837,breakdown,16.89,4.54
5415,9211,legal,30.0,1.71
20132,5384,full,210.91,44.18
7650,8941,breakdown,16.89,4.54
27848,5070,full,284.4,59.58
25624,8436,full,191.67,40.15
14680,9512,full,169.37,35.48
6373,6076,legal,25.0,1.71
24866,5760,legal,25.0,1.71
248,4561,legal,37.5,2.02
10280,410,legal,46.13,1.71
24984,9692,full,468.84,98.22
25900,1928,legal,25.0,1.71
29387,2935,breakdown,16.89,4.54
360,8636,breakdown,16.89,4.54
13080,6719,breakdown,16.89,4.54
11490,5509,legal,25.0,1.71
23449,3422,breakdown,16.89,4.54
9809,2648,legal,46.13,1.71
13170,2580,full,320.27,67.1
11224,3973,breakdown,25.9,5.91
4275,513,full,1147.33,240.35
1352,3909,legal,25.0,1.71
22278,5283,breakdown,16.89,4.54
20179,2165,full,221.67,46.44
18620,6145,full,181.61,38.04
21573,6043,legal,37.5,2.02
13432,1637,full,274.97,57.6
11285,7701,full,806.71,168.99
1407,405,full,121.89,25.54
27125,4439,full,152.23,31.89
25209,8994,legal,37.5,2.02
22709,1038,legal,25.0,1.71
22299,606,breakdown,16.89,4.54
7212,9727,full,172.87,36.22
6394,2541,breakdown,16.89,4.54
16380,5997,legal,25.0,1.71
24077,3044,breakdown,22.9,5.09
3970,954,breakdown,16.89,4.54
18575,2786,full,309.83,64.91
25703,1304,legal,37.5,2.02
23357,6888,breakdown,16.89,4.54
27948,9548,breakdown,16.89,4.54
29566,6317,full,132.83,27.83
23215,2530,legal,25.0,1.71
28203,4433,full,346.96,72.68
16359,7850,legal,25.0,1.71
14749,4729,breakdown,16.89,4.54
14387,1542,breakdown,22.9,5.09
12336,3279,breakdown,16.89,4.54
5860,5554,full,1477.79,309.58
887,5978,legal,25.0,1.71
11628,4669,full,189.75,39.75
12852,7400,full,164.08,34.37
17157,5435,full,380.96,79.8
27024,8067,legal,92.32,2.83
1865,315,breakdown,16.89,4.54
28022,8435,breakdown,16.89,4.54
27329,2268,legal,25.0,1.71
7816,3099,breakdown,22.9,5.09
7876,2062,legal,25.0,1.71
9970,9572,legal,25.0,1.71
23625,3201,legal,37.5,2.02
6410,8350,legal,25.0,1.71
1923,3732,legal,25.0,1.71
11639,5985,full,1110.66,232.67
19230,3330,legal,37.5,2.02
7393,8907,legal,30.0,1.71
16056,3939,full,177.68,37.22
16334,797,breakdown,22.9,5.09
20980,1547,full,542.32,113.61
86,8481,full,1022.06,214.1
8464,8779,breakdown,16.89,4.54
7249,4131,legal,25.0,1.71
12997,6128,full,466.32,97.69
11390,4903,full,440.11,92.2
28757,4704,full,321.09,67.26
12067,9763,legal,25.0,1.71
26314,3954,breakdown,16.89,4.54
22731,6744,breakdown,22.9,5.09
131,7149,full,525.47,110.08
17724,396,legal,25.0,1.71
27585,5565,legal,25.0,1.71
12743,30,legal,25.0,1.71
5382,5717,full,177.35,37.15
28015,4694,legal,37.5,2.02
16604,1156,breakdown,25.9,5.91
10119,349,breakdown,16.89,4.54
20892,1140,breakdown,22.9,5.09
23654,6073,full,476.92,99.91
1492,3139,legal,25.0,1.71
11619,5610,legal,37.5,2.02
6811,6462,full,411.03,86.11
22685,9543,legal,46.13,1.71
26261,9918,full,274.59,57.52
13102,8358,legal,37.5,2.02
3018,2298,legal,25.0,1.71
20378,8858,legal,25.0,1.71
13861,2530,full,384.0,80.44
3920,3751,breakdown,25.9,5.91
17399,9371,breakdown,16.89,4.54
19058,3333,legal,25.0,1.71
28221,4722,legal,25.0,1.71
10842,8291,full,314.92,65.97
3253,648,breakdown,16.89,4.54
10938,8900,legal,25.0,1.71
6230,5239,breakdown,22.9,5.09
8185,7451,legal,46.13,1.71
10639,9119,legal,69.23,2.27
28851,2289,legal,25.0,1.71
7484,5232,legal,25.0,1.71
12644,1634,breakdown,16.89,4.54
2496,9876,breakdown,22.9,5.09
28188,2028,legal,25.0,1.71
11458,6407,breakdown,22.9,5.09
93,3185,legal,37.5,2.02
53,6800,legal,25.0,1.71
13143,3546,breakdown,22.9,5.09
4345,9271,breakdown,16.89,4.54
4310,1284,legal,25.0,1.71
9368,9352,breakdown,16.89,4.54
21306,8415,breakdown,16.89,4.54
19894,4633,breakdown,16.89,4.54
4795,9673,full,152.23,31.89
21528,6257,legal,25.0,1.71
6603,4656,breakdown,16.89,4.54
10584,3638,legal,25.0,1.71
3701,1334,legal,25.0,1.71
16495,7183,breakdown,16.89,4.54
22257,8889,legal,46.13,1.71
7389,7648,full,397.33,83.24
9026,4580,breakdown,16.89,4.54
17679,7893,full,375.93,78.75
16111,8954,full,269.29,56.41
29130,3867,full,270.77,56.72
23934,9400,full,202.82,42.49
23016,4376,legal,69.23,2.27
16706,8523,breakdown,16.89,4.54
14343,3028,breakdown,16.89,4.54
3954,2117,breakdown,16.89,4.54
21021,8744,breakdown,16.89,4.54
27248,3594,breakdown,16.89,4.54
5068,8557,breakdown,25.9,5.91
27319,8268,breakdown,16.89,4.54
2361,6026,full,495.71,103.84
21402,9354,full,488.93,102.42
11666,7641,breakdown,16.89,4.54
27517,347,legal,25.0,1.71
27182,1146,full,120.18,25.18
7194,906,legal,25.0,1.71
5773,5083,breakdown,16.89,4.54
25182,5769,breakdown,16.89,4.54
11774,1696,full,451.81,94.65
2438,7833,breakdown,16.89,4.54
15844,9636,breakdown,16.89,4.54
19169,1896,breakdown,16.89,4.54
8295,158,full,528.17,110.65
15266,959,legal,69.23,2.27
14808,4666,full,445.75,93.38
17203,2575,full,375.36,78.64
29972,2508,legal,25.0,1.71
10910,3469,full,420.46,88.08
24936,7434,legal,46.13,1.71
21684,8577,legal,25.0,1.71
19539,152,breakdown,16.89,4.54
20065,6048,legal,25.0,1.71
25946,1526,breakdown,22.9,5.09
16606,2561,full,308.53,64.63
10242,1092,legal,25.0,1.71
5746,3108,legal,37.5,2.02
18262,3955,breakdown,22.9,5.09
23587,1361,breakdown,16.89,4.54
27130,6887,breakdown,16.89,4.54
19981,8772,legal,25.0,1.71
16213,4739,full,322.17,67.49
9898,8620,full,624.47,130.82
23815,8170,breakdown,16.89,4.54
4807,1851,legal,25.0,1.71
26008,3084,legal,37.5,2.02
18916,1844,breakdown,22.9,5.09
6959,4086,legal,25.0,1.71
27840,2344,full,233.11,48.84
331,399,full,172.87,36.22
14529,4083,legal,25.0,1.71
10786,7749,breakdown,16.89,4.54
24106,7534,legal,37.5,2.02
29436,5540,legal,25.0,1.71
13000,8627,breakdown,22.9,5.09
8145,2640,breakdown,22.9,5.09
22205,3569,full,357.93,74.98
1127,4297,full,304.55,63.8
12074,2219,legal,37.5,2.02
19412,4162,legal,25.0,1.71
3820,3913,legal,46.13,1.71
22425,4137,full,575.37,120.54
9833,4726,full,342.85,71.82
29239,6564,legal,25.0,1.71
12381,9815,breakdown,16.89,4.54
8483,9787,breakdown,16.89,4.54
14269,2595,breakdown,25.9,5.91
13228,7078,breakdown,16.89,4.54
26071,6807,legal,25.0,1.71
29147,6883,breakdown,16.89,4.54
18622,7982,legal,25.0,1.71
28548,153,full,222.64,46.64
15083,2088,legal,46.13,1.71
23424,3623,breakdown,22.9,5.09
24393,8568,full,199.3,41.75
1501,6708,breakdown,16.89,4.54
16119,4527,full,328.84,68.89
27938,9623,full,499.58,104.66
27533,6753,breakdown,16.89,4.54
5653,4328,legal,37.5,2.02
24000,6449,full,152.23,31.89
26540,9599,full,315.86,66.17
25645,7150,breakdown,25.9,5.91
15647,7441,legal,25.0,1.71
12690,7147,legal,30.0,1.71
17054,1239,breakdown,16.89,4.54
26626,1327,full,101.2,21.2
2033,5974,legal,46.13,1.71
23551,4433,legal,25.0,1.71
12387,4961,legal,25.0,1.71
14538,6845,breakdown,22.9,5.09
7594,6739,legal,37.5,2.02
10685,5441,breakdown,16.89,4.54
4907,1774,breakdown,16.89,4.54
29880,3557,full,314.9,65.97
10364,1492,breakdown,22.9,5.09
7037,2782,breakdown,22.9,5.09
13694,1557,breakdown,16.89,4.54
4742,4043,breakdown,16.89,4.54
23978,1852,breakdown,16.89,4.54
12304,8566,legal,37.5,2.02
22188,1877,breakdown,16.89,4.54
1423,9138,full,354.87,74.34
21236,1642,full,739.96,155.01
281,8440,full,166.74,34.93
14734,336,breakdown,22.9,5.09
7971,9914,breakdown,16.89,4.54
468,8895,full,231.85,48.57
17119,7083,full,241.18,50.52
25153,5071,breakdown,16.89,4.54
7231,8313,legal,25.0,1.71
22459,655,breakdown,16.89,4.54
25661,7747,legal,25.0,1.71
19139,1585,full,580.17,121.54
2935,2108,breakdown,16.89,4.54
12915,5956,full,101.2,21.2
4962,6129,full,562.3,117.79
106,4672,legal,25.0,1.71
2980,5325,legal,25.0,1.71
19302,6647,full,461.41,96.66
10879,3017,legal,37.5,2.02
5299,9428,full,335.75,70.34
24043,629,legal,25.0,1.71
8125,5927,breakdown,16.89,4.54
23256,2354,legal,25.0,1.71
17370,1481,full,561.78,117.69
7164,6717,legal,25.0,1.71
7332,4579,legal,25.0,1.71
485,6092,breakdown,16.89,4.54
18944,5231,breakdown,16.89,4.54
18109,3569,legal,37.5,2.02
20724,5278,breakdown,16.89,4.54
21567,3071,breakdown,16.89,4.54
22914,2132,legal,46.13,1.71
9592,6227,full,220.66,46.23
17016,3454,breakdown,22.9,5.09
29422,7636,breakdown,22.9,5.09
5749,1569,legal,25.0,1.71
23399,2731,breakdown,16.89,4.54
18423,8393,breakdown,25.9,5.91
29296,5707,legal,69.23,2.27
842,5000,breakdown,16.89,4.54
24484,8759,full,232.25,48.66
28648,8414,breakdown,16.89,4.54
22006,1235,full,169.37,35.48
21296,8840,full,273.25,57.24
22329,4793,breakdown,16.89,4.54
1370,1422,full,316.25,66.25
12776,1490,legal,25.0,1.71
11667,7875,breakdown,22.9,5.09
8582,3600,legal,46.13,1.71
15231,8000,breakdown,16.89,4.54
7230,8220,full,452.32,94.75
11409,1658,full,280.93,58.85
7439,9917,full,660.1,138.28
21840,8796,legal,25.0,1.71
8710,6693,full,372.83,78.11
25129,3493,breakdown,16.89,4.54
1098,833,breakdown,16.89,4.54
15271,522,full,395.19,82.79
19109,614,full,288.03,60.34
12854,6922,breakdown,16.89,4.54
1611,1528,legal,25.0,1.71
1,4977,legal,25.0,1.71
8647,6247,breakdown,16.89,4.54
3002,9608,full,259.76,54.42
14796,2237,legal,69.23,2.27
19844,6403,full,208.72,43.72
15903,3412,full,305.9,64.08
8309,2042,full,446.39,93.51
18975,519,legal,37.5,2.02
9845,6880,breakdown,16.89,4.54
23497,9660,breakdown,22.9,5.09
4490,4855,full,678.83,142.21
16882,7808,breakdown,16.89,4.54
24071,7290,legal,25.0,1.71
20062,7890,full,388.87,81.46
11535,2151,breakdown,16.89,4.54
15100,9723,legal,37.5,2.02
10865,4837,breakdown,16.89,4.54
22734,4197,breakdown,16.89,4.54
15080,1505,full,314.67,65.92
29109,6646,breakdown,16.89,4.54
6457,227,legal,25.0,1.71
25388,5996,breakdown,16.89,4.54
7512,8699,legal,37.5,2.02
9132,7111,legal,46.13,1.71
732,2220,full,180.71,37.86
2977,9351,full,160.2,33.56
23689,7756,breakdown,16.89,4.54
1424,5616,legal,25.0,1.71
9474,9444,legal,46.13,1.71
29110,9293,full,329.03,68.93
18398,1120,breakdown,16.89,4.54
3046,178,breakdown,16.89,4.54
9600,4673,breakdown,22.9,5.09
27562,9218,legal,37.5,2.02
6882,3531,breakdown,16.89,4.54
2322,239,legal,37.5,2.02
27415,9077,legal,37.5,2.02
28645,4158,legal,25.0,1.71
18005,3921,full,425.14,89.06
4599,8519,legal,25.0,1.71
20543,9863,legal,25.0,1.71
23425,66,breakdown,16.89,4.54
23608,6754,legal,37.5,2.02
2650,5362,full,444.5,93.12
11919,652,full,259.34,54.33
13853,5253,legal,37.5,2.02
26759,1656,breakdown,16.89,4.54
17356,5870,breakdown,16.89,4.54
19095,6483,full,259.5,54.36
14254,3506,full,334.0,69.97
24002,6581,breakdown,22.9,5.09
28987,7928,breakdown,16.89,4.54
22763,4904,legal,25.0,1.71
16899,9979,breakdown,16.89,4.54
23909,5398,full,310.63,65.07
1375,2877,breakdown,22.9,5.09
16728,2076,full,294.27,61.64
10442,9287,breakdown,16.89,4.54
1965,7987,full,551.9,115.61
14321,8281,full,323.63,67.8
23453,6552,full,204.47,42.83
14604,9819,breakdown,22.9,5.09
9739,258,full,353.62,74.08
22227,2836,full,264.74,55.46
2795,1977,breakdown,16.89,4.54
2200,7285,legal,37.5,2.02
14546,274,legal,37.5,2.02
2458,524,full,214.77,44.99
29133,1732,breakdown,16.89,4.54
13061,3733,full,602.72,126.26
21759,1803,breakdown,16.89,4.54
12448,620,legal,25.0,1.71
25330,7889,full,408.1,85.49
11283,100,legal,25.0,1.71
11775,3000,breakdown,16.89,4.54
27339,5901,full,359.51,75.31
4270,5218,full,323.99,67.87
8428,7015,legal,25.0,1.71
11028,4215,breakdown,16.89,4.54
6743,5485,breakdown,22.9,5.09
11108,7126,breakdown,16.89,4.54
13481,3032,full,289.59,60.67
24791,5529,breakdown,16.89,4.54
26659,8457,legal,37.5,2.02
23012,2733,full,590.5,123.7
11004,6181,full,375.94,78.75
18264,9380,full,171.53,35.94
3774,6391,legal,25.0,1.71
3896,2165,breakdown,16.89,4.54
10917,4555,full,291.25,61.02
383,4658,breakdown,22.9,5.09
24060,969,legal,46.13,1.71
7440,858,legal,25.0,1.71
13833,5523,full,325.79,68.25
5874,2384,full,273.03,57.19
1876,140,legal,37.5,2.02
4779,7724,full,222.69,46.65
9660,2963,breakdown,16.89,4.54
9707,2373,legal,25.0,1.71
4568,5352,legal,25.0,1.71
13397,1788,full,256.56,53.75
11629,8049,full,170.46,35.71
27494,4352,breakdown,16.89,4.54
20539,7707,breakdown,16.89,4.54
21549,8089,full,219.74,46.03
5243,3688,legal,25.0,1.71
25305,3468,breakdown,16.89,4.54
24510,1328,full,655.84,137.39
28017,2419,full,440.95,92.37
29026,3950,breakdown,16.89,4.54
10026,3723,full,152.23,31.89
11606,2847,legal,25.0,1.71
9017,9492,full,128.79,26.98
14225,7705,full,1002.24,209.95
8830,9969,full,316.25,66.25
12996,7615,full,786.57,164.78
18531,6257,full,351.71,73.68
14652,3043,full,152.77,32.0
5014,9051,legal,25.0,1.71
4645,9593,breakdown,16.89,4.54
14910,311,breakdown,22.9,5.09
13446,230,breakdown,16.89,4.54
25518,8158,breakdown,16.89,4.54
19393,2164,breakdown,16.89,4.54
3691,9200,legal,37.5,2.02
7940,424,legal,25.0,1.71
6846,1539,full,318.74,66.77
21302,755,breakdown,22.9,5.09
9271,3701,full,427.25,89.5
20960,1080,legal,46.13,1.71
22929,3101,breakdown,16.89,4.54
21511,6666,full,136.77,28.65
4069,8979,breakdown,16.89,4.54
7157,4270,full,504.2,105.62
1296,1871,breakdown,16.89,4.54
15978,3011,breakdown,16.89,4.54
12875,5758,full,275.36,57.69
21169,7721,legal,25.0,1.71
20433,6391,breakdown,16.89,4.54
13768,3223,legal,37.5,2.02
9841,4819,full,101.2,21.2
19657,521,legal,69.23,2.27
26981,8438,full,152.23,31.89
6692,1035,legal,25.0,1.71
10595,3509,full,448.37,93.93
3578,5367,breakdown,16.89,4.54
28827,5810,legal,25.0,1.71
6888,4588,breakdown,16.89,4.54
2615,1879,full,476.73,99.87
6540,5136,legal,25.0,1.71
9022,8148,legal,37.5,2.02
28287,208,full,254.29,53.27
1799,8698,breakdown,16.89,4.54
15691,8547,full,448.45,93.94
6287,4651,full,357.66,74.93
15846,1267,legal,37.5,2.02
6223,5351,full,290.74,60.91
11881,3273,breakdown,16.89,4.54
18587,9188,full,251.73,52.73
5654,8570,full,152.23,31.89
15967,8535,breakdown,22.9,5.09
17950,2997,legal,92.32,2.83
25925,4661,breakdown,16.89,4.54
22101,51,full,329.74,69.08
1111,6282,breakdown,22.9,5.09
22093,5293,legal,25.0,1.71
21969,7007,legal,37.5,2.02
611,5189,breakdown,16.89,4.54
17929,8509,full,657.13,137.66
29955,4885,full,690.21,144.59
19415,4727,legal,25.0,1.71
21674,9721,breakdown,16.89,4.54
8366,7094,legal,25.0,1.71
4080,1029,breakdown,22.9,5.09
9480,9974,legal,25.0,1.71
8548,6749,breakdown,16.89,4.54
1170,746,full,226.9,47.53
4256,882,breakdown,16.89,4.54
18779,8427,full,291.18,60.99
8791,6939,full,242.57,50.82
14928,8704,legal,25.0,1.71
2375,8152,breakdown,16.89,4.54
24339,5899,legal,30.0,1.71
17270,2716,legal,25.0,1.71
10501,7077,breakdown,16.89,4.54
14482,1207,full,305.52,64.0
15733,9665,legal,46.13,1.71
14473,6804,breakdown,22.9,5.09
21609,9526,full,702.61,147.19
1638,457,legal,25.0,1.71
21769,6760,legal,25.0,1.71
13556,5397,full,406.44,85.15
1451,4973,legal,46.13,1.71
8022,4260,legal,25.0,1.71
21113,8693,legal,25.0,1.71
26067,2366,full,225.4,47.22
20791,2881,full,668.75,140.1
11572,164,legal,25.0,1.71
11171,3200,breakdown,16.89,4.54
22571,6184,legal,25.0,1.71
18577,3903,full,919.67,192.66
16408,2663,full,359.68,75.35
24038,709,breakdown,16.89,4.54
921,6571,full,1048.3,219.6
17518,629,breakdown,16.89,4.54
27129,6091,full,332.19,69.59
27334,5050,breakdown,16.89,4.54
695,8274,legal,69.23,2.27
5772,2287,full,510.13,106.86
17909,3977,full,315.97,66.19
11131,7762,full,260.37,54.54
28795,1103,full,101.2,21.2
987,1726,breakdown,16.89,4.54
15364,7904,full,322.93,67.65
28293,3966,legal,25.0,1.71
5410,5158,legal,25.0,1.71
2609,7204,breakdown,16.89,4.54
498,576,breakdown,16.89,4.54
14727,8404,breakdown,16.89,4.54
26921,7317,breakdown,16.89,4.54
4816,3314,breakdown,16.89,4.54
8033,5249,full,193.49,40.53
7179,1196,breakdown,16.89,4.54
29307,2156,full,1023.3,214.37
16842,6086,full,152.23,31.89
17620,7506,legal,25.0,1.71
25154,6622,legal,37.5,2.02
23172,3953,breakdown,16.89,4.54
10197,1983,full,363.69,76.19
13629,8755,full,384.32,80.51
8974,9498,full,152.23,31.89
4929,2966,full,147.14,30.82
26423,14,breakdown,22.9,5.09
26020,4528,legal,25.0,1.71
20592,9384,breakdown,22.9,5.09
26637,2428,breakdown,16.89,4.54
9604,9925,breakdown,16.89,4.54
28574,7258,full,149.2,31.25
29865,9009,full,266.25,55.78
22364,8078,full,298.77,62.59
20788,2400,breakdown,22.9,5.09
28036,9098,breakdown,16.89,4.54
12698,876,breakdown,16.89,4.54
25130,8684,full,1426.92,298.92
18049,7927,full,317.27,66.47
29807,2159,full,554.28,116.12
21109,9683,legal,37.5,2.02
672,78,breakdown,16.89,4.54
24186,3601,breakdown,16.89,4.54
18415,5391,legal,25.0,1.71
1790,6762,legal,46.13,1.71
27780,1636,legal,25.0,1.71
23841,5615,full,296.78,62.17
9362,4767,breakdown,22.9,5.09
13184,9819,legal,69.23,2.27
27462,2934,legal,25.0,1.71
10114,128,breakdown,16.89,4.54
25340,6176,legal,46.13,1.71
11769,6243,breakdown,16.89,4.54
15098,6990,legal,25.0,1.71
2357,7819,full,497.79,104.28
26191,2642,legal,37.5,2.02
10005,7709,legal,25.0,1.71
6341,2893,full,557.42,116.77
18742,9546,full,328.1,68.73
12083,1644,full,532.74,111.6
19901,4303,legal,37.5,2.02
13097,945,breakdown,16.89,4.54
24623,3134,breakdown,16.89,4.54
29619,9347,legal,25.0,1.71
13611,1786,full,688.18,144.16
11830,6708,legal,25.0,1.71
10899,9299,breakdown,16.89,4.54
3420,9179,legal,46.13,1.71
7703,6225,breakdown,16.89,4.54
4227,3650,breakdown,16.89,4.54
25411,8890,breakdown,22.9,5.09
14496,5069,breakdown,22.9,5.09
7338,6359,legal,37.5,2.02
4400,1278,full,245.58,51.45
16293,4552,full,239.63,50.2
18445,5509,full,563.04,117.95
14649,2715,legal,25.0,1.71
14519,9461,legal,25.0,1.71
15556,7569,breakdown,16.89,4.54
24878,3568,full,559.13,117.13
12676,3090,legal,25.0,1.71
14010,9399,legal,45.0,2.08
19659,9443,breakdown,16.89,4.54
25494,9968,full,101.2,21.2
26798,1751,full,214.24,44.88
11272,3182,full,218.82,45.84
185,9377,breakdown,16.89,4.54
6582,3489,legal,37.5,2.02
22676,4628,breakdown,25.9,5.91
5491,2981,breakdown,16.89,4.54
13584,9193,legal,25.0,1.71
1772,5266,legal,25.0,1.71
7866,5950,legal,25.0,1.71
6004,9159,breakdown,16.89,4.54
15321,2712,legal,25.0,1.71
11186,2862,breakdown,22.9,5.09
3384,7261,full,554.17,116.09
16435,8447,full,118.36,24.79
25760,5015,full,172.52,36.14
13466,5634,legal,25.0,1.71
16690,2311,breakdown,22.9,5.09
4422,1997,breakdown,22.9,5.09
4780,1062,breakdown,16.89,4.54
1174,4511,full,261.19,54.72
15256,4657,legal,30.0,1.71
15221,5453,breakdown,16.89,4.54
11676,385,legal,25.0,1.71
17467,7895,full,952.44,199.53
7711,276,legal,25.0,1.71
16208,1012,full,607.21,127.2
11332,9190,breakdown,16.89,4.54
17663,7965,legal,25.0,1.71
8126,2907,legal,25.0,1.71
18226,7880,legal,25.0,1.71
17350,6444,breakdown,22.9,5.09
6249,2400,legal,37.5,2.02
27019,7842,legal,25.0,1.71
24139,5143,breakdown,22.9,5.09
349,2040,full,894.57,187.4
14762,9846,breakdown,22.9,5.09
13391,9770,legal,25.0,1.71
21489,8616,full,180.27,37.77
8190,8852,legal,46.13,1.71
24590,9920,breakdown,16.89,4.54
23894,437,legal,46.13,1.71
11482,9743,full,190.09,39.82
3247,2102,legal,25.0,1.71
7581,4882,breakdown,22.9,5.09
1594,1053,legal,25.0,1.71
16416,9943,full,314.34,65.85
3722,8802,breakdown,16.89,4.54
5203,2502,legal,37.5,2.02
3162,4472,legal,25.0,1.71
7541,6449,breakdown,16.89,4.54
11113,4181,full,207.57,43.49
7736,5650,breakdown,16.89,4.54
14742,5410,breakdown,16.89,4.54
18292,8718,full,524.21,109.81
11924,4074,full,191.33,40.08
878,1208,legal,46.13,1.71
16682,8664,legal,25.0,1.71
23169,2113,legal,25.0,1.71
23997,5830,breakdown,25.9,5.91
3200,8510,breakdown,16.89,4.54
2224,3559,full,318.15,66.65
5560,6577,legal,25.0,1.71
5824,8057,legal,69.23,2.27
28000,8508,full,432.1,90.52
19394,4515,full,190.09,39.82
11910,2285,full,358.02,75.0
26398,6657,breakdown,22.9,5.09
12489,9347,breakdown,16.89,4.54
25947,2745,full,465.52,97.52
21342,7625,legal,25.0,1.71
18113,8670,full,101.2,21.2
19396,3020,breakdown,16.89,4.54
5511,7502,full,474.75,99.46
17241,5974,full,1426.92,298.92
26730,6357,legal,25.0,1.71
27596,5865,breakdown,16.89,4.54
20204,4069,legal,25.0,1.71
7076,1008,full,940.44,197.01
6063,7616,full,166.83,34.95
17210,3925,breakdown,16.89,4.54
28440,2476,legal,25.0,1.71
28572,581,full,239.54,50.18
8156,3879,full,493.24,103.33
24511,5237,full,281.83,59.04
20561,8978,full,394.58,82.66
4510,5418,breakdown,16.89,4.54
27344,5442,legal,37.5,2.02
14525,7699,breakdown,16.89,4.54
5139,3494,legal,25.0,1.71
22303,9851,legal,69.23,2.27
173,5013,full,242.93,50.89
6216,3304,full,361.09,75.64
11125,9746,full,169.37,35.48
426,9241,full,565.1,118.38
15067,1858,full,459.35,96.23
2328,4233,breakdown,16.89,4.54
8605,9124,breakdown,16.89,4.54
5193,106,breakdown,25.9,5.91
19092,7939,full,251.67,52.72
20990,1784,breakdown,16.89,4.54
6745,8775,legal,30.0,1.71
11815,2420,breakdown,16.89,4.54
29036,4070,full,554.04,116.07
29806,3178,breakdown,16.89,4.54
24159,7177,full,172.87,36.22
28622,850,breakdown,22.9,5.09
19996,3781,full,251.93,52.78
14300,5743,legal,25.0,1.71
18403,7518,legal,37.5,2.02
18869,9039,breakdown,22.9,5.09
20948,242,legal,25.0,1.71
2555,7163,full,173.67,36.38
338,5603,breakdown,16.89,4.54
6188,9315,legal,25.0,1.71
19403,1006,breakdown,16.89,4.54
26712,805,breakdown,22.9,5.09
13192,3454,full,468.82,98.21
3897,8146,legal,25.0,1.71
26481,87,breakdown,22.9,5.09
12582,1249,full,545.45,114.26
8535,6850,full,556.21,116.52
28084,2015,full,171.53,35.93
85,6690,breakdown,16.89,4.54
7208,412,breakdown,22.9,5.09
2170,1816,full,456.94,95.72
1177,146,breakdown,25.9,5.91
15039,4839,full,181.46,38.01
14554,9223,legal,25.0,1.71
17537,6557,breakdown,16.89,4.54
8750,5095,breakdown,16.89,4.54
25353,1019,breakdown,16.89,4.54
15140,5889,legal,25.0,1.71
17465,2059,full,378.3,79.25
14893,229,breakdown,16.89,4.54
23711,8246,full,152.23,31.89
12222,3404,breakdown,16.89,4.54
22555,45,full,514.41,107.76
19838,5946,breakdown,16.89,4.54
25308,7757,breakdown,16.89,4.54
10146,2335,full,251.73,52.73
5189,5443,breakdown,22.9,5.09
4841,4739,legal,25.0,1.71
29528,5309,breakdown,16.89,4.54
7161,7108,full,477.63,100.06
16313,344,full,900.64,188.67
29475,1225,legal,25.0,1.71
23995,8078,legal,37.5,2.02
19525,7807,full,137.26,28.75
3252,5337,full,492.9,103.25
20249,4476,breakdown,16.89,4.54
24415,5771,breakdown,16.89,4.54
24575,9696,breakdown,22.9,5.09
24354,681,legal,37.5,2.02
4435,7187,breakdown,16.89,4.54
24845,5465,breakdown,16.89,4.54
14641,4359,breakdown,22.9,5.09
29731,4536,full,152.23,31.89
10332,4107,legal,37.5,2.02
17361,1139,breakdown,16.89,4.54
20491,8294,legal,25.0,1.71
21531,918,legal,25.0,1.71
23803,2440,full,101.2,21.2
25660,2196,full,465.09,97.43
6098,9878,breakdown,16.89,4.54
5648,1560,full,346.47,72.58
3327,808,breakdown,25.9,5.91
3732,145,legal,46.13,1.71
15947,7,breakdown,22.9,5.09
28277,3539,legal,25.0,1.71
13287,2210,full,235.73,49.38
25341,2455,full,265.03,55.52
25828,6911,breakdown,22.9,5.09
12848,2875,full,172.87,36.22
13903,9603,full,275.35,57.68
4991,1650,full,563.1,117.96
13113,4061,full,330.81,69.3
26025,669,breakdown,22.9,5.09
4020,1497,breakdown,16.89,4.54
16855,1908,breakdown,16.89,4.54
12837,6956,legal,25.0,1.71
22038,7546,legal,37.5,2.02
3485,2346,full,545.96,114.37
13098,5549,breakdown,16.89,4.54
1460,1363,breakdown,16.89,4.54
22892,9821,full,431.3,90.35
5991,2091,legal,37.5,2.02
21584,1860,full,344.64,72.2
5439,2594,legal,46.13,1.71
2231,4464,legal,37.5,2.02
512,7667,legal,37.5,2.02
20635,3968,full,324.55,67.99
3416,4852,full,359.75,75.36
16836,2277,full,132.83,27.83
6050,4872,legal,25.0,1.71
10254,7571,full,133.13,27.89
8755,9442,legal,46.13,1.71
6224,7199,breakdown,16.89,4.54
12797,9116,legal,25.0,1.71
629,6466,legal,25.0,1.71
20779,970,full,236.9,49.62
16455,906,breakdown,16.89,4.54
19140,3548,legal,37.5,2.02
10170,4340,full,313.97,65.77
1520,8049,breakdown,16.89,4.54
24449,8885,legal,25.0,1.71
17608,8850,legal,25.0,1.71
15319,8481,breakdown,16.89,4.54
1436,1313,breakdown,16.89,4.54
16976,1976,breakdown,16.89,4.54
1453,352,breakdown,16.89,4.54
29142,777,breakdown,16.89,4.54
8633,6762,breakdown,16.89,4.54
991,2582,full,444.88,93.2
2019,3773,breakdown,16.89,4.54
21133,1367,breakdown,16.89,4.54
16389,3121,legal,25.0,1.71
7235,111,breakdown,16.89,4.54
14410,8317,breakdown,16.89,4.54
7160,5262,legal,69.23,2.27
15681,9022,breakdown,16.89,4.54
16042,6119,legal,25.0,1.71
2383,8275,legal,25.0,1.71
19444,3335,legal,69.23,2.27
10131,8023,legal,25.0,1.71
8585,9252,full,307.83,64.49
2748,4041,breakdown,16.89,4.54
19213,176,legal,37.5,2.02
3368,1838,breakdown,22.9,5.09
11329,6797,legal,37.5,2.02
11293,6394,breakdown,16.89,4.54
5978,7672,full,172.87,36.22
16776,861,full,220.62,46.22
14149,3958,legal,25.0,1.71
18784,1934,full,171.16,35.85
28169,3087,legal,37.5,2.02
25448,3451,breakdown,22.9,5.09
14997,5763,legal,25.0,1.71
20588,2040,legal,25.0,1.71
22241,5108,legal,37.5,2.02
9889,5594,full,310.9,65.13
12647,3832,legal,37.5,2.02
6569,7498,legal,25.0,1.71
3100,7401,full,187.84,39.35
18447,8754,breakdown,16.89,4.54
9236,1394,legal,25.0,1.71
8952,7942,full,515.42,107.97
19684,7496,breakdown,16.89,4.54
18630,6742,breakdown,22.9,5.09
1093,4955,breakdown,16.89,4.54
14452,368,breakdown,16.89,4.54
26558,1508,full,207.04,43.38
20456,7303,breakdown,22.9,5.09
16673,1458,full,679.52,142.35
20768,2473,full,404.11,84.65
19261,5628,legal,25.0,1.71
1259,110,breakdown,16.89,4.54
5657,1674,full,389.82,81.66
10764,1741,legal,25.0,1.71
15494,7300,legal,25.0,1.71
24988,2414,legal,25.0,1.71
21593,1302,breakdown,16.89,4.54
25003,7504,full,491.98,103.07
21601,3842,breakdown,16.89,4.54
21348,9088,legal,25.0,1.71
23458,5749,legal,25.0,1.71
22125,8181,full,197.51,41.37
26602,6636,breakdown,22.9,5.09
21184,6996,legal,25.0,1.71
24299,7820,breakdown,16.89,4.54
19937,2973,breakdown,16.89,4.54
28519,4761,full,491.85,103.04
5505,8619,breakdown,16.89,4.54
17025,89,legal,25.0,1.71
3435,2751,legal,25.0,1.71
18035,6909,breakdown,16.89,4.54
10269,1492,legal,37.5,2.02
28261,4505,legal,45.0,2.08
2338,3041,full,158.11,33.13
12044,6073,legal,25.0,1.71
16024,6103,breakdown,16.89,4.54
19891,4773,full,348.14,72.93
18505,2836,legal,37.5,2.02
7501,621,full,359.76,75.36
17153,8026,full,395.91,82.94
29040,583,legal,46.13,1.71
14489,6591,full,190.45,39.9
10475,2294,full,401.11,84.02
10439,1840,breakdown,16.89,4.54
27810,3191,legal,25.0,1.71
20782,7609,legal,37.5,2.02
19717,9721,legal,25.0,1.71
24550,3724,legal,37.5,2.02
885,9655,legal,37.5,2.02
6765,1149,full,159.79,33.47
4861,1835,legal,37.5,2.02
8317,1432,full,152.23,31.89
16856,7891,breakdown,16.89,4.54
575,9841,breakdown,16.89,4.54
2694,3453,legal,46.13,1.71
28775,4312,full,194.46,40.74
8722,7821,full,203.73,42.68
5183,4382,breakdown,16.89,4.54
27383,3255,breakdown,16.89,4.54
21079,7178,full,163.76,34.3
4684,8424,legal,30.0,1.71
12553,1132,legal,46.13,1.71
3195,6120,full,188.42,39.47
20302,4113,breakdown,22.9,5.09
29930,7113,breakdown,16.89,4.54
7864,7529,legal,37.5,2.02
9656,536,full,129.19,27.06
14548,2902,full,132.83,27.83
29372,5664,legal,25.0,1.71
14537,5029,legal,46.13,1.71
23374,1693,breakdown,16.89,4.54
26467,1804,legal,30.0,1.71
6560,547,breakdown,16.89,4.54
24792,8878,full,174.93,36.64
5995,403,full,368.26,77.15
18701,6271,breakdown,16.89,4.54
3019,4475,legal,37.5,2.02
20896,3463,full,283.93,59.48
21144,5820,legal,25.0,1.71
29343,175,breakdown,22.9,5.09
25178,7617,breakdown,16.89,4.54
28627,8154,legal,37.5,2.02
22633,7193,legal,37.5,2.02
8543,7663,breakdown,16.89,4.54
9414,1052,breakdown,16.89,4.54
13700,2584,full,616.45,129.14
26707,8157,breakdown,22.9,5.09
27843,2328,breakdown,16.89,4.54
26288,8343,legal,25.0,1.71
24450,7185,full,101.2,21.2
21834,4447,breakdown,22.9,5.09
21081,4969,breakdown,16.89,4.54
3617,5659,breakdown,16.89,4.54
28737,4948,legal,25.0,1.71
1480,9437,breakdown,16.89,4.54
8246,8174,full,606.14,126.98
7987,2264,breakdown,16.89,4.54
21635,7977,legal,25.0,1.71
14022,5624,legal,46.13,1.71
7206,8947,full,229.27,48.03
5666,1375,legal,25.0,1.71
7150,3220,breakdown,22.9,5.09
1538,3048,legal,37.5,2.02
9649,8639,legal,25.0,1.71
3308,7581,breakdown,16.89,4.54
18769,7282,full,338.92,71.0
17916,9555,legal,37.5,2.02
26570,3438,full,169.37,35.48
12949,6400,breakdown,16.89,4.54
17742,7424,full,367.48,76.98
29898,6952,breakdown,22.9,5.09
3505,6813,legal,25.0,1.71
15582,2074,full,226.4,47.43
21292,9427,legal,25.0,1.71
9076,8129,breakdown,22.9,5.09
3865,9468,legal,25.0,1.71
2430,2536,full,210.51,44.1
16015,9871,breakdown,16.89,4.54
11046,7022,legal,25.0,1.71
7188,9967,full,167.7,35.13
5826,5699,legal,37.5,2.02
13532,6491,breakdown,16.89,4.54
24100,6456,breakdown,16.89,4.54
17451,1389,legal,25.0,1.71
10473,6490,full,731.05,153.15
15550,807,breakdown,16.89,4.54
20518,544,breakdown,22.9,5.09
28381,7983,breakdown,16.89,4.54
27715,2833,legal,25.0,1.71
6793,463,full,363.17,76.08
23704,7879,breakdown,16.89,4.54
29477,847,full,520.78,109.1
2429,1919,full,511.52,107.16
23723,5983,full,374.07,78.37
11065,4953,breakdown,16.89,4.54
15661,7296,legal,46.13,1.71
7169,2390,breakdown,16.89,4.54
19238,4094,breakdown,16.89,4.54
27262,1950,legal,25.0,1.71
24769,3445,breakdown,16.89,4.54
15151,9407,full,184.23,38.59
19631,3593,legal,25.0,1.71
8696,7484,full,1143.79,239.61
24102,6872,legal,25.0,1.71
7465,8363,full,109.4,22.92
5672,1439,full,290.12,60.78
8001,8848,legal,25.0,1.71
17489,1093,full,178.15,37.32
14056,5714,full,101.2,21.2
19955,6111,breakdown,22.9,5.09
12939,9034,full,169.37,35.48
10135,8519,full,282.56,59.2
12677,707,breakdown,16.89,4.54
15273,4502,legal,46.13,1.71
16020,4144,full,550.77,115.38
15459,7652,full,673.14,141.01
5043,8816,full,190.09,39.82
6849,6539,breakdown,16.89,4.54
22625,6182,full,375.94,78.75
18223,7589,legal,37.5,2.02
28457,6713,full,413.09,86.54
27142,5627,breakdown,16.89,4.54
6006,8007,full,207.08,43.38
7266,5016,full,172.87,36.22
24231,1764,full,851.0,178.27
20867,2946,breakdown,16.89,4.54
17609,2469,full,249.42,52.25
29213,9879,legal,37.5,2.02
8579,7347,breakdown,22.9,5.09
3057,4068,legal,45.0,2.08
26490,6322,legal,25.0,1.71
20262,8661,breakdown,16.89,4.54
17754,4142,legal,37.5,2.02
13077,8882,full,500.02,104.75
23814,2100,full,309.54,64.84
25254,2354,full,225.51,47.25
3949,4769,breakdown,16.89,4.54
25188,7443,legal,25.0,1.71
24105,9904,legal,25.0,1.71
14868,8201,breakdown,16.89,4.54
18158,8136,full,281.83,59.04
26737,5325,breakdown,16.89,4.54
3145,9631,breakdown,22.9,5.09
26557,3999,full,239.36,50.14
24962,7692,full,101.2,21.2
20134,3732,full,512.62,107.39
25183,8283,full,304.65,63.82
11446,2310,breakdown,16.89,4.54
11146,9324,legal,25.0,1.71
27685,2981,legal,25.0,1.71
28300,962,legal,46.13,1.71
8562,3057,full,268.9,56.33
6941,144,full,372.95,78.13
10363,4293,breakdown,22.9,5.09
16125,3433,full,645.99,135.33
1146,5812,legal,69.23,2.27
11488,1865,legal,25.0,1.71
18712,6519,breakdown,16.89,4.54
15866,4402,legal,25.0,1.71
10585,6741,legal,25.0,1.71
13911,8390,breakdown,16.89,4.54
27082,7106,breakdown,16.89,4.54
1691,5144,full,1005.52,210.64
17761,5457,breakdown,16.89,4.54
10692,4336,legal,69.23,2.27
24697,7485,legal,46.13,1.71
19791,824,legal,25.0,1.71
16373,9573,breakdown,16.89,4.54
29254,7006,full,281.69,59.01
17927,7451,full,383.5,80.34
2623,8639,full,172.87,36.22
13508,6974,full,173.34,36.32
2663,8933,full,204.41,42.82
1547,3053,breakdown,16.89,4.54
13583,3230,breakdown,16.89,4.54
28095,2321,breakdown,22.9,5.09
22031,7176,full,250.87,52.55
5552,3142,legal,25.0,1.71
23396,7388,full,372.19,77.97
12416,1948,breakdown,16.89,4.54
4915,7313,breakdown,16.89,4.54
23938,3758,full,313.34,65.64
10468,8958,breakdown,16.89,4.54
17948,7089,legal,37.5,2.02
27926,9050,breakdown,16.89,4.54
8223,8950,breakdown,16.89,4.54
27414,7037,legal,25.0,1.71
17331,3753,legal,25.0,1.71
24725,3582,legal,25.0,1.71
26330,4390,legal,25.0,1.71
4976,8185,breakdown,16.89,4.54
13580,475,full,543.49,113.85
19898,9228,breakdown,16.89,4.54
17297,1941,breakdown,16.89,4.54
29794,2243,full,321.09,67.26
17561,9901,breakdown,25.9,5.91
25912,8872,full,240.72,50.43
7924,1739,breakdown,16.89,4.54
7698,8131,breakdown,16.89,4.54
17487,3863,legal,25.0,1.71
20861,9198,legal,25.0,1.71
2417,6838,legal,25.0,1.71
8670,8658,legal,25.0,1.71
9635,7817,breakdown,22.9,5.09
11116,5145,legal,25.0,1.71
10921,6570,full,943.47,197.64
29846,3196,legal,25.0,1.71
11147,9096,full,188.24,39.44
23176,9571,full,414.22,86.77
29410,1841,full,629.88,131.95
29104,5425,full,211.8,44.37
19763,7576,legal,25.0,1.71
16931,1529,breakdown,16.89,4.54
19586,8998,legal,92.32,2.83
28663,3318,breakdown,16.89,4.54
12767,4317,full,152.23,31.89
9105,2773,breakdown,16.89,4.54
4872,773,legal,25.0,1.71
19878,2583,full,458.12,95.97
5867,3150,full,291.67,61.1
15137,884,full,565.39,118.44
22593,4419,legal,30.0,1.71
16382,1697,legal,25.0,1.71
28089,4224,full,227.84,47.73
21900,9136,full,182.74,38.28
12034,4125,breakdown,16.89,4.54
11083,3736,legal,25.0,1.71
16022,1999,breakdown,16.89,4.54
27152,3557,breakdown,16.89,4.54
25141,3806,full,177.21,37.12
28590,5856,breakdown,22.9,5.09
15534,7206,breakdown,16.89,4.54
26232,1957,full,695.88,145.78
28920,6552,breakdown,22.9,5.09
25692,3878,breakdown,22.9,5.09
3712,5598,full,399.23,83.63
11579,6992,breakdown,16.89,4.54
477,3918,full,228.47,47.86
13406,8904,full,337.61,70.72
28733,7997,breakdown,16.89,4.54
28997,5002,full,498.64,104.46
23705,2126,full,232.36,48.68
4085,1872,legal,25.0,1.71
14063,3917,full,331.7,69.49
13647,7802,legal,25.0,1.71
25453,7239,legal,25.0,1.71
7718,3307,legal,25.0,1.71
16089,893,breakdown,16.89,4.54
10590,8176,breakdown,16.89,4.54
14173,673,full,293.13,61.41
15785,1230,legal,37.5,2.02
23553,1508,legal,25.0,1.71
3376,4506,full,339.55,71.13
9118,8146,breakdown,16.89,4.54
25366,3692,breakdown,22.9,5.09
22430,7489,legal,46.13,1.71
18755,8393,legal,30.0,1.71
24094,8979,legal,46.13,1.71
5535,6523,full,182.02,38.13
18081,9717,breakdown,22.9,5.09
335,1825,full,424.71,88.97
11259,5513,breakdown,16.89,4.54
21802,17,full,650.19,136.21
5963,2497,legal,25.0,1.71
24378,9573,full,222.66,46.64
23656,4733,breakdown,16.89,4.54
17960,8125,legal,25.0,1.71
10523,9761,breakdown,22.9,5.09
18320,5758,legal,30.0,1.71
596,6928,legal,25.0,1.71
5051,1167,legal,37.5,2.02
25293,179,breakdown,16.89,4.54
23707,9204,full,2296.38,481.06
26892,8617,legal,37.5,2.02
10915,4659,full,321.05,67.26
20098,8660,breakdown,22.9,5.09
20439,9257,breakdown,25.9,5.91
18584,2279,full,338.41,70.89
11905,1076,breakdown,22.9,5.09
8658,227,breakdown,16.89,4.54
17345,4251,full,152.63,31.98
17756,7811,legal,25.0,1.71
17117,8195,full,518.99,108.72
22122,9133,legal,25.0,1.71
10872,6876,legal,25.0,1.71
20226,836,full,450.8,94.44
7368,2249,full,224.04,46.93
25261,7486,legal,25.0,1.71
3962,3784,full,387.55,81.19
9075,2149,full,146.74,30.74
24024,4538,breakdown,25.9,5.91
609,2989,full,365.29,76.52
23820,47,breakdown,16.89,4.54
21439,4242,legal,25.0,1.71
23863,8116,full,,231.99
3180,213,legal,69.23,2.27
1610,9981,legal,46.13,1.71
17683,1451,full,575.13,120.48
12177,3489,breakdown,22.9,5.09
474,513,breakdown,16.89,4.54
21007,8315,full,463.31,97.06
16967,3027,full,179.7,37.65
3915,6420,full,152.23,31.89
9212,3293,full,394.27,82.6
2593,789,breakdown,16.89,4.54
18491,1781,breakdown,22.9,5.09
18478,1279,breakdown,22.9,5.09
6058,7117,breakdown,16.89,4.54
15794,6533,legal,25.0,1.71
26986,1819,breakdown,22.9,5.09
413,8127,full,345.42,72.36
18720,3575,full,330.1,69.15
2086,2365,full,503.58,105.49
6107,8561,breakdown,16.89,4.54
23152,4554,legal,25.0,1.71
2061,1236,legal,25.0,1.71
2918,5313,legal,25.0,1.71
8329,5626,full,529.44,110.91
29642,282,full,165.48,34.67
4004,9330,legal,25.0,1.71
5542,4896,breakdown,22.9,5.09
11714,5044,legal,37.5,2.02
6554,6379,legal,46.13,1.71
1850,7949,full,464.16,97.24
4659,3214,legal,25.0,1.71
22307,5912,full,175.51,36.77
17619,6709,legal,25.0,1.71
8096,7162,breakdown,16.89,4.54
8940,5821,full,528.69,110.75
11768,7125,legal,25.0,1.71
24220,9609,breakdown,16.89,4.54
9421,7512,legal,37.5,2.02
21554,3842,legal,25.0,1.71
2072,8184,full,235.61,49.36
18948,3829,breakdown,16.89,4.54
24880,4809,legal,25.0,1.71
20157,1859,full,319.6,66.95
10990,7385,legal,25.0,1.71
7386,9478,breakdown,16.89,4.54
8291,7416,breakdown,22.9,5.09
18044,6160,full,152.63,31.98
6402,3121,breakdown,16.89,4.54
14336,9634,legal,25.0,1.71
75,3676,full,152.23,31.89
21100,2719,breakdown,16.89,4.54
12147,3307,breakdown,16.89,4.54
29776,9209,legal,25.0,1.71
12500,1561,breakdown,22.9,5.09
13954,7934,legal,37.5,2.02
25062,6048,breakdown,16.89,4.54
14469,1719,legal,25.0,1.71
14618,4720,full,152.23,31.89
3053,8687,full,324.73,68.02
24578,6326,breakdown,16.89,4.54
16364,8814,breakdown,16.89,4.54
1176,2122,full,180.12,37.73
6033,4624,legal,25.0,1.71
805,4946,full,152.23,31.89
16421,6451,breakdown,16.89,4.54
27033,6217,full,298.06,62.44
29237,1237,legal,25.0,1.71
24037,3408,full,406.84,85.23
6539,876,legal,25.0,1.71
12864,5745,full,322.77,67.62
10159,6560,legal,25.0,1.71
21578,1685,breakdown,16.89,4.54
417,2318,full,554.04,116.06
5351,84,legal,25.0,1.71
14915,9524,legal,37.5,2.02
25968,6495,full,349.48,73.21
7710,1350,full,569.75,119.35
5455,2361,full,181.69,38.06
8248,3235,legal,25.0,1.71
26090,5092,legal,25.0,1.71
28765,6094,breakdown,16.89,4.54
8138,4249,breakdown,16.89,4.54
25263,2498,full,675.32,141.47
24580,8885,breakdown,16.89,4.54
18117,7612,full,264.68,55.45
14332,2518,full,171.53,35.93
20810,2909,legal,25.0,1.71
27633,7984,legal,46.13,1.71
16640,7594,breakdown,16.89,4.54
15698,6991,legal,37.5,2.02
8306,9006,full,152.23,31.89
13535,64,legal,37.5,2.02
24370,3326,legal,46.13,1.71
10025,593,legal,25.0,1.71
25460,8322,full,246.69,51.68
2431,3458,full,144.74,30.32
2577,9294,breakdown,16.89,4.54
10736,3709,breakdown,16.89,4.54
26972,3883,breakdown,16.89,4.54
25310,2216,breakdown,22.9,5.09
5518,3557,legal,25.0,1.71
1689,6813,breakdown,16.89,4.54
26817,8901,legal,25.0,1.71
17611,7519,breakdown,16.89,4.54
7360,3088,breakdown,22.9,5.09
27400,8068,full,333.43,69.85
4827,8017,breakdown,16.89,4.54
14605,2138,full,523.23,109.61
29620,214,breakdown,16.89,4.54
10992,2370,full,499.99,104.74
4737,7092,breakdown,16.89,4.54
3021,3144,breakdown,22.9,5.09
28271,7045,legal,46.13,1.71
4386,7913,full,351.94,73.73
23184,7915,legal,25.0,1.71
27139,8913,breakdown,16.89,4.54
1457,6863,legal,25.0,1.71
24944,3754,full,254.93,53.41
13092,5153,breakdown,16.89,4.54
11297,3323,full,691.72,144.91
13364,1772,full,644.68,135.05
15874,5632,full,575.35,120.53
18771,4566,breakdown,16.89,4.54
23055,9885,legal,25.0,1.71
29539,6345,legal,25.0,1.71
10169,9361,full,594.0,124.43
1381,3782,breakdown,16.89,4.54
10383,1152,breakdown,16.89,4.54
20368,7731,full,228.55,47.88
22953,3826,legal,37.5,2.02
25715,2042,legal,46.13,1.71
11869,8892,legal,25.0,1.71
27409,9418,legal,25.0,1.71
15581,2238,breakdown,16.89,4.54
13294,8611,full,475.81,99.68
4145,3792,breakdown,16.89,4.54
20218,1202,legal,25.0,1.71
26177,5110,full,701.9,147.04
16890,468,full,230.17,48.22
8714,5904,legal,25.0,1.71
55,4272,breakdown,22.9,5.09
4152,1748,full,171.43,35.91
14851,4384,full,280.98,58.86
4539,4992,breakdown,16.89,4.54
2062,9403,legal,25.0,1.71
11877,3552,breakdown,16.89,4.54
14573,2824,legal,46.13,1.71
21060,7541,breakdown,22.9,5.09
4047,2192,full,957.59,200.6
29838,6244,full,509.2,106.67
21944,9238,breakdown,22.9,5.09
29053,1940,legal,25.0,1.71
18184,2044,full,190.09,39.82
24803,8663,full,251.04,52.59
20753,168,breakdown,16.89,4.54
6072,3404,full,263.4,55.18
12427,2202,legal,25.0,1.71
15771,9776,breakdown,16.89,4.54
17354,7082,breakdown,22.9,5.09
1605,6136,legal,25.0,1.71
18196,3299,breakdown,16.89,4.54
16970,242,breakdown,16.89,4.54
29400,7169,full,174.78,36.62
17812,3550,breakdown,16.89,4.54
18880,5772,breakdown,16.89,4.54
2978,6719,full,1488.7,311.86
3912,3843,breakdown,16.89,4.54
25346,9086,full,248.23,52.0
27887,2133,full,401.0,84.0
6278,5628,breakdown,16.89,4.54
19542,9489,full,868.5,181.94
19587,9760,breakdown,16.89,4.54
15360,4274,legal,45.0,2.08
13046,2722,full,199.56,41.8
28297,8599,legal,25.0,1.71
2823,2233,full,433.61,90.83
17353,6974,legal,25.0,1.71
1205,7121,breakdown,16.89,4.54
19662,2065,legal,46.13,1.71
7740,3571,legal,25.0,1.71
26410,6341,legal,46.13,1.71
2639,2375,full,347.98,72.9
27237,8815,full,435.43,91.22
11625,4977,breakdown,16.89,4.54
20804,381,breakdown,22.9,5.09
16500,8597,breakdown,16.89,4.54
20146,3775,full,272.87,57.16
23567,8405,breakdown,16.89,4.54
13004,3037,full,101.2,21.2
9374,9457,breakdown,16.89,4.54
18576,2974,breakdown,16.89,4.54
10634,8076,breakdown,16.89,4.54
516,4771,legal,25.0,1.71
28318,720,legal,25.0,1.71
26044,9790,legal,25.0,1.71
23024,1975,legal,25.0,1.71
26835,5076,breakdown,22.9,5.09
13766,5718,legal,46.13,1.71
9661,9478,legal,25.0,1.71
49,912,full,463.84,97.17
9628,7291,full,761.4,159.51
13860,7572,full,324.57,67.99
25999,4412,breakdown,16.89,4.54
27060,131,full,281.83,59.04
1537,7744,full,943.31,197.61
5152,2514,full,152.23,31.89
7088,3786,breakdown,16.89,4.54
21743,3013,breakdown,22.9,5.09
1845,1732,legal,25.0,1.71
15234,3444,legal,25.0,1.71
18888,8976,breakdown,16.89,4.54
28267,256,breakdown,16.89,4.54
337,426,full,177.77,37.24
28116,6238,breakdown,16.89,4.54
24070,5420,breakdown,22.9,5.09
9167,6533,breakdown,16.89,4.54
9457,954,full,1374.73,287.99
11451,6353,breakdown,16.89,4.54
10144,8597,full,279.5,58.55
28704,1005,breakdown,16.89,4.54
10860,8628,legal,25.0,1.71
5079,4705,breakdown,16.89,4.54
18976,9865,legal,25.0,1.71
24176,6764,breakdown,22.9,5.09
20240,3943,full,1029.37,215.64
508,8749,full,152.63,31.98
26234,9415,full,183.65,38.47
7438,1844,full,152.23,31.89
9696,7356,breakdown,16.89,4.54
19526,3709,legal,25.0,1.71
25825,5228,breakdown,16.89,4.54
12931,1652,breakdown,,4.54
11646,6492,full,280.11,58.68
16694,5738,legal,46.13,1.71
23342,5504,legal,37.5,2.02
6181,1483,breakdown,16.89,4.54
22717,846,legal,37.5,2.02
22753,507,full,119.01,24.93
813,9572,full,414.22,86.77
11882,5995,legal,25.0,1.71
28617,6236,breakdown,16.89,4.54
29232,1335,breakdown,16.89,4.54
23126,3803,breakdown,16.89,4.54
13056,5209,legal,25.0,1.71
1002,3378,legal,25.0,1.71
16413,5708,legal,37.5,2.02
22998,4284,legal,25.0,1.71
2914,5933,breakdown,16.89,4.54
26721,7425,breakdown,16.89,4.54
8387,1237,breakdown,16.89,4.54
17576,498,legal,25.0,1.71
8335,8780,legal,25.0,1.71
27309,5013,legal,25.0,1.71
14765,3602,legal,25.0,1.71
11742,3733,breakdown,16.89,4.54
746,8198,breakdown,16.89,4.54
20863,1259,breakdown,16.89,4.54
2928,3311,breakdown,16.89,4.54
17197,9296,full,325.23,68.13
26962,394,breakdown,16.89,4.54
21665,5698,full,292.55,61.29
3334,242,full,578.44,121.18
16502,4842,legal,37.5,2.02
10111,7718,full,454.47,95.2
28353,7786,breakdown,22.9,5.09
12688,9390,full,152.23,31.89
20563,7769,full,316.28,66.25
16765,9670,full,235.31,49.3
10236,734,legal,25.0,1.71
19274,3932,legal,25.0,1.71
23192,6270,legal,46.13,1.71
17732,7208,legal,25.0,1.71
7988,8251,legal,37.5,2.02
15270,3383,legal,25.0,1.71
24556,4015,full,391.8,82.08
1449,9066,breakdown,16.89,4.54
3442,4874,legal,46.13,1.71
1688,5082,breakdown,22.9,5.09
5461,4359,legal,37.5,2.02
12710,599,legal,25.0,1.71
868,4723,breakdown,16.89,4.54
28214,7985,full,325.16,68.12
18847,9188,breakdown,16.89,4.54
22861,9478,full,169.37,35.48
26223,9801,legal,25.0,1.71
16464,6809,full,440.71,92.32
6291,9353,breakdown,16.89,4.54
7478,5388,full,166.98,34.98
2784,8919,breakdown,16.89,4.54
27981,1410,breakdown,16.89,4.54
20577,7948,legal,25.0,1.71
2549,1108,full,180.16,37.74
8184,9671,full,306.88,64.29
25839,2814,full,428.44,89.75
29842,4851,full,152.69,31.99
19533,7061,full,316.25,66.25
22545,9130,breakdown,16.89,4.54
3889,8237,full,285.24,59.76
20916,5939,full,386.95,81.06
3337,6392,breakdown,22.9,5.09
10157,8346,breakdown,16.89,4.54
17798,6996,breakdown,16.89,4.54
24508,3857,full,177.55,37.19
9425,2550,breakdown,16.89,4.54
28865,4850,full,372.83,78.11
12699,365,full,519.64,108.86
28893,2967,full,152.63,31.98
23394,4249,legal,25.0,1.71
16369,3094,legal,46.13,1.71
29650,1529,legal,25.0,1.71
25080,5012,legal,37.5,2.02
4571,4329,legal,25.0,1.71
24777,883,full,628.96,131.76
8953,1256,legal,25.0,1.71
909,9112,full,463.66,97.14
26195,2501,full,668.14,139.96
3666,7827,full,355.16,74.4
11832,8828,legal,25.0,1.71
24346,9701,full,251.73,52.73
24330,1240,breakdown,16.89,4.54
5906,827,full,410.01,85.89
7632,7062,legal,37.5,2.02
4680,7482,breakdown,16.89,4.54
8346,2305,full,452.97,94.89
12652,1116,full,416.58,87.27
13772,4864,legal,92.32,2.83
20468,8281,legal,37.5,2.02
16185,409,breakdown,22.9,5.09
17298,2612,full,232.36,48.68
24389,949,legal,25.0,1.71
21993,9162,legal,25.0,1.71
25680,7365,legal,25.0,1.71
20155,1801,breakdown,16.89,4.54
9690,153,legal,25.0,1.71
13551,6729,legal,25.0,1.71
19744,2248,full,224.04,46.93
4478,1547,breakdown,22.9,5.09
2854,4032,breakdown,16.89,4.54
23694,1051,breakdown,16.89,4.54
18960,6374,legal,25.0,1.71
7049,3069,breakdown,22.9,5.09
14036,6529,breakdown,16.89,4.54
20832,1867,full,134.46,28.17
25885,8800,breakdown,16.89,4.54
4847,2505,full,441.56,92.5
14032,9226,full,230.75,48.34
14366,1644,legal,25.0,1.71
10668,8372,breakdown,22.9,5.09
18289,1599,breakdown,16.89,4.54
6798,4487,full,459.48,96.26
2024,6222,breakdown,16.89,4.54
2238,2395,legal,25.0,1.71
14908,8669,breakdown,16.89,4.54
4935,4833,full,531.32,111.31
6826,2596,breakdown,22.9,5.09
2399,9533,full,656.2,137.47
18288,1372,breakdown,16.89,4.54
2586,4237,breakdown,16.89,4.54
5760,496,legal,46.13,1.71
24315,8096,legal,25.0,1.71
17738,1064,breakdown,22.9,5.09
24945,7460,full,152.23,31.89
15495,1563,full,286.76,60.07
13641,1806,legal,25.0,1.71
17346,530,full,727.51,152.41
2560,1742,full,275.61,57.74
7679,6077,breakdown,16.89,4.54
13267,9789,breakdown,16.89,4.54
243,5440,full,191.68,40.15
429,2265,legal,25.0,1.71
22490,8230,full,432.18,90.53
25317,2742,legal,25.0,1.71
4381,9920,full,349.91,73.3
4851,9017,legal,25.0,1.71
25041,3636,legal,37.5,2.02
13453,7415,full,981.63,205.64
26796,822,full,879.21,184.18
25401,6208,full,758.81,158.96
2911,1588,breakdown,16.89,4.54
19555,6755,full,352.16,73.77
15969,5976,full,254.64,53.34
10924,6124,legal,46.13,1.71
10630,6375,full,368.17,77.13
16660,5129,legal,25.0,1.71
12423,5155,legal,25.0,1.71
3606,6671,breakdown,22.9,5.09
8992,874,breakdown,16.89,4.54
28914,3984,legal,25.0,1.71
12370,4241,full,498.42,104.41
6726,3525,legal,25.0,1.71
2117,5850,legal,25.0,1.71
26867,1128,full,172.87,36.22
20201,7802,full,390.11,81.72
8740,5845,full,354.34,74.23
11296,98,breakdown,16.89,4.54
11330,6793,legal,69.23,2.27
22601,8927,legal,25.0,1.71
9582,7241,legal,30.0,1.71
26795,2396,legal,25.0,1.71
10935,7852,legal,37.5,2.02
27487,9954,full,101.2,21.2
4948,6742,full,469.3,98.31
3103,6367,legal,25.0,1.71
17685,3412,legal,25.0,1.71
18897,3515,legal,46.13,1.71
8446,492,breakdown,22.9,5.09
570,514,full,912.38,191.13
18736,8109,breakdown,16.89,4.54
18203,8935,full,438.08,91.77
28898,6798,legal,25.0,1.71
16395,2209,full,235.73,49.38
12681,6968,breakdown,16.89,4.54
20402,3274,breakdown,16.89,4.54
8021,6636,legal,37.5,2.02
25359,6738,breakdown,16.89,4.54
26360,3321,legal,25.0,1.71
7228,4567,breakdown,16.89,4.54
7827,7872,full,207.7,43.51
19019,7030,full,696.68,145.95
27148,5421,full,262.23,54.94
3188,8321,breakdown,16.89,4.54
27670,831,legal,25.0,1.71
18204,6592,legal,37.5,2.02
6511,4587,full,1003.61,210.25
26880,3313,full,420.32,88.05
6383,759,breakdown,22.9,5.09
17546,8171,breakdown,16.89,4.54
5417,192,breakdown,22.9,5.09
12827,1552,legal,25.0,1.71
1331,8973,breakdown,16.89,4.54
14220,1834,breakdown,22.9,5.09
24148,9180,full,337.85,70.77
19797,1418,legal,25.0,1.71
29145,6548,legal,25.0,1.71
21497,1453,breakdown,16.89,4.54
12660,1234,full,251.73,52.73
13670,2626,legal,25.0,1.71
470,3437,breakdown,22.9,5.09
4255,6736,legal,25.0,1.71
6942,4148,legal,37.5,2.02
23150,423,legal,25.0,1.71
21995,3136,legal,25.0,1.71
28752,258,legal,25.0,1.71
1106,9206,legal,25.0,1.71
20022,7570,breakdown,16.89,4.54
24573,5278,full,369.49,77.4
27751,9393,breakdown,16.89,4.54
3220,3938,full,177.68,37.22
13905,2551,full,365.38,76.54
22659,4936,full,251.8,52.75
25326,8806,breakdown,16.89,4.54
15741,8335,full,745.02,156.07
4092,9977,legal,69.23,2.27
19371,9954,breakdown,22.9,5.09
8578,6492,legal,25.0,1.71
15575,7253,full,1172.83,245.69
4817,7296,full,113.85,23.85
2439,1272,legal,25.0,1.71
29288,2205,breakdown,16.89,4.54
26317,6079,legal,25.0,1.71
1642,914,full,508.67,106.56
3753,7792,legal,46.13,1.71
340,4863,breakdown,32.4,6.5
20723,8819,legal,25.0,1.71
25569,3951,legal,25.0,1.71
16622,2751,full,313.19,65.61
3098,4624,full,496.3,103.97
22280,6948,legal,25.0,1.71
25292,1839,legal,37.5,2.02
20500,9052,breakdown,16.89,4.54
25845,5950,breakdown,16.89,4.54
26448,8458,full,232.16,48.63
16668,2299,full,458.98,96.16
916,868,full,101.2,21.2
1749,7362,full,965.82,202.32
250,2371,legal,37.5,2.02
6958,7913,breakdown,22.9,5.09
10612,7107,legal,25.0,1.71
18536,8075,breakdown,16.89,4.54
20339,1955,breakdown,16.89,4.54
25241,5553,legal,25.0,1.71
17474,5513,legal,25.0,1.71
9192,6094,full,526.71,110.34
17383,1071,full,1023.13,214.33
5591,3375,full,150.32,31.49
511,5767,breakdown,16.89,4.54
12467,3755,full,173.67,36.38
8189,2789,breakdown,16.89,4.54
17639,9426,legal,37.5,2.02
4777,7156,none,1105.26,231.54
7304,1477,breakdown,16.89,4.54
8029,4953,legal,25.0,1.71
15945,5234,legal,69.23,2.27
20869,7296,breakdown,22.9,5.09
15248,6659,legal,25.0,1.71
26043,5982,breakdown,22.9,5.09
8047,8517,breakdown,16.89,4.54
22168,7991,full,132.83,27.83
10565,1790,full,405.76,85.0
6930,9704,full,150.32,31.49
1109,2848,breakdown,16.89,4.54
1784,3935,legal,25.0,1.71
21890,2272,full,782.85,164.0
17463,7905,full,385.31,80.72
9369,2633,breakdown,16.89,4.54
24054,8781,full,1060.07,222.07
28918,1703,full,676.54,141.73
6537,3187,legal,25.0,1.71
29944,2127,legal,25.0,1.71
15507,7512,breakdown,22.9,5.09
103,7767,breakdown,22.9,5.09
1593,2644,full,207.19,43.41
24109,9467,full,339.2,71.06
2318,651,legal,25.0,1.71
10991,7476,breakdown,16.89,4.54
23812,4491,full,654.42,137.09
21788,6695,full,372.83,78.11
22640,1940,breakdown,16.89,4.54
10321,28,breakdown,16.89,4.54
3382,118,legal,37.5,2.02
4578,3866,full,270.77,56.72
23857,1474,breakdown,16.89,4.54
18456,1216,breakdown,16.89,4.54
18249,4139,full,403.28,84.49
26999,7952,breakdown,16.89,4.54
24700,9832,breakdown,22.9,5.09
2856,887,full,122.88,25.74
16082,944,breakdown,22.9,5.09
29334,2699,breakdown,16.89,4.54
21583,6426,full,300.37,62.93
12761,1997,full,101.2,21.2
83,1241,breakdown,16.89,4.54
12685,8793,full,1222.59,256.12
25437,5281,legal,46.13,1.71
5089,8171,legal,25.0,1.71
275,4906,legal,25.0,1.71
23796,6418,breakdown,16.89,4.54
29090,9416,full,569.12,119.22
26973,3920,legal,37.5,2.02
23467,9804,breakdown,16.89,4.54
19738,5975,legal,46.13,1.71
9280,9042,full,180.49,37.81
10195,1405,legal,25.0,1.71
4787,6358,full,413.73,86.67
3543,2994,full,359.19,75.24
5250,9524,breakdown,22.9,5.09
9326,5465,legal,25.0,1.71
791,4222,legal,25.0,1.71
12877,3018,legal,37.5,2.02
13677,6743,legal,37.5,2.02
8343,7552,full,460.23,96.41
16258,9054,breakdown,22.9,5.09
8918,2832,breakdown,22.9,5.09
20827,8660,full,318.19,66.66
237,5618,full,216.12,45.27
3932,9798,legal,37.5,2.02
4241,8541,full,422.53,88.51
5486,7733,full,479.14,100.37
29202,2832,legal,46.13,1.71
29529,1057,full,260.02,54.47
11575,5896,full,601.03,125.91
26300,1176,breakdown,22.9,5.09
15713,5826,legal,25.0,1.71
4630,942,breakdown,16.89,4.54
10724,2961,legal,25.0,1.71
24767,7677,legal,25.0,1.71
2968,2336,full,254.92,53.4
12991,673,breakdown,16.89,4.54
3159,8018,legal,25.0,1.71
6584,1367,full,413.68,86.66
14739,8306,full,434.93,91.11
29907,7032,full,200.16,41.93
18635,5880,legal,25.0,1.71
25781,6286,legal,25.0,1.71
18400,8466,breakdown,16.89,4.54
25698,5816,full,879.82,184.31
7217,75,breakdown,16.89,4.54
8529,9370,full,422.21,88.45
20853,3502,legal,25.0,1.71
15483,5224,breakdown,16.89,4.54
20851,1257,legal,25.0,1.71
19564,9948,full,368.31,77.16
11185,2987,legal,25.0,1.71
19652,5611,breakdown,22.9,5.09
9740,2241,breakdown,16.89,4.54
27064,2099,full,219.34,45.95
9565,8036,breakdown,22.9,5.09
25666,8574,full,101.2,21.2
19428,6458,breakdown,22.9,5.09
10231,7619,legal,25.0,1.71
12535,6169,legal,25.0,1.71
11893,8537,full,387.93,81.27
17766,7708,full,1317.36,275.97
12335,9820,full,431.3,90.35
16269,8809,full,204.66,42.87
22421,7017,breakdown,16.89,4.54
5278,5877,full,419.26,87.83
15900,6093,legal,25.0,1.71
13709,4427,full,297.84,62.39
199,1101,full,293.77,61.54
22560,4736,full,301.1,63.08
20080,8359,breakdown,22.9,5.09
2402,5725,breakdown,22.9,5.09
22824,8183,full,268.92,56.34
13296,3179,legal,25.0,1.71
26165,8929,legal,25.0,1.71
29727,3306,breakdown,16.89,4.54
27221,9558,full,267.25,55.98
28589,7922,legal,25.0,1.71
2118,518,legal,37.5,2.02
28624,4994,breakdown,16.89,4.54
3532,9248,legal,25.0,1.71
21114,8101,breakdown,22.9,5.09
12817,1639,legal,25.0,1.71
22662,9404,breakdown,16.89,4.54
19115,3212,legal,25.0,1.71
2517,8914,legal,25.0,1.71
10980,4416,full,190.09,39.82
27176,368,full,332.84,69.73
7023,756,full,501.95,105.15
27326,6528,legal,30.0,1.71
27041,1659,breakdown,16.89,4.54
13069,7350,full,577.39,120.96
15339,9460,breakdown,16.89,4.54
5168,2325,full,238.18,49.89
8719,662,full,382.29,80.09
8526,3438,legal,37.5,2.02
1666,2796,breakdown,16.89,4.54
12936,1109,breakdown,16.89,4.54
8177,9668,legal,25.0,1.71
28979,4873,full,684.79,143.45
8314,7542,breakdown,16.89,4.54
24442,4293,full,170.58,35.73
15465,2600,breakdown,22.9,5.09
15883,286,breakdown,16.89,4.54
20008,1437,breakdown,22.9,5.09
6927,3332,full,433.44,90.8
18601,3485,breakdown,16.89,4.54
7745,1249,breakdown,22.9,5.09
27141,2766,legal,25.0,1.71
27995,9149,full,641.8,134.45
4057,6843,breakdown,16.89,4.54
16012,635,legal,25.0,1.71
12205,664,legal,25.0,1.71
13624,4445,full,,21.2
10330,4389,legal,25.0,1.71
22208,4121,full,298.33,62.49
5899,1527,full,362.84,76.01
20110,158,breakdown,16.89,4.54
6113,1185,full,181.24,37.97
9758,9308,legal,25.0,1.71
6408,2866,breakdown,16.89,4.54
15683,8867,breakdown,22.9,5.09
20903,3830,full,332.38,69.63
13644,6579,legal,25.0,1.71
8315,9669,breakdown,16.89,4.54
26353,3150,breakdown,16.89,4.54
12597,8592,legal,25.0,1.71
14150,7433,breakdown,22.9,5.09
4898,7853,legal,25.0,1.71
5246,6210,breakdown,16.89,4.54
12331,495,breakdown,16.89,4.54
1066,5744,breakdown,16.89,4.54
25616,4479,breakdown,16.89,4.54
21324,2337,breakdown,16.89,4.54
11061,6807,breakdown,16.89,4.54
27474,5068,full,169.37,35.48
11961,5649,legal,25.0,1.71
15417,3699,breakdown,22.9,5.09
19209,9389,breakdown,16.89,4.54
18317,7466,legal,25.0,1.71
26426,5077,legal,25.0,1.71
9397,2152,legal,25.0,1.71
11121,4895,full,458.1,95.97
3559,2346,breakdown,16.89,4.54
23552,4772,legal,37.5,2.02
3548,5157,breakdown,16.89,4.54
10732,9569,full,296.96,62.21
10103,4469,breakdown,16.89,4.54
17778,4317,legal,37.5,2.02
3721,8356,legal,37.5,2.02
18504,1694,legal,25.0,1.71
2736,940,legal,25.0,1.71
12354,451,breakdown,16.89,4.54
26658,5238,breakdown,16.89,4.54
14503,4277,full,331.3,69.4
27816,837,full,171.53,35.94
15640,8183,legal,25.0,1.71
10219,9896,legal,25.0,1.71
15552,2459,breakdown,16.89,4.54
18546,3991,legal,25.0,1.71
15154,1310,legal,46.13,1.71
19319,1347,full,152.23,31.89
24698,6586,legal,69.23,2.27
20849,4437,legal,25.0,1.71
3093,885,legal,25.0,1.71
15580,3319,breakdown,16.89,4.54
17471,7710,breakdown,16.89,4.54
11077,6369,legal,25.0,1.71
16108,6531,breakdown,25.9,5.91
581,3047,legal,25.0,1.71
60,2953,full,437.42,91.64
6422,6621,legal,37.5,2.02
2460,5234,breakdown,16.89,4.54
26797,557,legal,37.5,2.02
27540,7838,breakdown,22.9,5.09
24048,4438,breakdown,16.89,4.54
13965,6508,breakdown,22.9,5.09
27554,544,legal,37.5,2.02
20777,8630,full,476.61,99.84
7731,9460,full,625.87,131.11
19706,2343,breakdown,16.89,4.54
21758,9044,legal,37.5,2.02
15004,8606,legal,25.0,1.71
26125,2777,breakdown,16.89,4.54
8517,9071,full,189.04,39.6
12488,1982,legal,25.0,1.71
26078,7990,legal,25.0,1.71
12399,9031,breakdown,16.89,4.54
14059,7805,full,364.5,76.36
5649,4352,legal,25.0,1.71
13604,7213,breakdown,16.89,4.54
17085,7855,breakdown,22.9,5.09
26979,3421,full,161.38,33.81
16900,5809,full,189.75,39.75
8739,6708,full,382.73,80.18
15052,4345,full,306.12,64.13
29259,8396,legal,25.0,1.71
2186,9296,legal,37.5,2.02
6213,1715,full,230.06,48.2
2725,1886,full,152.23,31.89
14159,802,full,353.9,74.13
17290,1841,legal,37.5,2.02
19231,3624,legal,46.13,1.71
7291,7876,full,150.32,31.49
25486,1642,legal,37.5,2.02
21751,8518,full,2032.37,425.76
24137,6294,full,115.66,24.23
28639,7918,breakdown,22.9,5.09
25349,4856,legal,25.0,1.71
22206,2457,full,152.23,31.89
15611,5625,full,212.19,44.46
21920,9556,breakdown,16.89,4.54
2698,4549,full,369.54,77.41
10367,2713,breakdown,16.89,4.54
774,5165,legal,37.5,2.02
5952,6569,breakdown,16.89,4.54
18395,3145,legal,25.0,1.71
9867,2578,legal,25.0,1.71
21098,6324,full,284.81,59.66
18197,7985,breakdown,22.9,5.09
10954,3620,breakdown,16.89,4.54
23886,545,full,201.4,42.19
29512,1698,legal,25.0,1.71
4473,8091,breakdown,16.89,4.54
9080,8056,legal,46.13,1.71
19151,7257,breakdown,22.9,5.09
27973,1320,full,432.85,90.68
14944,4733,legal,25.0,1.71
5553,4385,legal,25.0,1.71
9478,8710,legal,25.0,1.71
563,7443,breakdown,16.89,4.54
240,8026,legal,25.0,1.71
23298,5663,legal,25.0,1.71
28030,3023,breakdown,25.9,5.91
2755,6552,legal,46.13,1.71
19646,6627,full,368.14,77.12
9292,6138,full,241.51,50.6
27172,4536,legal,25.0,1.71
8793,5377,breakdown,16.89,4.54
18814,8085,legal,25.0,1.71
13176,9687,legal,25.0,1.71
14258,6945,full,171.53,35.94
29034,9614,legal,37.5,2.02
18840,3406,full,367.65,77.02
6967,1708,full,330.51,69.23
22048,1429,full,295.83,61.97
26105,9435,breakdown,16.89,4.54
20448,622,legal,25.0,1.71
15074,1654,full,918.14,192.34
21475,3562,legal,25.0,1.71
148,8853,legal,37.5,2.02
26124,2288,breakdown,22.9,5.09
24083,301,legal,25.0,1.71
7100,682,full,283.41,59.38
24619,4343,legal,25.0,1.71
9639,1013,full,182.38,38.2
10037,5366,full,323.38,67.75
2393,6791,breakdown,16.89,4.54
4975,189,breakdown,16.89,4.54
26847,3662,full,292.27,61.23
20030,2959,legal,37.5,2.02
10528,1826,breakdown,16.89,4.54
1663,1339,legal,25.0,1.71
7320,9866,legal,46.13,1.71
19643,8861,legal,25.0,1.71
24224,4712,full,249.48,52.27
18442,4892,full,169.94,35.6
18010,3245,full,189.75,39.75
15792,9864,full,378.21,79.23
1625,1722,legal,25.0,1.71
13300,5890,breakdown,16.89,4.54
12633,1818,full,190.42,39.89
12694,5550,legal,25.0,1.71
4342,2082,breakdown,16.89,4.54
5828,7909,full,276.39,57.9
16914,2129,legal,25.0,1.71
6693,2353,legal,25.0,1.71
17717,4937,breakdown,16.89,4.54
11303,1436,full,172.87,36.22
1958,6680,breakdown,16.89,4.54
15939,1941,full,290.14,60.78
25231,6408,legal,37.5,2.02
22229,3745,breakdown,25.9,5.91
27464,8902,full,498.62,104.46
8642,7426,legal,25.0,1.71
1013,113,full,367.8,77.05
18477,3049,breakdown,16.89,4.54
6275,2498,legal,25.0,1.71
15723,1435,full,101.2,21.2
23130,8005,legal,37.5,2.02
2394,4786,legal,25.0,1.71
22829,9656,breakdown,16.89,4.54
1300,465,legal,25.0,1.71
17447,9921,breakdown,16.89,4.54
6628,5087,breakdown,16.89,4.54
2598,7342,breakdown,22.9,5.09
6335,4921,breakdown,16.89,4.54
5722,790,legal,25.0,1.71
28419,2183,breakdown,22.9,5.09
27684,4248,legal,37.5,2.02
27,7054,full,369.52,77.41
14376,6885,full,312.46,65.46
9523,2834,legal,25.0,1.71
1318,7868,full,1351.81,283.19
20675,3491,full,167.04,34.99
29014,360,legal,25.0,1.71
1873,8126,full,685.34,143.57
13626,5822,legal,25.0,1.71
26275,736,full,501.62,105.08
565,433,legal,25.0,1.71
24228,2963,full,172.87,36.22
11911,9158,breakdown,22.9,5.09
23966,3983,legal,37.5,2.02
29747,6835,legal,25.0,1.71
4375,7716,breakdown,16.89,4.54
25328,9005,full,311.95,65.35
8553,4800,breakdown,16.89,4.54
24165,2826,breakdown,22.9,5.09
14651,6612,breakdown,22.9,5.09
28550,2571,full,101.2,21.2
6492,7131,full,267.87,56.11
20741,7256,breakdown,22.9,5.09
25253,5419,full,228.92,47.96
9031,42,legal,25.0,1.71
8371,4354,breakdown,16.89,4.54
26358,3572,breakdown,22.9,5.09
23791,3053,legal,25.0,1.71
2749,6799,breakdown,22.9,5.09
28147,3000,legal,25.0,1.71
14353,4815,breakdown,16.89,4.54
23186,1223,breakdown,16.89,4.54
29381,3393,breakdown,16.89,4.54
2484,3808,full,250.02,52.38
13114,3558,full,314.9,65.97
26507,2479,legal,25.0,1.71
21078,8878,legal,37.5,2.02
28810,3021,full,188.29,39.44
22242,3692,full,109.1,22.86
12078,3786,full,385.85,80.83
20477,6806,full,505.26,105.85
24014,5100,breakdown,22.9,5.09
23666,7413,legal,37.5,2.02
326,6525,full,319.64,66.96
7490,643,full,376.89,78.95
11728,7662,breakdown,16.89,4.54
1428,3430,full,271.33,56.84
9246,9507,full,177.08,37.1
10758,7091,full,291.65,61.1
29301,3835,legal,69.23,2.27
15791,693,legal,25.0,1.71
2846,3736,breakdown,16.89,4.54
24112,1925,full,189.75,39.75
27883,1502,breakdown,16.89,4.54
16597,9068,breakdown,16.89,4.54
4936,9114,breakdown,22.9,5.09
27166,5710,legal,37.5,2.02
6439,7686,breakdown,16.89,4.54
7058,6465,legal,37.5,2.02
24595,4946,breakdown,22.9,5.09
29250,2335,legal,25.0,1.71
441,4777,breakdown,16.89,4.54
1359,3831,legal,46.13,1.71
23911,9416,breakdown,16.89,4.54
15470,9704,breakdown,22.9,5.09
11724,6406,legal,25.0,1.71
10772,8790,breakdown,16.89,4.54
2343,3799,legal,25.0,1.71
29929,3140,legal,37.5,2.02
3834,8299,breakdown,16.89,4.54
27556,6474,breakdown,16.89,4.54
27226,9496,full,355.09,74.38
27691,3183,legal,25.0,1.71
1089,167,breakdown,16.89,4.54
13953,3304,legal,37.5,2.02
18520,8113,breakdown,16.89,4.54
22902,662,legal,25.0,1.71
15732,7752,breakdown,16.89,4.54
23913,8054,full,486.47,101.91
9186,2024,breakdown,16.89,4.54
2880,7896,legal,25.0,1.71
367,8777,legal,25.0,1.71
3129,3758,breakdown,22.9,5.09
6873,3746,breakdown,16.89,4.54
10050,6040,full,528.01,110.61
13035,6374,breakdown,16.89,4.54
22039,8297,breakdown,16.89,4.54
18602,9902,full,226.44,47.44
27201,1813,breakdown,16.89,4.54
28522,2087,breakdown,16.89,4.54
9936,6605,legal,25.0,1.71
17764,3644,legal,37.5,2.02
24758,9559,legal,25.0,1.71
29756,8003,legal,25.0,1.71
972,443,breakdown,32.4,6.5
13034,6524,breakdown,16.89,4.54
28591,6329,breakdown,16.89,4.54
6871,3923,full,359.76,75.36
2679,5460,full,358.94,75.19
10674,1520,breakdown,16.89,4.54
18978,9295,full,314.28,65.84
3769,6444,legal,37.5,2.02
22292,8986,full,251.73,52.73
5489,125,breakdown,16.89,4.54
13844,8353,legal,37.5,2.02
10342,4857,full,303.03,63.49
14541,5205,breakdown,25.9,5.91
28179,2955,breakdown,16.89,4.54
27603,3012,full,133.06,27.87
25684,2489,legal,30.0,1.71
18934,258,breakdown,16.89,4.54
29350,1,full,152.23,31.89
19690,1418,breakdown,16.89,4.54
20716,1556,full,398.27,83.43
9666,9858,legal,37.5,2.02
3434,1464,legal,25.0,1.71
4142,5381,legal,30.0,1.71
8613,548,full,236.51,49.55
8873,5981,full,411.13,86.13
28869,1571,breakdown,16.89,4.54
28800,730,full,609.12,127.6
17573,1188,breakdown,16.89,4.54
7622,1395,breakdown,16.89,4.54
13403,6914,legal,25.0,1.71
2603,3985,full,172.87,36.22
9243,3980,breakdown,16.89,4.54
17051,2060,legal,25.0,1.71
18572,1874,full,320.6,67.16
25869,8922,full,169.37,35.48
11532,2461,full,470.77,98.62
27897,1598,legal,25.0,1.71
26336,7991,breakdown,16.89,4.54
4536,1302,full,321.09,67.26
7856,632,full,252.16,52.82
11956,8051,legal,25.0,1.71
21378,4695,legal,25.0,1.71
24212,287,breakdown,16.89,4.54
15498,3693,full,384.32,80.51
14352,4658,legal,37.5,2.02
27119,5738,breakdown,16.89,4.54
6,4322,legal,25.0,1.71
25172,8558,legal,46.13,1.71
9316,481,legal,46.13,1.71
21495,5185,full,1084.57,227.2
27349,36,full,281.31,58.93
20533,4974,legal,25.0,1.71
16135,8255,breakdown,22.9,5.09
24426,7690,breakdown,16.89,4.54
19567,1486,full,249.02,52.17
8245,3684,legal,25.0,1.71
16181,123,full,441.68,92.53
25316,6960,breakdown,16.89,4.54
16775,4830,full,660.71,138.41
21027,7409,legal,46.13,1.71
16766,2428,full,152.63,31.98
22969,9057,legal,25.0,1.71
7424,7434,breakdown,16.89,4.54
12909,8007,legal,46.13,1.71
13241,1362,breakdown,16.89,4.54
13621,7372,breakdown,16.89,4.54
12289,2098,legal,25.0,1.71
24721,3526,breakdown,16.89,4.54
28616,963,breakdown,16.89,4.54
19326,2347,legal,25.0,1.71
6145,3303,full,350.42,73.41
24324,985,full,368.08,77.11
16210,3643,full,354.06,74.17
18517,6649,legal,37.5,2.02
19143,6775,legal,46.13,1.71
17835,3861,breakdown,22.9,5.09
14917,7973,full,656.5,137.53
23962,7793,full,223.13,46.74
21951,4985,breakdown,22.9,5.09
8363,8770,breakdown,16.89,4.54
18347,8599,breakdown,16.89,4.54
23312,9800,legal,25.0,1.71
6304,7118,breakdown,16.89,4.54
8780,7961,full,251.73,52.73
27821,9736,breakdown,16.89,4.54
4121,7675,legal,25.0,1.71
2090,330,legal,25.0,1.71
16910,3581,legal,25.0,1.71
12617,3522,full,200.1,41.92
7436,2884,full,366.79,76.83
21784,3839,legal,37.5,2.02
7532,9861,full,242.77,50.86
24701,6827,full,299.86,62.82
4753,9007,full,432.77,90.66
22749,4662,legal,25.0,1.71
26324,4751,legal,37.5,2.02
3423,5464,legal,37.5,2.02
20908,8503,legal,25.0,1.71
24629,8532,breakdown,16.89,4.54
7791,708,legal,69.23,2.27
22044,5014,breakdown,22.9,5.09
26666,6797,full,234.71,49.17
20297,6938,breakdown,22.9,5.09
11599,9806,breakdown,22.9,5.09
20160,4817,breakdown,16.89,4.54
7943,2035,legal,37.5,2.02
22234,5406,breakdown,25.9,5.91
4689,9836,legal,25.0,1.71
27453,9945,full,1769.1,370.61
6531,2903,breakdown,16.89,4.54
19612,5506,legal,25.0,1.71
27539,8161,legal,25.0,1.71
11601,39,full,294.51,61.7
13367,9245,breakdown,22.9,5.09
14894,211,breakdown,22.9,5.09
9705,9433,full,673.71,141.13
1253,4135,breakdown,16.89,4.54
28868,6230,full,405.05,84.85
5792,3015,full,236.89,49.63
21453,2858,full,221.95,46.49
22592,2484,breakdown,16.89,4.54
5547,7417,breakdown,22.9,5.09
17195,634,legal,25.0,1.71
18194,6488,legal,37.5,2.02
19754,6204,breakdown,16.89,4.54
13298,4030,legal,25.0,1.71
1708,6375,breakdown,22.9,5.09
12016,3556,full,374.27,78.41
18107,1305,legal,25.0,1.71
7771,8212,breakdown,22.9,5.09
11143,9419,breakdown,16.89,4.54
15601,8115,legal,37.5,2.02
3163,8245,full,152.23,31.89
26582,4665,full,461.42,96.66
10077,123,legal,25.0,1.71
23510,2390,full,350.76,73.48
20239,2216,full,152.79,32.01
7869,4225,legal,25.0,1.71
27925,6364,legal,25.0,1.71
4105,6800,full,229.29,48.04
16399,8513,full,238.21,49.9
10527,7684,full,224.67,47.07
27693,1263,breakdown,16.89,4.54
27155,9582,breakdown,16.89,4.54
3216,2609,full,204.2,42.78
23975,7104,breakdown,16.89,4.54
4529,4607,legal,25.0,1.71
27939,4685,full,797.5,167.07
20095,9291,breakdown,16.89,4.54
28911,6563,breakdown,16.89,4.54
17171,3266,full,351.46,73.63
4905,4923,breakdown,16.89,4.54
17110,1306,breakdown,16.89,4.54
22756,7045,full,138.43,29.0
12992,7611,breakdown,16.89,4.54
20949,2821,legal,37.5,2.02
5695,5674,full,575.3,120.52
5397,5886,breakdown,16.89,4.54
21330,9028,legal,25.0,1.71
26756,1145,legal,25.0,1.71
8588,7629,legal,25.0,1.71
3734,3488,legal,37.5,2.02
10293,2658,legal,25.0,1.71
17740,2875,legal,25.0,1.71
20219,6063,full,217.49,45.56
15904,3909,breakdown,16.89,4.54
28954,228,legal,25.0,1.71
14090,8369,breakdown,16.89,4.54
21111,2370,legal,37.5,2.02
23632,6421,full,173.87,36.43
23455,99,breakdown,16.89,4.54
14151,2670,breakdown,16.89,4.54
4590,5858,legal,37.5,2.02
7667,3536,full,152.63,31.98
14195,9895,full,317.83,66.58
20144,7438,breakdown,16.89,4.54
24672,6422,full,342.17,71.68
29076,2906,breakdown,16.89,4.54
28962,1368,legal,37.5,2.02
8523,4967,breakdown,16.89,4.54
13188,1045,legal,25.0,1.71
12292,2773,legal,25.0,1.71
11511,2709,full,875.12,183.33
8018,6502,breakdown,16.89,4.54
1941,3394,breakdown,16.89,4.54
3569,1379,full,236.0,49.44
16423,105,breakdown,16.89,4.54
13732,2726,legal,37.5,2.02
571,3565,legal,25.0,1.71
8900,8466,legal,46.13,1.71
16365,7630,legal,25.0,1.71
22983,4149,legal,25.0,1.71
15363,5366,legal,37.5,2.02
6980,5804,breakdown,16.89,4.54
29155,169,full,368.43,77.18
24654,350,full,513.74,107.62
12642,5875,full,519.88,108.91
15970,6480,breakdown,16.89,4.54
26757,9377,full,254.95,53.41
25199,9122,legal,25.0,1.71
3618,2491,legal,25.0,1.71
27121,4504,legal,25.0,1.71
25201,5310,breakdown,16.89,4.54
6642,6194,breakdown,16.89,4.54
28534,107,legal,45.0,2.08
27529,9017,full,275.67,57.74
20664,3285,legal,25.0,1.71
14933,1912,breakdown,16.89,4.54
2184,473,full,210.63,44.12
3135,7954,breakdown,16.89,4.54
29185,4034,legal,25.0,1.71
20783,7281,legal,25.0,1.71
17968,3271,legal,25.0,1.71
14412,6509,full,822.86,172.38
19578,6949,breakdown,22.9,5.09
656,6378,full,248.76,52.11
21132,3512,breakdown,16.89,4.54
25456,542,legal,25.0,1.71
6924,5947,breakdown,16.89,4.54
9908,3629,legal,30.0,1.71
18467,5441,full,381.86,80.0
13881,9382,full,526.36,110.27
16549,9046,legal,25.0,1.71
6182,4713,legal,25.0,1.71
13383,6318,breakdown,16.89,4.54
19860,9267,breakdown,16.89,4.54
10925,4074,breakdown,16.89,4.54
27791,4304,legal,37.5,2.02
5487,8534,full,274.68,57.54
11512,1244,legal,30.0,1.71
26284,1246,full,796.21,166.79
22381,3637,legal,37.5,2.02
8597,1184,breakdown,22.9,5.09
8332,8333,legal,37.5,2.02
22386,323,breakdown,16.89,4.54
21231,1470,full,275.83,57.78
610,6701,legal,25.0,1.71
26740,2287,legal,25.0,1.71
16018,9648,legal,92.32,2.83
15535,8021,breakdown,22.9,5.09
6273,3355,breakdown,16.89,4.54
10167,4798,full,448.37,93.93
14696,9825,legal,45.0,2.08
26051,4914,legal,25.0,1.71
15514,8482,legal,25.0,1.71
7090,2625,legal,25.0,1.71
27777,254,breakdown,22.9,5.09
9646,7847,full,499.8,104.7
14921,9689,breakdown,22.9,5.09
4097,9987,breakdown,16.89,4.54
13798,2631,full,198.57,41.6
25628,8392,full,325.58,68.2
26818,4645,full,430.67,90.22
20340,7594,full,520.13,108.96
3862,6370,legal,25.0,1.71
25260,447,breakdown,16.89,4.54
28782,4169,breakdown,16.89,4.54
26128,6626,legal,25.0,1.71
18610,8266,full,404.28,84.69
4658,2762,breakdown,16.89,4.54
13458,7188,full,286.8,60.08
5838,3535,breakdown,16.89,4.54
14923,1764,breakdown,32.4,6.5
16957,7961,breakdown,16.89,4.54
25654,6215,full,101.2,21.2
20875,8140,legal,37.5,2.02
21522,1138,full,391.55,82.03
4515,9459,breakdown,16.89,4.54
21659,6637,full,152.23,31.89
3553,2598,legal,37.5,2.02
583,1621,breakdown,25.9,5.91
13922,3678,breakdown,22.9,5.09
18431,3123,legal,37.5,2.02
4295,9808,full,472.14,98.91
26992,4785,legal,46.13,1.71
26711,2622,full,386.76,81.02
28693,6068,breakdown,16.89,4.54
12499,1550,legal,25.0,1.71
21127,1166,full,260.12,54.49
24239,7567,full,169.37,35.48
2386,6109,legal,37.5,2.02
15803,3225,legal,25.0,1.71
5066,6752,breakdown,22.9,5.09
7415,4036,breakdown,22.9,5.09
9494,3851,full,454.7,95.25
4466,1232,breakdown,16.89,4.54
13066,7375,legal,25.0,1.71
21312,7847,legal,25.0,1.71
280,144,breakdown,16.89,4.54
13111,3231,full,594.81,124.6
14719,3158,breakdown,16.89,4.54
5837,8285,full,196.83,41.24
24483,420,full,172.51,36.14
13375,1505,breakdown,22.9,5.09
11470,9695,full,252.06,52.8
7330,8629,legal,46.13,1.71
20602,9609,legal,25.0,1.71
20444,938,full,407.95,85.46
1928,2590,full,635.05,133.04
17943,3467,breakdown,16.89,4.54
27127,3084,breakdown,22.9,5.09
8024,2164,full,101.2,21.2
25232,4847,breakdown,16.89,4.54
26745,190,full,477.39,100.01
19953,8054,breakdown,16.89,4.54
11027,4709,breakdown,22.9,5.09
58,3337,legal,25.0,1.71
29360,1064,full,485.31,101.66
6690,7430,breakdown,16.89,4.54
20911,5221,legal,25.0,1.71
16895,8705,legal,37.5,2.02
19087,9750,full,201.65,42.24
464,9043,breakdown,16.89,4.54
27423,8615,full,264.59,55.43
13668,316,legal,25.0,1.71
18034,7869,legal,25.0,1.71
16116,2051,breakdown,16.89,4.54
2234,7640,legal,25.0,1.71
27612,4063,full,631.44,132.28
20558,5963,legal,25.0,1.71
28055,8332,legal,37.5,2.02
2805,9422,breakdown,22.9,5.09
20624,6631,breakdown,16.89,4.54
8102,7283,breakdown,22.9,5.09
10958,461,breakdown,16.89,4.54
4947,5148,legal,25.0,1.71
20417,2153,breakdown,16.89,4.54
17073,4516,legal,25.0,1.71
28189,6454,full,197.47,41.37
13854,9723,breakdown,22.9,5.09
14628,4310,full,1085.6,227.42
24498,3310,legal,25.0,1.71
19685,352,legal,92.32,2.83
7091,8079,breakdown,16.89,4.54
9054,531,legal,25.0,1.71
25795,1306,legal,25.0,1.71
19069,2799,breakdown,16.89,4.54
25973,2222,full,189.75,39.75
18655,8737,legal,25.0,1.71
26717,3436,breakdown,25.9,5.91
28050,8653,legal,25.0,1.71
19359,5475,breakdown,16.89,4.54
2862,5521,full,323.32,67.73
13939,4779,breakdown,16.89,4.54
11851,9118,full,266.37,55.8
23942,3760,full,679.97,142.44
23061,7385,breakdown,16.89,4.54
22775,7936,breakdown,22.9,5.09
21983,5852,legal,25.0,1.71
18764,875,full,200.11,41.92
12195,6413,full,174.98,36.66
10418,9491,legal,25.0,1.71
24045,732,breakdown,16.89,4.54
14427,7383,legal,25.0,1.71
8706,7086,legal,25.0,1.71
9762,4198,full,253.16,53.03
22792,3696,breakdown,16.89,4.54
29655,4844,breakdown,16.89,4.54
10744,1532,breakdown,16.89,4.54
4944,8211,full,322.07,67.47
25504,72,full,683.76,143.24
23700,4831,breakdown,16.89,4.54
10372,2651,full,113.85,23.85
14668,8122,full,132.83,27.83
20227,5079,full,376.33,78.84
22772,1576,legal,25.0,1.71
18013,142,breakdown,22.9,5.09
22767,1444,legal,25.0,1.71
3847,4121,breakdown,16.89,4.54
5761,1218,breakdown,16.89,4.54
6146,9681,full,336.97,70.59
3500,5840,full,232.14,48.63
29447,1680,full,1676.06,351.11
20626,4158,breakdown,16.89,4.54
24287,8776,breakdown,16.89,4.54
17074,1340,legal,25.0,1.71
16232,3161,breakdown,16.89,4.54
24555,3285,full,152.63,31.98
22882,3303,legal,25.0,1.71
23673,6924,breakdown,16.89,4.54
26482,5370,legal,25.0,1.71
18274,1118,full,271.9,56.96
15167,1655,full,918.14,192.34
9618,2948,full,188.42,39.47
7981,7670,full,160.58,33.64
5396,5133,legal,25.0,1.71
8121,7658,legal,25.0,1.71
18078,226,full,169.37,35.48
25658,2000,full,296.51,62.12
17324,7699,legal,25.0,1.71
11008,3597,full,463.87,97.17
13636,4967,legal,25.0,1.71
15485,4319,legal,25.0,1.71
4540,8459,full,250.55,52.49
10441,9253,full,350.03,73.33
7797,4641,full,193.81,40.6
20590,4856,full,247.17,51.78
21273,114,legal,25.0,1.71
10840,6557,legal,25.0,1.71
16303,4960,full,497.33,104.18
10279,8623,full,152.23,31.89
28620,638,full,360.36,75.49
6092,6020,full,152.23,31.89
14987,7896,full,542.9,113.73
20104,7127,legal,37.5,2.02
14798,3537,legal,25.0,1.71
8108,5829,legal,37.5,2.02
22014,7882,legal,25.0,1.71
25357,2174,breakdown,16.89,4.54
13937,5823,legal,46.13,1.71
17152,5293,full,238.66,50.0
28376,7626,legal,25.0,1.71
23240,8404,full,494.83,103.66
3208,7051,full,349.07,73.12
4017,9536,full,328.52,68.82
17957,113,breakdown,16.89,4.54
16270,6630,full,325.0,68.08
2321,1780,full,293.05,61.39
19740,1695,full,451.81,94.65
29190,9064,full,609.3,127.64
18678,5720,full,305.04,63.9
17116,7375,full,238.94,50.05
15036,32,breakdown,16.89,4.54
16990,5496,breakdown,16.89,4.54
24064,1195,breakdown,22.9,5.09
10117,2444,full,152.23,31.89
18497,8961,legal,46.13,1.71
6434,5177,full,396.78,83.12
2979,2975,full,491.56,102.98
16352,5434,breakdown,16.89,4.54
386,3128,legal,25.0,1.71
23187,5074,breakdown,25.9,5.91
1879,658,legal,37.5,2.02
2432,3417,full,305.44,63.98
29813,403,legal,45.0,2.08
14043,5892,breakdown,22.9,5.09
14706,7986,legal,25.0,1.71
8555,5898,legal,37.5,2.02
3474,4811,breakdown,16.89,4.54
1900,8235,full,902.72,189.11
11411,7580,legal,25.0,1.71
25089,3392,breakdown,16.89,4.54
623,5101,breakdown,16.89,4.54
27457,1747,legal,25.0,1.71
27944,5264,breakdown,16.89,4.54
22221,3199,breakdown,16.89,4.54
5276,5501,breakdown,16.89,4.54
27236,1030,breakdown,22.9,5.09
29546,4224,legal,25.0,1.71
26929,2446,breakdown,16.89,4.54
3015,1926,full,356.07,74.59
8376,6716,full,1426.92,298.92
13478,4171,full,197.33,41.34
27336,9010,legal,25.0,1.71
389,2795,breakdown,16.89,4.54
18832,1541,legal,25.0,1.71
23439,1553,full,753.46,157.84
19198,2040,breakdown,16.89,4.54
10470,103,breakdown,16.89,4.54
14981,9113,breakdown,16.89,4.54
18783,9593,legal,46.13,1.71
24441,8675,legal,25.0,1.71
23330,7395,breakdown,16.89,4.54
889,4710,legal,25.0,1.71
6012,669,legal,37.5,2.02
301,9398,legal,25.0,1.71
23981,3020,legal,25.0,1.71
26748,7573,legal,25.0,1.71
9104,7654,legal,25.0,1.71
29961,2654,breakdown,16.89,4.54
1427,3775,legal,25.0,1.71
9900,3276,breakdown,16.89,4.54
3293,8121,breakdown,16.89,4.54
28729,7775,breakdown,16.89,4.54
10642,5378,legal,25.0,1.71
5627,2792,full,404.8,84.8
20556,9978,full,210.76,44.15
17875,5054,legal,25.0,1.71
26366,6070,full,299.5,62.74
7383,2565,full,169.37,35.48
8135,7864,full,298.82,62.6
26555,1485,full,233.7,48.96
305,6437,full,212.97,44.62
6730,9970,legal,25.0,1.71
21252,74,breakdown,22.9,5.09
5016,9445,breakdown,16.89,4.54
10235,6634,full,292.74,61.33
5197,4745,breakdown,16.89,4.54
18303,3580,breakdown,16.89,4.54
22463,3522,legal,46.13,1.71
21485,8692,legal,25.0,1.71
10942,2477,breakdown,16.89,4.54
8231,141,full,210.98,44.2
4874,6836,full,379.5,79.5
15621,4491,legal,92.32,2.83
25001,97,legal,25.0,1.71
1687,575,legal,25.0,1.71
28612,8644,breakdown,16.89,4.54
25248,4595,legal,46.13,1.71
14534,6176,full,228.43,47.85
17912,2019,breakdown,16.89,4.54
5388,633,full,222.12,46.53
13527,3535,full,651.8,136.54
22180,5356,full,224.82,47.1
7075,4178,breakdown,16.89,4.54
21193,8771,full,1226.26,256.88
29906,3766,legal,46.13,1.71
7690,2665,full,462.69,96.93
27644,1027,breakdown,22.9,5.09
15673,3877,legal,25.0,1.71
15670,3496,full,272.87,57.16
24961,1744,full,431.8,90.46
28968,7827,legal,25.0,1.71
29345,2212,legal,25.0,1.71
11607,715,breakdown,16.89,4.54
29718,3178,full,680.2,142.49
24963,6186,full,171.97,36.03
18983,1060,full,376.82,78.94
12765,4062,breakdown,16.89,4.54
23288,4407,full,385.81,80.82
8439,3459,full,132.83,27.83
10338,2028,breakdown,16.89,4.54
7625,1318,legal,25.0,1.71
8098,3516,legal,25.0,1.71
3108,1057,breakdown,16.89,4.54
13702,7156,legal,25.0,1.71
15997,2048,full,171.53,35.94
25590,8044,breakdown,16.89,4.54
4756,534,legal,25.0,1.71
23303,9765,legal,46.13,1.71
5841,8651,breakdown,16.89,4.54
28235,7217,legal,30.0,1.71
110,5870,legal,25.0,1.71
13002,2303,legal,37.5,2.02
12248,6742,legal,37.5,2.02
23259,8833,breakdown,16.89,4.54
24837,9457,full,1040.38,217.95
6191,1090,legal,25.0,1.71
6551,5618,legal,37.5,2.02
5236,1502,full,485.48,101.7
3328,5585,breakdown,22.9,5.09
8040,2158,breakdown,22.9,5.09
2508,2940,breakdown,16.89,4.54
2339,4122,breakdown,22.9,5.09
298,3240,legal,25.0,1.71
20447,299,full,452.3,94.75
29697,3665,breakdown,16.89,4.54
26313,3607,legal,25.0,1.71
2112,8326,breakdown,16.89,4.54
6248,8244,breakdown,16.89,4.54
23228,4260,breakdown,16.89,4.54
25982,482,breakdown,22.9,5.09
27156,7110,full,246.38,51.61
11176,8249,legal,37.5,2.02
28948,9444,breakdown,16.89,4.54
14990,1979,full,250.47,52.47
2155,8820,full,297.1,62.24
13435,8948,full,172.87,36.22
844,9228,full,318.75,66.78
11784,9346,full,233.87,48.99
23837,7584,legal,37.5,2.02
10101,753,full,224.22,46.97
29636,7244,breakdown,16.89,4.54
3750,4208,breakdown,16.89,4.54
25967,280,full,479.77,100.5
13956,2840,legal,37.5,2.02
11315,4434,breakdown,16.89,4.54
14112,710,full,588.89,123.36
23451,9513,breakdown,16.89,4.54
1452,9728,legal,25.0,1.71
28146,7065,breakdown,16.89,4.54
24056,1036,breakdown,16.89,4.54
17872,1260,full,299.51,62.74
27282,8323,full,464.12,97.22
15156,9053,breakdown,16.89,4.54
25214,2060,full,378.3,79.25
16339,2127,breakdown,16.89,4.54
18371,1850,full,475.12,99.53
22287,3204,breakdown,25.9,5.91
5878,3271,breakdown,16.89,4.54
3158,9256,breakdown,16.89,4.54
24718,659,legal,25.0,1.71
1962,9494,breakdown,22.9,5.09
6195,8131,legal,46.13,1.71
15379,7447,legal,30.0,1.71
10869,3811,breakdown,22.9,5.09
14493,3224,legal,25.0,1.71
21749,5855,legal,25.0,1.71
6179,7212,legal,25.0,1.71
1836,9261,full,296.1,62.03
7457,1525,legal,25.0,1.71
15949,9827,full,172.87,36.22
10215,2744,legal,37.5,2.02
370,5896,legal,46.13,1.71
16326,1397,legal,25.0,1.71
1353,5687,legal,37.5,2.02
18253,9585,breakdown,22.9,5.09
13643,5490,full,295.99,62.01
17274,7185,legal,46.13,1.71
11403,2336,legal,25.0,1.71
18258,1550,breakdown,16.89,4.54
1793,463,legal,37.5,2.02
20666,4644,breakdown,16.89,4.54
14101,3250,breakdown,16.89,4.54
22632,2335,breakdown,16.89,4.54
5167,6071,full,484.55,101.51
28433,6513,breakdown,16.89,4.54
17560,4229,breakdown,16.89,4.54
23648,221,legal,37.5,2.02
17731,6157,legal,25.0,1.71
5135,2116,full,326.46,68.39
27941,5415,full,281.72,59.02
1181,8165,breakdown,16.89,4.54
13324,9294,full,169.37,35.48
15590,9982,legal,37.5,2.02
28112,1322,legal,25.0,1.71
9655,6286,breakdown,16.89,4.54
15979,1476,legal,25.0,1.71
10036,7904,legal,25.0,1.71
23423,1895,breakdown,16.89,4.54
21176,9826,full,278.77,58.4
23356,4093,breakdown,16.89,4.54
5680,9470,full,1362.4,285.4
27584,2208,full,450.93,94.46
18904,6080,breakdown,16.89,4.54
15871,5861,legal,25.0,1.71
25907,8102,breakdown,16.89,4.54
28709,4660,legal,37.5,2.02
12360,3995,breakdown,22.9,5.09
6449,3591,breakdown,16.89,4.54
2804,9897,full,432.43,90.59
24817,7856,full,647.63,135.67
27471,3121,full,1338.99,280.5
11250,9007,breakdown,16.89,4.54
23581,8621,breakdown,32.4,6.5
21507,3213,legal,37.5,2.02
16481,3589,breakdown,16.89,4.54
19925,9998,full,234.08,49.04
19508,6447,legal,25.0,1.71
4832,2300,breakdown,16.89,4.54
1156,899,full,169.37,35.48
27071,2089,legal,46.13,1.71
7765,3691,legal,25.0,1.71
4897,7666,full,358.82,75.17
15440,8788,breakdown,16.89,4.54
11071,4071,legal,37.5,2.02
25482,3589,full,405.92,85.03
27185,4186,breakdown,16.89,4.54
1132,2685,full,239.94,50.27
25557,7358,full,206.65,43.29
23368,7516,breakdown,16.89,4.54
27198,1124,full,472.8,99.05
26952,5751,breakdown,22.9,5.09
11467,6808,full,730.98,153.13
16757,5274,full,175.84,36.84
24756,2213,full,101.2,21.2
11120,9769,legal,25.0,1.71
13244,8067,breakdown,16.89,4.54
21294,4349,full,250.47,52.47
3550,5987,legal,46.13,1.71
22106,9438,legal,25.0,1.71
13430,1964,full,325.49,68.19
3177,8265,breakdown,32.4,6.5
4764,8962,full,101.2,21.2
1580,9948,legal,25.0,1.71
478,2297,legal,25.0,1.71
1569,6633,legal,25.0,1.71
15243,2953,legal,37.5,2.02
27090,1197,full,190.09,39.82
21624,7008,legal,37.5,2.02
17768,3421,legal,25.0,1.71
9598,2215,legal,69.23,2.27
21778,6110,legal,25.0,1.71
14740,8952,legal,25.0,1.71
10863,370,full,324.89,68.06
6334,7942,legal,46.13,1.71
7527,9161,legal,25.0,1.71
29791,7053,full,708.36,148.39
7006,8919,legal,25.0,1.71
23339,2091,full,306.18,64.14
638,7907,legal,46.13,1.71
198,142,legal,37.5,2.02
29094,6219,full,313.29,65.63
9213,82,breakdown,22.9,5.09
20918,27,legal,37.5,2.02
27256,7878,full,447.71,93.8
21289,627,legal,25.0,1.71
9262,4561,full,251.73,52.73
4775,8593,full,266.99,55.93
11632,8981,breakdown,16.89,4.54
9553,7046,full,325.05,68.09
10448,2330,full,245.99,51.53
7068,4892,legal,46.13,1.71
8053,4636,legal,25.0,1.71
225,5124,breakdown,25.9,5.91
4893,8880,breakdown,16.89,4.54
17168,8124,legal,25.0,1.71
22682,1582,legal,25.0,1.71
26440,3462,legal,46.13,1.71
3918,1726,full,514.24,107.73
2391,1101,legal,37.5,2.02
5934,7272,full,555.37,116.34
23422,9995,breakdown,16.89,4.54
16670,8199,full,1426.92,298.92
10360,9238,full,907.91,190.19
7414,5281,full,218.18,45.71
16595,6870,full,182.96,38.33
23340,3727,breakdown,16.89,4.54
18908,6104,full,445.42,93.31
19075,7490,full,282.83,59.25
25120,7023,breakdown,25.9,5.91
7892,5054,breakdown,16.89,4.54
11818,141,legal,25.0,1.71
7397,3599,full,127.47,26.7
20027,3329,full,301.08,63.07
13591,5954,breakdown,16.89,4.54
1631,3708,legal,25.0,1.71
3824,9440,legal,25.0,1.71
8430,3979,breakdown,16.89,4.54
14175,6085,legal,37.5,2.02
12592,1378,legal,25.0,1.71
9423,2468,breakdown,16.89,4.54
18799,7798,breakdown,16.89,4.54
28255,7947,breakdown,16.89,4.54
2770,4245,full,168.5,35.3
27363,6847,breakdown,22.9,5.09
26295,7160,legal,25.0,1.71
9354,5202,full,325.52,68.19
14937,7364,breakdown,16.89,4.54
4392,6298,full,174.11,36.47
8263,2675,breakdown,22.9,5.09
2923,8685,breakdown,16.89,4.54
12191,9882,breakdown,16.89,4.54
12468,4457,legal,25.0,1.71
25367,774,legal,25.0,1.71
22135,3944,breakdown,22.9,5.09
28547,6259,full,206.98,43.36
27900,9035,breakdown,16.89,4.54
5282,2983,full,882.08,184.78
12319,9177,legal,25.0,1.71
13359,5107,legal,37.5,2.02
15896,319,legal,46.13,1.71
6343,6244,breakdown,16.89,4.54
24825,2484,full,392.32,82.18
26357,9971,breakdown,16.89,4.54
8192,4439,legal,25.0,1.71
1721,5409,breakdown,16.89,4.54
20385,356,breakdown,22.9,5.09
10652,9139,breakdown,16.89,4.54
25005,7035,full,622.93,130.5
7137,933,breakdown,16.89,4.54
26836,2945,breakdown,16.89,4.54
6112,2642,full,272.32,57.05
4556,1730,breakdown,16.89,4.54
16636,1157,full,385.31,80.72
13206,8474,breakdown,22.9,5.09
20199,8668,breakdown,22.9,5.09
14316,8079,legal,25.0,1.71
5023,7035,legal,25.0,1.71
16608,8057,full,487.12,102.04
18638,3802,legal,37.5,2.02
26691,5230,breakdown,16.89,4.54
7842,7558,breakdown,16.89,4.54
25499,2503,legal,25.0,1.71
6347,6083,full,250.47,52.47
21922,1044,legal,25.0,1.71
10009,9952,breakdown,16.89,4.54
6262,6530,full,192.3,40.28
6895,35,legal,25.0,1.71
125,3138,full,296.69,62.15
24453,8134,legal,25.0,1.71
28250,7711,breakdown,16.89,4.54
4163,7165,legal,25.0,1.71
11314,6184,breakdown,16.89,4.54
28167,6601,full,443.68,92.95
2821,7463,legal,46.13,1.71
23518,7058,full,216.31,45.31
6109,6286,full,322.77,67.62
29033,970,breakdown,16.89,4.54
17323,7970,breakdown,16.89,4.54
2173,4950,breakdown,16.89,4.54
26821,4132,breakdown,22.9,5.09
10830,847,breakdown,16.89,4.54
19426,3120,full,863.25,180.84
10554,7516,legal,25.0,1.71
10740,1530,full,210.87,44.18
4801,8208,breakdown,22.9,5.09
29993,8736,breakdown,22.9,5.09
23254,4968,full,647.68,135.68
165,5990,breakdown,16.89,4.54
3371,7775,legal,25.0,1.71
21275,1621,full,649.8,136.13
19136,1793,full,153.27,32.11
26042,5675,legal,25.0,1.71
19627,7712,full,348.3,72.96
7472,4708,legal,25.0,1.71
10968,4567,full,409.11,85.7
20565,1903,legal,46.13,1.71
3357,2229,legal,25.0,1.71
1657,3106,breakdown,22.9,5.09
849,5673,full,491.01,102.86
21003,1147,legal,37.5,2.02
10371,1109,legal,25.0,1.71
18330,2990,full,569.44,119.29
29230,1168,breakdown,16.89,4.54
3149,1888,full,269.37,56.43
1283,8926,legal,46.13,1.71
17680,7077,full,271.19,56.81
9004,5272,legal,69.23,2.27
14505,4235,breakdown,16.89,4.54
22966,8192,breakdown,22.9,5.09
16195,3777,full,272.87,57.16
9456,4524,legal,25.0,1.71
18110,3684,full,346.92,72.68
23873,6815,legal,25.0,1.71
29942,7916,breakdown,16.89,4.54
23343,309,full,222.8,46.68
18539,921,full,448.78,94.01
19929,4666,legal,30.0,1.71
2007,9644,full,205.74,43.1
26302,9618,breakdown,22.9,5.09
17405,8936,breakdown,22.9,5.09
9720,3399,breakdown,22.9,5.09
20822,2942,full,278.3,58.3
12812,8746,legal,25.0,1.71
21882,4608,breakdown,25.9,5.91
21845,5299,legal,25.0,1.71
17787,5895,legal,25.0,1.71
24675,4688,legal,37.5,2.02
21288,603,breakdown,16.89,4.54
16527,4641,breakdown,22.9,5.09
8202,8587,full,282.67,59.21
19721,5360,legal,25.0,1.71
27451,8219,breakdown,22.9,5.09
16182,7649,breakdown,22.9,5.09
21878,3508,breakdown,16.89,4.54
2415,1728,full,351.57,73.65
23562,537,breakdown,22.9,5.09
3410,8686,legal,92.32,2.83
17357,521,breakdown,16.89,4.54
19557,9230,breakdown,25.9,5.91
2467,7760,legal,69.23,2.27
17456,6102,breakdown,16.89,4.54
9496,8996,breakdown,16.89,4.54
14405,4550,legal,30.0,1.71
28567,6556,legal,46.13,1.71
7569,7708,legal,25.0,1.71
5517,3103,full,442.62,92.72
21811,1293,full,238.68,50.0
8224,5377,legal,25.0,1.71
1553,1331,legal,37.5,2.02
11092,2826,legal,69.23,2.27
24884,682,legal,25.0,1.71
3670,3420,full,139.15,29.15
2673,6342,breakdown,16.89,4.54
7155,7069,legal,25.0,1.71
9678,6080,full,183.34,38.41
10631,6488,breakdown,22.9,5.09
7241,3383,breakdown,16.89,4.54
29662,3619,breakdown,16.89,4.54
7612,7038,full,476.7,99.86
24722,1498,full,626.41,131.22
11778,654,breakdown,16.89,4.54
910,9134,breakdown,16.89,4.54
25761,7478,legal,25.0,1.71
17035,8316,breakdown,16.89,4.54
23881,3179,full,342.22,71.69
15253,8471,full,269.28,56.41
8401,7377,legal,25.0,1.71
18593,2688,breakdown,16.89,4.54
18856,3650,legal,25.0,1.71
24424,8459,breakdown,16.89,4.54
15649,1684,full,315.8,66.15
26392,645,full,320.1,67.06
22415,2853,full,456.27,95.58
17367,1749,full,292.83,61.35
13617,2339,legal,25.0,1.71
3412,8053,full,190.25,39.85
12017,7577,legal,25.0,1.71
29844,282,legal,69.23,2.27
3087,9549,legal,25.0,1.71
22488,6185,full,628.68,131.7
2874,888,full,567.39,118.86
12045,2166,breakdown,16.89,4.54
27028,3845,legal,25.0,1.71
28932,8984,full,372.35,78.0
8905,4982,legal,25.0,1.71
27009,9680,breakdown,16.89,4.54
5750,2038,legal,25.0,1.71
22496,3133,full,667.73,139.88
12421,1173,breakdown,22.9,5.09
22054,132,full,282.56,59.2
19774,2645,breakdown,16.89,4.54
20681,6352,legal,25.0,1.71
19242,2103,legal,25.0,1.71
29038,3128,full,301.59,63.18
21152,9839,breakdown,16.89,4.54
7191,2822,breakdown,16.89,4.54
20824,4999,legal,25.0,1.71
1130,39,legal,25.0,1.71
12375,5064,full,101.2,21.2
12385,3485,legal,46.13,1.71
29388,9344,full,507.95,106.41
10543,2033,full,901.52,188.86
21576,9778,breakdown,22.9,5.09
8818,6541,legal,25.0,1.71
7852,8195,legal,37.5,2.02
16617,1373,breakdown,16.89,4.54
5190,4528,full,296.82,62.18
27930,2120,full,782.09,163.84
4059,2515,breakdown,16.89,4.54
9784,3013,full,169.37,35.48
380,4142,breakdown,22.9,5.09
4771,4833,breakdown,22.9,5.09
6427,4049,full,152.23,31.89
7347,5900,legal,37.5,2.02
2049,2721,breakdown,22.9,5.09
4803,1364,breakdown,22.9,5.09
24111,8854,legal,37.5,2.02
14444,4579,breakdown,16.89,4.54
29782,6163,legal,25.0,1.71
16099,9139,full,979.6,205.21
14177,3048,full,532.39,111.53
12151,187,full,332.65,69.69
8142,1635,full,152.23,31.89
15663,6734,legal,46.13,1.71
24204,4213,full,469.72,98.4
22897,6054,legal,25.0,1.71
4240,3427,full,314.59,65.9
1560,3876,legal,,1.71
8082,9699,legal,25.0,1.71
7154,5931,legal,25.0,1.71
8544,1808,breakdown,16.89,4.54
11413,8668,full,172.87,36.22
11772,5330,legal,30.0,1.71
12143,9785,full,152.23,31.89
8083,1868,full,309.75,64.89
26890,4902,breakdown,16.89,4.54
16618,1420,legal,25.0,1.71
25975,3736,full,336.41,70.47
9998,8997,breakdown,16.89,4.54
13864,479,legal,37.5,2.02
24245,2779,full,169.37,35.48
6016,2112,full,598.12,125.3
20841,1899,full,392.12,82.15
20860,6863,full,480.72,100.7
21779,7632,legal,25.0,1.71
5223,7074,legal,25.0,1.71
29532,6106,full,459.1,96.18
21192,4206,full,357.45,74.88
20595,6809,breakdown,16.89,4.54
24319,4204,legal,25.0,1.71
24536,3776,full,272.87,57.16
28840,4688,full,229.58,48.1
5601,3193,legal,46.13,1.71
29396,8082,full,430.58,90.2
21597,1325,breakdown,16.89,4.54
14360,9444,full,406.64,85.18
18787,9176,breakdown,16.89,4.54
6312,7109,breakdown,16.89,4.54
8062,759,legal,37.5,2.02
22371,6178,breakdown,16.89,4.54
12672,7707,legal,25.0,1.71
2066,7012,legal,37.5,2.02
11333,9127,legal,25.0,1.71
15740,4673,full,101.2,21.2
28431,7932,full,162.94,34.13
20128,2376,full,787.77,165.02
1715,539,full,300.67,62.99
144,7175,breakdown,16.89,4.54
2630,3237,full,,29.15
20472,184,full,178.74,37.45
4793,512,legal,37.5,2.02
20749,714,breakdown,16.89,4.54
18131,7313,legal,25.0,1.71
19956,3901,full,113.85,23.85
19579,8394,full,171.53,35.93
14142,1752,full,545.81,114.34
19163,6714,breakdown,16.89,4.54
18266,2039,full,150.32,31.49
10707,5268,legal,25.0,1.71
14118,7146,breakdown,25.9,5.91
26639,3252,full,476.83,99.89
11063,2843,full,381.16,79.85
14244,4706,breakdown,22.9,5.09
7280,2469,legal,25.0,1.71
17804,7420,legal,69.23,2.27
23149,4334,legal,37.5,2.02
25708,6783,full,390.62,81.84
4333,6195,legal,25.0,1.71
23690,1210,full,232.39,48.68
14371,7398,breakdown,16.89,4.54
12359,3816,legal,25.0,1.71
10616,6688,breakdown,16.89,4.54
11709,4374,full,723.19,151.5
24021,2025,full,522.19,109.39
6489,3961,full,170.78,35.78
23696,2772,legal,25.0,1.71
1055,7322,legal,25.0,1.71
29803,9031,full,378.93,79.38
14822,8535,full,175.31,36.72
975,8001,full,524.1,109.79
12528,1000,breakdown,16.89,4.54
1399,2931,breakdown,22.9,5.09
14666,5745,breakdown,16.89,4.54
26750,4140,full,502.18,105.19
377,8280,legal,37.5,2.02
12052,890,breakdown,16.89,4.54
5307,2101,legal,37.5,2.02
14855,1036,full,343.37,71.93
13563,6526,full,168.34,35.27
7163,8927,full,222.45,46.6
22427,6199,legal,25.0,1.71
23400,9997,full,457.26,95.79
18998,8545,legal,25.0,1.71
9184,2119,breakdown,22.9,5.09
25701,2753,legal,25.0,1.71
9540,6180,breakdown,16.89,4.54
924,53,full,585.95,122.75
2434,4570,legal,25.0,1.71
18126,9681,breakdown,16.89,4.54
880,3593,full,152.23,31.89
14048,6498,full,260.88,54.65
22468,823,full,181.35,37.99
2898,3944,legal,37.5,2.02
23884,7449,legal,25.0,1.71
10316,5582,legal,46.13,1.71
17516,9147,full,720.21,150.87
17186,1427,full,318.47,66.71
6636,8187,breakdown,16.89,4.54
5473,7225,full,247.62,51.88
29156,5445,full,113.25,23.72
15348,6283,legal,25.0,1.71
20547,5788,full,251.73,52.73
9235,7427,legal,37.5,2.02
23729,6647,breakdown,16.89,4.54
29181,4599,legal,25.0,1.71
4113,9246,full,358.34,75.06
21256,4996,breakdown,16.89,4.54
15633,121,breakdown,16.89,4.54
29822,3775,breakdown,16.89,4.54
7927,4523,breakdown,32.4,6.5
25219,7644,legal,25.0,1.71
5753,9926,legal,37.5,2.02
17582,3099,legal,37.5,2.02
19125,9501,full,235.98,49.44
2104,1032,legal,25.0,1.71
8422,8233,full,598.57,125.39
2382,6215,breakdown,22.9,5.09
7387,5153,legal,25.0,1.71
17689,2244,legal,25.0,1.71
16098,3852,legal,25.0,1.71
3956,8407,breakdown,16.89,4.54
16294,4780,breakdown,16.89,4.54
6013,1163,breakdown,16.89,4.54
25587,6236,legal,25.0,1.71
17624,8581,legal,25.0,1.71
17295,9238,legal,37.5,2.02
12581,8191,full,722.28,151.31
1393,9983,breakdown,22.9,5.09
14228,1554,breakdown,16.89,4.54
18703,2001,legal,25.0,1.71
29534,6104,legal,30.0,1.71
13369,5680,full,113.85,23.85
1827,9096,legal,25.0,1.71
12087,956,breakdown,16.89,4.54
11412,224,breakdown,16.89,4.54
8770,5873,legal,25.0,1.71
10625,6849,legal,69.23,2.27
28410,2606,full,767.19,160.72
10700,7467,breakdown,16.89,4.54
21141,1149,breakdown,22.9,5.09
5731,6158,full,439.85,92.15
28174,4188,breakdown,22.9,5.09
20944,7574,legal,69.23,2.27
5294,2053,legal,25.0,1.71
21770,9513,legal,25.0,1.71
4071,4741,breakdown,22.9,5.09
10945,4799,legal,25.0,1.71
10191,7890,legal,37.5,2.02
24055,6604,legal,25.0,1.71
15905,3196,breakdown,16.89,4.54
2864,6505,breakdown,16.89,4.54
23076,4112,legal,37.5,2.02
1209,3827,breakdown,32.4,6.5
15693,4392,full,732.29,153.4
1618,1955,full,422.84,88.58
7410,7581,full,1063.89,222.87
27566,7878,legal,25.0,1.71
16282,989,full,169.37,35.48
1378,2747,legal,25.0,1.71
20770,4734,full,101.2,21.2
29238,4930,full,337.42,70.69
21454,2472,breakdown,16.89,4.54
5194,1040,legal,25.0,1.71
10675,495,legal,25.0,1.71
11797,7410,breakdown,16.89,4.54
14156,7131,legal,25.0,1.71
25137,632,legal,46.13,1.71
36,5669,breakdown,16.89,4.54
48,3455,full,152.23,31.89
21449,8514,full,310.55,65.06
26412,1450,breakdown,16.89,4.54
21066,4685,legal,25.0,1.71
28989,580,breakdown,16.89,4.54
26168,6243,legal,25.0,1.71
12449,9601,full,135.09,28.3
16941,1801,full,326.37,68.37
5929,7673,legal,25.0,1.71
12674,7326,full,165.89,34.75
12342,2094,breakdown,16.89,4.54
16925,5719,full,101.2,21.2
7956,4897,legal,37.5,2.02
19757,8570,breakdown,22.9,5.09
16463,4866,full,482.31,101.04
10791,808,legal,30.0,1.71
21929,2763,breakdown,22.9,5.09
15943,3015,breakdown,16.89,4.54
11773,8015,full,288.94,60.53
4808,5501,legal,25.0,1.71
18744,8360,legal,25.0,1.71
1119,540,breakdown,16.89,4.54
7239,6091,legal,46.13,1.71
4156,3307,full,383.2,80.28
13816,4995,full,567.93,118.97
4564,1311,legal,25.0,1.71
3157,7458,breakdown,22.9,5.09
7518,2720,breakdown,16.89,4.54
29966,321,legal,46.13,1.71
10472,2957,legal,37.5,2.02
4491,6610,breakdown,16.89,4.54
25043,6768,breakdown,16.89,4.54
7044,1539,legal,25.0,1.71
14501,4334,breakdown,22.9,5.09
24512,6349,breakdown,16.89,4.54
11286,5166,full,210.62,44.12
16281,2303,full,704.22,147.52
9183,8161,breakdown,16.89,4.54
24790,3110,full,649.21,136.0
27259,9280,breakdown,16.89,4.54
26021,1019,full,216.11,45.28
947,4936,breakdown,22.9,5.09
5909,3911,legal,25.0,1.71
9838,2401,breakdown,16.89,4.54
21895,9957,full,931.01,195.04
850,3540,legal,25.0,1.71
14329,9383,full,228.37,47.84
9627,812,legal,25.0,1.71
6886,7596,legal,37.5,2.02
3150,3048,breakdown,22.9,5.09
15195,9351,breakdown,16.89,4.54
19723,7998,legal,25.0,1.71
330,1526,legal,92.32,2.83
16698,8648,full,336.92,70.58
1883,2783,full,384.3,80.51
16590,7773,breakdown,16.89,4.54
29864,6636,full,489.34,102.51
23226,5987,breakdown,16.89,4.54
26131,608,breakdown,16.89,4.54
21626,4699,full,456.07,95.54
18283,7223,breakdown,16.89,4.54
22100,4984,breakdown,22.9,5.09
25164,5163,full,188.42,39.47
29569,4762,full,520.31,109.0
5885,5100,full,498.63,104.46
18231,8564,breakdown,22.9,5.09
28959,5741,legal,37.5,2.02
24271,8825,breakdown,16.89,4.54
27151,9274,full,250.47,52.47
7494,1088,legal,25.0,1.71
4896,5925,full,320.81,67.21
8378,7664,breakdown,16.89,4.54
19545,2404,legal,25.0,1.71
20785,1214,breakdown,16.89,4.54
20103,7532,legal,46.13,1.71
16752,3764,legal,25.0,1.71
22027,3819,full,190.31,39.87
21718,4232,legal,37.5,2.02
23299,5547,breakdown,22.9,5.09
24814,5806,full,251.73,52.73
24437,2114,breakdown,25.9,5.91
18965,8492,legal,25.0,1.71
5284,6657,full,470.03,98.46
29008,4081,legal,25.0,1.71
647,2749,breakdown,16.89,4.54
23354,6484,full,152.63,31.98
2451,7577,full,347.92,72.88
1219,3706,full,445.37,93.3
12917,2083,breakdown,16.89,4.54
23979,4600,breakdown,16.89,4.54
1742,107,breakdown,32.4,6.5
18200,3958,breakdown,16.89,4.54
19086,5231,legal,25.0,1.71
21947,3711,legal,37.5,2.02
9308,8775,full,295.44,61.89
2939,2901,legal,37.5,2.02
8308,6141,full,282.35,59.15
27365,8039,legal,25.0,1.71
28607,6429,breakdown,16.89,4.54
7524,5338,legal,25.0,1.71
11591,101,full,658.33,137.91
6240,476,legal,25.0,1.71
17149,5354,full,457.31,95.8
6588,3964,full,188.52,39.49
27699,4614,breakdown,16.89,4.54
15109,3576,full,222.4,46.59
4193,8533,breakdown,16.89,4.54
12085,3705,legal,37.5,2.02
1917,7389,full,250.47,52.47
17446,7610,legal,37.5,2.02
28801,8898,breakdown,22.9,5.09
3717,1606,breakdown,16.89,4.54
6151,6234,breakdown,16.89,4.54
12130,1158,breakdown,16.89,4.54
5003,3218,legal,25.0,1.71
13517,7256,full,303.71,63.62
17590,9568,breakdown,16.89,4.54
11243,7487,legal,46.13,1.71
7756,1065,full,171.53,35.94
23610,728,legal,30.0,1.71
14557,9631,full,380.91,79.79
10626,41,breakdown,16.89,4.54
1276,8253,full,453.73,95.05
3083,2877,full,152.23,31.89
2516,5709,breakdown,22.9,5.09
196,9075,breakdown,16.89,4.54
27996,6351,full,177.89,37.27
20544,1884,breakdown,16.89,4.54
27392,4754,full,412.57,86.43
6137,5182,breakdown,16.89,4.54
6459,9675,full,255.44,53.51
12963,9989,full,194.82,40.81
21136,2752,full,283.48,59.39
1622,3372,full,670.34,140.43
6822,2879,legal,25.0,1.71
19636,2528,legal,25.0,1.71
16113,870,breakdown,25.9,5.91
9695,5928,breakdown,16.89,4.54
26927,1143,full,206.15,43.19
7636,4022,legal,25.0,1.71
26458,3258,legal,25.0,1.71
17097,8971,breakdown,16.89,4.54
14061,1172,full,392.16,82.15
8583,2748,breakdown,22.9,5.09
20428,9286,breakdown,,4.54
16403,4079,full,132.83,27.83
1490,7331,legal,25.0,1.71
24574,6481,legal,25.0,1.71
8911,5973,legal,46.13,1.71
8182,2914,full,324.81,68.04
21116,7598,breakdown,16.89,4.54
29521,9804,full,171.97,36.03
18115,3577,legal,25.0,1.71
13029,3111,breakdown,16.89,4.54
13250,4196,breakdown,22.9,5.09
13488,7191,legal,30.0,1.71
5217,7103,full,193.26,40.48
16540,8050,full,308.76,64.68
23522,6087,breakdown,16.89,4.54
3395,1800,full,357.53,74.9
11435,491,legal,37.5,2.02
5900,5730,full,152.23,31.89
4782,8522,legal,37.5,2.02
27757,3102,full,152.63,31.98
24617,7314,full,331.46,69.44
895,1944,breakdown,22.9,5.09
7538,380,breakdown,16.89,4.54
24028,1053,breakdown,16.89,4.54
11407,4358,legal,92.32,2.83
6376,8012,legal,30.0,1.71
4186,9853,legal,37.5,2.02
25468,1613,breakdown,16.89,4.54
24427,6589,legal,25.0,1.71
26917,1546,full,347.35,72.77
19611,6178,full,152.23,31.89
24347,9213,full,182.92,38.32
5992,6285,breakdown,16.89,4.54
15982,8887,breakdown,22.9,5.09
1078,8677,legal,37.5,2.02
12103,6233,legal,37.5,2.02
4438,7148,breakdown,22.9,5.09
18487,9401,legal,25.0,1.71
43,7748,breakdown,16.89,4.54
1826,1665,full,491.88,103.04
10862,6030,full,270.87,56.75
22870,1963,legal,25.0,1.71
29357,619,legal,37.5,2.02
14603,3052,full,336.96,70.59
29312,7392,breakdown,22.9,5.09
17497,9323,full,286.78,60.08
26984,8842,breakdown,22.9,5.09
5188,8320,full,451.91,94.67
24861,7508,legal,25.0,1.71
2991,6938,legal,37.5,2.02
19463,9168,full,283.51,59.39
1488,8614,breakdown,22.9,5.09
17577,6925,breakdown,16.89,4.54
22838,9711,legal,25.0,1.71
3133,5796,breakdown,22.9,5.09
19130,8999,breakdown,16.89,4.54
585,5659,legal,25.0,1.71
19903,4917,breakdown,16.89,4.54
5741,800,legal,25.0,1.71
13778,982,breakdown,16.89,4.54
4672,9842,legal,25.0,1.71
26460,9836,breakdown,16.89,4.54
19784,2619,legal,46.13,1.71
22797,5570,breakdown,16.89,4.54
21860,7402,full,427.1,89.47
28636,9516,breakdown,22.9,5.09
16014,3381,breakdown,16.89,4.54
5201,603,full,251.71,52.73
5949,8122,legal,46.13,1.71
10248,4148,breakdown,22.9,5.09
1773,1587,legal,25.0,1.71
28109,6344,full,189.75,39.75
24156,4813,breakdown,16.89,4.54
22738,8282,legal,25.0,1.71
22650,6727,full,417.5,87.46
18149,1535,legal,25.0,1.71
18346,6018,full,302.74,63.42
40,360,full,228.83,47.93
7821,8081,full,232.19,48.64
1575,1836,full,449.53,94.17
27465,4829,breakdown,22.9,5.09
25266,9955,full,113.85,23.85
16589,2235,legal,25.0,1.71
9085,8628,breakdown,16.89,4.54
700,1167,full,172.87,36.22
2667,7456,breakdown,16.89,4.54
15295,8991,breakdown,16.89,4.54
13362,1682,legal,46.13,1.71
17981,5235,full,101.2,21.2
3400,4393,breakdown,16.89,4.54
11519,1765,full,1128.35,236.38
1345,9112,legal,25.0,1.71
16251,3937,legal,25.0,1.71
12476,5631,full,611.61,128.12
29420,6291,legal,25.0,1.71
15047,390,legal,45.0,2.08
15227,4110,legal,37.5,2.02
25671,6066,breakdown,16.89,4.54
11166,4310,legal,25.0,1.71
23813,6335,breakdown,16.89,4.54
18773,3463,legal,25.0,1.71
3781,1516,legal,46.13,1.71
460,9569,breakdown,25.9,5.91
24755,2936,full,878.96,184.13
11417,6098,legal,25.0,1.71
17578,4920,breakdown,16.89,4.54
11862,9403,breakdown,16.89,4.54
28330,7391,breakdown,16.89,4.54
19102,1069,breakdown,16.89,4.54
22145,1907,legal,25.0,1.71
28604,851,breakdown,16.89,4.54
13388,183,legal,25.0,1.71
7901,648,legal,25.0,1.71
16761,9485,breakdown,16.89,4.54
20638,3018,breakdown,22.9,5.09
29354,3888,full,331.8,69.51
3088,4286,full,198.58,41.6
17878,7396,breakdown,16.89,4.54
9829,6971,breakdown,16.89,4.54
15179,8615,legal,46.13,1.71
22420,6122,breakdown,16.89,4.54
7551,3850,breakdown,16.89,4.54
920,7528,full,529.14,110.85
22943,2395,full,211.05,44.22
12884,6083,breakdown,25.9,5.91
23917,9771,legal,37.5,2.02
2871,7818,full,152.23,31.89
12316,191,full,264.18,55.34
5155,5735,legal,37.5,2.02
13609,6945,breakdown,16.89,4.54
26664,1693,legal,25.0,1.71
24472,1649,breakdown,16.89,4.54
20904,834,full,192.73,40.37
10718,3176,full,185.23,38.8
28715,8494,legal,37.5,2.02
19883,3219,full,409.67,85.82
23543,2337,full,101.2,21.2
5780,4514,full,190.09,39.82
24738,9782,breakdown,16.89,4.54
12740,5854,breakdown,16.89,4.54
15604,5146,full,596.95,125.05
26860,6558,legal,25.0,1.71
9515,6746,legal,25.0,1.71
20967,4522,breakdown,25.9,5.91
17865,2327,breakdown,16.89,4.54
19281,7580,full,169.37,35.48
18195,2587,full,562.12,117.76
19137,6758,legal,25.0,1.71
15268,9895,breakdown,16.89,4.54
5358,5064,breakdown,16.89,4.54
10244,1958,full,386.61,80.99
17688,3530,legal,25.0,1.71
18285,3417,breakdown,16.89,4.54
10253,6010,full,1044.59,218.83
28361,4367,breakdown,16.89,4.54
6704,5026,full,499.98,104.74
14455,4185,full,364.97,76.46
25447,6964,legal,25.0,1.71
17023,8239,full,590.39,123.68
17737,761,legal,25.0,1.71
2699,3626,breakdown,22.9,5.09
7028,740,legal,37.5,2.02
19077,1704,legal,25.0,1.71
14310,6836,breakdown,16.89,4.54
21952,4659,breakdown,22.9,5.09
25220,1850,legal,25.0,1.71
8037,9956,full,327.85,68.68
14826,5321,full,172.87,36.22
21841,4274,full,456.72,95.68
3989,1501,full,1350.93,283.0
11145,2604,legal,25.0,1.71
27740,9392,breakdown,16.89,4.54
2590,1192,full,187.23,39.22
7882,3708,breakdown,16.89,4.54
10890,9370,legal,25.0,1.71
1465,1324,breakdown,16.89,4.54
13408,946,legal,46.13,1.71
18756,5663,full,253.47,53.1
16773,7784,full,192.77,40.38
21637,8172,full,188.88,39.57
24666,8284,breakdown,16.89,4.54
22109,4377,full,325.6,68.21
24985,6489,legal,30.0,1.71
29407,5781,full,130.11,27.26
19845,2237,full,1426.92,298.92
10706,7251,full,337.19,70.64
1252,6822,full,167.24,35.03
22630,6785,legal,25.0,1.71
22079,7009,breakdown,16.89,4.54
16913,8873,breakdown,16.89,4.54
23784,2595,full,894.04,187.29
28351,9734,breakdown,16.89,4.54
1297,5198,breakdown,22.9,5.09
16431,6598,full,172.87,36.22
7489,235,legal,25.0,1.71
2487,1852,legal,25.0,1.71
2251,1304,breakdown,22.9,5.09
21917,7468,full,216.92,45.44
29757,5641,breakdown,16.89,4.54
19217,7472,breakdown,16.89,4.54
23237,6495,legal,25.0,1.71
24841,5776,legal,25.0,1.71
19260,5791,full,165.41,34.65
18544,2934,breakdown,16.89,4.54
6319,4123,full,508.32,106.49
4107,3828,full,101.2,21.2
21020,2431,breakdown,22.9,5.09
7793,8556,full,626.36,131.21
29666,9669,full,471.37,98.75
4809,7653,breakdown,16.89,4.54
21896,5215,legal,25.0,1.71
13672,2689,full,154.9,32.45
5369,4581,full,513.1,107.49
24480,972,legal,25.0,1.71
5675,4746,legal,25.0,1.71
28689,1604,full,280.86,58.84
29599,6542,full,579.45,121.39
11440,1016,legal,25.0,1.71
22149,9891,full,380.71,79.75
23915,1705,legal,25.0,1.71
10386,3551,breakdown,22.9,5.09
20859,5031,full,169.37,35.48
10904,3062,full,176.17,36.91
1479,3301,breakdown,16.89,4.54
26571,616,full,309.6,64.86
2341,1656,full,918.14,192.34
24979,6412,full,385.57,80.77
3097,3331,legal,37.5,2.02
14468,8586,full,283.5,59.39
24933,526,breakdown,16.89,4.54
22057,1622,breakdown,22.9,5.09
29231,2895,full,446.46,93.53
23750,9762,legal,37.5,2.02
15516,9580,breakdown,16.89,4.54
18988,4230,full,511.05,107.06
701,7747,full,152.63,31.98
8421,2681,legal,37.5,2.02
4093,6572,breakdown,16.89,4.54
12285,6902,breakdown,25.9,5.91
18854,5371,legal,25.0,1.71
22815,6936,breakdown,22.9,5.09
17595,3970,breakdown,16.89,4.54
29174,1657,full,150.32,31.49
15142,25,breakdown,22.9,5.09
19154,2607,full,236.33,49.51
8204,7210,breakdown,16.89,4.54
29737,1057,legal,25.0,1.71
12670,2898,breakdown,16.89,4.54
16934,1212,legal,25.0,1.71
16222,7100,legal,25.0,1.71
26416,5746,full,228.61,47.89
3009,4823,legal,37.5,2.02
13350,4237,full,368.49,77.19
22061,6422,breakdown,16.89,4.54
8814,1435,legal,46.13,1.71
20479,8652,full,517.64,108.44
23436,2442,legal,25.0,1.71
4075,9095,full,150.32,31.49
10755,6752,legal,37.5,2.02
1682,2129,full,188.04,39.39
18552,4972,legal,25.0,1.71
4702,9960,legal,25.0,1.71
11922,7388,breakdown,16.89,4.54
12061,362,legal,25.0,1.71
8032,6903,full,454.6,95.23
29583,2301,full,248.4,52.04
13537,7114,breakdown,22.9,5.09
2887,8055,breakdown,16.89,4.54
13613,1706,legal,25.0,1.71
19083,6047,legal,25.0,1.71
13847,6450,legal,37.5,2.02
310,3744,breakdown,16.89,4.54
9225,2027,full,645.14,135.15
28669,4603,breakdown,16.89,4.54
22655,3563,full,335.37,70.26
2594,9165,breakdown,25.9,5.91
14205,8014,full,189.75,39.75
6945,5605,breakdown,16.89,4.54
22482,9255,breakdown,16.89,4.54
7989,3590,full,669.29,140.2
1716,4493,breakdown,22.9,5.09
25756,1267,full,376.06,78.78
6086,172,full,592.71,124.17
15301,2516,full,494.88,103.67
3374,5428,full,245.24,51.38
9504,6777,breakdown,16.89,4.54
26465,7382,breakdown,16.89,4.54
17496,4461,breakdown,22.9,5.09
2908,9020,breakdown,22.9,5.09
13526,909,breakdown,16.89,4.54
4778,1785,full,688.18,144.16
18827,3199,full,415.95,87.14
23086,8043,breakdown,16.89,4.54
29764,7764,full,1223.32,256.27
22250,6743,full,251.99,52.79
5622,3417,legal,25.0,1.71
15148,2495,legal,46.13,1.71
22144,6488,full,152.23,31.89
1388,5498,breakdown,16.89,4.54
15680,907,full,278.28,58.3
28598,5531,breakdown,16.89,4.54
24317,7126,legal,25.0,1.71
5833,5549,full,429.29,89.94
9197,7299,full,204.59,42.86
21901,7385,full,551.01,115.43
9097,4293,legal,46.13,1.71
17971,7823,legal,25.0,1.71
3846,801,full,254.03,53.22
4451,3940,full,519.26,108.78
3511,4982,breakdown,16.89,4.54
29079,9973,breakdown,16.89,4.54
24167,3473,full,1041.32,218.15
18404,4865,full,1426.92,298.92
15401,3064,legal,25.0,1.71
17403,2036,breakdown,16.89,4.54
21086,3500,legal,25.0,1.71
22556,6543,full,243.17,50.94
11161,4361,breakdown,16.89,4.54
28749,7670,breakdown,16.89,4.54
14240,6144,full,819.03,171.58
12207,8694,breakdown,16.89,4.54
16174,3168,full,172.87,36.22
23726,5087,full,288.39,60.42
18986,5921,full,276.94,58.02
19835,6251,breakdown,22.9,5.09
26013,5282,full,218.18,45.71
22781,5284,breakdown,16.89,4.54
14531,5300,full,366.28,76.73
13804,7520,full,451.12,94.51
6527,666,breakdown,16.89,4.54
1855,1469,full,202.72,42.47
11056,3954,legal,25.0,1.71
10722,5819,legal,25.0,1.71
2454,8300,breakdown,22.9,5.09
4811,8496,breakdown,16.89,4.54
8701,9523,breakdown,22.9,5.09
5757,8149,full,101.2,21.2
5462,6295,full,677.15,141.86
12613,3777,breakdown,16.89,4.54
601,7687,breakdown,22.9,5.09
26834,5106,full,556.52,116.59
22794,2058,full,378.3,79.25
14153,6684,breakdown,16.89,4.54
6594,6191,legal,25.0,1.71
7106,8898,full,422.65,88.54
5516,7690,full,393.49,82.43
20258,3115,breakdown,16.89,4.54
11247,1639,full,252.11,52.82
16460,3308,full,113.85,23.85
6706,2186,breakdown,16.89,4.54
19119,4163,legal,37.5,2.02
2160,4296,full,304.55,63.8
11432,780,legal,37.5,2.02
25784,2758,breakdown,22.9,5.09
1839,2348,full,239.85,50.25
9785,7642,legal,25.0,1.71
8838,4119,legal,25.0,1.71
15907,8825,full,766.99,160.67
3546,8167,full,224.58,47.05
2826,1342,breakdown,16.89,4.54
13529,7744,breakdown,16.89,4.54
1768,4861,legal,25.0,1.71
19651,4390,full,444.16,93.05
12196,7598,legal,25.0,1.71
18922,4875,full,258.75,54.21
13330,342,full,420.52,88.1
7122,7706,full,621.92,130.28
12941,3364,full,352.22,73.78
22042,7798,legal,25.0,1.71
17747,2688,legal,25.0,1.71
28655,4550,breakdown,25.9,5.91
27218,333,legal,25.0,1.71
25021,421,legal,25.0,1.71
21618,8029,full,383.71,80.38
29246,2230,full,231.26,48.45
17014,6024,legal,25.0,1.71
6477,9710,breakdown,16.89,4.54
28894,301,breakdown,16.89,4.54
2696,9424,breakdown,16.89,4.54
15041,1804,full,757.34,158.65
14802,1459,full,245.77,51.48
28819,9774,full,338.1,70.82
6135,4131,full,336.58,70.51
1954,2616,legal,25.0,1.71
17307,2702,full,636.49,133.33
896,5297,legal,25.0,1.71
27452,1054,full,169.37,35.48
16803,5930,full,301.43,63.15
20324,4055,legal,37.5,2.02
21960,7932,breakdown,22.9,5.09
16133,9517,full,249.97,52.37
21084,3656,breakdown,16.89,4.54
5914,5365,full,393.36,82.4
7279,6608,full,506.05,106.01
21954,96,legal,25.0,1.71
10326,6810,breakdown,25.9,5.91
17131,6142,legal,25.0,1.71
8475,1346,legal,46.13,1.71
28552,9528,full,488.18,102.27
23945,3244,breakdown,16.89,4.54
2891,4950,legal,25.0,1.71
4691,6822,breakdown,22.9,5.09
6161,721,legal,37.5,2.02
18570,4664,full,211.95,44.41
983,3283,legal,46.13,1.71
6951,9106,breakdown,16.89,4.54
24628,6692,full,536.65,112.42
14751,2718,full,171.53,35.93
13090,8996,legal,46.13,1.71
7834,2147,breakdown,16.89,4.54
3741,974,breakdown,16.89,4.54
945,5647,full,165.17,34.6
29817,1496,legal,25.0,1.71
12198,171,breakdown,16.89,4.54
17880,9555,breakdown,22.9,5.09
15746,10000,breakdown,22.9,5.09
358,5368,full,361.18,75.66
11371,414,full,451.88,94.67
16084,4750,legal,25.0,1.71
21991,2251,legal,46.13,1.71
26633,848,full,566.43,118.66
28904,5318,legal,25.0,1.71
22312,4851,breakdown,16.89,4.54
25726,5855,full,337.96,70.8
24996,3184,legal,25.0,1.71
13952,1117,legal,46.13,1.71
11325,9557,breakdown,16.89,4.54
5345,2280,legal,37.5,2.02
8726,9898,legal,37.5,2.02
10147,5093,breakdown,16.89,4.54
14401,8824,full,814.1,170.54
6497,5794,legal,25.0,1.71
16587,5648,legal,37.5,2.02
20567,4201,full,472.77,99.04
25818,169,breakdown,22.9,5.09
13786,538,full,175.98,36.87
24796,3529,full,565.37,118.44
17310,9058,full,632.98,132.6
21765,9832,full,185.25,38.81
5597,882,full,292.4,61.26
17135,8672,full,308.82,64.69
8977,9618,full,353.03,73.96
4657,7498,breakdown,16.89,4.54
29068,2873,legal,25.0,1.71
28486,1388,full,283.41,59.37
22885,8045,legal,37.5,2.02
2308,1582,breakdown,16.89,4.54
2656,2499,breakdown,16.89,4.54
4501,5961,breakdown,16.89,4.54
1516,9066,full,228.8,47.93
25950,4483,full,319.07,66.84
757,5730,legal,37.5,2.02
17227,3942,legal,25.0,1.71
3437,7226,breakdown,16.89,4.54
7453,3199,legal,25.0,1.71
1063,6493,legal,25.0,1.71
4215,3785,full,563.64,118.08
24765,4738,legal,25.0,1.71
3545,6744,legal,37.5,2.02
21997,8966,legal,25.0,1.71
12410,8041,full,298.02,62.43
27928,4197,full,172.87,36.22
7582,2466,legal,25.0,1.71
11497,4134,full,356.83,74.75
25702,5689,breakdown,16.89,4.54
12479,3475,legal,37.5,2.02
23888,2338,legal,25.0,1.71
11793,4066,legal,30.0,1.71
4338,8085,full,517.8,108.47
23959,7116,legal,25.0,1.71
14967,7123,legal,25.0,1.71
7103,5628,full,345.38,72.35
5386,5284,legal,25.0,1.71
18881,633,legal,25.0,1.71
29353,8112,legal,25.0,1.71
15840,9686,breakdown,16.89,4.54
21980,2510,legal,25.0,1.71
17156,2865,legal,37.5,2.02
24948,1638,full,555.52,116.37
28302,3147,breakdown,16.89,4.54
22259,6227,legal,25.0,1.71
26648,3747,full,187.79,39.34
14670,7620,legal,37.5,2.02
6148,4143,legal,25.0,1.71
17966,9911,full,383.6,80.36
29648,1554,legal,25.0,1.71
27572,9064,breakdown,16.89,4.54
10895,8860,breakdown,16.89,4.54
29977,4146,legal,25.0,1.71
13659,8988,legal,25.0,1.71
13079,2148,breakdown,16.89,4.54
20361,7689,full,1073.34,224.85
9575,2330,breakdown,16.89,4.54
20308,3648,full,427.91,89.64
24850,7548,legal,25.0,1.71
27683,6423,full,152.63,31.98
13662,9198,full,152.23,31.89
10834,6044,breakdown,22.9,5.09
27369,3919,breakdown,16.89,4.54
2258,7339,full,333.81,69.93
4035,1076,legal,37.5,2.02
7723,7026,full,169.37,35.48
14735,9801,full,563.08,117.96
16433,342,legal,25.0,1.71
21863,6327,full,152.23,31.89
21347,1879,legal,25.0,1.71
9788,9001,legal,25.0,1.71
13745,7242,breakdown,22.9,5.09
15788,446,legal,46.13,1.71
19117,4984,full,570.74,119.56
4822,6672,legal,37.5,2.02
1780,6214,full,306.24,64.15
2148,2204,breakdown,16.89,4.54
23450,3739,full,251.68,52.72
9241,6049,breakdown,16.89,4.54
24739,8528,legal,25.0,1.71
25203,5232,breakdown,16.89,4.54
24704,8976,full,344.33,72.13
8463,3759,legal,25.0,1.71
19544,6673,full,463.51,97.1
2962,1307,breakdown,16.89,4.54
27708,1845,legal,37.5,2.02
15011,1786,legal,25.0,1.71
8757,857,legal,25.0,1.71
20083,7466,full,571.26,119.66
27593,3977,legal,25.0,1.71
108,7171,full,188.42,39.47
22657,9767,full,379.17,79.44
4175,3283,full,112.64,23.6
11644,8524,legal,25.0,1.71
28164,4690,legal,25.0,1.71
29616,6553,legal,25.0,1.71
29111,7950,breakdown,16.89,4.54
22760,6079,breakdown,16.89,4.54
2468,2084,full,550.6,115.34
17602,5474,full,230.29,48.24
18112,5876,full,719.12,150.65
23801,7181,legal,37.5,2.02
22326,3150,legal,25.0,1.71
16367,9222,legal,25.0,1.71
4155,7858,breakdown,22.9,5.09
24312,1895,legal,25.0,1.71
17008,1567,breakdown,16.89,4.54
18828,3438,breakdown,22.9,5.09
13132,3628,legal,25.0,1.71
19145,308,breakdown,22.9,5.09
12961,8709,full,403.43,84.52
5533,5242,legal,25.0,1.71
27548,5897,legal,25.0,1.71
29922,5551,legal,25.0,1.71
5614,8607,breakdown,16.89,4.54
28829,2580,legal,25.0,1.71
15252,7263,legal,46.13,1.71
27611,2535,breakdown,22.9,5.09
7289,4693,breakdown,16.89,4.54
25019,620,full,359.76,75.36
20745,9415,breakdown,16.89,4.54
27847,6531,legal,30.0,1.71
13321,1344,breakdown,22.9,5.09
750,5346,breakdown,16.89,4.54
29443,5647,breakdown,22.9,5.09
15346,9137,breakdown,16.89,4.54
11980,9226,legal,37.5,2.02
12890,3590,breakdown,16.89,4.54
15198,8946,full,329.55,69.03
23660,6516,breakdown,16.89,4.54
1714,3035,full,684.64,143.42
12612,3562,breakdown,,4.54
28707,4775,legal,25.0,1.71
26209,9133,full,189.75,39.75
17255,6337,full,408.57,85.59
4284,8398,breakdown,16.89,4.54
22972,5568,full,199.48,41.79
14775,2380,legal,69.23,2.27
10006,3634,legal,37.5,2.02
22134,2375,legal,25.0,1.71
29614,9066,legal,25.0,1.71
7599,8417,breakdown,16.89,4.54
14632,7248,breakdown,16.89,4.54
17851,3176,breakdown,22.9,5.09
8834,5446,full,192.29,40.28
5881,2273,legal,25.0,1.71
29696,5287,breakdown,16.89,4.54
9048,5464,breakdown,22.9,5.09
12623,726,breakdown,16.89,4.54
25269,245,full,270.45,56.66
11913,5088,legal,25.0,1.71
10713,993,full,265.57,55.63
5994,9392,full,250.35,52.45
26256,5740,breakdown,22.9,5.09
26636,7420,breakdown,16.89,4.54
20125,8012,breakdown,25.9,5.91
10811,7785,breakdown,16.89,4.54
296,562,breakdown,16.89,4.54
9150,5789,full,538.26,112.76
27254,8780,breakdown,16.89,4.54
9969,6942,breakdown,22.9,5.09
3502,1403,full,172.87,36.22
20501,1189,full,408.07,85.49
26175,9527,breakdown,22.9,5.09
25625,9103,legal,37.5,2.02
19458,5879,breakdown,16.89,4.54
1945,2115,full,326.46,68.39
17978,1491,full,245.89,51.51
9794,5411,legal,25.0,1.71
25604,9027,breakdown,16.89,4.54
20586,5127,full,205.57,43.06
22319,289,breakdown,16.89,4.54
11038,3039,breakdown,16.89,4.54
1319,5821,legal,25.0,1.71
15631,775,full,358.28,75.06
27511,8857,full,1275.12,267.12
6243,5128,legal,25.0,1.71
28773,5437,legal,25.0,1.71
17076,8179,legal,37.5,2.02
27675,166,breakdown,16.89,4.54
23004,37,breakdown,16.89,4.54
23321,9597,breakdown,16.89,4.54
22868,9250,full,448.21,93.89
28397,9579,legal,25.0,1.71
20864,5616,full,448.26,93.91
1567,7612,breakdown,22.9,5.09
10245,6580,breakdown,16.89,4.54
14108,8813,legal,25.0,1.71
11208,3033,breakdown,16.89,4.54
8931,210,full,523.6,109.69
345,3464,full,497.82,104.28
1204,9917,breakdown,25.9,5.91
11816,9541,full,445.45,93.32
26422,2009,legal,25.0,1.71
11024,8549,full,187.77,39.34
16250,1406,full,409.2,85.73
29346,3556,breakdown,16.89,4.54
4005,3942,breakdown,16.89,4.54
8194,1991,breakdown,16.89,4.54
23630,3583,breakdown,16.89,4.54
640,2663,legal,25.0,1.71
6993,1797,legal,25.0,1.71
1450,506,legal,37.5,2.02
21734,2270,full,314.13,65.81
16454,2918,breakdown,16.89,4.54
27442,3258,full,155.96,32.67
18363,7239,full,359.96,75.41
3939,4887,legal,46.13,1.71
247,6901,breakdown,16.89,4.54
17671,1145,full,214.18,44.87
6052,7954,full,315.99,66.2
16446,8138,full,454.36,95.18
8896,4541,full,980.92,205.49
24893,7497,breakdown,25.9,5.91
13865,2666,breakdown,16.89,4.54
4143,486,legal,25.0,1.71
11445,2183,legal,37.5,2.02
2119,2607,legal,25.0,1.71
5699,3705,full,379.5,79.5
28218,839,legal,37.5,2.02
24667,9394,breakdown,16.89,4.54
2537,8436,breakdown,22.9,5.09
15413,5466,breakdown,16.89,4.54
8656,7382,legal,25.0,1.71
21839,8261,full,1068.86,223.91
26645,466,legal,25.0,1.71
3648,4100,full,309.98,64.94
26377,2512,breakdown,16.89,4.54
17490,9000,legal,69.23,2.27
29768,5132,full,189.75,39.75
25923,3316,legal,25.0,1.71
20826,9685,breakdown,16.89,4.54
23838,7192,full,359.52,75.31
9401,8339,breakdown,16.89,4.54
28416,2523,full,169.37,35.48
5099,4684,full,357.82,74.96
17428,8343,breakdown,16.89,4.54
29290,5906,legal,25.0,1.71
28880,5025,breakdown,16.89,4.54
23250,3243,legal,37.5,2.02
5659,5173,breakdown,16.89,4.54
23680,3988,breakdown,22.9,5.09
11129,8939,full,527.25,110.45
19826,5396,breakdown,22.9,5.09
27297,1085,legal,30.0,1.71
8064,3470,legal,25.0,1.71
7663,9741,full,434.16,90.95
12430,9972,breakdown,16.89,4.54
16094,2557,breakdown,16.89,4.54
20559,6080,legal,46.13,1.71
19327,4363,full,469.53,98.37
23480,1807,breakdown,22.9,5.09
4533,7230,legal,46.13,1.71
24288,894,breakdown,16.89,4.54
15455,3416,breakdown,16.89,4.54
2267,988,legal,37.5,2.02
15125,5160,legal,46.13,1.71
4537,9338,full,424.11,88.84
20068,3986,breakdown,16.89,4.54
23622,3935,full,164.01,34.36
17260,9027,full,535.8,112.24
24567,2268,breakdown,16.89,4.54
14588,272,breakdown,16.89,4.54
11991,6395,breakdown,16.89,4.54
21875,2711,breakdown,16.89,4.54
14107,3546,full,368.69,77.23
16711,3265,legal,37.5,2.02
24145,5525,breakdown,16.89,4.54
29325,8699,breakdown,22.9,5.09
21572,3289,breakdown,22.9,5.09
25746,7326,breakdown,16.89,4.54
2262,5722,full,192.29,40.28
17075,5935,legal,25.0,1.71
15750,3874,full,598.32,125.34
7462,1543,breakdown,22.9,5.09
25435,8714,breakdown,16.89,4.54
17682,4907,legal,25.0,1.71
24270,205,full,248.18,51.99
28539,4353,full,380.68,79.75
963,3843,legal,25.0,1.71
8159,764,full,232.4,48.69
19183,6601,legal,25.0,1.71
9288,8977,full,152.23,31.89
26954,8315,breakdown,22.9,5.09
8089,1915,breakdown,16.89,4.54
29857,5966,breakdown,16.89,4.54
5303,6622,breakdown,22.9,5.09
22417,5822,breakdown,16.89,4.54
11826,9024,legal,37.5,2.02
24240,8985,full,192.86,40.4
25679,7366,legal,37.5,2.02
15209,3615,legal,46.13,1.71
2677,4543,full,242.81,50.87
6607,8567,full,101.2,21.2
23140,1875,legal,25.0,1.71
5263,630,breakdown,16.89,4.54
17398,7903,full,326.2,68.34
15966,4413,breakdown,16.89,4.54
21913,9782,full,1715.98,359.48
27115,7619,breakdown,16.89,4.54
14416,38,breakdown,16.89,4.54
29687,1876,breakdown,16.89,4.54
7546,7469,breakdown,16.89,4.54
9284,9064,legal,25.0,1.71
4901,3913,full,806.76,169.0
23874,4423,legal,46.13,1.71
9944,2704,full,279.64,58.58
8511,5355,breakdown,16.89,4.54
3160,1911,breakdown,16.89,4.54
8943,7127,full,394.77,82.7
4648,5286,legal,37.5,2.02
15182,2609,legal,25.0,1.71
22098,4762,breakdown,16.89,4.54
22454,4870,legal,25.0,1.71
13151,3605,breakdown,16.89,4.54
15369,4156,breakdown,22.9,5.09
22541,1770,full,894.54,187.39
11636,1922,legal,25.0,1.71
25087,5395,breakdown,16.89,4.54
6558,4599,full,215.93,45.23
9674,3315,breakdown,16.89,4.54
20910,8026,breakdown,16.89,4.54
9482,3373,legal,25.0,1.71
6140,9410,full,346.26,72.54
2384,1074,legal,46.13,1.71
14731,1882,full,476.73,99.87
5831,4141,legal,25.0,1.71
9731,8076,legal,25.0,1.71
17377,420,breakdown,22.9,5.09
21191,8717,legal,37.5,2.02
4785,585,legal,37.5,2.02
25733,4136,full,642.16,134.52
847,1959,legal,25.0,1.71
16457,7048,breakdown,22.9,5.09
15214,4355,breakdown,16.89,4.54
25197,598,breakdown,22.9,5.09
29975,3131,breakdown,16.89,4.54
13245,8713,full,101.2,21.2
25672,2066,breakdown,16.89,4.54
14506,5109,legal,25.0,1.71
20467,3719,full,581.37,121.79
7495,1509,legal,46.13,1.71
26239,2023,full,152.23,31.89
25339,9848,full,1426.92,298.92
15409,2900,breakdown,22.9,5.09
19035,3177,breakdown,16.89,4.54
23550,6843,full,580.45,121.6
23268,5025,full,189.75,39.75
8498,3004,full,407.38,85.34
11640,2187,legal,25.0,1.71
26017,6161,full,445.45,93.31
11323,978,full,292.95,61.37
27881,6718,legal,25.0,1.71
9072,1089,breakdown,16.89,4.54
1373,7129,breakdown,16.89,4.54
29604,2497,full,152.23,31.89
11542,3857,legal,25.0,1.71
29663,560,breakdown,16.89,4.54
17726,1653,breakdown,16.89,4.54
2123,2403,full,395.79,82.91
8528,2381,legal,25.0,1.71
8300,7473,legal,37.5,2.02
9267,5322,breakdown,16.89,4.54
22310,529,full,266.73,55.88
8966,702,breakdown,16.89,4.54
22104,3695,legal,25.0,1.71
23606,5748,legal,25.0,1.71
11189,1824,breakdown,16.89,4.54
13443,7390,breakdown,16.89,4.54
13775,197,legal,25.0,1.71
6236,9797,breakdown,16.89,4.54
10819,5962,breakdown,16.89,4.54
14073,6862,breakdown,16.89,4.54
20997,4366,breakdown,16.89,4.54
21416,9091,breakdown,22.9,5.09
19431,361,legal,25.0,1.71
15210,1755,legal,37.5,2.02
18906,8757,legal,37.5,2.02
13811,140,full,336.07,70.4
6709,5125,legal,69.23,2.27
26857,2830,full,1802.88,377.68
16965,8707,full,295.16,61.83
14292,4059,breakdown,16.89,4.54
11729,1981,full,229.55,48.09
27173,5211,full,171.53,35.94
9211,8166,breakdown,16.89,4.54
4426,7636,legal,37.5,2.02
24454,5166,breakdown,16.89,4.54
29323,6295,breakdown,16.89,4.54
15674,4627,legal,25.0,1.71
7172,6920,breakdown,16.89,4.54
12682,5818,legal,25.0,1.71
18206,6356,breakdown,22.9,5.09
25069,855,full,767.16,160.71
19887,5179,breakdown,22.9,5.09
15505,8308,full,675.65,141.54
1863,8378,legal,25.0,1.71
7477,2550,legal,25.0,1.71
1655,7529,breakdown,22.9,5.09
17178,155,full,152.23,31.89
21701,4583,breakdown,16.89,4.54
24395,7107,full,257.81,54.01
5067,5781,breakdown,16.89,4.54
7263,5644,full,190.09,39.82
14114,1138,breakdown,22.9,5.09
13229,6822,legal,37.5,2.02
968,5328,breakdown,22.9,5.09
8009,6046,full,519.88,108.91
14421,5805,full,244.36,51.19
9114,8757,breakdown,22.9,5.09
17898,9774,legal,25.0,1.71
26181,5404,legal,25.0,1.71
21699,5588,breakdown,25.9,5.91
27789,4824,full,257.34,53.91
23305,9508,full,521.58,109.27
7788,3024,full,168.11,35.21
8035,4759,breakdown,16.89,4.54
21481,7359,legal,69.23,2.27
16901,4637,full,700.23,146.69
9979,2175,full,595.9,124.83
9499,9583,legal,25.0,1.71
21008,2188,full,372.97,78.13
4589,4500,full,561.03,117.53
8299,8817,full,387.14,81.1
12736,5382,legal,25.0,1.71
21286,4031,breakdown,16.89,4.54
24320,5800,legal,25.0,1.71
2125,2032,legal,37.5,2.02
530,5416,legal,25.0,1.71
27199,5187,full,113.85,23.85
15701,6555,breakdown,16.89,4.54
11669,635,full,240.38,50.36
22026,2224,legal,25.0,1.71
4698,4078,breakdown,16.89,4.54
15824,1748,breakdown,22.9,5.09
956,9359,legal,25.0,1.71
2815,6781,breakdown,16.89,4.54
26150,8406,legal,37.5,2.02
20443,9688,legal,25.0,1.71
23897,1558,full,305.04,63.91
10677,6669,breakdown,16.89,4.54
15304,4155,breakdown,22.9,5.09
29827,678,legal,25.0,1.71
24314,8064,breakdown,16.89,4.54
15815,6905,full,113.85,23.85
8116,3821,breakdown,16.89,4.54
24862,9650,full,169.37,35.48
22689,2318,breakdown,16.89,4.54
3891,2264,full,441.31,92.45
12649,9877,breakdown,22.9,5.09
26096,9735,breakdown,16.89,4.54
18996,9965,breakdown,22.9,5.09
28926,2379,legal,25.0,1.71
16426,7664,full,326.5,68.4
3858,5017,full,518.42,108.6
21023,6576,legal,25.0,1.71
29596,2317,breakdown,22.9,5.09
17623,9010,breakdown,16.89,4.54
20820,3587,legal,25.0,1.71
12258,981,legal,25.0,1.71
73,1753,legal,25.0,1.71
7359,1534,breakdown,16.89,4.54
3073,126,full,559.6,117.23
9587,729,legal,25.0,1.71
20223,177,full,598.71,125.42
9953,9142,legal,37.5,2.02
12208,2730,legal,25.0,1.71
19599,8717,breakdown,22.9,5.09
19509,1119,full,101.2,21.2
18321,8088,full,343.41,71.94
25937,4864,breakdown,16.89,4.54
26843,5784,legal,25.0,1.71
26213,7056,full,383.03,80.24
27157,6393,breakdown,16.89,4.54
2293,914,breakdown,16.89,4.54
10214,3994,legal,37.5,2.02
28724,9431,breakdown,16.89,4.54
6046,2407,breakdown,22.9,5.09
25670,214,legal,69.23,2.27
12158,4680,full,101.2,21.2
22341,8259,breakdown,16.89,4.54
23456,2437,legal,25.0,1.71
28266,5973,breakdown,22.9,5.09
8862,2129,breakdown,16.89,4.54
6592,6309,full,200.44,41.99
25022,6602,legal,25.0,1.71
14563,3780,breakdown,16.89,4.54
23649,6638,full,152.23,31.89
27407,8263,legal,25.0,1.71
29571,1551,breakdown,16.89,4.54
14655,7921,legal,37.5,2.02
27357,9904,breakdown,16.89,4.54
28581,3793,legal,25.0,1.71
5306,2433,full,196.93,41.26
21356,2563,legal,25.0,1.71
25179,9581,full,172.87,36.22
25295,7560,breakdown,16.89,4.54
24637,1371,legal,25.0,1.71
11354,2997,full,331.81,69.51
577,7804,breakdown,16.89,4.54
6461,6196,legal,25.0,1.71
25865,7917,breakdown,22.9,5.09
11202,1079,full,152.23,31.89
2381,77,legal,46.13,1.71
2280,9402,breakdown,22.9,5.09
4619,2315,legal,25.0,1.71
10720,4551,legal,37.5,2.02
5891,4315,breakdown,16.89,4.54
21963,643,breakdown,16.89,4.54
23198,4332,breakdown,22.9,5.09
11456,9242,full,443.27,92.86
23900,2034,breakdown,16.89,4.54
15849,8677,breakdown,22.9,5.09
6566,3474,breakdown,16.89,4.54
13361,691,full,196.76,41.22
14017,9096,breakdown,16.89,4.54
27967,7080,breakdown,16.89,4.54
22333,8147,legal,25.0,1.71
26868,1927,legal,25.0,1.71
18596,793,breakdown,16.89,4.54
21651,6384,breakdown,22.9,5.09
28906,9028,breakdown,16.89,4.54
2571,3526,legal,25.0,1.71
17572,4101,legal,37.5,2.02
20185,8063,full,269.83,56.52
10666,764,legal,37.5,2.02
11420,7934,full,629.96,131.97
6904,3263,legal,25.0,1.71
5472,5760,breakdown,16.89,4.54
28072,6196,breakdown,16.89,4.54
28685,2341,breakdown,16.89,4.54
19080,9474,legal,46.13,1.71
19979,6083,legal,30.0,1.71
27247,2656,full,403.47,84.52
17167,7503,breakdown,16.89,4.54
7953,2450,legal,69.23,2.27
9412,4829,legal,37.5,2.02
28074,9019,breakdown,16.89,4.54
15843,1291,breakdown,22.9,5.09
9911,2729,breakdown,16.89,4.54
19527,7176,breakdown,16.89,4.54
6271,8804,legal,25.0,1.71
23214,7967,legal,25.0,1.71
23404,3274,full,169.37,35.48
12454,9473,legal,46.13,1.71
2196,3561,full,236.82,49.61
4614,2605,legal,25.0,1.71
21504,190,breakdown,16.89,4.54
866,6431,full,629.51,131.88
3213,1775,legal,37.5,2.02
22837,3545,breakdown,16.89,4.54
6587,7729,full,514.72,107.82
9557,9929,legal,25.0,1.71
26525,7276,full,172.87,36.22
6848,7720,full,215.34,45.11
14252,1722,full,169.37,35.48
27524,8076,full,171.97,36.03
7130,4585,full,267.04,55.94
20106,4763,breakdown,16.89,4.54
20562,2886,full,101.2,21.2
18028,2073,breakdown,16.89,4.54
17550,663,breakdown,16.89,4.54
22768,396,breakdown,16.89,4.54
13812,5236,full,376.03,78.77
15391,9811,full,849.02,177.86
26439,6025,breakdown,16.89,4.54
9168,8647,legal,25.0,1.71
15194,9976,legal,69.23,2.27
13152,1387,breakdown,16.89,4.54
20256,5225,legal,46.13,1.71
19974,2367,legal,25.0,1.71
29057,6731,full,300.74,63.01
14255,7791,full,172.87,36.22
1857,9939,full,376.33,78.84
19172,8133,full,488.7,102.37
9596,3350,breakdown,16.89,4.54
8590,5406,legal,30.0,1.71
8258,4111,legal,37.5,2.02
4357,3576,breakdown,16.89,4.54
15138,2520,breakdown,22.9,5.09
9439,6274,full,439.54,92.08
7371,9097,legal,25.0,1.71
17250,6647,legal,25.0,1.71
13994,3134,legal,25.0,1.71
2661,7646,breakdown,22.9,5.09
11156,7925,breakdown,16.89,4.54
11953,1380,legal,25.0,1.71
3072,7760,breakdown,16.89,4.54
22562,3774,full,272.87,57.16
14936,6108,breakdown,16.89,4.54
118,2415,full,115.1,24.11
12732,8638,legal,25.0,1.71
9205,9184,legal,69.23,2.27
26488,8619,legal,25.0,1.71
24421,6916,breakdown,16.89,4.54
9894,1170,full,546.63,114.51
18739,4455,full,242.43,50.79
26118,2421,full,407.05,85.27
18743,7401,legal,69.23,2.27
26524,3631,breakdown,16.89,4.54
16880,1347,legal,25.0,1.71
29770,9110,breakdown,16.89,4.54
23441,5417,full,169.37,35.48
12810,3328,legal,25.0,1.71
2975,1125,breakdown,22.9,5.09
25084,8915,full,171.09,35.84
388,7619,full,224.93,47.12
17083,9583,breakdown,16.89,4.54
4260,7880,breakdown,16.89,4.54
25575,4471,breakdown,16.89,4.54
14943,1251,legal,25.0,1.71
7942,3903,breakdown,16.89,4.54
10676,9731,full,289.42,60.63
19917,9154,full,214.89,45.02
11424,3748,breakdown,16.89,4.54
21968,7279,breakdown,22.9,5.09
23493,5427,breakdown,22.9,5.09
17991,5119,breakdown,16.89,4.54
9726,1409,legal,69.23,2.27
2879,3789,full,466.8,97.79
6250,6986,legal,25.0,1.71
7811,9025,full,245.54,51.44
26249,7849,legal,30.0,1.71
14672,6565,full,269.83,56.53
15829,3767,full,220.01,46.09
5992,6285,breakdown,16.89,4.54
1755,7387,legal,25.0,1.71
26427,9707,breakdown,22.9,5.09
15763,1001,legal,25.0,1.71
14587,743,legal,25.0,1.71
26028,2242,full,251.73,52.73
17762,8226,full,463.79,97.16
244,10000,legal,37.5,2.02
16172,5372,breakdown,16.89,4.54
16720,6190,full,295.7,61.95
28383,5476,legal,25.0,1.71
6333,125,legal,,1.71
11479,1354,breakdown,16.89,4.54
16596,7771,full,465.31,97.48
20995,5445,legal,69.23,2.27
28953,3853,breakdown,16.89,4.54
17334,43,full,268.92,56.33
23019,6569,full,238.79,50.02
18639,4178,legal,25.0,1.71
14627,5508,breakdown,25.9,5.91
7643,9262,breakdown,16.89,4.54
11695,6266,full,315.11,66.01
13972,5514,legal,25.0,1.71
20335,8219,legal,37.5,2.02
17564,1626,full,413.58,86.64
27656,7187,legal,25.0,1.71
22537,147,full,150.32,31.49
23617,4348,full,304.4,63.77
6032,5769,legal,25.0,1.71
11220,4912,legal,25.0,1.71
26698,5296,legal,37.5,2.02
12170,4373,full,588.0,123.18
17401,1395,legal,46.13,1.71
17333,6045,full,278.31,58.3
12871,2342,legal,25.0,1.71
28671,2694,full,334.42,70.06
9229,7638,breakdown,16.89,4.54
3593,9340,breakdown,16.89,4.54
4636,5533,legal,25.0,1.71
17808,7698,breakdown,16.89,4.54
18692,4085,full,554.88,116.24
29370,5459,breakdown,22.9,5.09
18500,6284,breakdown,16.89,4.54
21641,4611,breakdown,16.89,4.54
29478,8330,full,301.24,63.11
20075,1791,breakdown,16.89,4.54
12878,6289,legal,25.0,1.71
27518,1630,full,328.07,68.73
9179,4009,legal,37.5,2.02
9420,595,legal,25.0,1.71
28668,1086,breakdown,16.89,4.54
9820,4256,legal,37.5,2.02
29640,9424,full,488.29,102.29
3809,7048,full,315.68,66.13
21018,6385,full,365.06,76.48
6667,5574,breakdown,22.9,5.09
27915,7480,legal,25.0,1.71
27806,8576,breakdown,16.89,4.54
29135,197,full,337.12,70.62
13425,5438,breakdown,16.89,4.54
5038,5291,legal,25.0,1.71
8981,802,legal,37.5,2.02
28597,6994,breakdown,22.9,5.09
23089,7655,breakdown,16.89,4.54
4470,8028,legal,37.5,2.02
21538,8634,full,396.68,83.1
26505,5868,breakdown,16.89,4.54
23218,3621,full,411.84,86.27
15414,2478,legal,92.32,2.83
28346,4387,full,450.4,94.36
5768,2207,legal,25.0,1.71
4217,793,full,566.56,118.69
9131,1641,breakdown,22.9,5.09
20453,6362,breakdown,16.89,4.54
23077,1833,legal,30.0,1.71
15480,4510,breakdown,16.89,4.54
13468,9610,legal,25.0,1.71
1987,1545,breakdown,22.9,5.09
18705,665,breakdown,16.89,4.54
24887,8626,full,537.42,112.58
801,9177,full,281.83,59.04
25280,216,breakdown,16.89,4.54
11105,5731,full,446.42,93.52
18537,2055,full,325.24,68.14
25889,502,full,101.2,21.2
21404,9310,breakdown,16.89,4.54
2532,5620,legal,69.23,2.27
1957,6369,full,390.18,81.74
14533,6914,full,281.83,59.04
147,9207,legal,25.0,1.71
28571,8094,full,550.11,115.24
16621,9993,legal,25.0,1.71
15085,8325,breakdown,22.9,5.09
8350,4421,full,464.51,97.31
3589,9632,legal,25.0,1.71
25803,2309,legal,25.0,1.71
18050,699,full,194.85,40.82
23954,4730,legal,25.0,1.71
16192,1670,legal,25.0,1.71
384,9362,breakdown,16.89,4.54
29575,8966,breakdown,16.89,4.54
22851,9237,full,169.37,35.48
27970,5315,legal,25.0,1.71
8782,8763,full,185.38,38.84
17562,2208,legal,37.5,2.02
12441,3304,breakdown,22.9,5.09
9886,4520,full,242.14,50.72
4294,4011,breakdown,16.89,4.54
22916,7677,full,171.53,35.94
8152,2397,legal,25.0,1.71
14716,858,breakdown,16.89,4.54
23906,3395,legal,25.0,1.71
8835,1346,full,128.98,27.02
14439,4817,legal,46.13,1.71
9367,3979,legal,25.0,1.71
9032,6037,legal,37.5,2.02
14403,6938,full,502.9,105.35
6665,4498,legal,25.0,1.71
1021,5816,legal,25.0,1.71
1529,8628,full,596.83,125.03
9060,1,breakdown,16.89,4.54
11017,908,full,293.77,61.55
648,8309,full,390.6,81.82
9946,6391,full,344.28,72.12
7787,3651,breakdown,16.89,4.54
24930,409,full,172.87,36.22
14236,9156,breakdown,16.89,4.54
20833,4028,legal,46.13,1.71
28993,8272,full,572.59,119.95
23563,3848,breakdown,16.89,4.54
12369,9427,full,312.81,65.53
28309,622,full,334.69,70.12
22841,4075,legal,25.0,1.71
2183,4265,legal,25.0,1.71
20210,4066,full,589.98,123.59
23266,9032,full,292.5,61.27
4644,4203,legal,25.0,1.71
21523,8535,legal,37.5,2.02
2073,9601,breakdown,16.89,4.54
4701,4320,full,298.31,62.49
14196,4632,breakdown,16.89,4.54
28039,8674,full,389.36,81.57
18157,788,legal,46.13,1.71
12726,3108,breakdown,22.9,5.09
21664,4745,legal,25.0,1.71
12551,128,legal,25.0,1.71
19809,6579,breakdown,16.89,4.54
21527,765,breakdown,22.9,5.09
20581,5405,legal,25.0,1.71
1267,9063,full,609.3,127.64
14245,4255,legal,37.5,2.02
20958,4176,full,152.23,31.89
2296,8716,breakdown,16.89,4.54
23840,3254,breakdown,16.89,4.54
14058,4791,legal,25.0,1.71
15453,8627,legal,37.5,2.02
9472,9087,full,505.57,105.91
16627,8689,legal,25.0,1.71
3973,7606,full,410.19,85.93
23040,5142,breakdown,16.89,4.54
6542,3448,breakdown,22.9,5.09
27950,4058,legal,25.0,1.71
17534,9771,full,307.91,64.5
9637,9797,full,152.23,31.89
25210,9446,full,351.34,73.6
489,553,full,227.94,47.75
20108,4574,full,335.82,70.35
16490,6226,legal,25.0,1.71
21261,4215,legal,46.13,1.71
9925,684,full,116.85,24.48
2288,9601,legal,46.13,1.71
13541,1053,full,379.5,79.5
15168,5794,full,437.65,91.68
16961,771,breakdown,22.9,5.09
25977,9350,full,159.86,33.49
11006,302,legal,25.0,1.71
17816,7279,full,423.21,88.66
19777,3139,full,446.17,93.47
25695,9631,legal,37.5,2.02
15015,8419,breakdown,22.9,5.09
24593,4496,legal,69.23,2.27
1572,508,legal,37.5,2.02
12377,8631,full,298.44,62.52
10230,3658,legal,37.5,2.02
17280,8009,full,152.63,31.98
26456,2890,full,860.6,180.29
11414,370,legal,69.23,2.27
8865,588,breakdown,16.89,4.54
5827,6055,breakdown,22.9,5.09
686,4945,breakdown,16.89,4.54
21994,7649,full,282.2,59.12
859,9702,full,251.73,52.73
9293,9959,full,331.1,69.36
17031,5412,legal,25.0,1.71
27438,484,breakdown,22.9,5.09
23118,5080,legal,25.0,1.71
3568,9264,breakdown,16.89,4.54
6462,1905,legal,37.5,2.02
28651,3560,legal,37.5,2.02
21323,2921,breakdown,16.89,4.54
10949,8850,full,586.78,122.93
4402,7841,full,425.84,89.21
1431,9495,legal,25.0,1.71
18169,7550,breakdown,16.89,4.54
28642,4188,legal,37.5,2.02
4873,4188,full,172.87,36.22
22467,9676,legal,46.13,1.71
2904,2488,breakdown,25.9,5.91
17254,6954,breakdown,22.9,5.09
10396,6909,legal,25.0,1.71
26752,8501,breakdown,16.89,4.54
1904,7457,full,101.2,21.2
15993,419,full,739.86,154.99
18863,6842,legal,46.13,1.71
15665,8371,breakdown,16.89,4.54
19435,3554,breakdown,16.89,4.54
21228,1485,legal,46.13,1.71
14000,8395,breakdown,16.89,4.54
8111,6000,breakdown,16.89,4.54
26605,4180,legal,25.0,1.71
11658,8827,full,579.77,121.45
19940,9932,breakdown,16.89,4.54
11159,7632,breakdown,16.89,4.54
11787,7970,legal,25.0,1.71
26219,1456,full,643.75,134.85
27126,1408,breakdown,25.9,5.91
28635,3092,breakdown,16.89,4.54
4660,8383,breakdown,16.89,4.54
21062,6634,legal,25.0,1.71
28478,2003,legal,25.0,1.71
213,3719,breakdown,32.4,6.5
7831,8400,breakdown,16.89,4.54
8289,1055,breakdown,16.89,4.54
15606,1960,legal,25.0,1.71
14576,5216,full,298.4,62.51
27650,7897,legal,25.0,1.71
769,6720,full,398.3,83.44
20431,3934,full,272.87,57.16
689,6811,legal,25.0,1.71
25650,4042,legal,46.13,1.71
22549,7277,full,627.51,131.46
3686,2380,breakdown,16.89,4.54
15298,8298,breakdown,16.89,4.54
25794,6809,legal,25.0,1.71
11298,8240,full,315.45,66.08
21940,1622,legal,37.5,2.02
26685,6537,breakdown,16.89,4.54
24495,9003,breakdown,16.89,4.54
7602,994,full,277.72,58.18
18281,9047,breakdown,16.89,4.54
20642,7049,full,273.21,57.23
4565,1170,legal,37.5,2.02
27814,5112,legal,25.0,1.71
16381,4286,legal,25.0,1.71
23682,1215,legal,25.0,1.71
22846,7245,breakdown,16.89,4.54
3392,4598,breakdown,16.89,4.54
8391,5249,breakdown,16.89,4.54
6990,4663,legal,25.0,1.71
11896,1782,breakdown,16.89,4.54
7176,2486,breakdown,16.89,4.54
14132,1286,full,152.23,31.89
7673,9082,breakdown,16.89,4.54
25030,3275,full,169.37,35.48
25513,8696,legal,37.5,2.02
781,1173,legal,37.5,2.02
11595,3920,full,303.81,63.64
27856,5423,legal,25.0,1.71
14155,359,breakdown,25.9,5.91
20113,2629,legal,25.0,1.71
16823,9085,full,324.61,68.01
19438,9623,legal,25.0,1.71
16544,4947,legal,25.0,1.71
23893,3384,legal,25.0,1.71
21009,4505,full,356.52,74.68
9000,9710,legal,25.0,1.71
24521,6312,full,305.01,63.89
21290,8188,full,204.76,42.89
28475,9095,breakdown,16.89,4.54
23353,3850,legal,46.13,1.71
28251,5089,breakdown,16.89,4.54
6894,470,legal,25.0,1.71
11576,2994,breakdown,16.89,4.54
23859,5602,full,282.46,59.17
18527,9219,legal,25.0,1.71
5745,5287,legal,69.23,2.27
23637,1878,breakdown,16.89,4.54
17351,4682,breakdown,16.89,4.54
23718,3648,legal,25.0,1.71
14732,7205,full,113.87,23.85
13826,9,breakdown,16.89,4.54
12737,9687,full,322.13,67.48
23364,7075,breakdown,16.89,4.54
11393,8887,full,1030.71,215.92
28501,6789,breakdown,16.89,4.54
5095,4769,legal,25.0,1.71
663,6528,breakdown,25.9,5.91
14491,4546,breakdown,16.89,4.54
6327,6625,full,227.0,47.55
24829,8304,full,342.35,71.72
14189,531,breakdown,16.89,4.54
4299,6349,legal,25.0,1.71
29302,4386,breakdown,16.89,4.54
7867,5872,legal,25.0,1.71
12576,7102,full,465.71,97.56
15049,8346,full,343.99,72.06
1919,6279,legal,25.0,1.71
8568,5230,legal,25.0,1.71
15261,3107,breakdown,16.89,4.54
4767,9224,full,296.7,62.15
7042,4172,legal,37.5,2.02
10136,6028,legal,25.0,1.71
17889,2888,breakdown,16.89,4.54
17797,30,breakdown,16.89,4.54
16707,188,legal,25.0,1.71
3702,1798,full,621.48,130.19
8769,7681,breakdown,16.89,4.54
22012,9423,breakdown,22.9,5.09
28270,6874,full,219.77,46.04
2860,5347,legal,25.0,1.71
20088,4593,legal,25.0,1.71
26123,9052,legal,25.0,1.71
3257,3798,breakdown,16.89,4.54
11544,4635,full,298.43,62.52
22171,182,legal,25.0,1.71
25882,7302,full,101.2,21.2
12718,5804,legal,25.0,1.71
17746,9329,full,607.39,127.24
13231,6327,breakdown,16.89,4.54
6174,6480,full,481.95,100.96
3229,7459,breakdown,16.89,4.54
19534,911,breakdown,16.89,4.54
6678,8734,breakdown,16.89,4.54
8799,9584,legal,25.0,1.71
27531,5603,full,210.55,44.11
17729,9123,legal,25.0,1.71
28082,8875,full,169.37,35.48
15583,9481,breakdown,25.9,5.91
19642,1717,legal,25.0,1.71
5984,9160,breakdown,22.9,5.09
740,7283,full,280.2,58.7
15594,8671,breakdown,16.89,4.54
6546,1196,legal,25.0,1.71
12355,4873,breakdown,16.89,4.54
26841,8591,full,349.17,73.15
18864,6146,breakdown,16.89,4.54
25863,1245,breakdown,16.89,4.54
13573,4208,full,150.32,31.49
3000,3828,breakdown,16.89,4.54
5071,5599,legal,25.0,1.71
22460,1381,legal,46.13,1.71
12960,4965,full,340.24,71.28
17569,6941,breakdown,16.89,4.54
16571,1425,legal,37.5,2.02
4474,1198,breakdown,16.89,4.54
24764,8160,full,241.17,50.52
27879,2800,legal,37.5,2.02
7321,7981,legal,25.0,1.71
9948,3848,legal,25.0,1.71
7531,5555,legal,25.0,1.71
18977,2962,legal,25.0,1.71
11757,9835,full,425.23,89.08
15405,1882,breakdown,16.89,4.54
12903,4705,full,1178.32,246.85
11187,9533,breakdown,25.9,5.91
21456,717,full,250.47,52.47
21217,7102,legal,46.13,1.71
13088,2120,breakdown,22.9,5.09
1271,7100,breakdown,16.89,4.54
3725,9865,breakdown,16.89,4.54
20537,9162,full,210.76,44.16
3660,8128,full,152.23,31.89
6084,5839,full,585.44,122.64
5469,7555,legal,25.0,1.71
4336,291,full,189.75,39.75
11210,9513,full,319.15,66.86
19331,2623,breakdown,16.89,4.54
7702,2722,legal,25.0,1.71
12003,2577,legal,46.13,1.71
545,5009,full,322.77,67.62
24223,1121,breakdown,22.9,5.09
23585,7557,full,414.92,86.92
10905,1860,breakdown,16.89,4.54
10221,9853,full,172.1,36.05
13999,5226,breakdown,16.89,4.54
26362,3449,full,1426.92,298.92
837,8944,full,236.9,49.63
20325,298,breakdown,16.89,4.54
5232,4850,breakdown,16.89,4.54
25024,6638,legal,25.0,1.71
13438,2324,breakdown,16.89,4.54
16528,1115,breakdown,16.89,4.54
6379,5872,full,379.5,79.5
6353,6734,full,348.02,72.91
27901,6178,legal,25.0,1.71
11894,8510,legal,25.0,1.71
4465,1034,full,261.63,54.81
9073,9324,breakdown,16.89,4.54
16906,8769,breakdown,16.89,4.54
16852,8866,full,343.11,71.88
18892,2735,legal,25.0,1.71
11790,9800,breakdown,16.89,4.54
17142,2562,legal,25.0,1.71
13235,2749,legal,25.0,1.71
3173,2311,legal,37.5,2.02
424,246,legal,46.13,1.71
24592,9757,full,192.44,40.31
23066,4355,full,566.5,118.67
12673,5421,legal,25.0,1.71
21075,3138,legal,37.5,2.02
1362,1678,full,1054.8,220.96
24429,5360,full,273.26,57.24
21080,2,legal,25.0,1.71
2239,2415,legal,46.13,1.71
21737,1905,breakdown,22.9,5.09
22623,797,legal,37.5,2.02
18805,9143,breakdown,22.9,5.09
19950,2392,breakdown,16.89,4.54
8972,1746,breakdown,16.89,4.54
13840,6764,legal,37.5,2.02
12755,8263,full,342.53,71.76
8913,8099,legal,25.0,1.71
26844,5998,breakdown,22.9,5.09
6932,1903,breakdown,16.89,4.54
3172,1961,legal,25.0,1.71
18183,6370,breakdown,16.89,4.54
1076,1643,breakdown,16.89,4.54
1329,2471,full,404.8,84.8
6823,1094,breakdown,16.89,4.54
21729,6061,legal,25.0,1.71
24179,6703,full,314.0,65.78
25911,1457,breakdown,22.9,5.09
5916,9890,breakdown,16.89,4.54
15299,5545,full,637.03,133.45
25,1360,legal,46.13,1.71
21736,7696,legal,46.13,1.71
1898,8840,legal,25.0,1.71
6481,3713,full,706.75,148.05
9379,1258,breakdown,16.89,4.54
10587,8438,breakdown,16.89,4.54
28449,6218,breakdown,22.9,5.09
14065,721,breakdown,22.9,5.09
465,72,legal,25.0,1.71
20596,9995,legal,25.0,1.71
11182,5529,full,253.0,53.0
17825,1734,breakdown,16.89,4.54
14622,9110,full,379.5,79.5
15816,670,breakdown,16.89,4.54
12840,7808,full,172.87,36.22
23131,1353,legal,69.23,2.27
18225,6823,legal,25.0,1.71
5407,8368,full,169.37,35.48
12955,9123,breakdown,16.89,4.54
28211,7437,full,757.46,158.68
3197,5691,breakdown,16.89,4.54
210,7099,breakdown,16.89,4.54
3908,7213,legal,25.0,1.71
28424,713,breakdown,16.89,4.54
19404,909,full,195.4,40.93
27284,6063,breakdown,22.9,5.09
29431,7563,legal,46.13,1.71
20527,5151,breakdown,16.89,4.54
5679,1841,breakdown,22.9,5.09
23662,8972,full,277.98,58.24
29209,414,legal,37.5,2.02
20977,9305,breakdown,16.89,4.54
19686,4287,breakdown,16.89,4.54
14024,5717,breakdown,16.89,4.54
2036,7079,legal,25.0,1.71
19583,4748,legal,30.0,1.71
19588,3475,full,286.1,59.93
18663,441,breakdown,22.9,5.09
28053,4324,breakdown,16.89,4.54
3917,3866,legal,37.5,2.02
14609,9957,legal,69.23,2.27
7668,5481,breakdown,22.9,5.09
27784,7533,legal,25.0,1.71
22917,5946,full,544.47,114.06
14965,1603,breakdown,16.89,4.54
9675,332,breakdown,22.9,5.09
24835,1754,breakdown,22.9,5.09
22050,5480,legal,46.13,1.71
20525,6012,legal,37.5,2.02
2203,6562,full,282.2,59.12
5277,7037,full,342.25,71.7
2730,244,legal,25.0,1.71
4524,6975,legal,25.0,1.71
25986,7118,full,189.75,39.75
14202,2638,breakdown,16.89,4.54
27310,8710,full,190.16,39.84
24236,3354,full,177.53,37.19
5153,8758,legal,37.5,2.02
16412,3617,full,101.2,21.2
24219,1176,full,182.39,38.21
26617,5451,breakdown,22.9,5.09
19689,9219,full,356.73,74.73
10939,4591,legal,25.0,1.71
929,7017,legal,25.0,1.71
22088,4573,legal,25.0,1.71
19541,5661,full,384.51,80.55
22199,3213,breakdown,22.9,5.09
2716,1845,full,463.11,97.01
5549,2275,legal,25.0,1.71
12689,373,legal,25.0,1.71
1913,3316,full,216.12,45.28
20937,1150,breakdown,16.89,4.54
29823,8786,full,441.78,92.55
6117,3690,breakdown,16.89,4.54
19674,2267,breakdown,16.89,4.54
8406,8719,legal,25.0,1.71
29484,1114,breakdown,16.89,4.54
14394,7148,full,337.71,70.75
15250,2646,breakdown,22.9,5.09
2169,6112,full,360.12,75.44
19390,8360,full,587.38,123.05
8101,9526,legal,25.0,1.71
16011,2364,breakdown,16.89,4.54
14812,1365,full,525.13,110.01
19543,7446,legal,37.5,2.02
14658,6887,legal,25.0,1.71
29119,9923,breakdown,16.89,4.54
23498,861,legal,25.0,1.71
9372,2995,legal,25.0,1.71
8556,4235,legal,25.0,1.71
23204,867,legal,25.0,1.71
9577,5561,legal,46.13,1.71
15715,9940,legal,46.13,1.71
10699,3277,breakdown,16.89,4.54
24998,252,full,445.76,93.38
25440,8796,breakdown,16.89,4.54
26678,5513,full,291.18,60.99
11036,3911,breakdown,16.89,4.54
3181,7444,full,254.74,53.37
16134,6675,legal,25.0,1.71
18450,8906,legal,25.0,1.71
5058,4289,legal,37.5,2.02
19516,844,breakdown,16.89,4.54
6077,4117,legal,25.0,1.71
24965,8187,full,,105.11
20883,5942,breakdown,16.89,4.54
7349,4772,breakdown,22.9,5.09
26693,9682,legal,25.0,1.71
23083,3523,full,367.14,76.91
23417,5591,full,181.79,38.08
7626,5991,full,432.33,90.57
24863,701,legal,25.0,1.71
15885,8084,legal,25.0,1.71
18956,9508,breakdown,16.89,4.54
20639,278,legal,37.5,2.02
22297,2587,legal,25.0,1.71
1367,5383,breakdown,16.89,4.54
23388,2594,full,1220.75,255.73
12266,534,full,1616.53,338.64
9825,7119,legal,25.0,1.71
764,6263,breakdown,16.89,4.54
4268,1950,full,510.26,106.89
12512,6368,breakdown,22.9,5.09
18463,8291,breakdown,16.89,4.54
11392,3389,legal,25.0,1.71
15283,1308,legal,25.0,1.71
10492,6471,full,335.73,70.34
29923,4624,breakdown,16.89,4.54
24746,6705,breakdown,16.89,4.54
23712,7320,full,341.38,71.52
13882,6092,full,332.19,69.59
20087,4586,full,169.37,35.48
20733,5689,full,342.48,71.75
28736,881,legal,46.13,1.71
6154,9730,breakdown,22.9,5.09
3275,7324,breakdown,16.89,4.54
20795,9898,full,357.96,74.99
1511,335,legal,25.0,1.71
12239,2313,legal,25.0,1.71
1943,9496,legal,46.13,1.71
19088,7055,legal,25.0,1.71
5477,9504,legal,25.0,1.71
1911,7130,full,473.87,99.27
19547,4106,full,152.23,31.89
2044,4029,legal,25.0,1.71
9700,8238,breakdown,16.89,4.54
3542,4463,breakdown,22.9,5.09
7441,6356,legal,37.5,2.02
12591,9831,breakdown,22.9,5.09
8094,7369,full,467.14,97.86
22905,6071,legal,37.5,2.02
18794,9309,full,260.62,54.59
14319,5871,full,139.15,29.15
13658,3548,full,627.11,131.37
12041,6110,breakdown,16.89,4.54
19560,3712,legal,25.0,1.71
18284,4470,breakdown,16.89,4.54
19251,6436,legal,25.0,1.71
26853,7752,legal,25.0,1.71
12337,8155,full,169.37,35.48
18362,7421,breakdown,16.89,4.54
5009,6253,breakdown,16.89,4.54
26896,3442,legal,46.13,1.71
6717,7171,breakdown,16.89,4.54
20336,7291,legal,25.0,1.71
6165,2225,full,356.16,74.61
7517,7391,full,255.27,53.48
1533,8738,breakdown,16.89,4.54
24184,5868,full,432.34,90.57
15760,6064,full,518.22,108.56
10761,8275,full,285.91,59.89
20969,8485,full,292.29,61.23
25540,8289,legal,25.0,1.71
15289,8065,breakdown,16.89,4.54
15135,7658,full,172.87,36.22
17422,7112,legal,92.32,2.83
14397,8641,legal,37.5,2.02
27303,1770,breakdown,16.89,4.54
18921,8563,full,580.06,121.52
4938,4001,breakdown,22.9,5.09
13547,5164,full,477.19,99.97
23754,7386,legal,30.0,1.71
27936,1209,breakdown,16.89,4.54
4449,133,legal,37.5,2.02
5375,5991,breakdown,16.89,4.54
2011,9286,full,169.37,35.48
28623,998,full,250.36,52.44
27859,6339,legal,37.5,2.02
18647,5178,breakdown,22.9,5.09
4836,4143,breakdown,16.89,4.54
13210,630,full,427.08,89.47
996,1632,legal,25.0,1.71
7431,1588,legal,25.0,1.71
17027,4203,breakdown,16.89,4.54
5559,5658,breakdown,16.89,4.54
14715,8112,full,169.37,35.48
22557,7909,breakdown,16.89,4.54
4464,898,full,444.43,93.1
2956,550,full,172.87,36.22
22043,8397,legal,37.5,2.02
5519,1391,full,406.9,85.24
141,3129,full,213.63,44.75
10151,2386,legal,25.0,1.71
7881,4899,legal,25.0,1.71
29320,9552,breakdown,16.89,4.54
15828,5617,legal,46.13,1.71
20344,7491,full,229.39,48.05
11213,9999,breakdown,16.89,4.54
2714,7593,legal,25.0,1.71
16501,9298,legal,37.5,2.02
16871,4279,legal,25.0,1.71
490,254,legal,37.5,2.02
1358,5994,legal,25.0,1.71
14377,8960,full,256.19,53.67
10797,1004,full,492.78,103.23
16263,9076,breakdown,16.89,4.54
5636,737,legal,25.0,1.71
1186,2362,full,252.65,52.93
14830,5269,breakdown,16.89,4.54
7102,6963,legal,25.0,1.71
28464,8205,full,229.32,48.04
25517,3105,breakdown,25.9,5.91
16564,677,breakdown,16.89,4.54
28070,1385,full,846.12,177.25
24238,29,full,361.12,75.65
13452,7082,legal,46.13,1.71
29570,9991,legal,45.0,2.08
29258,3382,legal,25.0,1.71
26518,2548,legal,25.0,1.71
12696,178,legal,25.0,1.71
16610,4903,legal,37.5,2.02
5200,9330,full,627.85,131.52
9525,449,legal,25.0,1.71
11367,1449,breakdown,22.9,5.09
21206,7779,legal,25.0,1.71
23231,3643,breakdown,16.89,4.54
10199,2612,legal,25.0,1.71
3935,548,legal,25.0,1.71
24333,7977,breakdown,16.89,4.54
28891,9974,breakdown,16.89,4.54
14511,1736,full,219.59,46.0
7513,5683,breakdown,22.9,5.09
9394,3085,full,989.19,207.23
28128,5713,full,233.57,48.93
22940,530,legal,25.0,1.71
1231,2733,legal,25.0,1.71
25752,1474,legal,25.0,1.71
26696,2646,full,164.11,34.38
21739,2078,legal,25.0,1.71
20123,1041,breakdown,16.89,4.54
29890,3581,full,969.97,203.19
28526,7549,breakdown,16.89,4.54
29495,6515,legal,25.0,1.71
12564,4707,legal,25.0,1.71
19634,217,full,486.88,102.0
1081,3846,breakdown,16.89,4.54
23887,3109,breakdown,22.9,5.09
7226,7884,breakdown,16.89,4.54
9893,7825,legal,25.0,1.71
6294,4792,full,695.37,145.67
10752,6467,legal,25.0,1.71
2377,784,legal,25.0,1.71
1036,7355,legal,25.0,1.71
15386,5652,legal,25.0,1.71
9043,5265,legal,37.5,2.02
12751,2292,full,480.7,100.7
484,4513,legal,25.0,1.71
1003,5592,breakdown,22.9,5.09
25754,3139,breakdown,16.89,4.54
3443,7837,full,380.35,79.68
12942,6070,breakdown,16.89,4.54
22620,930,breakdown,25.9,5.91
2126,1102,breakdown,16.89,4.54
22773,141,breakdown,16.89,4.54
20360,5001,breakdown,16.89,4.54
16487,4339,legal,25.0,1.71
767,2816,breakdown,22.9,5.09
6728,3293,breakdown,22.9,5.09
27476,9668,full,416.21,87.19
16924,3441,breakdown,22.9,5.09
14229,5880,full,198.74,41.64
23319,3327,breakdown,16.89,4.54
23104,5216,breakdown,22.9,5.09
3305,3141,breakdown,16.89,4.54
2388,38,full,152.23,31.89
18341,6038,legal,25.0,1.71
28972,9783,legal,25.0,1.71
12380,4417,breakdown,22.9,5.09
26883,1296,breakdown,22.9,5.09
1164,509,full,101.2,21.2
24509,2959,breakdown,22.9,5.09
23725,1389,breakdown,16.89,4.54
15282,1341,legal,25.0,1.71
26564,7955,breakdown,16.89,4.54
9667,4302,full,259.4,54.34
22934,573,breakdown,16.89,4.54
18940,7176,legal,69.23,2.27
19928,6338,legal,25.0,1.71
26638,4977,full,366.09,76.69
24216,9136,legal,25.0,1.71
8826,6641,breakdown,22.9,5.09
23039,323,full,872.47,182.77
29210,9691,breakdown,16.89,4.54
22888,5332,full,411.02,86.11
1528,8133,legal,37.5,2.02
816,3006,legal,37.5,2.02
24693,170,breakdown,16.89,4.54
28485,2118,full,322.77,67.62
15522,1971,breakdown,16.89,4.54
13177,2507,full,433.78,90.87
16771,5350,legal,25.0,1.71
25271,6664,breakdown,22.9,5.09
26811,7992,breakdown,16.89,4.54
7766,9203,breakdown,25.9,5.91
22618,5279,legal,25.0,1.71
28508,395,legal,37.5,2.02
1999,8329,legal,46.13,1.71
24175,2204,legal,25.0,1.71
77,9156,full,298.55,62.54
7656,2303,breakdown,22.9,5.09
23329,8960,breakdown,16.89,4.54
21984,2186,full,115.57,24.21
4649,822,breakdown,16.89,4.54
19669,165,legal,25.0,1.71
23160,5962,full,323.79,67.83
10577,6360,legal,25.0,1.71
28956,1205,legal,25.0,1.71
27774,983,full,461.71,96.72
23716,9494,legal,37.5,2.02
27482,8014,legal,46.13,1.71
9839,9093,breakdown,16.89,4.54
20901,472,legal,25.0,1.71
2240,8704,breakdown,16.89,4.54
26146,7060,breakdown,16.89,4.54
12190,1270,full,517.36,108.38
18933,8822,full,495.34,103.77
26159,7817,full,499.16,104.57
50,5735,full,296.36,62.08
3924,1452,legal,25.0,1.71
20600,1300,full,309.49,64.84
15128,5822,full,400.58,83.92
378,1195,legal,37.5,2.02
12900,6165,full,1417.28,296.9
4733,8495,full,250.68,52.51
22714,8267,breakdown,16.89,4.54
1037,5448,legal,37.5,2.02
7388,5114,full,410.87,86.07
14053,2139,full,383.72,80.38
26053,3317,legal,25.0,1.71
2831,5088,full,264.42,55.39
12131,3176,legal,37.5,2.02
5075,704,breakdown,16.89,4.54
13605,8907,full,674.33,141.26
4768,2961,breakdown,16.89,4.54
29286,7430,full,288.45,60.42
25610,121,full,188.42,39.47
6555,5288,breakdown,16.89,4.54
4037,46,breakdown,16.89,4.54
10311,2668,legal,25.0,1.71
10484,8422,legal,25.0,1.71
17794,5604,full,254.9,53.39
4912,5102,legal,25.0,1.71
29581,599,breakdown,16.89,4.54
11397,5449,legal,25.0,1.71
17491,4707,breakdown,16.89,4.54
6912,4063,breakdown,16.89,4.54
26612,1122,breakdown,16.89,4.54
27327,9928,full,380.22,79.65
17552,5038,legal,25.0,1.71
14748,9163,breakdown,16.89,4.54
13213,6842,full,101.2,21.2
7859,5413,breakdown,16.89,4.54
16959,864,full,392.05,82.13
24286,5672,full,573.48,120.14
23724,1517,legal,46.13,1.71
19934,6629,full,590.81,123.77
4718,3163,legal,25.0,1.71
17698,4772,full,175.25,36.71
14565,9812,legal,25.0,1.71
3386,4458,breakdown,16.89,4.54
13475,5008,legal,25.0,1.71
11211,1549,breakdown,22.9,5.09
28536,838,breakdown,16.89,4.54
9443,9017,breakdown,16.89,4.54
13030,4342,legal,25.0,1.71
4916,2947,breakdown,16.89,4.54
3649,1744,breakdown,16.89,4.54
28097,856,breakdown,16.89,4.54
26400,6900,breakdown,16.89,4.54
12117,2473,breakdown,16.89,4.54
28458,3874,legal,25.0,1.71
10415,9243,breakdown,16.89,4.54
13933,796,breakdown,16.89,4.54
658,8274,breakdown,16.89,4.54
25318,4312,legal,25.0,1.71
26677,4345,legal,25.0,1.71
25566,7104,legal,25.0,1.71
21532,9579,breakdown,16.89,4.54
1548,5426,full,379.22,79.44
11932,616,legal,25.0,1.71
15952,5072,legal,25.0,1.71
11855,2779,breakdown,16.89,4.54
18848,9013,breakdown,16.89,4.54
20061,9615,legal,25.0,1.71
19372,1003,full,426.96,89.44
16997,2812,legal,25.0,1.71
10069,9830,breakdown,22.9,5.09
16493,9608,breakdown,16.89,4.54
25664,6196,full,378.25,79.24
14713,3730,full,449.22,94.11
24800,8108,breakdown,16.89,4.54
18370,1738,legal,37.5,2.02
17817,7018,full,189.59,39.72
7242,2128,full,314.4,65.86
10344,6419,full,152.23,31.89
25405,692,breakdown,22.9,5.09
4810,6078,legal,25.0,1.71
4018,1990,legal,25.0,1.71
19799,5477,breakdown,22.9,5.09
6127,8711,legal,25.0,1.71
23676,2105,breakdown,16.89,4.54
6160,2095,full,559.68,117.25
8541,8553,full,216.87,45.43
9699,1543,full,183.77,38.5
21303,7164,breakdown,22.9,5.09
7412,8221,breakdown,16.89,4.54
25058,3349,breakdown,16.89,4.54
20363,8689,full,541.2,113.37
13047,4702,breakdown,16.89,4.54
10420,1888,legal,25.0,1.71
19368,6013,legal,37.5,2.02
6814,8772,breakdown,16.89,4.54
29300,4031,legal,25.0,1.71
14325,5714,breakdown,16.89,4.54
5616,3155,legal,25.0,1.71
14478,4653,breakdown,16.89,4.54
17512,7393,breakdown,16.89,4.54
11933,1500,breakdown,16.89,4.54
18501,5827,legal,25.0,1.71
7334,8474,full,101.2,21.2
14980,5156,legal,46.13,1.71
27634,3050,full,101.2,21.2
1056,7966,legal,25.0,1.71
444,8722,breakdown,16.89,4.54
16001,4163,full,249.7,52.31
24801,1723,full,337.79,70.76
20847,2633,full,251.73,52.73
1441,3752,full,287.35,60.19
21760,1386,full,212.54,44.53
24152,3428,breakdown,16.89,4.54
16807,2541,full,197.21,41.31
25115,3521,breakdown,16.89,4.54
5124,2108,legal,25.0,1.71
11060,5579,breakdown,25.9,5.91
7474,618,breakdown,16.89,4.54
19370,3494,breakdown,16.89,4.54
16734,2119,legal,37.5,2.02
7108,8934,breakdown,16.89,4.54
11898,4986,full,404.8,84.8
7605,7036,full,308.18,64.56
8236,2109,breakdown,22.9,5.09
21357,4500,breakdown,22.9,5.09
10656,1148,breakdown,16.89,4.54
6290,1174,full,369.7,77.45
13204,137,full,197.15,41.3
6241,5836,full,526.43,110.28
27045,1407,legal,25.0,1.71
24371,6157,breakdown,16.89,4.54
11792,2859,none,16.89,4.54
15868,4938,breakdown,16.89,4.54
22382,7676,full,116.76,24.46
7937,4299,full,412.38,86.39
5270,9208,breakdown,16.89,4.54
17480,353,legal,25.0,1.71
1012,2252,legal,25.0,1.71
18316,1470,legal,25.0,1.71
25331,6503,breakdown,,4.54
14046,1275,legal,37.5,2.02
3886,1183,legal,37.5,2.02
5393,9067,breakdown,16.89,4.54
7262,3668,breakdown,16.89,4.54
15358,3299,full,582.7,122.07
14950,4267,legal,25.0,1.71
15428,2794,legal,25.0,1.71
17528,9488,full,324.89,68.06
26140,4525,breakdown,16.89,4.54
27979,7054,legal,25.0,1.71
20992,6553,full,257.23,53.89
7926,1864,full,371.86,77.9
24559,7534,breakdown,22.9,5.09
28244,2687,breakdown,16.89,4.54
27257,7481,breakdown,22.9,5.09
11157,6233,breakdown,22.9,5.09
5,5208,breakdown,16.89,4.54
8172,4432,full,346.96,72.68
11270,4678,breakdown,16.89,4.54
1294,3217,legal,25.0,1.71
27599,5272,full,232.0,48.6
28531,839,full,838.09,175.57
14374,1455,breakdown,16.89,4.54
25578,5818,breakdown,16.89,4.54
4974,7579,full,300.69,62.99
20552,1361,legal,46.13,1.71
9974,879,full,494.63,103.62
20053,7685,legal,92.32,2.83
2351,7054,breakdown,16.89,4.54
23757,7642,breakdown,16.89,4.54
20035,6297,breakdown,16.89,4.54
20017,1061,legal,69.23,2.27
8251,8118,breakdown,22.9,5.09
28339,4404,full,188.46,39.48
19626,5432,legal,37.5,2.02
26143,5365,legal,37.5,2.02
6948,6450,full,223.62,46.85
21393,4354,full,566.5,118.67
20736,3336,breakdown,22.9,5.09
11471,837,breakdown,16.89,4.54
25751,4426,legal,25.0,1.71
13533,7021,breakdown,16.89,4.54
23038,4604,legal,37.5,2.02
12518,6442,full,285.2,59.74
14082,4972,full,203.42,42.62
4693,5002,legal,37.5,2.02
18887,7916,full,252.59,52.92
27682,5841,full,336.63,70.52
18748,361,full,578.73,121.24
23512,6068,full,275.11,57.63
13558,3340,legal,25.0,1.71
15908,3166,breakdown,16.89,4.54
29497,8300,legal,37.5,2.02
12473,894,full,350.47,73.42
12496,2101,breakdown,22.9,5.09
15406,1435,breakdown,16.89,4.54
14494,4701,legal,37.5,2.02
11954,8336,breakdown,16.89,4.54
5556,20,legal,37.5,2.02
5806,8921,breakdown,22.9,5.09
27688,2500,full,426.62,89.37
15922,1104,full,291.66,61.1
22899,8981,legal,25.0,1.71
14191,73,full,190.09,39.82
27002,161,breakdown,16.89,4.54
4112,136,breakdown,16.89,4.54
1168,5466,full,348.27,72.96
15257,5067,breakdown,16.89,4.54
22561,3177,full,239.0,50.07
2559,6428,full,276.49,57.92
7845,8508,breakdown,16.89,4.54
29233,844,legal,25.0,1.71
4683,3081,breakdown,22.9,5.09
21897,4942,full,341.42,71.53
28716,7946,full,305.76,64.05
619,4209,breakdown,32.4,6.5
3555,6864,legal,25.0,1.71
12035,2572,full,186.19,39.0
24584,2178,breakdown,16.89,4.54
27823,5126,full,691.16,144.79
14687,6814,breakdown,16.89,4.54
25224,1698,full,152.23,31.89
11502,8870,full,294.03,61.6
6552,1484,legal,25.0,1.71
17364,3615,breakdown,16.89,4.54
27038,5312,full,452.17,94.72
23604,1806,full,380.99,79.81
22069,306,full,251.73,52.73
13938,9499,breakdown,16.89,4.54
626,1485,breakdown,16.89,4.54
23355,2484,legal,25.0,1.71
430,7116,full,406.75,85.21
7768,9515,breakdown,16.89,4.54
26751,4295,legal,46.13,1.71
25067,600,full,256.69,53.77
11885,6717,breakdown,16.89,4.54
17413,1989,breakdown,22.9,5.09
17749,2605,full,1014.65,212.56
8476,6334,full,526.72,110.34
28168,6976,breakdown,32.4,6.5
9940,3551,legal,46.13,1.71
242,3359,full,170.78,35.78
9169,7581,legal,25.0,1.71
10489,4291,full,189.75,39.75
23208,6611,breakdown,16.89,4.54
6480,2196,legal,37.5,2.02
3026,8799,legal,25.0,1.71
22780,2373,full,548.9,114.99
24633,6181,legal,25.0,1.71
11134,4795,full,395.47,82.85
28714,73,legal,25.0,1.71
26599,8592,breakdown,16.89,4.54
25920,5957,breakdown,16.89,4.54
19193,1807,full,370.62,77.64
8287,4888,full,148.8,31.17
7616,1393,full,576.36,120.74
10684,7436,breakdown,16.89,4.54
14849,5444,legal,25.0,1.71
29963,4508,legal,46.13,1.71
6039,8130,breakdown,22.9,5.09
21314,4108,breakdown,16.89,4.54
29414,5403,legal,37.5,2.02
4708,5493,legal,25.0,1.71
8879,3571,full,209.48,43.89
14470,2831,legal,25.0,1.71
12433,5594,legal,37.5,2.02
7185,9988,breakdown,16.89,4.54
18973,48,breakdown,16.89,4.54
6986,5104,legal,25.0,1.71
23559,4825,breakdown,16.89,4.54
23533,6695,breakdown,16.89,4.54
16224,3096,full,249.11,52.19
21768,9751,breakdown,16.89,4.54
22289,2445,breakdown,22.9,5.09
10701,5473,full,231.2,48.43
16614,3207,breakdown,16.89,4.54
2995,9706,breakdown,16.89,4.54
11825,4033,legal,37.5,2.02
3507,4806,full,306.57,64.22
21550,1163,full,172.87,36.22
2750,8218,legal,46.13,1.71
17860,6839,legal,46.13,1.71
24937,4901,full,406.53,85.16
16144,5167,breakdown,16.89,4.54
5467,6529,legal,25.0,1.71
19280,8874,full,575.14,120.48
5207,2811,full,1018.89,213.44
52,8932,legal,37.5,2.02
13129,9330,breakdown,16.89,4.54
3490,9249,breakdown,22.9,5.09
2410,7774,breakdown,16.89,4.54
3597,4556,legal,25.0,1.71
3977,6670,full,267.48,56.03
27120,6340,full,171.53,35.94
18991,9029,legal,25.0,1.71
25042,9037,legal,46.13,1.71
17276,1741,full,201.78,42.27
15063,6107,breakdown,16.89,4.54
29474,2823,breakdown,16.89,4.54
11201,5310,legal,25.0,1.71
15044,455,full,644.3,134.97
26030,7026,legal,25.0,1.71
26014,648,full,242.14,50.73
15110,1768,legal,25.0,1.71
17751,6796,legal,69.23,2.27
9962,5743,full,254.84,53.39
8220,9869,legal,46.13,1.71
28712,961,full,299.18,62.67
17105,6706,legal,46.13,1.71
4949,8429,legal,25.0,1.71
5352,4826,breakdown,16.89,4.54
316,7889,legal,25.0,1.71
7509,312,breakdown,16.89,4.54
28596,8005,breakdown,22.9,5.09
8641,6317,breakdown,22.9,5.09
1334,701,breakdown,16.89,4.54
21097,9187,legal,25.0,1.71
24266,5938,legal,25.0,1.71
7547,6378,legal,,1.71
26109,8778,full,234.45,49.11
14338,6990,full,253.39,53.08
7954,5300,breakdown,16.89,4.54
22064,2459,full,152.23,31.89
15054,4067,legal,92.32,2.83
18614,3478,breakdown,16.89,4.54
13851,1360,breakdown,16.89,4.54
15767,4719,breakdown,16.89,4.54
939,976,legal,30.0,1.71
6209,7783,breakdown,16.89,4.54
9263,9998,breakdown,16.89,4.54
27338,1533,breakdown,16.89,4.54
17406,6898,legal,25.0,1.71
9883,9874,breakdown,16.89,4.54
17626,124,full,441.68,92.53
4598,5787,breakdown,16.89,4.54
27371,4932,breakdown,16.89,4.54
13226,6409,legal,25.0,1.71
28285,9580,full,268.53,56.26
21541,2701,legal,37.5,2.02
16818,8886,full,101.2,21.2
20653,119,legal,25.0,1.71
23049,8523,legal,25.0,1.71
4445,7750,legal,37.5,2.02
22346,1180,legal,69.23,2.27
14707,8690,breakdown,16.89,4.54
4813,3396,breakdown,22.9,5.09
24918,1216,legal,25.0,1.71
8730,5359,full,335.28,70.24
11355,8968,full,296.86,62.19
27867,8071,breakdown,16.89,4.54
25319,1977,full,251.74,52.74
24798,8270,full,366.22,76.72
9793,1200,breakdown,22.9,5.09
27805,6946,full,387.35,81.14
22379,7505,breakdown,22.9,5.09
19442,6886,breakdown,25.9,5.91
28732,2172,legal,25.0,1.71
2618,7280,legal,25.0,1.71
18441,73,breakdown,16.89,4.54
27873,9054,legal,37.5,2.02
23021,6226,breakdown,16.89,4.54
28994,37,legal,46.13,1.71
9461,5529,legal,46.13,1.71
18547,628,legal,25.0,1.71
3790,6878,legal,25.0,1.71
3719,8572,legal,25.0,1.71
6336,2854,legal,37.5,2.02
14355,3875,legal,30.0,1.71
15312,2409,legal,46.13,1.71
11408,2920,legal,69.23,2.27
1495,56,breakdown,16.89,4.54
18247,9734,legal,25.0,1.71
4364,4195,full,270.54,56.68
16297,6920,legal,25.0,1.71
634,8370,breakdown,16.89,4.54
1635,2384,legal,25.0,1.71
24544,9947,breakdown,16.89,4.54
25772,9925,legal,25.0,1.71
22631,8756,breakdown,16.89,4.54
17711,8220,breakdown,16.89,4.54
875,5469,legal,25.0,1.71
27638,8494,breakdown,22.9,5.09
20679,960,breakdown,16.89,4.54
13149,5096,full,641.95,134.48
27752,7694,legal,37.5,2.02
4769,9678,breakdown,22.9,5.09
18603,8566,full,395.98,82.95
5834,1486,legal,69.23,2.27
21835,8755,legal,25.0,1.71
19946,5738,full,747.95,156.68
19670,490,breakdown,22.9,5.09
27989,9904,full,169.37,35.48
27831,4685,breakdown,16.89,4.54
19341,509,legal,46.13,1.71
1072,136,full,458.7,96.09
25345,9400,breakdown,22.9,5.09
4687,316,full,224.63,47.06
11754,8694,full,202.47,42.42
4786,591,breakdown,22.9,5.09
7475,2218,breakdown,16.89,4.54
17325,4703,full,228.14,47.79
9539,3524,breakdown,16.89,4.54
10623,6210,full,310.24,64.99
29649,6480,legal,25.0,1.71
4089,1314,legal,25.0,1.71
16632,4582,full,1096.35,229.67
2246,4399,full,366.94,76.87
25642,8871,legal,25.0,1.71
4063,1733,legal,46.13,1.71
26411,8961,full,101.2,21.2
9526,5465,full,264.22,55.36
1173,4549,breakdown,25.9,5.91
27578,4467,legal,25.0,1.71
14330,6770,legal,69.23,2.27
8646,5609,breakdown,16.89,4.54
6260,9862,full,150.21,31.47
14131,6743,breakdown,22.9,5.09
20304,3985,legal,37.5,2.02
14569,8748,full,263.37,55.17
14929,6100,breakdown,16.89,4.54
2445,7288,breakdown,16.89,4.54
27923,1421,breakdown,16.89,4.54
9850,2136,breakdown,16.89,4.54
28789,5634,full,982.34,205.79
2567,2597,full,318.22,66.66
6973,8450,legal,25.0,1.71
8998,3072,full,327.4,68.59
3454,6078,full,472.87,99.06
3048,6174,full,289.34,60.62
14435,4190,breakdown,22.9,5.09
16688,2237,breakdown,22.9,5.09
27204,6816,legal,25.0,1.71
13376,1209,full,245.76,51.48
25066,8733,legal,25.0,1.71
29341,7123,full,290.65,60.89
25896,9250,legal,37.5,2.02
12080,8407,legal,25.0,1.71
8445,2390,legal,25.0,1.71
1504,5364,legal,37.5,2.02
2378,3937,breakdown,16.89,4.54
19770,4126,legal,25.0,1.71
61,2704,legal,46.13,1.71
18482,8180,breakdown,16.89,4.54
25167,6115,full,207.31,43.43
6939,7408,full,326.98,68.5
3280,7092,full,390.19,81.74
8947,6615,full,189.19,39.63
9110,704,full,458.15,95.98
11499,8393,full,325.58,68.2
25191,4958,full,313.89,65.75
15302,6787,full,188.26,39.44
17718,2705,breakdown,16.89,4.54
4913,2890,legal,25.0,1.71
6714,7092,legal,25.0,1.71
22564,307,legal,25.0,1.71
14124,7813,breakdown,16.89,4.54
11921,3281,breakdown,16.89,4.54
28741,7047,breakdown,22.9,5.09
13179,6622,full,255.42,53.51
28973,4858,legal,25.0,1.71
24413,7255,breakdown,16.89,4.54
17864,7409,full,461.95,96.77
12401,1800,legal,25.0,1.71
23858,4454,full,328.91,68.9
4407,920,legal,25.0,1.71
24516,9843,full,152.23,31.89
28122,2013,full,373.01,78.14
25570,3613,breakdown,16.89,4.54
1242,295,full,616.62,129.18
11465,9191,legal,25.0,1.71
1748,212,full,172.1,36.05
6995,127,full,346.04,72.49
26791,3704,full,399.83,83.76
25547,1660,legal,25.0,1.71
29894,3841,legal,45.0,2.08
10045,7142,legal,25.0,1.71
13426,6152,full,188.42,39.47
20121,3969,breakdown,16.89,4.54
26697,9070,breakdown,16.89,4.54
11317,7284,full,152.23,31.89
19824,7570,legal,25.0,1.71
3248,571,breakdown,16.89,4.54
26064,5447,legal,46.13,1.71
26005,2557,legal,25.0,1.71
19170,2840,full,239.91,50.26
9389,8554,full,278.3,58.3
15919,7575,full,211.4,44.29
21101,7287,full,267.36,56.01
12640,8048,legal,25.0,1.71
25386,2169,breakdown,16.89,4.54
25523,6272,full,443.31,92.87
20234,6921,legal,37.5,2.02
13358,8316,full,465.07,97.43
21190,4150,full,289.64,60.68
7233,345,legal,37.5,2.02
8414,5341,legal,37.5,2.02
13795,5681,full,113.85,23.85
29726,5110,breakdown,16.89,4.54
4993,9199,legal,37.5,2.02
26746,3328,full,298.92,62.63
29613,8872,legal,37.5,2.02
2581,1392,full,183.95,38.54
11349,1706,breakdown,16.89,4.54
24778,1576,breakdown,16.89,4.54
23899,9556,legal,25.0,1.71
11559,7555,breakdown,16.89,4.54
6419,3105,legal,30.0,1.71
4776,9611,breakdown,16.89,4.54
19606,8774,legal,46.13,1.71
25655,1746,legal,25.0,1.71
3341,6896,legal,25.0,1.71
14385,9233,full,838.39,175.63
2987,318,breakdown,22.9,5.09
21894,774,breakdown,16.89,4.54
14660,4387,legal,25.0,1.71
8515,208,breakdown,16.89,4.54
6850,4195,legal,25.0,1.71
23331,8167,legal,25.0,1.71
15078,2326,legal,37.5,2.02
733,5507,full,367.3,76.95
8519,3728,full,514.37,107.75
24976,2029,legal,69.23,2.27
11436,6640,legal,25.0,1.71
28123,1195,full,306.09,64.12
9763,7170,legal,25.0,1.71
6865,7710,full,534.53,111.98
22231,5989,full,206.54,43.27
4986,4040,full,650.54,136.28
16093,138,full,152.23,31.89
22442,4933,legal,25.0,1.71
25060,850,full,208.6,43.7
7017,4696,breakdown,16.89,4.54
12407,430,breakdown,16.89,4.54
17438,6154,breakdown,22.9,5.09
13401,3423,full,329.08,68.94
9370,7149,legal,25.0,1.71
27460,9368,breakdown,16.89,4.54
10560,588,legal,25.0,1.71
7975,7676,breakdown,16.89,4.54
26103,3300,legal,25.0,1.71
16701,9000,breakdown,16.89,4.54
6420,1056,full,607.5,127.26
11618,8857,legal,46.13,1.71
13834,3063,legal,25.0,1.71
20667,3869,full,426.33,89.31
22404,1844,legal,37.5,2.02
24020,7371,breakdown,16.89,4.54
3544,3848,full,532.2,111.49
12569,7170,full,376.74,78.92
8302,7766,full,327.56,68.62
12549,6283,full,332.66,69.69
28018,7576,full,367.9,77.07
27124,4643,legal,25.0,1.71
14134,7260,full,419.89,87.96
26454,9779,full,311.89,65.34
6310,42,breakdown,16.89,4.54
5329,9266,breakdown,16.89,4.54
68,9719,breakdown,16.89,4.54
24968,7578,legal,37.5,2.02
212,2192,legal,25.0,1.71
1704,7162,legal,25.0,1.71
10624,1626,breakdown,16.89,4.54
14433,4858,breakdown,16.89,4.54
14425,1482,breakdown,22.9,5.09
4056,470,full,469.82,98.42
23280,1565,legal,25.0,1.71
13589,9353,legal,25.0,1.71
8866,7881,breakdown,22.9,5.09
28538,1216,full,192.65,40.36
2319,2547,legal,30.0,1.71
6105,424,breakdown,16.89,4.54
24954,4324,legal,25.0,1.71
2214,387,full,219.27,45.94
11059,2692,breakdown,16.89,4.54
15857,7737,full,479.89,100.53
9741,5703,legal,25.0,1.71
25034,514,breakdown,16.89,4.54
21789,3571,breakdown,16.89,4.54
13008,5214,legal,46.13,1.71
497,2656,legal,37.5,2.02
24185,7155,full,380.97,79.81
24363,7867,legal,46.13,1.71
28646,8663,breakdown,16.89,4.54
18134,6016,breakdown,16.89,4.54
20176,1413,legal,25.0,1.71
28432,2235,full,443.8,92.97
15233,3385,full,378.46,79.28
28811,6126,breakdown,16.89,4.54
9518,9830,full,403.19,84.47
12901,4002,breakdown,16.89,4.54
25805,5881,breakdown,16.89,4.54
8456,8743,breakdown,16.89,4.54
20241,4473,breakdown,16.89,4.54
14654,2890,breakdown,16.89,4.54
20981,9161,breakdown,16.89,4.54
28964,5552,legal,25.0,1.71
15862,452,legal,25.0,1.71
15639,7787,full,469.04,98.26
25819,5185,legal,25.0,1.71
1496,3684,breakdown,16.89,4.54
7564,2312,legal,25.0,1.71
11111,6444,full,169.37,35.48
2878,1462,full,291.92,61.15
25905,9035,legal,25.0,1.71
29804,2184,legal,25.0,1.71
18782,5621,legal,25.0,1.71
14209,8285,legal,25.0,1.71
24522,6658,legal,46.13,1.71
5202,9759,full,271.33,56.84
14293,9602,legal,46.13,1.71
15655,5046,breakdown,25.9,5.91
6120,2648,breakdown,22.9,5.09
18414,6890,full,237.15,49.68
25998,6825,full,317.09,66.43
20055,5522,full,306.34,64.18
26598,4144,breakdown,16.89,4.54
5687,9674,legal,69.23,2.27
2837,2468,legal,25.0,1.71
13024,2868,legal,25.0,1.71
5835,2368,breakdown,16.89,4.54
29255,1591,legal,37.5,2.02
18554,1217,full,637.51,133.55
3074,498,full,333.53,69.87
23706,1609,legal,25.0,1.71
9121,8276,full,285.91,59.89
16312,9748,legal,37.5,2.02
4707,8739,full,169.37,35.48
25273,4026,legal,30.0,1.71
20648,2813,breakdown,16.89,4.54
3314,4468,full,361.69,75.77
25004,5997,breakdown,16.89,4.54
13502,4968,breakdown,16.89,4.54
23347,5734,legal,25.0,1.71
27330,9664,breakdown,16.89,4.54
1654,9169,breakdown,16.89,4.54
25189,3742,breakdown,16.89,4.54
22189,9605,full,174.06,36.46
15157,9664,full,380.73,79.76
8451,4201,breakdown,16.89,4.54
25659,8243,legal,37.5,2.02
7549,9809,full,453.5,95.0
18052,9992,breakdown,16.89,4.54
24298,1743,legal,25.0,1.71
9732,4103,full,254.13,53.24
5655,532,full,244.0,51.12
27947,4585,breakdown,16.89,4.54
4033,27,breakdown,22.9,5.09
24365,2322,legal,25.0,1.71
12169,4413,legal,25.0,1.71
8540,7865,full,262.12,54.91
16942,5184,breakdown,16.89,4.54
15104,4030,breakdown,16.89,4.54
8859,1456,breakdown,16.89,4.54
7658,7635,full,172.87,36.22
21915,2623,legal,25.0,1.71
29816,2743,legal,25.0,1.71
5588,4228,breakdown,16.89,4.54
18025,4417,full,274.9,57.59
11934,1207,legal,92.32,2.83
17362,31,full,361.12,75.65
9730,7462,full,212.64,44.55
6122,4601,legal,69.23,2.27
23106,8553,breakdown,22.9,5.09
2737,3989,breakdown,22.9,5.09
15106,8352,full,891.86,186.84
8482,1851,breakdown,16.89,4.54
1033,1873,legal,37.5,2.02
11291,2727,breakdown,16.89,4.54
359,9016,full,169.37,35.48
21474,3833,breakdown,16.89,4.54
9799,5650,full,558.65,117.03
17183,866,legal,46.13,1.71
5080,2734,legal,25.0,1.71
22856,8609,legal,37.5,2.02
29193,9675,legal,25.0,1.71
29883,7894,breakdown,16.89,4.54
17581,8930,full,334.7,70.11
1998,9302,legal,25.0,1.71
6820,9797,legal,25.0,1.71
1363,4935,legal,37.5,2.02
9147,9620,breakdown,16.89,4.54
8497,4421,legal,37.5,2.02
9654,9335,full,316.71,66.35
16743,8146,full,520.04,108.94
21742,3379,legal,25.0,1.71
16922,6301,full,509.22,106.68
14755,9067,legal,25.0,1.71
12804,2985,full,765.06,160.27
9529,1427,legal,46.13,1.71
1420,1368,full,311.68,65.29
24029,216,legal,25.0,1.71
21707,74,full,606.65,127.09
10695,659,full,333.65,69.89
9734,9719,full,298.01,62.43
25159,3649,full,482.03,100.98
23082,6448,breakdown,22.9,5.09
9671,3216,full,199.01,41.69
20504,592,legal,25.0,1.71
5187,9349,legal,25.0,1.71
29395,404,full,295.15,61.83
943,870,legal,30.0,1.71
4569,1931,breakdown,32.4,6.5
14103,8117,legal,25.0,1.71
12250,6282,legal,37.5,2.02
13160,4010,full,372.29,78.0
6035,2695,legal,37.5,2.02
2368,9695,legal,37.5,2.02
28195,1112,full,663.46,138.99
13646,3399,legal,37.5,2.02
14630,6015,full,101.2,21.2
26719,633,breakdown,16.89,4.54
6482,2181,breakdown,22.9,5.09
19337,8305,legal,25.0,1.71
19939,3398,breakdown,16.89,4.54
17384,1578,legal,25.0,1.71
27140,7357,legal,25.0,1.71
15212,445,legal,25.0,1.71
11949,4623,full,113.85,23.85
6049,5946,legal,25.0,1.71
18883,2751,breakdown,16.89,4.54
4450,7572,legal,46.13,1.71
9607,5796,legal,37.5,2.02
11151,6676,full,162.53,34.05
24227,1807,legal,37.5,2.02
27701,2284,legal,25.0,1.71
25619,3767,legal,37.5,2.02
22862,2405,breakdown,16.89,4.54
20750,6512,breakdown,16.89,4.54
10997,3229,full,152.23,31.89
105,1823,breakdown,16.89,4.54
1471,6462,breakdown,16.89,4.54
17617,9873,full,531.35,111.31
26487,4481,breakdown,16.89,4.54
26081,3768,legal,37.5,2.02
27563,2662,breakdown,16.89,4.54
3951,8151,full,402.06,84.22
22130,2099,breakdown,16.89,4.54
469,1090,breakdown,16.89,4.54
18393,7916,legal,69.23,2.27
18543,3889,full,331.8,69.51
4628,3102,breakdown,16.89,4.54
7277,1678,legal,25.0,1.71
16966,2299,breakdown,16.89,4.54
27974,5943,legal,25.0,1.71
27617,1424,legal,46.13,1.71
17238,4938,full,516.74,108.25
14857,2396,full,481.07,100.78
12948,5918,legal,25.0,1.71
14599,3388,breakdown,16.89,4.54
24374,7886,legal,25.0,1.71
26217,399,legal,25.0,1.71
11603,6016,full,236.91,49.63
4278,6860,legal,25.0,1.71
25259,8501,full,404.08,84.65
4654,9735,full,170.43,35.71
24635,5385,legal,25.0,1.71
10217,4484,legal,25.0,1.71
20399,523,legal,25.0,1.71
9089,4491,breakdown,16.89,4.54
9691,2454,full,306.9,64.29
27241,391,legal,25.0,1.71
21092,5937,legal,25.0,1.71
27264,8817,legal,25.0,1.71
28471,1538,full,502.9,105.35
25792,2523,legal,25.0,1.71
9069,4654,breakdown,16.89,4.54
11952,2858,legal,25.0,1.71
8368,9289,breakdown,16.89,4.54
2514,2609,breakdown,16.89,4.54
25463,6127,legal,25.0,1.71
3273,7887,full,1134.48,237.66
2771,8499,breakdown,22.9,5.09
23123,9610,full,406.63,85.18
4625,6103,legal,25.0,1.71
20974,7423,legal,25.0,1.71
5143,7101,legal,25.0,1.71
27984,3993,full,335.55,70.29
16857,9541,breakdown,16.89,4.54
11239,1120,legal,25.0,1.71
21069,6084,legal,25.0,1.71
11800,3165,full,318.87,66.8
9136,3347,legal,25.0,1.71
11053,5688,breakdown,16.89,4.54
4207,2092,legal,25.0,1.71
8993,2151,full,242.47,50.8
25755,9224,breakdown,22.9,5.09
8079,9310,legal,46.13,1.71
17231,636,breakdown,16.89,4.54
21040,7505,full,373.86,78.32
8440,5732,legal,25.0,1.71
18758,4798,breakdown,16.89,4.54
14705,8666,breakdown,22.9,5.09
22754,6983,full,306.22,64.15
5875,6986,full,1384.32,289.99
12651,9796,breakdown,16.89,4.54
5029,6749,legal,25.0,1.71
2021,8845,breakdown,16.89,4.54
23432,757,legal,25.0,1.71
14339,310,legal,46.13,1.71
25649,251,breakdown,22.9,5.09
11673,6453,full,655.51,137.32
6272,9848,legal,46.13,1.71
11079,8697,breakdown,16.89,4.54
24479,4175,full,316.25,66.25
11494,428,breakdown,22.9,5.09
29911,9244,full,251.73,52.73
28411,8455,full,381.74,79.97
27267,9328,breakdown,22.9,5.09
23792,8391,full,815.82,170.91
20214,7520,breakdown,22.9,5.09
8412,6105,full,863.3,180.85
10076,5454,breakdown,16.89,4.54
4700,4434,full,296.36,62.08
6051,9926,breakdown,22.9,5.09
447,3284,full,223.65,46.86
7352,5364,breakdown,22.9,5.09
29594,1947,full,256.87,53.81
27702,6595,legal,37.5,2.02
13862,9078,breakdown,16.89,4.54
798,4742,full,152.23,31.89
23325,6113,full,360.12,75.44
10438,6848,full,541.33,113.4
27788,1528,full,210.87,44.18
4586,4999,breakdown,16.89,4.54
21386,9679,breakdown,22.9,5.09
1963,2270,breakdown,16.89,4.54
11085,2124,breakdown,16.89,4.54
9531,237,full,516.17,108.13
25320,8798,legal,46.13,1.71
26499,2131,breakdown,22.9,5.09
10597,1519,full,324.92,68.07
29369,7340,legal,25.0,1.71
15390,7244,legal,25.0,1.71
6685,3236,breakdown,22.9,5.09
15460,9358,full,594.0,124.43
9018,1934,legal,25.0,1.71
21832,8471,breakdown,16.89,4.54
26352,3447,full,347.4,72.78
10547,8690,legal,25.0,1.71
25046,7635,legal,37.5,2.02
10276,9927,breakdown,16.89,4.54
3166,8832,full,631.42,132.27
21057,3740,legal,25.0,1.71
17603,5418,full,395.57,82.87
20499,9962,breakdown,16.89,4.54
8622,454,breakdown,16.89,4.54
14778,1380,full,498.18,104.36
3291,3382,full,190.09,39.82
11569,2293,legal,25.0,1.71
12723,5230,full,439.79,92.13
26375,2586,full,270.24,56.61
13062,1487,full,322.59,67.58
26218,86,full,319.61,66.96
830,9709,full,121.81,25.52
26451,1237,full,561.33,117.59
26057,7479,legal,46.13,1.71
4545,5570,legal,25.0,1.71
22668,9105,legal,37.5,2.02
5383,671,legal,25.0,1.71
8627,4012,breakdown,16.89,4.54
16467,1852,full,285.16,59.74
18654,9391,legal,37.5,2.02
14392,7673,full,406.63,85.18
23251,1082,legal,25.0,1.71
22572,6985,full,1384.32,289.99
10467,6228,legal,25.0,1.71
3152,4405,legal,25.0,1.71
22935,9754,breakdown,16.89,4.54
11093,606,full,397.32,83.23
10760,8097,full,146.22,30.63
29373,6780,full,399.73,83.74
19830,2797,legal,25.0,1.71
10812,6609,legal,25.0,1.71
29516,2144,full,336.47,70.49
13784,9633,legal,25.0,1.71
3449,1467,legal,46.13,1.71
3533,7990,breakdown,16.89,4.54
21465,8254,breakdown,16.89,4.54
26613,122,full,441.68,92.53
3224,2350,breakdown,22.9,5.09
102,9257,full,386.7,81.01
29278,1870,legal,37.5,2.02
24535,2502,breakdown,22.9,5.09
25582,4220,full,152.23,31.89
23737,3482,breakdown,16.89,4.54
23722,9857,full,247.61,51.87
13368,6053,full,282.43,59.16
3715,2923,legal,25.0,1.71
25964,6097,full,181.9,38.11
8264,7880,full,1547.84,324.26
19637,9738,full,365.8,76.63
21671,3980,full,486.23,101.86
21327,2031,full,215.58,45.17
23605,2752,legal,25.0,1.71
20930,2566,legal,69.23,2.27
22844,2606,breakdown,25.9,5.91
16285,9104,legal,25.0,1.71
14562,4993,breakdown,16.89,4.54
26202,8376,breakdown,16.89,4.54
8611,5470,full,191.86,40.19
3001,6983,breakdown,16.89,4.54
27171,2856,full,294.39,61.67
812,8005,full,592.22,124.06
15166,2586,legal,25.0,1.71
5873,5420,legal,37.5,2.02
9329,1711,breakdown,16.89,4.54
10007,2603,breakdown,16.89,4.54
26199,4902,full,235.5,49.34
24418,7335,legal,25.0,1.71
25705,786,full,263.51,55.2
722,225,full,636.67,133.38
15365,1448,legal,37.5,2.02
11487,4497,breakdown,16.89,4.54
7773,7543,breakdown,16.89,4.54
10687,2074,legal,25.0,1.71
3565,1837,full,573.92,120.23
20245,7652,breakdown,16.89,4.54
20840,3567,breakdown,16.89,4.54
1953,3261,legal,25.0,1.71
23051,99,full,180.42,37.8
14094,80,legal,37.5,2.02
254,8189,breakdown,16.89,4.54
16714,1882,legal,25.0,1.71
8426,9373,full,306.35,64.18
26692,9576,legal,25.0,1.71
9616,6968,legal,25.0,1.71
5429,2413,legal,37.5,2.02
7941,6976,legal,45.0,2.08
27587,4276,full,121.07,25.36
5323,3796,full,420.7,88.13
9254,4239,breakdown,22.9,5.09
23243,3451,full,253.8,53.17
1481,50,breakdown,16.89,4.54
6612,2180,full,255.88,53.61
1095,7228,full,589.49,123.49
3693,8773,legal,25.0,1.71
24386,4125,full,376.33,78.84
12009,2975,legal,37.5,2.02
10874,8227,breakdown,16.89,4.54
22273,4597,full,439.14,92.0
14866,2455,legal,37.5,2.02
24694,5807,full,293.58,61.5
28870,6891,breakdown,16.89,4.54
15066,8360,breakdown,16.89,4.54
183,9660,legal,37.5,2.02
21645,9655,breakdown,22.9,5.09
6403,8387,full,272.31,57.04
9611,886,full,483.33,101.26
2830,1655,breakdown,16.89,4.54
22268,2429,legal,25.0,1.71
15051,3322,full,559.58,117.23
7283,1865,full,251.73,52.73
14969,5342,full,347.85,72.87
9713,4266,full,553.73,116.0
23572,6765,full,304.4,63.77
2834,892,breakdown,16.89,4.54
25875,5350,breakdown,16.89,4.54
12615,6826,breakdown,16.89,4.54
9382,7976,legal,30.0,1.71
783,4398,legal,25.0,1.71
15031,174,legal,46.13,1.71
1030,4376,breakdown,22.9,5.09
25611,9263,breakdown,22.9,5.09
11173,5069,legal,46.13,1.71
18511,2578,breakdown,16.89,4.54
11021,4032,full,242.31,50.77
15064,4521,legal,25.0,1.71
1996,9728,breakdown,16.89,4.54
27278,3998,full,143.83,30.13
23491,8784,breakdown,16.89,4.54
5219,9356,breakdown,22.9,5.09
1639,6433,breakdown,16.89,4.54
19290,4219,legal,25.0,1.71
5157,8971,legal,25.0,1.71
21563,2588,none,46.13,1.71
10465,5335,legal,37.5,2.02
8688,9905,breakdown,22.9,5.09
25567,2437,breakdown,16.89,4.54
21568,9222,breakdown,16.89,4.54
28085,1794,breakdown,16.89,4.54
28327,8158,legal,25.0,1.71
12176,6363,breakdown,16.89,4.54
25788,8243,full,152.23,31.89
10123,2252,breakdown,16.89,4.54
29633,7994,breakdown,16.89,4.54
25407,8558,full,101.2,21.2
11927,8612,breakdown,16.89,4.54
28637,4013,breakdown,22.9,5.09
23418,7775,full,488.31,102.29
24281,9099,breakdown,16.89,4.54
24161,3975,legal,25.0,1.71
18387,2627,legal,46.13,1.71
4181,325,legal,25.0,1.71
27864,9731,breakdown,22.9,5.09
3689,8965,breakdown,16.89,4.54
4613,9897,legal,25.0,1.71
27943,8373,legal,25.0,1.71
15855,1608,breakdown,16.89,4.54
10681,4633,legal,25.0,1.71
19162,1934,breakdown,16.89,4.54
9924,9084,legal,25.0,1.71
295,9456,breakdown,16.89,4.54
4218,2989,legal,25.0,1.71
13307,3198,full,236.18,49.48
26291,1292,breakdown,22.9,5.09
3971,7717,full,447.94,93.84
1543,3333,full,433.44,90.8
22503,5959,breakdown,16.89,4.54
21185,4838,full,190.54,39.92
9307,5500,breakdown,16.89,4.54
10436,7434,full,889.68,186.38
26155,2262,legal,25.0,1.71
15935,2120,legal,37.5,2.02
25524,7687,full,447.67,93.78
19942,8293,full,384.4,80.53
20221,5972,legal,25.0,1.71
2916,2733,breakdown,16.89,4.54
25174,7851,legal,25.0,1.71
25556,9993,full,361.8,75.79
17426,9847,breakdown,16.89,4.54
221,3163,full,278.11,58.26
5083,9447,legal,25.0,1.71
8637,6210,legal,25.0,1.71
25714,1032,full,169.37,35.48
1183,6435,legal,25.0,1.71
16245,3642,full,335.75,70.34
26144,9913,full,477.36,100.0
24030,1932,legal,25.0,1.71
7124,1517,breakdown,16.89,4.54
28864,3403,legal,37.5,2.02
7824,4669,breakdown,16.89,4.54
4516,7190,legal,30.0,1.71
20051,5385,full,198.92,41.67
18786,6608,legal,37.5,2.02
11485,825,full,349.05,73.12
3755,3251,full,456.64,95.66
23252,4169,legal,25.0,1.71
29351,6650,legal,25.0,1.71
19943,2922,breakdown,16.89,4.54
23272,9741,legal,37.5,2.02
20517,377,full,282.26,59.13
29016,1700,legal,69.23,2.27
19584,4128,breakdown,16.89,4.54
10350,1299,legal,25.0,1.71
4335,4752,breakdown,22.9,5.09
14092,1514,breakdown,16.89,4.54
28326,8789,legal,37.5,2.02
24357,1909,legal,25.0,1.71
28688,7394,breakdown,16.89,4.54
11347,4234,full,399.8,83.75
12333,6134,legal,25.0,1.71
24818,1498,breakdown,16.89,4.54
26200,8083,legal,25.0,1.71
22743,6654,breakdown,22.9,5.09
21565,1181,breakdown,16.89,4.54
6715,2103,breakdown,16.89,4.54
27350,4006,full,187.77,39.34
25011,4568,full,352.71,73.89
1131,2263,legal,25.0,1.71
13292,8118,legal,37.5,2.02
16300,265,legal,46.13,1.71
24541,1270,breakdown,16.89,4.54
27456,7261,legal,30.0,1.71
26859,4355,legal,25.0,1.71
14726,1190,full,245.46,51.42
27993,5862,breakdown,16.89,4.54
15366,8942,legal,25.0,1.71
730,7470,legal,46.13,1.71
4970,4375,breakdown,16.89,4.54
20894,4768,legal,37.5,2.02
22339,7706,breakdown,16.89,4.54
14613,5573,legal,25.0,1.71
11267,927,legal,37.5,2.02
16485,6428,breakdown,22.9,5.09
2938,6006,breakdown,16.89,4.54
12833,4853,full,184.58,38.67
1387,1641,full,739.96,155.01
27999,6415,full,466.79,97.79
17540,5970,legal,25.0,1.71
24035,9288,breakdown,16.89,4.54
28274,6945,legal,25.0,1.71
12687,3645,legal,37.5,2.02
16907,1628,breakdown,16.89,4.54
12436,9190,legal,25.0,1.71
674,6144,breakdown,16.89,4.54
18842,7626,full,681.33,142.73
3922,7501,full,387.33,81.14
9100,8199,breakdown,16.89,4.54
22502,3720,legal,46.13,1.71
22403,9784,full,192.45,40.32
18114,2362,breakdown,22.9,5.09
12800,3554,full,152.23,31.89
7807,8516,full,363.73,76.19
26145,6925,legal,25.0,1.71
1668,8093,full,152.63,31.98
9514,2645,full,206.04,43.16
28955,8031,breakdown,16.89,4.54
17507,881,full,101.2,21.2
23205,5494,legal,37.5,2.02
23644,9474,full,101.91,21.35
18063,1025,full,238.94,50.05
13248,2246,full,297.65,62.36
28657,3664,legal,37.5,2.02
28472,1134,full,152.23,31.89
26615,2173,legal,46.13,1.71
11965,852,full,295.3,61.86
23267,5940,legal,46.13,1.71
17906,5097,legal,25.0,1.71
25173,7304,full,534.19,111.91
20038,9743,breakdown,16.89,4.54
26708,6563,full,101.2,21.2
9783,4489,full,548.51,114.91
26059,760,full,556.14,116.51
28610,5627,legal,25.0,1.71
13897,1273,breakdown,16.89,4.54
5013,5587,full,340.68,71.37
9938,8513,breakdown,16.89,4.54
8369,8851,legal,37.5,2.02
24587,4554,breakdown,16.89,4.54
9410,612,legal,25.0,1.71
1071,5990,legal,25.0,1.71
21061,8148,breakdown,22.9,5.09
15306,595,breakdown,16.89,4.54
14437,8468,breakdown,16.89,4.54
1026,4451,full,227.31,47.62
15118,3773,legal,25.0,1.71
28517,1859,legal,46.13,1.71
15775,4005,legal,25.0,1.71
18726,8657,breakdown,16.89,4.54
10979,6114,breakdown,16.89,4.54
17876,9173,breakdown,16.89,4.54
16491,652,breakdown,16.89,4.54
24411,8406,breakdown,22.9,5.09
13263,3946,legal,37.5,2.02
6517,6131,full,278.3,58.3
8183,8738,full,218.4,45.75
11298,8240,full,315.45,66.08
25849,689,full,371.04,77.73
23119,672,full,308.16,64.55
2076,3409,breakdown,16.89,4.54
17949,5120,full,892.61,186.99
10993,5415,legal,25.0,1.71
24563,6707,full,369.45,77.4
16712,5988,full,172.87,36.22
22015,6221,breakdown,22.9,5.09
15805,5703,full,372.1,77.95
23860,8173,breakdown,25.9,5.91
7195,1063,full,266.12,55.75
3603,1982,full,316.25,66.25
29959,4060,breakdown,16.89,4.54
21483,1002,full,152.63,31.98
18634,9630,legal,25.0,1.71
19121,7567,legal,25.0,1.71
1187,9946,breakdown,25.9,5.91
18486,6663,legal,25.0,1.71
24538,8018,full,180.58,37.83
5392,7452,legal,25.0,1.71
19694,4022,breakdown,16.89,4.54
28861,4436,legal,46.13,1.71
16357,7024,full,556.07,116.49
10400,1966,full,214.03,44.83
6583,3164,breakdown,16.89,4.54
16991,2868,breakdown,16.89,4.54
21956,7428,breakdown,16.89,4.54
20398,1785,legal,25.0,1.71
12000,2485,legal,25.0,1.71
23902,5988,legal,25.0,1.71
288,877,breakdown,16.89,4.54
20079,2718,legal,37.5,2.02
8415,806,legal,45.0,2.08
9057,2593,full,397.59,83.29
5706,2140,full,379.5,79.5
14318,8897,legal,25.0,1.71
1914,7674,full,290.76,60.91
23270,4537,breakdown,16.89,4.54
16077,2106,breakdown,22.9,5.09
23542,8405,full,400.74,83.95
11842,3469,legal,25.0,1.71
4757,6207,full,494.17,103.52
27997,8563,breakdown,16.89,4.54
19128,276,full,420.05,88.0
17070,3785,legal,25.0,1.71
7328,4173,breakdown,16.89,4.54
16996,1978,legal,25.0,1.71
18894,9815,full,248.03,51.96
12323,6538,full,283.43,59.38
24265,6919,full,693.16,145.2
18993,6442,legal,25.0,1.71
11577,6616,full,509.13,106.66
2953,5382,full,152.23,31.89
18687,6432,breakdown,16.89,4.54
504,6184,full,628.68,131.7
11682,5211,legal,25.0,1.71
29359,780,breakdown,22.9,5.09
26414,1816,breakdown,22.9,5.09
10603,8798,full,728.3,152.57
5287,9481,legal,30.0,1.71
22638,5119,full,375.36,78.64
28895,2498,breakdown,16.89,4.54
21898,7861,breakdown,22.9,5.09
22440,2045,legal,25.0,1.71
25479,7103,breakdown,16.89,4.54
5441,9416,legal,25.0,1.71
4773,2160,full,337.72,70.75
16582,767,legal,25.0,1.71
14368,6766,full,192.77,40.38
28467,6399,breakdown,16.89,4.54
25894,1652,full,918.14,192.34
26039,6970,full,338.66,70.94
1212,296,breakdown,16.89,4.54
5460,4396,legal,37.5,2.02
10783,5272,breakdown,16.89,4.54
21855,6578,full,302.48,63.37
21702,1054,legal,25.0,1.71
25288,5209,breakdown,16.89,4.54
10813,1983,breakdown,16.89,4.54
10987,3878,legal,37.5,2.02
26662,355,breakdown,16.89,4.54
15519,1291,full,206.04,43.16
5682,8530,legal,25.0,1.71
7519,561,breakdown,16.89,4.54
17782,6347,full,373.31,78.21
26522,8345,legal,25.0,1.71
7536,3945,full,198.91,41.67
5090,8579,legal,25.0,1.71
20921,6272,breakdown,16.89,4.54
14580,6487,breakdown,22.9,5.09
6242,8527,legal,25.0,1.71
26486,2134,full,628.71,131.71
2409,8809,breakdown,16.89,4.54
5730,319,breakdown,16.89,4.54
25195,4735,legal,25.0,1.71
25799,351,legal,25.0,1.71
26603,9348,full,471.21,98.71
15635,5886,legal,25.0,1.71
14542,2892,full,557.42,116.77
10847,1351,legal,69.23,2.27
923,2337,legal,46.13,1.71
25155,8163,breakdown,32.4,6.5
5412,6226,full,285.4,59.79
3459,943,breakdown,16.89,4.54
29632,6373,legal,37.5,2.02
18108,2604,full,281.13,58.89
17466,1472,legal,25.0,1.71
12300,7275,full,715.65,149.92
28354,2799,legal,46.13,1.71
25399,9060,full,375.86,78.74
20760,1165,breakdown,16.89,4.54
18458,152,full,398.4,83.46
3697,6271,legal,25.0,1.71
12715,6960,legal,25.0,1.71
7302,4571,breakdown,16.89,4.54
2813,9943,legal,37.5,2.02
13553,4048,breakdown,22.9,5.09
20583,3308,breakdown,16.89,4.54
25943,7860,full,103.16,21.61
25215,9263,legal,37.5,2.02
9620,5376,full,441.84,92.56
25906,2197,legal,25.0,1.71
14584,6507,legal,30.0,1.71
15591,7921,breakdown,22.9,5.09
3634,6004,breakdown,16.89,4.54
6423,5471,legal,25.0,1.71
2747,545,legal,46.13,1.71
12098,3009,full,316.25,66.25
20,7895,breakdown,16.89,4.54
20986,4986,breakdown,32.4,6.5
10654,2052,breakdown,16.89,4.54
3994,3415,full,223.14,46.75
3845,863,breakdown,16.89,4.54
11556,2256,full,159.46,33.41
29954,2099,legal,25.0,1.71
15671,6136,breakdown,16.89,4.54
23389,7975,legal,25.0,1.71
3785,7872,legal,25.0,1.71
1673,9348,breakdown,16.89,4.54
1546,3994,breakdown,22.9,5.09
26543,8213,full,162.64,34.07
24403,1916,full,172.87,36.22
5737,8700,full,144.52,30.28
16448,6386,full,472.35,98.95
22193,7109,full,468.4,98.12
21392,1913,breakdown,16.89,4.54
12028,6454,legal,25.0,1.71
11703,4775,breakdown,16.89,4.54
8559,503,legal,25.0,1.71
950,6606,full,658.16,137.88
14811,5470,legal,37.5,2.02
13093,6494,full,362.02,75.84
6345,7315,full,331.46,69.44
14182,2511,full,566.67,118.71
23612,3872,breakdown,22.9,5.09
18440,392,full,489.07,102.46
13503,5810,breakdown,16.89,4.54
9866,999,breakdown,16.89,4.54
20216,3636,breakdown,22.9,5.09
3682,2942,breakdown,16.89,4.54
18598,6886,legal,30.0,1.71
27384,775,breakdown,16.89,4.54
18738,2703,full,478.26,100.19
14919,6749,full,178.55,37.4
15895,7734,legal,25.0,1.71
2801,7829,legal,25.0,1.71
421,6520,breakdown,16.89,4.54
2868,9510,full,485.56,101.72
9445,8532,full,446.85,93.61
19960,8329,full,132.83,27.83
6372,1737,legal,25.0,1.71
25343,1514,full,205.45,43.04
1624,1913,full,582.54,122.04
28199,3687,legal,25.0,1.71
8816,3341,legal,25.0,1.71
28117,5277,breakdown,16.89,4.54
16927,2014,breakdown,16.89,4.54
10659,6076,breakdown,16.89,4.54
28951,7837,breakdown,16.89,4.54
1048,7863,breakdown,16.89,4.54
6903,9646,breakdown,16.89,4.54
5012,9789,legal,25.0,1.71
6261,9184,breakdown,16.89,4.54
19350,5774,legal,25.0,1.71
16,9180,breakdown,16.89,4.54
22034,9504,full,220.01,46.09
13859,4546,full,330.34,69.21
14128,9426,full,437.07,91.56
10299,5078,breakdown,16.89,4.54
23772,7410,full,171.97,36.03
4761,7568,legal,25.0,1.71
7825,3190,full,234.26,49.08
13977,9379,legal,37.5,2.02
1221,3041,breakdown,16.89,4.54
13323,9172,full,632.65,132.53
8278,9139,legal,25.0,1.71
9952,782,breakdown,25.9,5.91
1653,7634,full,243.2,50.95
12236,6281,legal,37.5,2.02
6523,900,breakdown,16.89,4.54
21400,622,breakdown,16.89,4.54
13055,9258,breakdown,25.9,5.91
12378,1437,full,398.94,83.57
25306,1049,full,284.49,59.59
27279,594,legal,25.0,1.71
24218,5564,full,352.84,73.92
25140,590,full,265.63,55.65
28081,7155,breakdown,16.89,4.54
13819,156,legal,46.13,1.71
22464,5491,breakdown,16.89,4.54
10519,3969,legal,25.0,1.71
4562,4136,legal,25.0,1.71
25954,5906,breakdown,16.89,4.54
8609,4971,breakdown,22.9,5.09
28927,8242,full,196.09,41.08
28787,1645,full,456.34,95.6
19603,3782,legal,46.13,1.71
19621,5759,breakdown,16.89,4.54
19248,5761,full,489.95,102.64
4288,4344,full,310.73,65.09
10004,5847,full,479.01,100.35
5755,8829,breakdown,16.89,4.54
5528,2052,legal,25.0,1.71
6089,219,full,284.07,59.51
5408,7905,breakdown,16.89,4.54
5902,9186,full,152.23,31.89
25622,3717,breakdown,16.89,4.54
116,7278,legal,25.0,1.71
3551,5576,breakdown,25.9,5.91
27367,6027,breakdown,22.9,5.09
3704,1635,breakdown,16.89,4.54
15748,3502,full,235.65,49.37
12477,4358,breakdown,16.89,4.54
7770,5115,legal,25.0,1.71
1734,3447,legal,25.0,1.71
13490,2664,full,335.17,70.21
1525,9709,breakdown,22.9,5.09
24384,5376,breakdown,16.89,4.54
29274,5503,breakdown,16.89,4.54
28,1181,full,303.74,63.63
738,7246,legal,25.0,1.71
24586,8665,breakdown,16.89,4.54
9199,4374,breakdown,22.9,5.09
6513,9233,breakdown,22.9,5.09
1769,4944,legal,25.0,1.71
27308,6592,breakdown,22.9,5.09
28311,9505,legal,25.0,1.71
10282,901,legal,46.13,1.71
25333,6720,legal,25.0,1.71
3558,3872,full,340.75,71.38
26173,9059,breakdown,16.89,4.54
6908,4404,breakdown,16.89,4.54
29720,4499,full,357.53,74.9
19024,599,full,211.35,44.27
28474,4124,full,258.79,54.21
180,6494,legal,25.0,1.71
17719,4522,full,250.47,52.47
29887,3483,breakdown,16.89,4.54
25168,1891,full,162.91,34.13
12853,3095,full,531.67,111.38
23442,7126,full,434.58,91.04
5566,4755,breakdown,16.89,4.54
23717,5756,breakdown,16.89,4.54
27834,7660,breakdown,16.89,4.54
9451,5253,full,218.58,45.79
26501,2987,full,316.25,66.25
24050,5704,breakdown,16.89,4.54
21721,8046,breakdown,16.89,4.54
22441,3689,breakdown,22.9,5.09
5331,4862,full,116.35,24.38
19702,3761,legal,25.0,1.71
17670,8833,legal,25.0,1.71
21046,1474,full,736.08,154.19
650,1718,full,150.32,31.49
14102,1016,full,235.83,49.4
21689,5772,legal,25.0,1.71
8449,7513,full,605.22,126.79
21229,2610,breakdown,16.89,4.54
14323,6881,breakdown,16.89,4.54
792,6303,legal,25.0,1.71
7040,2477,legal,25.0,1.71
15288,1316,breakdown,16.89,4.54
12662,6994,legal,37.5,2.02
5046,6162,breakdown,22.9,5.09
27799,5369,breakdown,22.9,5.09
2419,4006,legal,25.0,1.71
15609,9278,full,411.13,86.13
29869,2482,legal,37.5,2.02
5813,7537,breakdown,16.89,4.54
19204,268,breakdown,16.89,4.54
5912,4861,breakdown,16.89,4.54
13379,3431,full,271.33,56.84
29485,5197,full,583.92,122.33
28974,618,legal,25.0,1.71
12719,6170,legal,25.0,1.71
19487,9184,full,191.34,40.08
2942,6879,full,169.96,35.61
28134,3391,legal,25.0,1.71
3479,726,legal,25.0,1.71
19218,6342,legal,25.0,1.71
109,2806,legal,25.0,1.71
8604,3329,legal,25.0,1.71
20802,3193,breakdown,16.89,4.54
23807,9930,breakdown,22.9,5.09
13487,5334,breakdown,16.89,4.54
622,4940,legal,25.0,1.71
4666,2182,breakdown,16.89,4.54
6816,3302,breakdown,16.89,4.54
23031,3801,full,434.09,90.94
22461,1443,full,264.07,55.32
20957,4420,legal,25.0,1.71
22497,7679,legal,25.0,1.71
5854,1661,full,263.64,55.23
11018,5566,breakdown,22.9,5.09
1326,7519,full,456.73,95.68
7830,6180,full,132.83,27.83
20208,5319,full,625.51,131.04
17982,7712,legal,25.0,1.71
18932,7348,full,215.12,45.07
26679,427,legal,25.0,1.71
24543,9622,breakdown,16.89,4.54
8181,445,breakdown,16.89,4.54
11358,8597,legal,25.0,1.71
25602,6206,legal,46.13,1.71
13567,3540,breakdown,16.89,4.54
29247,7370,full,294.74,61.75
21322,3357,full,499.33,104.61
11443,373,full,465.24,97.46
1047,9863,breakdown,16.89,4.54
21814,3698,legal,25.0,1.71
28495,5711,legal,46.13,1.71
23,8117,breakdown,16.89,4.54
2710,8398,legal,25.0,1.71
15060,9537,full,282.39,59.16
4230,95,breakdown,22.9,5.09
10295,2087,legal,25.0,1.71
18651,9558,legal,25.0,1.71
22937,7701,none,37.5,2.02
21426,2521,full,256.26,53.68
23247,3220,legal,37.5,2.02
8054,2738,breakdown,16.89,4.54
8842,9015,breakdown,22.9,5.09
16805,6756,full,491.41,102.94
29375,8906,full,320.44,67.13
6864,2369,legal,25.0,1.71
13003,4043,legal,25.0,1.71
9165,8410,full,315.19,66.03
26183,3809,legal,25.0,1.71
17788,2214,legal,69.23,2.27
23941,6325,breakdown,22.9,5.09
29971,7522,breakdown,16.89,4.54
14961,3456,full,101.2,21.2
23747,3900,full,555.78,116.43
13038,3453,breakdown,16.89,4.54
20722,7048,legal,37.5,2.02
11395,618,full,392.24,82.17
19794,2931,legal,37.5,2.02
5817,9038,legal,37.5,2.02
1313,5834,full,258.85,54.23
1550,745,breakdown,32.4,6.5
14072,9488,breakdown,16.89,4.54
19460,5835,full,288.3,60.39
1617,253,legal,25.0,1.71
28976,4364,full,192.3,40.28
21369,5085,legal,37.5,2.02
20438,2306,legal,25.0,1.71
16638,7690,legal,92.32,2.83
12062,17,legal,37.5,2.02
741,3224,full,169.37,35.48
10763,9211,breakdown,25.9,5.91
6804,8058,full,496.87,104.08
17012,3134,full,287.54,60.24
21455,48,legal,25.0,1.71
914,4372,legal,25.0,1.71
10193,9076,legal,25.0,1.71
10300,6698,breakdown,22.9,5.09
2892,5499,legal,25.0,1.71
25632,8772,full,152.63,31.98
22176,3065,full,526.62,110.32
20599,6530,breakdown,16.89,4.54
13059,1750,legal,25.0,1.71
3984,5200,full,118.96,24.92
7167,4807,full,896.73,187.85
9524,4218,full,101.2,21.2
20143,7108,legal,37.5,2.02
24229,2028,full,641.49,134.38
15634,5763,breakdown,16.89,4.54
15113,2971,breakdown,16.89,4.54
14807,7007,breakdown,22.9,5.09
19655,9296,breakdown,22.9,5.09
6350,2854,breakdown,22.9,5.09
25091,7019,breakdown,16.89,4.54
28902,6430,full,240.04,50.29
26985,9183,full,192.65,40.36
4330,6316,full,247.91,51.94
15975,8396,full,617.46,129.35
17448,1025,legal,25.0,1.71
5006,8048,full,197.42,41.36
24860,4686,full,781.21,163.65
7615,2750,legal,25.0,1.71
10643,4167,breakdown,16.89,4.54
454,8800,legal,25.0,1.71
26566,9665,full,218.56,45.78
19,7232,full,562.79,117.89
2802,1441,breakdown,16.89,4.54
19725,9648,full,112.54,23.58
7727,231,legal,25.0,1.71
2457,7743,legal,25.0,1.71
20964,7567,breakdown,16.89,4.54
16600,8856,legal,25.0,1.71
29009,8843,full,1102.36,230.93
1740,2499,full,474.84,99.47
20316,102,full,267.38,56.01
2948,8965,legal,25.0,1.71
5765,469,breakdown,16.89,4.54
1257,5499,full,899.87,188.51
6022,5522,legal,45.0,2.08
8778,7818,legal,25.0,1.71
8284,3036,breakdown,16.89,4.54
8654,3610,breakdown,22.9,5.09
8141,9397,breakdown,16.89,4.54
29003,4588,full,204.38,42.82
3934,9916,legal,37.5,2.02
5700,8801,full,326.85,68.47
8404,3967,legal,25.0,1.71
4900,1941,legal,69.23,2.27
18767,7432,legal,46.13,1.71
5091,3006,full,150.32,31.49
15048,7993,full,327.68,68.65
27890,7153,breakdown,22.9,5.09
12944,7645,breakdown,16.89,4.54
17894,1565,full,256.26,53.69
26866,7458,full,190.45,39.9
23168,7274,full,491.49,102.96
29473,3901,breakdown,16.89,4.54
9890,1263,legal,25.0,1.71
16385,5164,breakdown,16.89,4.54
19457,2088,full,1299.72,272.27
19806,5289,full,433.7,90.85
11248,9337,legal,25.0,1.71
12311,5065,legal,46.13,1.71
1542,5140,breakdown,16.89,4.54
19677,156,full,135.73,28.44
19451,266,breakdown,16.89,4.54
25737,8463,breakdown,22.9,5.09
27302,8875,legal,25.0,1.71
18980,6446,breakdown,16.89,4.54
5976,4088,legal,37.5,2.02
24130,1144,breakdown,16.89,4.54
6505,386,full,388.88,81.46
28788,3316,breakdown,16.89,4.54
9030,93,full,992.93,208.0
10011,9905,legal,46.13,1.71
17820,8101,full,446.65,93.57
23074,7246,full,276.97,58.02
14859,3170,full,169.37,35.48
20890,8341,breakdown,16.89,4.54
20375,3098,legal,45.0,2.08
2109,7586,breakdown,16.89,4.54
6509,8682,full,310.26,64.99
14381,6782,full,1028.61,215.48
4487,4538,full,980.92,205.49
26590,5260,legal,46.13,1.71
3446,5597,full,258.18,54.09
20993,6813,full,334.43,70.06
8090,246,breakdown,16.89,4.54
8759,7057,full,222.62,46.64
9627,812,legal,25.0,1.71
15097,664,full,382.29,80.09
3445,6887,full,423.3,88.68
20247,421,full,513.04,107.48
14926,4347,breakdown,16.89,4.54
16154,1945,breakdown,16.89,4.54
7504,9418,full,580.35,121.57
2687,1210,legal,69.23,2.27
24943,4084,full,280.91,58.85
2427,81,full,466.97,97.82
26842,3361,breakdown,16.89,4.54
2211,6292,breakdown,16.89,4.54
25495,7264,breakdown,16.89,4.54
11335,9325,legal,25.0,1.71
28735,6902,full,432.95,90.7
29884,6089,full,265.42,55.6
1582,4307,breakdown,16.89,4.54
16492,7801,full,208.58,43.69
27742,3740,full,655.42,137.3
28913,7133,full,169.48,35.5
26180,1770,legal,46.13,1.71
16368,4763,full,470.12,98.48
23415,5523,breakdown,22.9,5.09
7418,6170,breakdown,16.89,4.54
9960,6501,legal,25.0,1.71
21558,6943,legal,25.0,1.71
23377,6158,breakdown,16.89,4.54
29520,5712,legal,25.0,1.71
6065,8832,breakdown,22.9,5.09
6705,8279,breakdown,16.89,4.54
4213,2517,breakdown,16.89,4.54
435,1695,legal,25.0,1.71
23471,8276,breakdown,16.89,4.54
7886,4330,legal,25.0,1.71
29248,8109,full,152.63,31.98
11372,5970,breakdown,16.89,4.54
11650,5749,breakdown,16.89,4.54
26913,8526,legal,25.0,1.71
5917,8371,legal,25.0,1.71
679,1179,full,682.65,143.01
27017,6632,full,1057.01,221.43
17800,5576,full,407.64,85.4
23013,9340,legal,25.0,1.71
27714,9179,breakdown,16.89,4.54
24859,9113,full,202.02,42.33
14275,7944,legal,25.0,1.71
16236,2071,legal,25.0,1.71
5098,6074,legal,25.0,1.71
18846,116,breakdown,16.89,4.54
6444,448,full,482.81,101.14
11857,903,full,372.8,78.1
4871,5941,legal,46.13,1.71
24088,4692,legal,25.0,1.71
29587,5792,breakdown,22.9,5.09
9528,8781,legal,25.0,1.71
13395,9231,breakdown,16.89,4.54
13685,5751,full,590.88,123.78
25932,4223,legal,25.0,1.71
29553,4778,breakdown,16.89,4.54
29221,6303,breakdown,16.89,4.54
19364,871,legal,30.0,1.71
10247,9428,legal,37.5,2.02
25561,4746,breakdown,16.89,4.54
29789,4874,breakdown,16.89,4.54
22418,1445,full,169.37,35.48
17032,2171,full,462.53,96.89
22392,490,legal,37.5,2.02
29435,2258,full,376.33,78.84
28350,7447,breakdown,25.9,5.91
23098,2531,full,586.86,122.94
18046,9949,full,211.44,44.3
8088,248,legal,25.0,1.71
20220,5061,legal,25.0,1.71
20931,3804,legal,25.0,1.71
12141,201,breakdown,16.89,4.54
12919,3291,breakdown,22.9,5.09
24170,1856,full,374.37,78.42
23080,7495,full,172.87,36.22
9082,4281,full,497.42,104.2
3300,3960,breakdown,22.9,5.09
8474,4950,full,188.86,39.57
29330,8277,legal,25.0,1.71
2229,4797,full,180.94,37.9
8225,8823,breakdown,16.89,4.54
8157,4990,legal,37.5,2.02
14127,3931,breakdown,16.89,4.54
22971,9936,legal,37.5,2.02
24067,2369,breakdown,16.89,4.54
7899,7941,breakdown,16.89,4.54
16824,3371,full,662.86,138.86
18286,5912,breakdown,16.89,4.54
797,8203,breakdown,22.9,5.09
3866,7974,full,454.63,95.24
18323,6763,full,442.1,92.62
10109,18,breakdown,16.89,4.54
5035,3891,legal,25.0,1.71
12334,8141,breakdown,22.9,5.09
17226,8692,breakdown,16.89,4.54
20374,6593,full,272.47,57.08
14939,3523,breakdown,16.89,4.54
29660,5340,full,742.34,155.51
14144,3248,breakdown,16.89,4.54
20541,3314,legal,25.0,1.71
4741,1992,legal,69.23,2.27
7930,6173,breakdown,16.89,4.54
13837,5070,breakdown,16.89,4.54
292,1177,breakdown,25.9,5.91
6872,5790,legal,37.5,2.02
715,4013,legal,46.13,1.71
3619,6414,breakdown,16.89,4.54
2675,94,breakdown,16.89,4.54
11845,9860,legal,37.5,2.02
4584,6310,breakdown,16.89,4.54
28322,3976,full,359.44,75.29
12277,3158,full,443.88,92.98
9056,6760,full,169.37,35.48
3632,5045,breakdown,22.9,5.09
24372,5235,legal,46.13,1.71
27724,285,breakdown,16.89,4.54
20322,8512,full,3388.94,709.94
26925,1529,full,210.87,44.18
6992,3153,full,228.76,47.92
13289,9831,full,387.88,81.26
3171,2234,full,196.33,41.13
12866,4462,full,385.26,80.71
22713,6407,legal,37.5,2.02
16784,4082,full,527.57,110.52
232,6899,breakdown,16.89,4.54
28227,7730,legal,25.0,1.71
8744,1729,breakdown,16.89,4.54
18679,979,legal,37.5,2.02
8669,2786,legal,25.0,1.71
4955,1172,legal,25.0,1.71
8635,4732,full,218.05,45.68
1197,1472,breakdown,16.89,4.54
11902,1870,breakdown,22.9,5.09
13336,8021,full,398.18,83.41
4102,3580,full,614.15,128.66
9983,1268,breakdown,16.89,4.54
13347,1169,breakdown,16.89,4.54
2572,2293,breakdown,16.89,4.54
20381,5305,legal,46.13,1.71
17521,9742,legal,25.0,1.71
19475,6791,legal,25.0,1.71
4128,6394,legal,25.0,1.71
23170,3746,full,187.79,39.34
23739,3148,legal,46.13,1.71
12781,9937,full,340.55,71.34
7335,7956,breakdown,16.89,4.54
26227,9909,full,171.53,35.94
15921,600,legal,25.0,1.71
28593,8214,breakdown,16.89,4.54
5182,9829,breakdown,16.89,4.54
20024,2106,full,230.76,48.34
16658,3986,full,260.67,54.61
21336,8038,breakdown,16.89,4.54
9224,2257,legal,37.5,2.02
11322,249,legal,25.0,1.71
7422,206,breakdown,25.9,5.91
28110,3882,full,204.96,42.93
27980,8643,legal,25.0,1.71
2971,5678,legal,46.13,1.71
25106,9189,legal,25.0,1.71
8283,2408,full,656.47,137.52
4397,264,breakdown,16.89,4.54
7293,7019,full,199.07,41.7
16226,6947,breakdown,22.9,5.09
28071,604,full,313.11,65.59
16739,6310,full,342.53,71.76
15789,8185,full,311.17,65.19
12519,1592,legal,25.0,1.71
12813,8014,breakdown,16.89,4.54
18140,9643,full,225.24,47.18
3839,7073,breakdown,22.9,5.09
14522,257,breakdown,16.89,4.54
4791,5244,full,500.89,104.93
2057,6519,legal,25.0,1.71
24913,8473,full,278.3,58.3
22274,2039,legal,25.0,1.71
5967,893,full,350.47,73.42
26542,6398,legal,25.0,1.71
16689,6132,breakdown,22.9,5.09
27083,3611,full,318.86,66.8
24331,7735,breakdown,22.9,5.09
222,3613,legal,25.0,1.71
7284,9772,legal,25.0,1.71
13116,9395,full,500.24,104.79
29236,7714,legal,25.0,1.71
5565,9607,full,206.45,43.25
8746,9192,legal,37.5,2.02
20396,4078,full,272.45,57.07
6231,7152,full,623.98,130.71
22302,9889,full,269.52,56.46
8889,2039,breakdown,16.89,4.54
6775,8384,breakdown,22.9,5.09
24952,6651,legal,25.0,1.71
3521,1938,breakdown,16.89,4.54
16295,5986,legal,25.0,1.71
5577,7475,breakdown,16.89,4.54
11643,1971,legal,25.0,1.71
2306,604,breakdown,22.9,5.09
4244,8602,full,306.22,64.15
26961,3245,breakdown,16.89,4.54
4638,7068,legal,46.13,1.71
16506,7220,breakdown,22.9,5.09
5454,8932,breakdown,22.9,5.09
2507,9686,legal,25.0,1.71
2212,9402,legal,37.5,2.02
828,7405,breakdown,16.89,4.54
28516,9195,breakdown,22.9,5.09
1371,3538,full,152.63,31.98
12721,4151,breakdown,16.89,4.54
28154,3317,breakdown,16.89,4.54
15859,9927,full,645.41,135.2
13489,5789,legal,25.0,1.71
28426,1514,legal,25.0,1.71
19760,3835,full,135.7,28.42
8273,2861,legal,46.13,1.71
7225,2982,breakdown,16.89,4.54
18837,8409,full,110.53,23.15
14616,6756,breakdown,16.89,4.54
24579,2712,breakdown,16.89,4.54
27738,655,legal,25.0,1.71
11240,2343,legal,25.0,1.71
6702,2013,breakdown,16.89,4.54
2097,5839,legal,25.0,1.71
22480,9384,full,347.19,72.73
19214,7055,breakdown,16.89,4.54
65,2399,full,417.64,87.49
3714,5302,full,359.19,75.24
14591,1370,full,351.84,73.7
5532,4469,full,496.88,104.09
25719,5352,full,279.46,58.55
25548,6603,full,661.9,138.66
24260,7755,full,635.59,133.15
3439,9021,breakdown,16.89,4.54
22532,5665,breakdown,16.89,4.54
3062,7482,full,648.16,135.78
27434,8541,legal,25.0,1.71
29128,4664,legal,25.0,1.71
2237,2495,breakdown,22.9,5.09
23327,6470,full,407.51,85.37
10608,3716,breakdown,16.89,4.54
22645,5831,full,232.78,48.76
16360,1333,breakdown,16.89,4.54
16586,9891,legal,25.0,1.71
23093,2168,breakdown,22.9,5.09
696,9507,legal,46.13,1.71
2688,4175,breakdown,16.89,4.54
29487,2019,legal,69.23,2.27
29510,8753,legal,25.0,1.71
9328,6058,full,190.13,39.83
3955,8776,legal,46.13,1.71
24174,5535,legal,25.0,1.71
8797,3162,legal,25.0,1.71
10291,2299,legal,25.0,1.71
25951,8489,legal,37.5,2.02
13943,4305,full,535.91,112.27
10297,2789,legal,25.0,1.71
306,8742,full,257.53,53.95
25217,2655,full,263.8,55.27
17042,684,breakdown,16.89,4.54
17285,6778,legal,37.5,2.02
17230,522,breakdown,16.89,4.54
27340,4808,breakdown,16.89,4.54
15206,6554,legal,46.13,1.71
514,7156,breakdown,16.89,4.54
15782,8336,full,190.01,39.81
9752,8529,legal,46.13,1.71
6325,8598,breakdown,16.89,4.54
15230,4102,full,101.2,21.2
13789,6855,breakdown,22.9,5.09
8405,9930,legal,37.5,2.02
24660,9682,breakdown,16.89,4.54
6348,4168,full,215.54,45.15
8131,3643,legal,25.0,1.71
15554,2371,full,276.63,57.95
29208,8144,breakdown,16.89,4.54
26164,2902,breakdown,16.89,4.54
24146,738,breakdown,22.9,5.09
28024,7297,breakdown,16.89,4.54
27801,1155,legal,46.13,1.71
18138,767,full,271.34,56.84
13713,7075,legal,25.0,1.71
26106,1527,breakdown,16.89,4.54
26560,2546,legal,30.0,1.71
26720,9390,legal,25.0,1.71
13163,6875,legal,37.5,2.02
28605,910,full,195.4,40.93
1247,6572,full,191.02,40.02
21088,7908,breakdown,16.89,4.54
4953,1478,breakdown,25.9,5.91
22816,7608,breakdown,16.89,4.54
28372,2128,breakdown,16.89,4.54
3469,3326,full,443.96,93.0
4022,8124,breakdown,16.89,4.54
7454,2189,breakdown,22.9,5.09
7562,4071,full,483.84,101.36
19452,5924,full,544.6,114.09
28009,1379,legal,37.5,2.02
3961,4327,full,244.11,51.14
18312,2319,legal,25.0,1.71
27430,4034,breakdown,16.89,4.54
24026,15,full,449.53,94.17
12667,4172,full,335.65,70.31
28256,8695,legal,25.0,1.71
7094,9407,legal,37.5,2.02
22059,3312,full,101.2,21.2
20056,8207,breakdown,22.9,5.09
14146,9976,full,467.9,98.02
28511,9128,breakdown,22.9,5.09
24872,4598,full,278.53,58.35
11299,833,full,172.87,36.22
13052,8616,breakdown,22.9,5.09
25934,5128,full,442.0,92.59
25831,6099,legal,25.0,1.71
17024,5584,breakdown,16.89,4.54
27882,8251,breakdown,22.9,5.09
29651,1539,breakdown,16.89,4.54
29203,3609,full,274.91,57.59
28088,6705,full,343.19,71.9
6331,9464,full,217.99,45.67
7568,458,legal,25.0,1.71
1787,6786,full,132.83,27.83
4566,2838,breakdown,16.89,4.54
18210,303,legal,46.13,1.71
25471,3728,legal,25.0,1.71
368,882,legal,25.0,1.71
8691,4784,breakdown,16.89,4.54
5272,7139,full,379.5,79.5
14710,7874,breakdown,16.89,4.54
2865,6010,legal,25.0,1.71
17056,7284,legal,37.5,2.02
21525,9355,breakdown,16.89,4.54
23890,2676,breakdown,22.9,5.09
7030,171,full,592.71,124.17
2209,6285,legal,25.0,1.71
19973,7992,legal,25.0,1.71
6219,4095,legal,25.0,1.71
13990,8683,breakdown,16.89,4.54
21267,9055,breakdown,16.89,4.54
23620,8741,breakdown,16.89,4.54
10774,2967,breakdown,16.89,4.54
8777,9486,legal,25.0,1.71
8584,4987,breakdown,16.89,4.54
20429,1571,legal,25.0,1.71
16625,6132,full,314.05,65.79
15666,4878,full,833.05,174.51
14169,3234,legal,25.0,1.71
24012,3837,legal,25.0,1.71
19812,5169,full,771.07,161.53
1403,4384,legal,25.0,1.71
2194,6662,full,720.99,151.03
10807,6536,full,255.22,53.47
22894,2268,full,314.13,65.81
11507,9455,breakdown,16.89,4.54
26319,4696,full,304.47,63.78
10693,3573,full,202.33,42.39
26690,6135,full,926.31,194.05
20376,3231,legal,37.5,2.02
9591,480,full,152.23,31.89
19349,1236,breakdown,16.89,4.54
20709,4039,full,558.76,117.05
9125,4943,full,791.1,165.72
8215,488,breakdown,16.89,4.54
7966,473,breakdown,16.89,4.54
966,8890,legal,37.5,2.02
9483,4014,legal,46.13,1.71
21936,5797,full,218.08,45.68
1675,9301,legal,25.0,1.71
10416,1036,legal,25.0,1.71
16296,6712,legal,46.13,1.71
26220,3376,breakdown,22.9,5.09
10414,6693,breakdown,16.89,4.54
27726,1611,breakdown,22.9,5.09
10691,8017,legal,69.23,2.27
27583,9772,full,271.02,56.78
16897,7142,full,389.88,81.68
9672,6776,full,250.47,52.47
8704,9985,legal,25.0,1.71
23025,2846,legal,25.0,1.71
22621,5639,legal,46.13,1.71
12356,2229,full,330.85,69.31
23000,3536,legal,25.0,1.71
11486,4150,breakdown,16.89,4.54
17136,4260,full,152.23,31.89
28279,2366,breakdown,16.89,4.54
24622,8769,legal,25.0,1.71
4106,1049,breakdown,16.89,4.54
2215,3310,breakdown,16.89,4.54
24857,7663,legal,46.13,1.71
20446,7821,breakdown,16.89,4.54
20250,9437,full,224.37,47.0
26056,7846,legal,46.13,1.71
23946,3851,legal,30.0,1.71
4985,1620,breakdown,16.89,4.54
21958,3555,full,2380.64,498.71
13900,2305,breakdown,16.89,4.54
1014,6516,legal,25.0,1.71
294,6577,breakdown,16.89,4.54
22481,2411,legal,25.0,1.71
7689,6117,full,615.63,128.97
20627,2842,breakdown,32.4,6.5
4481,990,legal,25.0,1.71
586,2885,breakdown,16.89,4.54
11853,9884,legal,25.0,1.71
4576,814,legal,46.13,1.71
28702,6291,full,332.92,69.74
1903,6125,legal,46.13,1.71
21363,8013,full,272.14,57.01
26262,2799,full,101.2,21.2
12338,726,full,430.17,90.12
14485,3309,legal,37.5,2.02
12031,1266,breakdown,16.89,4.54
9203,1444,full,277.45,58.12
19057,3929,breakdown,16.89,4.54
7986,9754,legal,25.0,1.71
5140,6635,breakdown,22.9,5.09
5598,1728,breakdown,16.89,4.54
28907,6516,full,307.83,64.49
23983,44,full,382.66,80.16
21669,777,full,763.07,159.85
26554,8625,breakdown,16.89,4.54
17556,8174,legal,25.0,1.71
84,7452,full,783.26,164.08
23986,5306,legal,46.13,1.71
26052,8487,full,152.23,31.89
16398,5501,full,354.8,74.33
6463,8657,full,978.29,204.94
7837,9644,breakdown,16.89,4.54
6622,215,breakdown,22.9,5.09
5335,6510,full,734.01,153.77
11973,7028,breakdown,16.89,4.54
15817,6709,breakdown,16.89,4.54
20041,9337,breakdown,16.89,4.54
19906,7081,breakdown,22.9,5.09
7999,7067,legal,25.0,1.71
27107,5,breakdown,16.89,4.54
8072,987,breakdown,16.89,4.54
13699,371,full,255.86,53.6
10876,9879,full,152.23,31.89
18265,8583,breakdown,22.9,5.09
7974,2634,legal,25.0,1.71
24910,634,breakdown,16.89,4.54
6614,5042,breakdown,22.9,5.09
8652,4828,breakdown,16.89,4.54
25901,8916,breakdown,16.89,4.54
660,4183,breakdown,16.89,4.54
27249,2717,legal,37.5,2.02
11015,6473,full,361.56,75.74
15180,1439,legal,25.0,1.71
6234,1376,legal,69.23,2.27
17530,2520,full,160.66,33.66
17123,6341,full,241.95,50.68
16758,7911,breakdown,16.89,4.54
17402,3424,full,137.86,28.88
17424,3743,full,258.23,54.1
18700,6340,legal,25.0,1.71
7336,5602,legal,46.13,1.71
17870,815,legal,46.13,1.71
17218,2057,legal,25.0,1.71
1695,9546,breakdown,22.9,5.09
2387,7352,breakdown,16.89,4.54
28229,5394,legal,46.13,1.71
433,2393,breakdown,22.9,5.09
29514,6814,legal,25.0,1.71
19067,5302,breakdown,16.89,4.54
27902,3677,breakdown,16.89,4.54
11705,6658,breakdown,16.89,4.54
1588,962,full,266.98,55.93
28682,5561,breakdown,22.9,5.09
20550,8164,legal,92.32,2.83
21556,2411,full,495.98,103.9
24782,4644,full,152.63,31.98
6070,4971,legal,46.13,1.71
24838,4056,legal,25.0,1.71
12008,6990,breakdown,16.89,4.54
5480,6414,legal,25.0,1.71
6238,4278,breakdown,16.89,4.54
9877,9185,legal,25.0,1.71
22032,3678,full,435.86,91.31
8,1629,breakdown,16.89,4.54
2943,9067,full,386.05,80.87
6831,9656,full,388.64,81.42
15265,5820,breakdown,16.89,4.54
14661,3411,legal,25.0,1.71
20313,2021,full,578.2,121.13
12753,4045,legal,37.5,2.02
3585,1995,full,259.5,54.36
27919,5647,legal,37.5,2.02
4857,9252,legal,25.0,1.71
20919,5274,breakdown,16.89,4.54
19902,8086,breakdown,22.9,5.09
3894,7038,legal,25.0,1.71
29999,9431,full,296.47,62.11
23741,5455,breakdown,16.89,4.54
4265,8339,legal,46.13,1.71
6834,1221,legal,37.5,2.02
24899,5297,breakdown,16.89,4.54
9268,255,breakdown,16.89,4.54
9101,900,full,526.26,110.25
25741,6686,full,383.23,80.28
13830,1434,full,250.47,52.47
26623,3495,legal,25.0,1.71
1155,931,breakdown,22.9,5.09
7364,1795,breakdown,16.89,4.54
5607,7590,full,1286.14,269.43
20618,2015,legal,37.5,2.02
15462,5285,legal,25.0,1.71
7308,2494,breakdown,22.9,5.09
12656,2781,full,468.88,98.23
16038,9027,legal,25.0,1.71
18808,6802,full,789.2,165.33
23227,797,full,630.13,132.0
27937,4613,legal,69.23,2.27
17716,8739,legal,37.5,2.02
5723,8752,legal,25.0,1.71
27577,7029,legal,25.0,1.71
14643,6907,breakdown,16.89,4.54
3933,4893,full,186.18,39.0
27635,8180,full,172.29,36.09
28442,6430,legal,25.0,1.71
16105,3477,legal,37.5,2.02
1239,4644,legal,25.0,1.71
23758,582,legal,25.0,1.71
12516,5601,legal,25.0,1.71
29622,1969,legal,25.0,1.71
21319,4640,full,228.98,47.97
18175,6019,legal,37.5,2.02
25897,6030,breakdown,16.89,4.54
25777,4909,breakdown,16.89,4.54
13525,6894,breakdown,22.9,5.09
29903,474,full,377.86,79.15
20162,5413,legal,25.0,1.71
2761,1074,breakdown,22.9,5.09
9353,7018,breakdown,16.89,4.54
26091,955,breakdown,16.89,4.54
22688,1437,legal,37.5,2.02
21260,2141,legal,46.13,1.71
16930,8522,breakdown,22.9,5.09
28124,8917,breakdown,16.89,4.54
16745,6593,legal,46.13,1.71
10450,479,full,152.23,31.89
1847,9261,legal,46.13,1.71
5843,9548,legal,25.0,1.71
17061,6199,full,314.82,65.95
16193,6635,full,284.78,59.66
28774,8445,legal,25.0,1.71
29920,843,breakdown,16.89,4.54
18322,6615,breakdown,16.89,4.54
17113,9626,legal,25.0,1.71
5541,1811,full,381.24,79.87
28028,7084,breakdown,16.89,4.54
27380,1456,legal,25.0,1.71
2403,6944,full,212.36,44.49
1203,8407,full,184.0,38.54
18407,7834,legal,46.13,1.71
24914,2423,legal,25.0,1.71
572,8949,breakdown,16.89,4.54
22365,3315,full,170.96,35.82
15347,5754,full,278.8,58.4
26063,7920,legal,25.0,1.71
16576,3765,full,562.93,117.93
25955,1265,breakdown,22.9,5.09
23811,833,legal,25.0,1.71
15923,5708,full,349.57,73.23
3552,2908,full,430.09,90.1
9355,4367,legal,25.0,1.71
25981,2271,breakdown,16.89,4.54
23675,5556,full,547.68,114.73
11637,5592,legal,69.23,2.27
14045,2818,legal,25.0,1.71
24553,1379,breakdown,22.9,5.09
22793,1364,full,422.04,88.41
20665,7262,full,269.6,56.48
10870,5892,full,674.06,141.21
20850,4149,full,289.64,60.68
19262,2992,breakdown,16.89,4.54
17827,4841,breakdown,25.9,5.91
11068,395,breakdown,22.9,5.09
11547,83,full,384.85,80.62
16854,5086,legal,25.0,1.71
23390,3145,full,206.62,43.28
16371,3239,breakdown,25.9,5.91
11975,8815,legal,25.0,1.71
9748,1009,full,392.23,82.16
17450,177,legal,37.5,2.02
23971,5005,full,340.19,71.27
24711,8013,legal,25.0,1.71
20743,8895,legal,25.0,1.71
11047,6803,breakdown,22.9,5.09
20496,1116,legal,25.0,1.71
7045,3944,full,171.06,35.83
21415,5920,legal,30.0,1.71
11472,1620,full,281.83,59.04
23302,7009,full,189.75,39.75
21276,4622,breakdown,16.89,4.54
13913,6766,legal,25.0,1.71
2689,1564,legal,25.0,1.71
28098,5584,full,322.23,67.51
13026,9803,legal,37.5,2.02
10188,6320,full,1067.47,223.62
3380,912,legal,25.0,1.71
29968,3429,full,886.35,185.68
1910,7732,legal,25.0,1.71
21387,5353,full,294.91,61.78
3627,1594,legal,25.0,1.71
462,3210,breakdown,16.89,4.54
9631,3517,breakdown,25.9,5.91
18377,4058,breakdown,16.89,4.54
16629,7583,legal,25.0,1.71
27983,7901,legal,37.5,2.02
936,2243,breakdown,16.89,4.54
29866,4935,full,280.59,58.78
11280,485,full,321.09,67.26
18325,2596,full,292.49,61.27
21410,9927,legal,25.0,1.71
7781,6143,legal,25.0,1.71
25382,3601,full,127.47,26.7
28078,5554,legal,25.0,1.71
15752,6486,full,324.1,67.89
2051,2107,breakdown,16.89,4.54
6355,3933,legal,25.0,1.71
2775,2173,full,265.32,55.58
10838,1651,legal,46.13,1.71
20255,6462,legal,25.0,1.71
10818,4890,full,139.15,29.15
25953,6507,full,333.43,69.85
6220,7425,legal,25.0,1.71
23197,6982,legal,25.0,1.71
16645,203,legal,25.0,1.71
8099,7547,full,101.2,21.2
19680,898,breakdown,16.89,4.54
24006,7595,full,559.98,117.31
18493,8370,full,386.37,80.94
21700,3829,full,483.87,101.36
28021,8032,full,546.71,114.53
24987,6871,breakdown,16.89,4.54
18781,8068,breakdown,16.89,4.54
491,4030,full,258.66,54.19
28762,7254,full,101.2,21.2
13293,6867,breakdown,16.89,4.54
19410,430,full,116.67,24.44
13575,4787,legal,25.0,1.71
29166,5475,full,531.91,111.43
20166,5446,breakdown,16.89,4.54
28223,7245,legal,46.13,1.71
8643,5022,legal,46.13,1.71
23546,1419,breakdown,25.9,5.91
17121,3654,legal,25.0,1.71
7311,3783,full,446.71,93.58
21311,6250,breakdown,22.9,5.09
27946,558,legal,25.0,1.71
16188,6711,legal,46.13,1.71
15337,4279,breakdown,16.89,4.54
976,4910,breakdown,16.89,4.54
19531,7317,legal,25.0,1.71
9059,9410,legal,37.5,2.02
13693,8504,breakdown,16.89,4.54
4173,7949,breakdown,16.89,4.54
11652,1144,legal,25.0,1.71
1386,2618,legal,46.13,1.71
9036,8290,legal,25.0,1.71
10889,9805,full,373.91,78.33
15502,4428,breakdown,16.89,4.54
14907,9502,breakdown,16.89,4.54
6017,3022,breakdown,22.9,5.09
4223,2130,full,188.04,39.39
8303,5137,full,101.2,21.2
14583,8193,full,303.32,63.54
11656,5733,legal,25.0,1.71
9965,7448,legal,25.0,1.71
15512,447,full,482.81,101.14
5468,3330,full,406.61,85.18
26379,7814,legal,37.5,2.02
29150,9246,legal,25.0,1.71
3222,9279,breakdown,16.89,4.54
4237,1974,full,345.18,72.31
1165,5679,legal,46.13,1.71
13402,3382,breakdown,16.89,4.54
10301,2021,legal,37.5,2.02
17937,7473,breakdown,22.9,5.09
15096,8449,legal,69.23,2.27
25464,7743,breakdown,16.89,4.54
5712,5778,legal,37.5,2.02
24309,6681,full,233.79,48.98
17266,2893,breakdown,16.89,4.54
29409,448,breakdown,16.89,4.54
9396,5860,breakdown,16.89,4.54
6549,3124,legal,37.5,2.02
16067,7740,legal,25.0,1.71
487,473,legal,25.0,1.71
1540,7051,legal,25.0,1.71
3223,1766,full,629.53,131.88
10850,6330,full,121.2,25.39
1392,9600,legal,25.0,1.71
4942,5723,full,926.84,194.16
24971,6133,legal,25.0,1.71
5744,21,legal,25.0,1.71
27478,584,legal,25.0,1.71
12037,2463,breakdown,16.89,4.54
29661,3174,full,317.47,66.51
21201,8261,legal,25.0,1.71
5739,4833,legal,37.5,2.02
14423,6245,breakdown,16.89,4.54
29178,7618,breakdown,22.9,5.09
10312,3190,breakdown,16.89,4.54
27594,8894,breakdown,,4.54
19841,617,breakdown,16.89,4.54
1608,8855,full,172.87,36.22
25002,6866,breakdown,16.89,4.54
22820,21,full,184.61,38.67
20668,6149,full,152.23,31.89
25015,1740,legal,25.0,1.71
2557,8322,legal,25.0,1.71
3456,7945,legal,25.0,1.71
5115,5276,full,244.51,51.22
7345,9804,legal,25.0,1.71
3905,3762,breakdown,22.9,5.09
15814,1486,breakdown,16.89,4.54
12619,1629,legal,25.0,1.71
8989,9739,full,172.87,36.22
27664,7393,legal,25.0,1.71
3690,3903,legal,25.0,1.71
7000,4288,full,456.5,95.63
10019,2553,legal,25.0,1.71
14243,9144,breakdown,16.89,4.54
14123,4348,legal,25.0,1.71
6842,198,full,169.37,35.48
15538,361,breakdown,16.89,4.54
24618,8572,full,270.5,56.67
2352,3266,breakdown,16.89,4.54
6956,6168,full,538.29,112.76
1544,8694,legal,25.0,1.71
28160,4021,legal,25.0,1.71
27079,5005,legal,25.0,1.71
12712,8942,breakdown,16.89,4.54
11013,6545,breakdown,16.89,4.54
6300,6424,legal,37.5,2.02
26663,4731,breakdown,16.89,4.54
9954,7227,breakdown,22.9,5.09
12108,6768,full,189.75,39.75
16505,6663,full,381.11,79.83
10431,3215,breakdown,16.89,4.54
11605,1118,legal,46.13,1.71
5652,4495,breakdown,16.89,4.54
20356,5402,full,639.84,134.04
8653,5490,breakdown,16.89,4.54
11469,7068,breakdown,16.89,4.54
1350,9667,breakdown,22.9,5.09
14077,9200,breakdown,22.9,5.09
29457,3156,breakdown,16.89,4.54
21452,1042,full,333.62,69.89
784,1502,legal,25.0,1.71
22704,8933,breakdown,16.89,4.54
1169,6502,legal,25.0,1.71
10503,5877,legal,46.13,1.71
17470,9476,legal,37.5,2.02
8310,3284,legal,25.0,1.71
24494,6499,breakdown,16.89,4.54
16307,1745,full,408.57,85.59
26197,9570,full,422.51,88.51
14348,9975,legal,46.13,1.71
394,2625,breakdown,16.89,4.54
14278,3132,legal,25.0,1.71
6938,2046,legal,25.0,1.71
17625,8940,legal,37.5,2.02
4910,996,full,367.89,77.07
7274,3695,full,532.1,111.47
6861,2756,breakdown,16.89,4.54
2244,4309,full,101.2,21.2
5796,8685,full,,64.02
13680,1241,full,282.44,59.17
13209,1096,breakdown,16.89,4.54
24924,7523,breakdown,16.89,4.54
8408,6371,full,373.97,78.34
9065,5145,breakdown,16.89,4.54
13759,1699,breakdown,16.89,4.54
2009,8676,breakdown,22.9,5.09
15155,2232,full,191.82,40.19
5050,2521,breakdown,16.89,4.54
19961,4463,full,256.73,53.78
8937,4138,legal,25.0,1.71
21344,6513,full,459.58,96.28
18339,3585,breakdown,16.89,4.54
29415,8824,breakdown,22.9,5.09
24249,6052,legal,25.0,1.71
7183,7354,legal,25.0,1.71
3006,571,legal,25.0,1.71
1166,9806,full,227.34,47.62
29801,4009,full,171.53,35.93
29020,1414,full,280.09,58.68
588,276,breakdown,16.89,4.54
18238,7252,breakdown,22.9,5.09
2221,6061,full,349.68,73.25
25603,1668,legal,25.0,1.71
12895,2501,breakdown,16.89,4.54
19978,6259,breakdown,16.89,4.54
15759,4731,legal,25.0,1.71
17867,8560,legal,37.5,2.02
29386,5959,full,234.57,49.14
24959,2170,breakdown,16.89,4.54
19832,5111,breakdown,22.9,5.09
7960,2458,legal,37.5,2.02
28331,6399,full,632.79,132.56
7642,2378,full,572.84,120.0
2081,6609,full,324.09,67.89
5918,2456,full,456.16,95.56
26120,3858,full,442.75,92.75
29439,362,full,427.03,89.46
3903,7645,full,384.1,80.46
12570,6059,legal,25.0,1.71
20761,487,legal,25.0,1.71
8049,8408,breakdown,16.89,4.54
17327,9913,breakdown,16.89,4.54
3616,8213,legal,46.13,1.71
5304,4101,breakdown,22.9,5.09
14389,1883,breakdown,16.89,4.54
4930,544,full,283.27,59.34
17632,764,breakdown,22.9,5.09
10943,461,full,341.57,71.56
22036,5085,breakdown,22.9,5.09
7738,7661,full,568.56,119.1
2232,8731,legal,46.13,1.71
17092,3217,breakdown,16.89,4.54
2585,7396,full,251.04,52.59
24997,1644,breakdown,16.89,4.54
21076,3470,breakdown,16.89,4.54
782,9121,breakdown,16.89,4.54
28832,6628,full,101.2,21.2
8694,4248,breakdown,22.9,5.09
14299,3814,breakdown,16.89,4.54
2174,7188,legal,25.0,1.71
7254,2004,legal,25.0,1.71
8545,8969,legal,25.0,1.71
11630,3870,breakdown,22.9,5.09
10437,6855,legal,37.5,2.02
17292,7195,full,213.88,44.8
27149,7770,legal,25.0,1.71
9404,9495,full,230.7,48.33
8625,83,legal,25.0,1.71
25111,9750,breakdown,22.9,5.09
25498,2559,full,174.78,36.62
5385,6595,full,278.3,58.3
29591,9732,breakdown,16.89,4.54
20521,9466,full,139.15,29.15
21530,6190,legal,25.0,1.71
6170,559,breakdown,22.9,5.09
3241,3229,legal,25.0,1.71
26041,9737,legal,37.5,2.02
11803,8206,breakdown,22.9,5.09
25146,1277,full,438.34,91.83
13329,5149,legal,25.0,1.71
16145,9242,legal,25.0,1.71
820,7655,full,201.83,42.28
23262,1737,full,206.45,43.25
22575,5298,full,177.04,37.08
3646,4646,legal,37.5,2.02
21975,9111,legal,37.5,2.02
27492,4279,full,315.78,66.16
24867,3933,full,230.45,48.28
4346,8490,legal,46.13,1.71
27811,275,full,469.12,98.28
6043,6558,full,197.08,41.29
21282,8234,legal,46.13,1.71
2824,8237,legal,69.23,2.27
5872,194,full,312.77,65.53
10115,5373,breakdown,16.89,4.54
6748,3331,breakdown,22.9,5.09
4266,1039,breakdown,16.89,4.54
10306,8518,legal,25.0,1.71
17714,5407,full,354.11,74.18
26902,655,full,512.25,107.31
4968,6167,breakdown,16.89,4.54
14419,3546,legal,37.5,2.02
14723,8552,full,222.02,46.51
9437,871,full,290.66,60.89
25744,5879,legal,25.0,1.71
18592,8109,legal,25.0,1.71
13542,5040,legal,25.0,1.71
18037,3005,breakdown,16.89,4.54
23659,6900,legal,25.0,1.71
10106,5741,breakdown,22.9,5.09
3997,3694,full,250.47,52.47
22565,3553,breakdown,16.89,4.54
28349,3216,breakdown,16.89,4.54
5327,7623,full,281.2,58.91
2180,8461,legal,25.0,1.71
16358,413,legal,25.0,1.71
4719,3292,full,321.6,67.38
12575,6001,legal,37.5,2.02
26205,5681,legal,46.13,1.71
2012,783,breakdown,16.89,4.54
6655,9282,breakdown,25.9,5.91
6308,9405,legal,37.5,2.02
19312,9146,legal,46.13,1.71
20462,1898,breakdown,16.89,4.54
26604,4186,full,390.83,81.87
12831,8525,full,430.97,90.28
20906,564,breakdown,16.89,4.54
8982,7013,legal,25.0,1.71
22580,9429,full,105.82,22.17
5778,9724,breakdown,16.89,4.54
16641,7734,full,323.95,67.86
5312,3658,breakdown,22.9,5.09
22535,5788,breakdown,16.89,4.54
29219,2750,full,338.49,70.91
12641,712,breakdown,16.89,4.54
5879,4108,legal,25.0,1.71
6786,7400,legal,25.0,1.71
12794,645,breakdown,22.9,5.09
3352,9099,full,221.19,46.34
13930,778,breakdown,22.9,5.09
78,296,legal,25.0,1.71
6470,1082,breakdown,16.89,4.54
28812,2044,breakdown,16.89,4.54
11561,9451,legal,25.0,1.71
16683,9349,breakdown,16.89,4.54
18528,4652,legal,69.23,2.27
29812,374,breakdown,22.9,5.09
13449,527,breakdown,16.89,4.54
15300,156,breakdown,16.89,4.54
10688,8711,breakdown,16.89,4.54
20585,5692,breakdown,22.9,5.09
13133,7322,full,185.01,38.76
29941,7718,legal,37.5,2.02
21577,7128,breakdown,16.89,4.54
13064,8296,full,879.38,184.22
9789,2655,legal,25.0,1.71
25387,1591,breakdown,22.9,5.09
28405,1008,legal,30.0,1.71
5585,6921,full,565.49,118.46
27413,9360,legal,25.0,1.71
24259,2770,breakdown,16.89,4.54
23454,3717,full,159.51,33.42
9003,1759,breakdown,16.89,4.54
20377,9639,legal,37.5,2.02
8510,6547,breakdown,16.89,4.54
14853,3799,full,216.15,45.29
22407,3379,full,387.33,81.14
14820,698,legal,25.0,1.71
8059,2578,full,422.22,88.45
9950,3363,full,441.32,92.45
21271,1902,legal,25.0,1.71
17523,5190,breakdown,16.89,4.54
16288,495,full,674.88,141.38
8416,3768,full,207.57,43.48
15869,4567,legal,25.0,1.71
12912,422,breakdown,16.89,4.54
12397,3714,breakdown,22.9,5.09
28003,8275,breakdown,16.89,4.54
17687,1015,legal,25.0,1.71
3206,2442,full,631.49,132.3
23178,1363,legal,25.0,1.71
8028,8272,breakdown,25.9,5.91
11423,9840,legal,25.0,1.71
3289,264,legal,25.0,1.71
5148,8259,full,312.0,65.36
9007,9921,full,531.73,111.39
29126,2072,breakdown,16.89,4.54
22536,4493,legal,37.5,2.02
10287,8488,legal,25.0,1.71
2602,108,breakdown,16.89,4.54
4309,9005,legal,46.13,1.71
23470,7989,full,169.37,35.48
1147,5575,full,261.17,54.71
21361,8534,legal,25.0,1.71
13175,1116,breakdown,16.89,4.54
17366,2724,breakdown,22.9,5.09
25960,1938,legal,25.0,1.71
1820,1888,breakdown,16.89,4.54
17194,1845,breakdown,22.9,5.09
6694,1692,full,309.39,64.81
16266,9068,legal,46.13,1.71
13961,5214,breakdown,16.89,4.54
13442,3375,legal,25.0,1.71
28182,5780,breakdown,16.89,4.54
23202,3012,breakdown,16.89,4.54
23556,8919,full,192.3,40.28
12580,4997,breakdown,16.89,4.54
20096,801,legal,25.0,1.71
15472,2305,legal,25.0,1.71
5172,3534,full,249.42,52.25
4343,6343,full,152.23,31.89
2592,3309,breakdown,22.9,5.09
22918,4315,legal,25.0,1.71
21562,9327,breakdown,16.89,4.54
20272,1609,breakdown,16.89,4.54
4168,5617,full,376.53,78.88
7381,4067,full,407.92,85.45
17294,6287,full,302.45,63.36
10078,9174,full,200.53,42.01
24903,922,full,551.13,115.46
5970,3434,breakdown,16.89,4.54
24061,1715,legal,46.13,1.71
23282,7886,full,674.0,141.19
29723,707,legal,69.23,2.27
26839,3083,legal,46.13,1.71
26472,3840,legal,92.32,2.83
18667,9440,breakdown,16.89,4.54
13201,438,breakdown,22.9,5.09
21776,6005,legal,25.0,1.71
25765,3449,breakdown,16.89,4.54
6390,48,full,301.66,63.2
7201,1986,full,218.83,45.85
18702,2934,full,189.75,39.75
231,8676,legal,37.5,2.02
16058,2131,legal,37.5,2.02
12255,9791,full,143.37,30.03
9239,5840,legal,37.5,2.02
8165,7777,legal,25.0,1.71
18867,1943,legal,37.5,2.02
28525,2313,breakdown,16.89,4.54
9265,7073,full,294.38,61.67
24677,6234,full,167.48,35.09
19304,5614,full,296.78,62.17
17841,4093,legal,25.0,1.71
15322,5495,breakdown,16.89,4.54
18691,1884,full,247.76,51.9
27547,4852,breakdown,22.9,5.09
6964,3672,full,249.95,52.37
21589,8856,breakdown,16.89,4.54
1206,8252,legal,37.5,2.02
5726,9792,full,242.76,50.86
1619,795,full,282.44,59.17
23538,8536,breakdown,16.89,4.54
653,1083,full,312.57,65.48
19176,4017,full,215.73,45.2
27010,5838,breakdown,22.9,5.09
18116,5438,full,171.53,35.94
18418,231,full,563.73,118.09
7147,6725,legal,46.13,1.71
21309,2567,full,169.37,35.48
22260,3254,legal,25.0,1.71
8260,981,breakdown,16.89,4.54
7850,2372,full,302.55,63.38
24827,1761,legal,37.5,2.02
18885,9800,full,235.28,49.29
10605,9229,full,199.67,41.83
8066,8464,legal,25.0,1.71
24292,3797,legal,46.13,1.71
3107,8503,full,251.73,52.73
20554,2990,breakdown,16.89,4.54
24113,9892,breakdown,16.89,4.54
17208,7192,breakdown,16.89,4.54
11378,8419,full,522.31,109.41
19935,4077,breakdown,16.89,4.54
17392,1765,legal,37.5,2.02
25487,1824,full,188.42,39.47
11158,8357,full,223.1,46.74
12730,4472,full,486.05,101.82
26724,1231,legal,46.13,1.71
18680,6278,breakdown,16.89,4.54
12029,8506,breakdown,16.89,4.54
20285,7429,full,321.09,67.26
3777,4594,breakdown,16.89,4.54
22976,1140,full,150.32,31.49
6937,486,full,304.4,63.77
4119,5589,breakdown,16.89,4.54
15720,9459,legal,46.13,1.71
12885,2509,breakdown,16.89,4.54
13782,724,full,325.9,68.27
4876,5001,full,488.87,102.41
5606,6442,breakdown,16.89,4.54
10950,3696,legal,25.0,1.71
19388,309,breakdown,16.89,4.54
13393,7672,breakdown,16.89,4.54
19788,9955,breakdown,22.9,5.09
22651,4723,full,365.74,76.62
4815,1781,full,445.48,93.32
26781,8451,full,246.35,51.61
8768,7196,legal,25.0,1.71
25686,5395,full,195.02,40.86
27700,1671,full,152.63,31.98
10474,7508,breakdown,16.89,4.54
449,8568,breakdown,16.89,4.54
10302,6393,full,540.15,113.16
20773,4608,legal,30.0,1.71
21058,1744,legal,25.0,1.71
9686,8468,legal,25.0,1.71
25840,5403,breakdown,22.9,5.09
19825,5569,full,285.26,59.76
20099,644,legal,25.0,1.71
27729,7189,full,340.67,71.37
21277,9448,full,545.88,114.35
22705,202,breakdown,16.89,4.54
26529,1409,full,232.51,48.71
23349,8274,full,220.04,46.09
29969,1774,legal,25.0,1.71
24515,6225,legal,25.0,1.71
23142,8087,breakdown,16.89,4.54
14279,6662,legal,37.5,2.02
18754,5562,breakdown,16.89,4.54
29189,385,breakdown,16.89,4.54
11593,1115,legal,25.0,1.71
23940,4220,legal,25.0,1.71
7914,561,legal,25.0,1.71
15984,1393,legal,37.5,2.02
999,2527,legal,25.0,1.71
9876,6951,full,259.27,54.31
23487,7540,full,253.52,53.11
8355,1613,full,218.43,45.76
2680,6155,breakdown,16.89,4.54
24960,9840,breakdown,16.89,4.54
11997,4008,full,371.5,77.83
3600,8156,legal,37.5,2.02
27819,5213,legal,25.0,1.71
21012,2614,legal,25.0,1.71
14499,6153,full,390.78,81.87
27990,9198,breakdown,16.89,4.54
17744,3653,legal,25.0,1.71
4125,5340,breakdown,16.89,4.54
12218,2037,full,150.32,31.49
21957,8034,legal,25.0,1.71
2985,6366,breakdown,22.9,5.09
21990,1089,legal,46.13,1.71
1248,160,breakdown,16.89,4.54
5855,7657,legal,25.0,1.71
1029,372,full,237.89,49.84
5539,3211,legal,46.13,1.71
16504,2657,legal,37.5,2.02
29031,6131,legal,25.0,1.71
24785,3460,legal,25.0,1.71
28273,2762,full,101.2,21.2
11614,231,breakdown,16.89,4.54
10719,3251,breakdown,16.89,4.54
7319,8445,breakdown,16.89,4.54
24023,895,breakdown,16.89,4.54
16979,8986,breakdown,16.89,4.54
22390,1268,full,1032.17,216.23
19320,2439,breakdown,16.89,4.54
22102,6326,legal,25.0,1.71
24993,9775,full,302.71,63.42
13230,6932,breakdown,22.9,5.09
6984,6303,full,252.62,52.92
23870,4584,breakdown,16.89,4.54
21118,5094,legal,25.0,1.71
26753,1652,legal,25.0,1.71
6518,1711,legal,25.0,1.71
16562,233,breakdown,16.89,4.54
15464,19,full,325.07,68.1
27393,7218,breakdown,16.89,4.54
27183,7458,legal,37.5,2.02
28791,7168,breakdown,16.89,4.54
6737,7384,full,171.53,35.94
5808,5567,legal,25.0,1.71
3635,1457,full,175.22,36.71
22070,6940,full,361.94,75.82
22739,2026,legal,25.0,1.71
5488,5688,full,306.04,64.11
6623,5512,breakdown,16.89,4.54
15311,8446,breakdown,16.89,4.54
128,532,breakdown,16.89,4.54
16503,1673,breakdown,16.89,4.54
20269,8199,legal,46.13,1.71
3007,1465,breakdown,16.89,4.54
4153,6674,breakdown,22.9,5.09
8427,8550,legal,92.32,2.83
20973,3287,legal,25.0,1.71
5319,8512,breakdown,16.89,4.54
12758,1900,legal,25.0,1.71
26072,8805,full,161.08,33.75
9021,6198,legal,25.0,1.71
12361,3771,breakdown,16.89,4.54
22721,1974,breakdown,16.89,4.54
4200,6198,full,279.8,58.61
8010,9335,breakdown,16.89,4.54
20882,6114,full,360.12,75.44
17900,9967,breakdown,22.9,5.09
5109,154,legal,25.0,1.71
20684,5138,breakdown,16.89,4.54
20509,8546,legal,25.0,1.71
26854,220,full,274.16,57.44
7758,2455,breakdown,22.9,5.09
5362,3592,breakdown,16.89,4.54
14912,7531,full,1602.29,335.66
7128,4529,full,296.82,62.18
19225,1329,legal,25.0,1.71
21358,624,legal,25.0,1.71
28625,9106,full,384.92,80.63
18666,7295,full,281.57,58.98
23571,7947,full,390.33,81.77
22718,7814,breakdown,22.9,5.09
11169,8338,legal,25.0,1.71
28946,2829,full,250.47,52.47
5800,1410,full,172.87,36.22
13582,5952,breakdown,16.89,4.54
2743,5845,legal,37.5,2.02
9812,449,breakdown,16.89,4.54
7655,5131,full,163.75,34.3
21001,658,breakdown,22.9,5.09
27472,2683,legal,25.0,1.71
13308,2140,legal,25.0,1.71
2433,5123,full,291.21,61.0
16273,9492,legal,46.13,1.71
4476,3066,breakdown,16.89,4.54
9492,2680,full,953.5,199.74
1268,8061,breakdown,16.89,4.54
9932,4298,breakdown,16.89,4.54
8105,7799,full,101.2,21.2
7136,4854,breakdown,16.89,4.54
16518,5426,legal,37.5,2.02
2324,2137,legal,25.0,1.71
6370,1602,full,607.84,127.33
21183,3433,legal,25.0,1.71
5451,5849,full,1069.0,223.94
23289,8633,breakdown,16.89,4.54
21108,4404,legal,25.0,1.71
7480,9358,breakdown,16.89,4.54
13949,7704,breakdown,16.89,4.54
22978,6759,legal,69.23,2.27
24343,5037,legal,25.0,1.71
15263,7111,breakdown,16.89,4.54
21941,7226,full,530.82,111.2
3540,6401,full,379.86,79.57
11244,9112,breakdown,16.89,4.54
10737,569,full,185.74,38.91
25439,1636,full,290.58,60.87
20464,953,legal,37.5,2.02
15400,7419,full,291.48,61.06
977,4068,full,312.5,65.46
17641,3782,full,307.25,64.36
3844,3194,breakdown,16.89,4.54
5008,4920,legal,25.0,1.71
25493,8422,full,297.76,62.38
8898,5926,legal,25.0,1.71
25780,4734,breakdown,16.89,4.54
510,5577,legal,37.5,2.02
23201,2368,full,225.4,47.22
4210,194,breakdown,16.89,4.54
28241,9011,full,343.42,71.94
14947,1757,legal,25.0,1.71
19446,9337,full,374.59,78.47
27197,1282,breakdown,22.9,5.09
18000,8746,full,862.13,180.6
13912,7763,full,182.0,38.13
18918,8096,full,436.03,91.35
11043,8476,legal,69.23,2.27
22315,4555,breakdown,16.89,4.54
948,2145,full,152.23,31.89
27072,4259,breakdown,25.9,5.91
20662,981,full,461.71,96.72
17722,9314,full,126.28,26.45
23393,4834,legal,25.0,1.71
2025,1285,breakdown,22.9,5.09
16290,6405,full,306.38,64.18
15353,3250,legal,25.0,1.71
12904,5219,breakdown,25.9,5.91
23951,9447,full,724.61,151.8
1817,3895,legal,25.0,1.71
14232,1349,full,113.85,23.85
19263,4925,full,663.97,139.09
26027,3592,legal,25.0,1.71
9930,4721,breakdown,22.9,5.09
23883,9085,breakdown,16.89,4.54
20043,3991,breakdown,16.89,4.54
7741,3520,full,793.17,166.16
21328,9240,breakdown,16.89,4.54
692,2785,legal,25.0,1.71
6495,3300,breakdown,16.89,4.54
1032,4656,legal,25.0,1.71
17481,3274,legal,25.0,1.71
25873,8472,full,381.37,79.89
29160,1002,legal,25.0,1.71
23578,2976,legal,46.13,1.71
10884,4780,legal,25.0,1.71
5426,1035,full,175.27,36.72
7367,9216,full,250.47,52.47
20007,3639,breakdown,16.89,4.54
19249,2447,full,186.79,39.13
11289,232,full,238.03,49.87
25244,5906,full,368.14,77.12
1771,3676,legal,25.0,1.71
8339,2446,legal,69.23,2.27
6299,9033,legal,37.5,2.02
5337,5964,legal,37.5,2.02
1377,5020,breakdown,16.89,4.54
3064,4419,full,798.2,167.21
7654,718,full,101.2,21.2
21274,7723,breakdown,16.89,4.54
21966,2353,breakdown,16.89,4.54
5823,280,breakdown,16.89,4.54
29695,9547,full,405.23,84.89
8819,6556,breakdown,16.89,4.54
27824,9911,breakdown,16.89,4.54
8761,6171,full,174.8,36.62
29319,8484,breakdown,16.89,4.54
16086,9892,full,428.6,89.79
16319,8624,full,1286.21,269.44
23224,542,breakdown,16.89,4.54
27716,95,full,243.16,50.94
1497,3857,breakdown,16.89,4.54
19628,2297,breakdown,16.89,4.54
22448,6555,full,354.11,74.18
14475,8484,full,439.72,92.12
20349,6117,breakdown,16.89,4.54
26684,1307,full,192.3,40.28
18007,518,full,621.96,130.29
628,4957,full,565.42,118.45
16827,1937,full,548.43,114.89
23677,9640,breakdown,16.89,4.54
26285,3481,legal,25.0,1.71
21803,8380,full,101.76,21.32
21996,7454,legal,37.5,2.02
5078,2553,breakdown,16.89,4.54
14867,2649,full,355.05,74.38
23255,3248,full,385.86,80.83
27222,7305,breakdown,22.9,5.09
5134,2840,breakdown,22.9,5.09
3986,1574,breakdown,16.89,4.54
23155,7019,legal,25.0,1.71
21035,8748,legal,69.23,2.27
27839,5168,full,598.09,125.29
22424,2464,breakdown,22.9,5.09
13095,9060,legal,25.0,1.71
13674,1821,full,119.55,25.04
24008,6637,breakdown,16.89,4.54
26235,3414,breakdown,16.89,4.54
9044,8675,breakdown,16.89,4.54
4994,2891,breakdown,16.89,4.54
27846,8809,legal,25.0,1.71
5631,5725,legal,37.5,2.02
6279,9888,legal,25.0,1.71
10614,2860,full,218.93,45.86
3101,6980,full,528.96,110.81
24620,895,legal,25.0,1.71
22881,6770,breakdown,22.9,5.09
15393,900,legal,25.0,1.71
17946,7327,breakdown,16.89,4.54
19491,5516,full,159.95,33.51
23920,6118,breakdown,16.89,4.54
5344,5018,full,735.15,154.0
28942,7718,breakdown,22.9,5.09
20523,7776,breakdown,16.89,4.54
24886,7188,breakdown,16.89,4.54
6543,6285,full,330.74,69.28
22890,4749,breakdown,16.89,4.54
23072,1920,legal,46.13,1.71
6701,9412,full,132.83,27.83
26019,1447,full,278.2,58.28
8827,8718,breakdown,16.89,4.54
27023,6162,full,172.87,36.22
4531,433,breakdown,16.89,4.54
26549,4347,full,321.08,67.26
25227,3427,breakdown,25.9,5.91
25651,6220,legal,37.5,2.02
29706,6405,legal,25.0,1.71
24852,9300,full,314.75,65.94
8860,3268,breakdown,22.9,5.09
20390,6619,breakdown,16.89,4.54
6735,578,breakdown,16.89,4.54
22075,1348,full,564.33,118.22
7969,9085,legal,25.0,1.71
13592,1000,full,172.87,36.22
11099,5785,legal,25.0,1.71
4276,3030,breakdown,22.9,5.09
20280,5847,breakdown,16.89,4.54
21371,169,legal,37.5,2.02
12124,444,full,195.98,41.05
25039,7034,breakdown,22.9,5.09
1783,7522,legal,25.0,1.71
1356,259,full,399.08,83.61
24463,8851,full,158.54,33.21
2936,5933,full,694.62,145.52
6854,2612,breakdown,16.89,4.54
15765,8401,legal,37.5,2.02
21427,170,legal,25.0,1.71
19875,9762,full,288.65,60.47
5892,5922,breakdown,16.89,4.54
4605,455,legal,25.0,1.71
13665,569,legal,25.0,1.71
28969,2388,breakdown,22.9,5.09
10789,3951,full,1322.73,277.1
26865,4701,breakdown,22.9,5.09
19828,5318,breakdown,16.89,4.54
27588,7426,full,240.68,50.42
21833,308,legal,37.5,2.02
25615,3869,legal,25.0,1.71
5858,3182,legal,46.13,1.71
19582,3693,legal,25.0,1.71
400,503,breakdown,16.89,4.54
3336,4559,full,385.63,80.78
23980,2198,full,453.52,95.0
21735,9989,legal,25.0,1.71
11982,4220,breakdown,16.89,4.54
9834,414,breakdown,22.9,5.09
24776,5827,breakdown,16.89,4.54
16944,7917,full,257.64,53.98
28952,5568,legal,25.0,1.71
625,2950,legal,46.13,1.71
11697,1498,legal,25.0,1.71
6532,5648,breakdown,22.9,5.09
5758,3345,breakdown,16.89,4.54
4754,8608,full,1426.92,298.92
22222,9387,breakdown,16.89,4.54
21631,973,full,263.7,55.24
9476,5780,full,467.26,97.88
15574,281,full,341.24,71.48
18080,230,full,245.0,51.32
26621,625,breakdown,22.9,5.09
2008,9342,legal,25.0,1.71
6292,686,full,390.12,81.72
16417,3685,legal,25.0,1.71
26824,3641,legal,25.0,1.71
22124,1909,breakdown,16.89,4.54
21910,9868,legal,46.13,1.71
10375,250,legal,25.0,1.71
1234,7796,full,572.86,120.01
25690,8002,full,461.09,96.59
18104,5382,breakdown,16.89,4.54
1791,4700,full,728.65,152.64
13813,7235,full,186.85,39.14
9942,4821,breakdown,16.89,4.54
11232,7923,legal,25.0,1.71
13373,9006,breakdown,16.89,4.54
19373,6668,full,385.31,80.72
29406,3729,full,132.83,27.83
27543,8549,legal,92.32,2.83
22099,575,full,310.06,64.96
12455,7509,legal,92.32,2.83
18590,5968,breakdown,16.89,4.54
21255,7592,full,150.32,31.49
3125,4187,breakdown,16.89,4.54
4513,2841,full,769.58,161.22
22479,8699,full,608.08,127.38
13901,5195,full,369.5,77.41
28586,2242,breakdown,16.89,4.54
7695,4314,legal,25.0,1.71
19078,5109,breakdown,16.89,4.54
15506,3641,breakdown,16.89,4.54
2992,5006,full,256.32,53.7
9819,3990,breakdown,16.89,4.54
6544,3406,legal,30.0,1.71
28161,7140,breakdown,16.89,4.54
10419,5721,full,321.34,67.32
3705,3062,breakdown,16.89,4.54
25501,796,full,282.44,59.17
8836,7807,breakdown,16.89,4.54
19550,9467,legal,37.5,2.02
22290,6981,breakdown,16.89,4.54
17289,9837,full,498.12,104.35
8539,7933,legal,25.0,1.71
21197,3193,full,101.2,21.2
29868,8802,legal,25.0,1.71
7885,1843,breakdown,16.89,4.54
29547,7673,breakdown,16.89,4.54
24552,935,breakdown,16.89,4.54
17810,5658,full,190.09,39.82
29600,7304,breakdown,16.89,4.54
3923,325,full,529.3,110.88
23970,2018,legal,46.13,1.71
20704,9576,breakdown,16.89,4.54
410,2307,breakdown,16.89,4.54
14934,8763,legal,37.5,2.02
24772,2209,legal,25.0,1.71
7880,9293,breakdown,16.89,4.54
4214,1665,legal,25.0,1.71
4377,9643,breakdown,16.89,4.54
1767,8402,legal,25.0,1.71
22264,5516,breakdown,16.89,4.54
971,1820,breakdown,22.9,5.09
16834,3889,breakdown,16.89,4.54
14314,5207,legal,25.0,1.71
10694,1471,breakdown,25.9,5.91
27614,4161,breakdown,16.89,4.54
2423,3254,full,334.98,70.18
28747,5916,breakdown,22.9,5.09
28305,7161,full,199.01,41.69
28074,9019,breakdown,16.89,4.54
29048,7404,breakdown,16.89,4.54
7746,3864,breakdown,22.9,5.09
1882,7535,breakdown,16.89,4.54
25858,329,legal,25.0,1.71
1632,9492,breakdown,22.9,5.09
23026,9134,legal,25.0,1.71
24609,1426,full,215.04,45.05
332,6949,full,624.18,130.76
6994,7545,legal,25.0,1.71
22626,7490,breakdown,16.89,4.54
27914,5220,breakdown,25.9,5.91
22988,1220,legal,25.0,1.71
14795,7854,full,326.8,68.46
29196,204,breakdown,16.89,4.54
28181,5981,legal,25.0,1.71
21224,456,breakdown,16.89,4.54
12620,3160,breakdown,22.9,5.09
4883,4943,legal,37.5,2.02
6428,9120,breakdown,16.89,4.54
21881,7613,full,264.68,55.45
22551,7325,full,253.38,53.08
21300,5062,full,350.74,73.47
7829,4431,legal,25.0,1.71
23315,40,breakdown,16.89,4.54
18711,3050,legal,69.23,2.27
12364,7271,full,172.21,36.08
2653,9565,breakdown,22.9,5.09
19134,3380,legal,37.5,2.02
542,9843,legal,37.5,2.02
10150,9712,legal,25.0,1.71
2309,7803,full,351.77,73.69
4933,6331,full,152.23,31.89
10183,7848,breakdown,16.89,4.54
28777,4789,breakdown,16.89,4.54
4308,9689,full,101.2,21.2
16168,1871,full,823.57,172.53
23720,9281,breakdown,16.89,4.54
11814,4024,full,194.87,40.83
20282,5548,full,429.29,89.94
3043,9052,full,242.51,50.81
17247,1088,full,223.45,46.82
26274,7334,full,614.36,128.7
5325,1600,legal,25.0,1.71
9512,4909,full,228.05,47.77
23290,7764,breakdown,16.89,4.54
22092,442,legal,37.5,2.02
24669,4944,breakdown,16.89,4.54
11716,331,breakdown,16.89,4.54
22196,9348,legal,25.0,1.71
8337,3448,full,179.49,37.6
4236,3529,legal,25.0,1.71
28755,6798,breakdown,16.89,4.54
9505,6811,full,181.4,38.0
23461,2053,breakdown,16.89,4.54
6860,5083,full,196.36,41.13
4812,8626,breakdown,16.89,4.54
15579,1910,legal,37.5,2.02
28139,1842,legal,25.0,1.71
29677,9394,legal,25.0,1.71
26695,1007,breakdown,16.89,4.54
19333,3034,legal,46.13,1.71
10697,2996,breakdown,16.89,4.54
18548,5357,legal,25.0,1.71
15477,1630,breakdown,16.89,4.54
8733,306,legal,37.5,2.02
13705,735,legal,25.0,1.71
27728,5943,full,1179.29,247.05
29244,7579,breakdown,16.89,4.54
19506,3933,breakdown,16.89,4.54
6096,2932,legal,25.0,1.71
16870,5544,breakdown,16.89,4.54
100,9693,full,492.28,103.13
13197,7235,breakdown,16.89,4.54
22608,5273,full,468.97,98.24
8254,1495,full,191.65,40.15
5423,4518,breakdown,16.89,4.54
24416,8884,full,484.76,101.55
164,1347,breakdown,16.89,4.54
133,1401,legal,25.0,1.71
15496,6439,breakdown,16.89,4.54
9919,9558,breakdown,16.89,4.54
16591,2905,legal,25.0,1.71
1317,9942,legal,25.0,1.71
19716,8515,legal,25.0,1.71
29337,7739,full,231.53,48.5
24191,5133,breakdown,16.89,4.54
16921,9923,full,496.26,103.96
21291,2056,legal,25.0,1.71
5662,8348,breakdown,16.89,4.54
22218,3803,legal,46.13,1.71
17790,877,legal,46.13,1.71
24935,3229,breakdown,16.89,4.54
27270,1354,legal,25.0,1.71
3134,9748,breakdown,22.9,5.09
12511,9436,breakdown,22.9,5.09
26576,4187,legal,25.0,1.71
19098,6070,legal,25.0,1.71
24241,2159,breakdown,16.89,4.54
19976,5541,legal,25.0,1.71
4624,5660,breakdown,16.89,4.54
10741,9744,legal,37.5,2.02
29948,9742,breakdown,16.89,4.54
24689,2542,full,342.08,71.66
3763,328,full,483.31,101.25
8480,8821,breakdown,16.89,4.54
13121,7090,full,469.65,98.39
20170,2281,breakdown,25.9,5.91
10017,5916,full,132.44,27.74
5209,5483,legal,46.13,1.71
25738,4582,legal,25.0,1.71
11701,567,full,320.27,67.1
27351,5379,legal,25.0,1.71
7177,4228,legal,25.0,1.71
699,7759,legal,37.5,2.02
23999,4210,full,227.03,47.56
4606,400,full,380.3,79.66
2265,4498,full,305.87,64.08
16268,5932,breakdown,16.89,4.54
6671,8854,breakdown,22.9,5.09
29316,1493,full,282.88,59.26
14901,163,legal,25.0,1.71
24445,1214,legal,25.0,1.71
23730,6150,breakdown,16.89,4.54
19235,9326,full,376.86,78.95
3605,4668,breakdown,16.89,4.54
13122,5000,full,980.59,205.42
14033,9894,breakdown,16.89,4.54
1430,6383,breakdown,16.89,4.54
27428,4026,breakdown,25.9,5.91
3478,7609,breakdown,22.9,5.09
28806,1066,breakdown,22.9,5.09
29138,2727,legal,25.0,1.71
16534,2423,full,232.29,48.66
12579,5046,full,250.47,52.47
27720,7125,breakdown,16.89,4.54
18490,642,full,376.89,78.95
10355,5519,full,588.98,123.39
4109,4184,full,684.28,143.35
17130,9751,legal,25.0,1.71
3888,4927,full,410.39,85.98
22246,7477,full,293.81,61.55
27461,7804,legal,25.0,1.71
7394,3027,breakdown,16.89,4.54
5221,8912,full,493.35,103.35
14721,6829,legal,25.0,1.71
14999,3201,full,152.23,31.89
16438,5980,legal,25.0,1.71
13385,1310,breakdown,22.9,5.09
26347,7670,legal,92.32,2.83
16071,2715,full,515.11,107.91
24482,3410,full,305.9,64.08
10635,4575,legal,69.23,2.27
5512,8600,legal,25.0,1.71
16363,8100,full,460.09,96.38
16972,7770,breakdown,16.89,4.54
29361,3498,legal,25.0,1.71
24518,923,breakdown,22.9,5.09
11638,5425,breakdown,16.89,4.54
3204,504,legal,25.0,1.71
17010,661,breakdown,16.89,4.54
666,9265,breakdown,16.89,4.54
2620,9429,breakdown,22.9,5.09
18860,3127,breakdown,16.89,4.54
5258,4061,legal,25.0,1.71
29228,5670,full,573.48,120.14
20225,5619,full,344.77,72.23
4158,4664,breakdown,16.89,4.54
11040,1558,breakdown,16.89,4.54
4860,9732,legal,25.0,1.71
3031,5601,full,187.75,39.34
17941,520,legal,25.0,1.71
9255,1547,legal,37.5,2.02
19620,950,breakdown,16.89,4.54
29168,578,legal,25.0,1.71
21004,8791,legal,37.5,2.02
21120,6587,full,256.43,53.72
22805,7862,breakdown,16.89,4.54
3910,5469,full,417.42,87.45
19108,3854,breakdown,16.89,4.54
16943,8061,full,335.51,70.28
28929,2290,legal,25.0,1.71
590,1013,legal,25.0,1.71
3025,9409,breakdown,32.4,6.5
1250,3649,legal,37.5,2.02
4302,4867,full,250.47,52.47
17843,8091,full,101.2,21.2
19748,8687,legal,25.0,1.71
14837,1026,full,267.75,56.09
22807,4492,breakdown,16.89,4.54
25099,2026,full,152.23,31.89
22945,628,breakdown,,4.54
28029,2601,legal,25.0,1.71
16215,4921,full,386.66,81.0
18899,260,full,170.24,35.66
21413,8863,legal,25.0,1.71
8239,9978,breakdown,22.9,5.09
17020,6213,legal,25.0,1.71
27796,6972,legal,25.0,1.71
29491,4512,full,729.52,152.82
24809,638,legal,37.5,2.02
19650,353,full,405.53,84.96
24940,4779,legal,25.0,1.71
29608,9842,breakdown,16.89,4.54
29101,159,legal,37.5,2.02
18270,6847,legal,37.5,2.02
8004,3246,legal,25.0,1.71
25871,2759,legal,37.5,2.02
17435,4993,full,200.47,42.0
26419,6687,full,233.6,48.94
4712,5723,legal,45.0,2.08
18516,4380,legal,25.0,1.71
4643,9810,legal,25.0,1.71
20798,1897,full,183.09,38.36
22200,639,full,341.84,71.61
18326,918,breakdown,16.89,4.54
19101,7254,legal,46.13,1.71
5158,7025,full,542.18,113.58
10201,2047,legal,25.0,1.71
28999,7499,breakdown,22.9,5.09
7053,1540,breakdown,16.89,4.54
7051,147,legal,37.5,2.02
27346,9321,full,367.59,77.0
2074,6885,legal,25.0,1.71
20623,2788,legal,25.0,1.71
15996,1883,legal,25.0,1.71
9663,9496,breakdown,22.9,5.09
1000,1136,legal,69.23,2.27
9063,508,breakdown,22.9,5.09
998,7874,full,465.66,97.55
27491,7455,full,232.28,48.66
19779,3042,legal,25.0,1.71
14039,3946,full,407.66,85.4
19867,9738,legal,30.0,1.71
10110,2263,full,585.31,122.61
12921,7378,breakdown,22.9,5.09
666,9265,breakdown,16.89,4.54
24092,9231,legal,25.0,1.71
17237,3667,breakdown,22.9,5.09
19018,6861,breakdown,16.89,4.54
17557,572,breakdown,16.89,4.54
21499,4384,breakdown,16.89,4.54
3451,3418,full,269.99,56.56
18039,676,full,136.69,28.64
12899,3511,breakdown,16.89,4.54
25374,6692,legal,25.0,1.71
10122,411,full,152.23,31.89
8290,1675,full,152.23,31.89
22603,4862,breakdown,22.9,5.09
25935,5053,full,350.94,73.52
5748,8053,legal,46.13,1.71
8352,2539,full,152.23,31.89
26457,5417,breakdown,16.89,4.54
11136,8605,full,169.37,35.48
14526,3748,full,797.9,167.15
13365,1630,legal,25.0,1.71
8180,9505,breakdown,16.89,4.54
12658,8782,breakdown,16.89,4.54
26978,109,full,403.48,84.52
29419,5727,legal,46.13,1.71
25166,9389,full,399.09,83.61
20856,8081,breakdown,22.9,5.09
10403,5690,legal,25.0,1.71
5716,9258,legal,30.0,1.71
8807,901,full,216.72,45.4
24646,4929,full,374.46,78.44
4454,1829,legal,46.13,1.71
26785,7066,breakdown,16.89,4.54
18420,2834,full,454.77,95.27
22683,9746,breakdown,16.89,4.54
6524,7651,legal,25.0,1.71
14420,1147,full,307.75,64.47
16980,4425,legal,25.0,1.71
22025,9436,full,394.62,82.67
19688,6894,legal,37.5,2.02
13101,6506,full,333.43,69.85
23889,5131,legal,25.0,1.71
28314,9553,legal,25.0,1.71
21458,8409,breakdown,16.89,4.54
29039,7073,legal,37.5,2.02
427,7269,breakdown,22.9,5.09
11565,5479,full,293.62,61.51
423,3540,full,152.63,31.98
9463,6260,legal,25.0,1.71
1896,3002,legal,25.0,1.71
5684,6882,legal,25.0,1.71
19173,6634,breakdown,16.89,4.54
8020,5050,full,743.31,155.72
15937,8667,legal,37.5,2.02
893,4895,legal,37.5,2.02
8822,4343,breakdown,16.89,4.54
15569,3162,breakdown,16.89,4.54
2344,8995,legal,37.5,2.02
5231,812,breakdown,16.89,4.54
18801,1318,breakdown,16.89,4.54
23073,8633,full,470.61,98.59
17748,384,legal,25.0,1.71
21714,8828,breakdown,16.89,4.54
22019,6812,breakdown,16.89,4.54
21959,5237,breakdown,16.89,4.54
16430,3342,full,253.0,53.0
15835,7908,full,276.39,57.9
25151,271,breakdown,16.89,4.54
8453,8213,breakdown,22.9,5.09
29945,1826,legal,25.0,1.71
25418,1314,breakdown,16.89,4.54
28576,8373,full,545.4,114.25
7275,4305,breakdown,22.9,5.09
16579,9533,legal,30.0,1.71
29177,3044,full,152.23,31.89
11203,4320,legal,25.0,1.71
11433,785,breakdown,22.9,5.09
15714,8198,full,258.56,54.16
6078,3338,full,264.02,55.31
826,928,breakdown,16.89,4.54
11426,3727,full,334.13,69.99
7895,8473,breakdown,22.9,5.09
21786,1301,full,318.61,66.74
22611,8269,legal,25.0,1.71
894,8298,legal,25.0,1.71
21586,7761,legal,25.0,1.71
17207,4325,legal,46.13,1.71
3329,3534,breakdown,16.89,4.54
16888,1662,breakdown,16.89,4.54
16138,6654,legal,37.5,2.02
17342,1067,legal,25.0,1.71
27063,1783,full,294.32,61.66
7282,9583,full,172.87,36.22
25202,590,legal,37.5,2.02
4522,4232,breakdown,22.9,5.09
6298,8736,legal,37.5,2.02
26653,3147,full,540.13,113.16
9738,7997,full,220.52,46.19
9885,5949,legal,25.0,1.71
24364,9729,full,169.37,35.48
12152,261,breakdown,25.9,5.91
7537,1595,breakdown,16.89,4.54
1848,4418,breakdown,16.89,4.54
24369,9803,breakdown,22.9,5.09
18568,5916,legal,69.23,2.27
13715,1046,full,513.04,107.47
27091,6419,breakdown,22.9,5.09
12405,8025,breakdown,22.9,5.09
21207,6397,breakdown,16.89,4.54
4374,8445,full,169.37,35.48
25458,4553,full,291.25,61.02
4468,297,full,261.12,54.7
19707,3076,legal,25.0,1.71
7193,4097,full,622.09,130.32
27101,7521,breakdown,16.89,4.54
25665,5683,legal,37.5,2.02
8919,4911,full,262.43,54.98
1844,4758,breakdown,22.9,5.09
22906,1716,full,220.08,46.11
97,3667,legal,37.5,2.02
1188,7553,breakdown,16.89,4.54
25192,5754,legal,25.0,1.71
26293,5006,legal,37.5,2.02
10646,5884,full,332.42,69.64
27011,1413,full,499.13,104.56
5928,315,legal,69.23,2.27
12982,304,legal,46.13,1.71
9683,951,legal,37.5,2.02
20852,1331,full,363.56,76.16
19964,6680,legal,25.0,1.71
28723,9493,breakdown,16.89,4.54
22091,9649,full,396.99,83.16
11518,6310,legal,25.0,1.71
3773,3987,legal,37.5,2.02
17515,9125,legal,25.0,1.71
18826,2996,full,327.22,68.55
19283,2102,breakdown,16.89,4.54
22294,9145,full,113.85,23.85
19647,7960,breakdown,16.89,4.54
18606,4222,breakdown,16.89,4.54
12561,6015,legal,69.23,2.27
5766,209,legal,37.5,2.02
7976,8765,legal,25.0,1.71
21461,6846,full,199.63,41.82
9322,2306,full,556.4,116.56
16551,1099,legal,46.13,1.71
15451,5958,breakdown,16.89,4.54
27275,2913,full,380.51,79.71
2681,1781,legal,37.5,2.02
11750,9581,legal,25.0,1.71
25379,543,legal,25.0,1.71
24561,5793,legal,37.5,2.02
9570,8442,legal,25.0,1.71
39,711,breakdown,16.89,4.54
21064,343,full,275.66,57.75
21771,2522,full,278.3,58.3
17034,8006,breakdown,22.9,5.09
18943,1204,breakdown,16.89,4.54
18311,3055,full,285.19,59.74
16027,8093,legal,25.0,1.71
11660,3279,full,726.6,152.21
24379,9953,legal,46.13,1.71
12916,420,legal,37.5,2.02
13140,7363,breakdown,16.89,4.54
29738,2643,breakdown,16.89,4.54
9294,7900,legal,37.5,2.02
27766,5863,legal,37.5,2.02
21126,7329,full,245.44,51.41
15810,8060,breakdown,16.89,4.54
25924,9606,full,281.71,59.01
20405,8144,legal,46.13,1.71
28924,8004,legal,46.13,1.71
4633,1935,breakdown,16.89,4.54
4304,2388,legal,69.23,2.27
2811,8814,full,618.64,129.6
9724,1752,breakdown,22.9,5.09
6007,5487,breakdown,16.89,4.54
5779,5306,breakdown,16.89,4.54
24275,2244,breakdown,16.89,4.54
14979,6264,breakdown,22.9,5.09
4224,2005,legal,25.0,1.71
24140,2096,breakdown,16.89,4.54
23638,2149,legal,46.13,1.71
4331,1592,breakdown,16.89,4.54
24770,2200,legal,25.0,1.71
2734,9699,breakdown,16.89,4.54
3333,3244,legal,25.0,1.71
15823,8991,full,776.23,162.61
17299,267,full,312.93,65.56
381,963,full,163.93,34.34
373,7016,full,524.07,109.79
12306,8175,legal,37.5,2.02
15026,74,legal,37.5,2.02
27314,563,legal,25.0,1.71
8458,4638,breakdown,16.89,4.54
21696,329,full,384.79,80.61
29576,7597,breakdown,16.89,4.54
8149,874,full,778.06,163.0
23191,9170,legal,25.0,1.71
9226,2010,legal,37.5,2.02
8438,9057,breakdown,16.89,4.54
25112,7494,legal,37.5,2.02
9333,1569,breakdown,16.89,4.54
6687,3294,legal,46.13,1.71
27802,6665,breakdown,16.89,4.54
2500,7731,legal,37.5,2.02
22864,9148,legal,25.0,1.71
3743,1600,breakdown,16.89,4.54
13594,2283,legal,69.23,2.27
18723,8547,legal,46.13,1.71
5927,7506,full,733.01,153.55
20126,3655,legal,25.0,1.71
7015,8449,full,116.04,24.31
18513,1325,legal,25.0,1.71
15833,3603,breakdown,16.89,4.54
18733,9799,breakdown,22.9,5.09
16164,7063,full,216.91,45.44
14693,2696,legal,25.0,1.71
25027,5035,full,1217.03,254.95
13554,9980,legal,69.23,2.27
1195,6817,full,172.87,36.22
10130,8650,legal,37.5,2.02
1069,2022,full,465.54,97.52
20579,811,breakdown,16.89,4.54
1008,2691,breakdown,16.89,4.54
6172,2050,breakdown,16.89,4.54
11132,172,legal,25.0,1.71
20366,990,breakdown,16.89,4.54
15033,6937,full,594.86,124.62
8214,8195,breakdown,22.9,5.09
3042,3008,full,290.01,60.75
1651,2888,full,101.2,21.2
5377,3017,full,172.87,36.22
14066,8767,legal,25.0,1.71
8934,2563,full,389.21,81.54
12353,8732,legal,25.0,1.71
27366,3106,legal,37.5,2.02
20873,2516,breakdown,16.89,4.54
21295,6715,breakdown,16.89,4.54
23984,9685,legal,25.0,1.71
28061,4099,breakdown,16.89,4.54
765,9310,full,622.77,130.46
7804,491,breakdown,22.9,5.09
28463,3501,breakdown,22.9,5.09
21198,8620,legal,37.5,2.02
17713,3346,breakdown,16.89,4.54
437,3686,breakdown,16.89,4.54
15692,934,full,252.83,52.97
21604,9836,full,633.3,132.67
13112,7206,legal,46.13,1.71
15294,934,breakdown,16.89,4.54
28191,7097,legal,46.13,1.71
5147,4570,breakdown,16.89,4.54
5070,147,breakdown,22.9,5.09
4046,2479,full,398.22,83.42
8323,1615,full,604.65,126.66
550,555,legal,37.5,2.02
15825,7316,legal,37.5,2.02
16264,8525,breakdown,16.89,4.54
28821,2883,legal,46.13,1.71
17767,2063,legal,25.0,1.71
22814,8970,full,175.74,36.82
22478,3174,breakdown,22.9,5.09
6385,4313,full,172.87,36.22
16626,932,legal,37.5,2.02
14817,9718,legal,25.0,1.71
9086,5550,full,429.29,89.94
3217,8197,full,152.23,31.89
3032,4313,legal,25.0,1.71
20508,8379,full,384.01,80.44
12424,2904,breakdown,16.89,4.54
12081,5039,full,101.2,21.2
15473,6364,full,1297.84,271.88
11633,4395,breakdown,16.89,4.54
14737,2657,breakdown,22.9,5.09
24921,3809,breakdown,16.89,4.54
20243,1967,legal,25.0,1.71
18540,7315,breakdown,16.89,4.54
18597,5390,legal,37.5,2.02
17462,9412,breakdown,16.89,4.54
568,5239,legal,46.13,1.71
18695,5408,full,354.11,74.18
18399,7266,full,197.1,41.29
18103,667,breakdown,16.89,4.54
4977,8478,breakdown,16.89,4.54
23206,7345,full,466.55,97.74
9189,9628,legal,25.0,1.71
13728,7332,breakdown,16.89,4.54
16237,126,breakdown,16.89,4.54
20589,6593,breakdown,22.9,5.09
11708,5073,legal,25.0,1.71
3258,8992,breakdown,16.89,4.54
1379,8191,legal,25.0,1.71
2903,1333,legal,25.0,1.71
1004,327,full,325.58,68.21
18119,2467,full,152.23,31.89
9181,2062,full,494.15,103.52
9527,1771,legal,25.0,1.71
24730,391,breakdown,16.89,4.54
16948,2480,full,379.5,79.5
7939,5333,breakdown,16.89,4.54
5114,3186,breakdown,16.89,4.54
10766,456,full,473.01,99.09
4928,436,breakdown,22.9,5.09
24915,820,full,198.87,41.66
5941,9782,legal,25.0,1.71
24591,90,legal,25.0,1.71
29212,4968,legal,25.0,1.71
6103,6095,breakdown,22.9,5.09
15894,8613,full,320.54,67.15
3010,6630,legal,37.5,2.02
27433,668,full,392.82,82.29
25450,7307,legal,37.5,2.02
21148,8391,breakdown,16.89,4.54
13136,1222,full,435.57,91.25
13243,340,full,152.23,31.89
1973,7273,full,319.24,66.87
11277,1789,full,256.56,53.75
2037,8352,legal,25.0,1.71
23362,7067,breakdown,16.89,4.54
19785,9663,legal,46.13,1.71
11580,1769,full,150.32,31.49
1332,816,legal,46.13,1.71
18611,3368,full,172.87,36.22
18503,2908,breakdown,16.89,4.54
6609,6504,full,292.51,61.28
17488,8251,full,400.82,83.96
17823,5216,legal,37.5,2.02
6021,771,full,198.35,41.55
4530,4349,breakdown,32.4,6.5
21239,3232,breakdown,16.89,4.54
5508,3046,breakdown,22.9,5.09
26722,5583,breakdown,16.89,4.54
1073,406,legal,25.0,1.71
4925,6694,breakdown,22.9,5.09
8207,4955,full,1026.1,214.95
8976,7491,legal,37.5,2.02
17536,3149,breakdown,16.89,4.54
12352,3791,full,311.19,65.19
541,3809,full,356.94,74.78
25020,8936,legal,37.5,2.02
12471,5737,legal,25.0,1.71
21242,4290,full,342.93,71.84
12066,7224,full,320.27,67.1
10385,2677,full,123.77,25.92
25574,2489,breakdown,25.9,5.91
27073,9475,breakdown,16.89,4.54
29892,2154,full,252.11,52.82
15797,3813,breakdown,16.89,4.54
9250,4497,legal,25.0,1.71
19818,6343,breakdown,16.89,4.54
10839,8018,breakdown,16.89,4.54
4232,7312,breakdown,16.89,4.54
10454,6491,legal,25.0,1.71
25322,3900,breakdown,16.89,4.54
5101,5456,breakdown,16.89,4.54
21998,2506,legal,25.0,1.71
17483,5083,legal,25.0,1.71
7952,3325,breakdown,16.89,4.54
25817,2261,full,434.13,90.94
11261,2624,breakdown,16.89,4.54
10246,7389,legal,30.0,1.71
13354,2152,full,548.61,114.93
8267,2358,breakdown,16.89,4.54
7435,504,breakdown,16.89,4.54
16613,2329,full,214.88,45.02
2105,5367,legal,25.0,1.71
15616,3690,full,373.95,78.34
24392,5258,breakdown,22.9,5.09
6602,5437,full,180.89,37.89
20571,7503,full,200.61,42.03
18565,4242,breakdown,16.89,4.54
4631,9792,breakdown,16.89,4.54
9895,104,breakdown,16.89,4.54
11337,6140,full,535.25,112.13
3668,8414,full,282.92,59.27
13135,9208,legal,25.0,1.71
22877,7244,full,453.13,94.92
19956,3901,full,113.85,23.85
19406,6864,breakdown,16.89,4.54
1202,8387,legal,25.0,1.71
11616,3499,breakdown,16.89,4.54
15325,3973,full,250.47,52.47
13005,2308,breakdown,16.89,4.54
6189,2446,full,444.73,93.16
11694,6354,legal,25.0,1.71
20015,7259,full,360.47,75.51
19409,4562,breakdown,16.89,4.54
2233,5198,legal,37.5,2.02
24352,9537,breakdown,16.89,4.54
20300,9909,legal,,1.71
25888,1663,legal,37.5,2.02
6253,5477,full,1031.03,215.99
11037,3496,legal,25.0,1.71
29973,1924,legal,25.0,1.71
21625,7314,breakdown,16.89,4.54
26955,1255,full,336.95,70.59
16968,1968,full,214.03,44.83
21883,8989,legal,25.0,1.71
3902,6065,full,202.87,42.5
18878,6910,legal,25.0,1.71
11947,2399,breakdown,22.9,5.09
12379,4108,full,264.53,55.41
10756,5984,breakdown,16.89,4.54
4147,7516,full,169.37,35.48
16894,4218,legal,46.13,1.71
1210,4801,legal,25.0,1.71
877,1507,breakdown,16.89,4.54
20532,1007,full,171.97,36.03
21123,1047,legal,25.0,1.71
15075,5977,legal,25.0,1.71
27964,1368,breakdown,22.9,5.09
8606,7512,full,152.23,31.89
14198,2845,legal,25.0,1.71
1519,7695,breakdown,22.9,5.09
2130,6666,breakdown,16.89,4.54
24434,9590,full,246.89,51.72
23223,9439,legal,37.5,2.02
18373,5752,legal,37.5,2.02
14684,7030,legal,37.5,2.02
7485,7330,full,250.47,52.47
15314,5783,legal,37.5,2.02
18012,2700,full,180.95,37.91
23483,7249,full,286.41,60.0
5111,3080,breakdown,16.89,4.54
6844,8771,legal,25.0,1.71
21065,2254,full,518.18,108.55
26875,2359,breakdown,16.89,4.54
26355,5148,full,379.97,79.6
28201,6191,breakdown,16.89,4.54
20519,5431,breakdown,16.89,4.54
17133,8049,legal,92.32,2.83
21570,3659,breakdown,16.89,4.54
24322,2435,legal,37.5,2.02
22383,3351,legal,25.0,1.71
9348,6771,breakdown,16.89,4.54
16893,8727,breakdown,16.89,4.54
7406,9742,full,181.73,38.07
3929,6151,breakdown,16.89,4.54
26496,2962,full,172.87,36.22
29830,6258,breakdown,16.89,4.54
13931,8103,full,393.24,82.38
25961,1136,full,458.5,96.05
10134,5831,breakdown,16.89,4.54
14699,4087,breakdown,22.9,5.09
16252,5125,breakdown,16.89,4.54
28114,828,breakdown,16.89,4.54
27880,2507,legal,25.0,1.71
23825,2939,legal,30.0,1.71
14653,7114,legal,37.5,2.02
10829,1070,breakdown,16.89,4.54
11674,3280,full,495.48,103.8
6150,7760,full,446.71,93.58
4403,9678,legal,37.5,2.02
12539,5104,breakdown,16.89,4.54
10455,6751,full,402.82,84.39
17776,5697,breakdown,16.89,4.54
24964,6006,legal,25.0,1.71
14231,5903,breakdown,16.89,4.54
25724,9412,legal,46.13,1.71
2191,9946,legal,30.0,1.71
28841,7398,legal,25.0,1.71
14495,9754,full,777.09,162.79
12828,8230,breakdown,16.89,4.54
25878,7865,breakdown,16.89,4.54
21138,2614,breakdown,16.89,4.54
11019,1277,breakdown,16.89,4.54
23541,913,legal,37.5,2.02
21934,7540,breakdown,16.89,4.54
22003,4363,legal,25.0,1.71
14089,76,legal,37.5,2.02
16219,9994,breakdown,16.89,4.54
13266,2387,legal,25.0,1.71
23148,68,legal,92.32,2.83
2917,5571,full,199.08,41.7
18668,6605,full,633.14,132.63
19615,1697,full,451.81,94.65
3154,8246,breakdown,16.89,4.54
18425,1413,breakdown,16.89,4.54
11995,2762,legal,46.13,1.71
7187,3985,breakdown,22.9,5.09
29010,7489,breakdown,16.89,4.54
20535,1672,breakdown,16.89,4.54
11265,4356,breakdown,16.89,4.54
29990,825,breakdown,16.89,4.54
3571,4140,breakdown,16.89,4.54
6366,9712,breakdown,16.89,4.54
10518,7855,legal,37.5,2.02
18823,5009,legal,25.0,1.71
16860,6445,full,511.94,107.24
27516,3860,full,343.94,72.05
2926,8737,full,625.56,131.04
28143,854,breakdown,16.89,4.54
9485,8882,legal,25.0,1.71
18151,1080,full,101.2,21.2
28582,7960,full,251.73,52.73
24929,8907,breakdown,25.9,5.91
5742,5505,breakdown,16.89,4.54
19384,9422,full,101.2,21.2
3662,5693,full,253.84,53.18
16716,802,breakdown,22.9,5.09
23139,8826,legal,30.0,1.71
3656,4406,legal,25.0,1.71
28917,9660,full,304.4,63.77
10476,7120,full,369.33,77.37
27059,1294,full,277.12,58.06
26937,1533,legal,25.0,1.71
11391,2032,breakdown,22.9,5.09
25634,3663,breakdown,16.89,4.54
16040,5192,full,300.26,62.9
21010,4299,breakdown,16.89,4.54
24919,8977,legal,25.0,1.71
11878,1465,legal,25.0,1.71
3849,304,full,399.97,83.79
18972,8955,breakdown,16.89,4.54
28439,8967,breakdown,16.89,4.54
28025,6614,breakdown,16.89,4.54
3274,5132,legal,37.5,2.02
5580,7469,legal,25.0,1.71
21406,7253,breakdown,25.9,5.91
29872,6213,full,300.84,63.03
7565,8577,breakdown,16.89,4.54
19522,161,legal,25.0,1.71
14689,3007,breakdown,16.89,4.54
28965,8008,legal,25.0,1.71
9645,7050,legal,46.13,1.71
19990,1503,legal,25.0,1.71
829,8663,legal,25.0,1.71
22839,3005,legal,46.13,1.71
4353,8682,legal,25.0,1.71
11011,6185,legal,25.0,1.71
249,7094,breakdown,16.89,4.54
12868,4810,full,250.47,52.47
10916,2614,full,359.31,75.27
1512,745,full,250.47,52.47
29835,3499,full,282.15,59.11
12703,8161,full,461.17,96.61
11376,6209,legal,25.0,1.71
15009,9799,full,174.78,36.61
9945,8440,legal,25.0,1.71
6988,6427,breakdown,16.89,4.54
28477,8180,legal,25.0,1.71
22818,1397,full,597.36,125.14
3978,3393,legal,25.0,1.71
22653,6872,full,229.19,48.01
5705,1428,legal,46.13,1.71
16837,519,full,169.37,35.48
26702,5267,full,442.05,92.6
24888,5585,legal,37.5,2.02
16161,8273,full,269.17,56.39
12802,852,breakdown,16.89,4.54
12326,2169,full,152.23,31.89
6752,6298,breakdown,16.89,4.54
19951,7462,breakdown,22.9,5.09
26485,6564,breakdown,16.89,4.54
14021,5629,legal,25.0,1.71
1950,9485,legal,25.0,1.71
8631,6616,legal,37.5,2.02
2640,2417,legal,30.0,1.71
16653,1757,full,361.29,75.68
24650,5211,breakdown,16.89,4.54
11887,5279,full,261.36,54.75
28540,2047,breakdown,16.89,4.54
24920,6433,legal,25.0,1.71
28873,1113,breakdown,16.89,4.54
24762,4890,breakdown,16.89,4.54
29085,1854,legal,25.0,1.71
15802,8559,breakdown,16.89,4.54
1798,1725,full,411.09,86.12
1739,623,legal,46.13,1.71
15864,1920,full,101.2,21.2
9760,7979,breakdown,22.9,5.09
15099,1431,legal,37.5,2.02
12988,3873,breakdown,16.89,4.54
16908,8028,breakdown,22.9,5.09
17434,8020,breakdown,16.89,4.54
18338,6934,legal,25.0,1.71
2705,8426,full,296.37,62.09
27860,7858,full,202.12,42.34
9848,4010,legal,25.0,1.71
202,798,legal,69.23,2.27
5002,2653,breakdown,16.89,4.54
8725,7106,legal,25.0,1.71
22298,2218,full,459.12,96.18
10323,2083,legal,25.0,1.71
22308,7248,full,285.42,59.79
21405,263,full,321.88,67.43
29705,8661,legal,25.0,1.71
18492,1520,full,343.14,71.89
18935,6065,breakdown,16.89,4.54
22954,6808,breakdown,22.9,5.09
14977,7742,full,169.37,35.48
267,6299,full,174.11,36.47
13290,8142,breakdown,16.89,4.54
14973,1344,full,185.96,38.96
19411,6408,full,232.12,48.63
22432,1766,legal,37.5,2.02
1286,6242,legal,25.0,1.71
21806,5614,legal,25.0,1.71
23153,2278,full,132.83,27.83
21503,7306,breakdown,22.9,5.09
13601,5374,full,488.38,102.31
17777,225,breakdown,16.89,4.54
860,3587,breakdown,16.89,4.54
26312,5903,full,210.07,44.01
2726,6895,full,279.44,58.54
15722,2620,breakdown,22.9,5.09
4981,8102,full,342.25,71.7
17163,2608,full,760.55,159.33
28434,9599,legal,46.13,1.71
817,6772,breakdown,16.89,4.54
4027,3695,breakdown,16.89,4.54
14995,5244,breakdown,16.89,4.54
16341,657,legal,25.0,1.71
7540,8473,legal,,2.02
8444,8716,legal,25.0,1.71
19160,9839,full,1728.79,362.16
24491,5400,legal,92.32,2.83
7717,5173,legal,25.0,1.71
27775,8431,breakdown,16.89,4.54
2712,2210,breakdown,16.89,4.54
28479,5147,full,1034.57,216.73
9222,9038,full,288.76,60.49
21976,8752,full,188.42,39.47
12746,9713,breakdown,16.89,4.54
20441,2729,full,169.37,35.48
11615,5629,full,264.2,55.35
6520,8270,breakdown,16.89,4.54
17866,987,full,172.87,36.22
10655,1416,full,190.71,39.95
27975,2923,breakdown,16.89,4.54
13216,8951,legal,25.0,1.71
26906,8177,legal,25.0,1.71
14078,8720,legal,46.13,1.71
19462,9537,legal,25.0,1.71
23525,7052,legal,25.0,1.71
24525,6179,full,132.83,27.83
17989,7321,breakdown,16.89,4.54
27646,1951,legal,25.0,1.71
10845,9225,full,101.2,21.2
17735,2259,full,187.22,39.22
6030,1330,full,744.52,155.97
22703,8975,breakdown,16.89,4.54
22410,8172,legal,25.0,1.71
16072,3715,breakdown,22.9,5.09
28950,8010,full,169.37,35.48
24949,1384,breakdown,16.89,4.54
10018,6568,legal,25.0,1.71
9870,5754,breakdown,16.89,4.54
20287,6972,full,278.3,58.3
20942,5510,breakdown,16.89,4.54
10936,1947,breakdown,22.9,5.09
28222,8651,legal,25.0,1.71
15172,4532,legal,25.0,1.71
15527,766,full,113.85,23.85
29490,2217,full,174.47,36.55
21506,8182,legal,25.0,1.71
7637,2938,legal,25.0,1.71
17305,4304,full,150.32,31.49
220,2355,legal,25.0,1.71
13606,9463,full,362.51,75.94
20307,3984,breakdown,16.89,4.54
26444,4693,full,539.0,112.91
29601,8839,breakdown,16.89,4.54
3408,5063,full,421.15,88.23
11031,2717,full,218.19,45.71
27087,2630,legal,25.0,1.71
28809,7423,breakdown,16.89,4.54
26396,4333,legal,25.0,1.71
7559,2839,full,266.51,55.83
25944,9383,legal,25.0,1.71
587,2381,full,515.65,108.03
18508,3013,legal,37.5,2.02
13857,5299,breakdown,16.89,4.54
25525,2576,full,380.05,79.62
14312,2113,breakdown,16.89,4.54
27206,9489,legal,25.0,1.71
13749,2588,full,209.98,43.99
3441,6140,legal,25.0,1.71
12824,7614,legal,25.0,1.71
20866,8570,legal,37.5,2.02
22285,3670,legal,25.0,1.71
6382,407,breakdown,16.89,4.54
4036,7247,legal,92.32,2.83
19576,1463,legal,37.5,2.02
23156,4357,breakdown,16.89,4.54
15058,2407,full,451.2,94.52
7913,2489,full,259.32,54.32
27354,9158,legal,37.5,2.02
7664,6151,full,276.7,57.97
2164,9629,breakdown,16.89,4.54
23935,1717,breakdown,16.89,4.54
12636,3619,full,189.75,39.75
21692,7591,full,666.27,139.57
29588,4486,breakdown,16.89,4.54
7533,8983,breakdown,16.89,4.54
4434,509,breakdown,16.89,4.54
17233,8590,legal,25.0,1.71
20812,3504,breakdown,16.89,4.54
9141,1131,legal,69.23,2.27
29269,9763,breakdown,16.89,4.54
21663,5821,breakdown,16.89,4.54
8257,4507,breakdown,16.89,4.54
29468,290,legal,25.0,1.71
26550,3763,full,699.71,146.58
1249,6336,full,396.91,83.15
7227,9872,breakdown,16.89,4.54
26654,4165,full,146.31,30.65
13839,4063,legal,25.0,1.71
5227,4742,breakdown,22.9,5.09
12510,8811,breakdown,16.89,4.54
13622,9050,legal,25.0,1.71
11707,8477,legal,37.5,2.02
12215,6224,full,896.27,187.75
24946,2634,breakdown,16.89,4.54
9546,7956,legal,25.0,1.71
17805,4490,full,193.81,40.6
6506,8314,legal,25.0,1.71
10898,3275,legal,25.0,1.71
5977,5582,breakdown,16.89,4.54
12090,4880,full,289.13,60.57
5372,4619,legal,69.23,2.27
22182,5506,full,314.94,65.98
5527,8585,full,304.0,63.69
27933,7509,full,101.2,21.2
16512,64,breakdown,22.9,5.09
14049,5559,breakdown,16.89,4.54
11587,5252,breakdown,22.9,5.09
13504,3798,full,216.15,45.29
9864,1567,full,185.82,38.92
29932,7111,full,636.61,133.36
16338,1293,legal,37.5,2.02
24269,975,legal,37.5,2.02
29580,7201,full,459.49,96.26
26713,9400,legal,37.5,2.02
12621,540,legal,25.0,1.71
20365,5077,full,327.06,68.52
22636,9273,breakdown,32.4,6.5
15131,6728,full,215.55,45.15
16167,9404,legal,25.0,1.71
25948,9360,full,579.27,121.35
17563,1829,breakdown,16.89,4.54
21091,710,breakdown,16.89,4.54
12230,8934,legal,25.0,1.71
1988,6567,full,171.97,36.03
21866,6482,legal,25.0,1.71
26368,3994,full,335.55,70.29
4461,4753,full,113.85,23.85
3499,6101,breakdown,22.9,5.09
13848,4246,breakdown,16.89,4.54
22024,494,legal,37.5,2.02
6559,7021,full,228.53,47.88
25993,8685,legal,25.0,1.71
13986,1335,full,689.17,144.38
25758,809,legal,25.0,1.71
4620,8307,full,662.4,138.76
9068,8903,legal,45.0,2.08
5398,3622,legal,46.13,1.71
27109,5258,legal,46.13,1.71
12413,5686,legal,25.0,1.71
1955,3689,full,419.79,87.94
24690,8752,breakdown,16.89,4.54
18710,3983,breakdown,22.9,5.09
3351,7963,legal,25.0,1.71
10099,2375,breakdown,16.89,4.54
11032,3288,breakdown,25.9,5.91
22350,676,breakdown,16.89,4.54
19391,7186,legal,69.23,2.27
29951,8485,legal,69.23,2.27
21195,6062,legal,46.13,1.71
26130,7745,legal,37.5,2.02
18250,8129,full,619.34,129.74
549,7437,legal,25.0,1.71
10046,223,full,603.09,126.34
7693,5483,breakdown,16.89,4.54
3432,5205,legal,30.0,1.71
28877,7144,legal,69.23,2.27
28328,6795,breakdown,32.4,6.5
27908,2848,full,263.09,55.12
25669,2886,breakdown,22.9,5.09
17278,9209,breakdown,16.89,4.54
22096,816,full,106.07,22.22
25630,7778,legal,25.0,1.71
27874,8925,full,580.94,121.7
12281,4137,legal,25.0,1.71
8208,730,breakdown,22.9,5.09
9818,9262,full,222.98,46.72
8038,8836,breakdown,22.9,5.09
28358,5539,legal,25.0,1.71
9988,8164,breakdown,22.9,5.09
19240,4335,breakdown,16.89,4.54
9648,7698,legal,25.0,1.71
21192,4206,full,357.45,74.88
9014,6429,legal,46.13,1.71
25848,5280,breakdown,16.89,4.54
3906,9181,full,339.57,71.13
22033,4388,legal,25.0,1.71
10264,5458,full,370.22,77.56
13115,3475,breakdown,22.9,5.09
23416,1475,breakdown,16.89,4.54
25559,5006,breakdown,22.9,5.09
6436,244,full,470.16,98.5
15539,2981,full,587.06,122.98
15292,8717,full,229.93,48.17
24692,3466,legal,37.5,2.02
3783,8119,legal,37.5,2.02
273,6833,legal,25.0,1.71
17676,1960,full,485.2,101.64
21682,5369,full,182.4,38.21
5205,6398,breakdown,16.89,4.54
10857,5345,full,371.7,77.86
10757,9391,breakdown,22.9,5.09
1443,4087,legal,37.5,2.02
21607,9461,breakdown,16.89,4.54
19301,9550,full,349.92,73.3
4042,4807,legal,25.0,1.71
16644,3834,full,356.22,74.62
26194,4334,full,188.87,39.57
20033,4875,legal,37.5,2.02
27039,5732,full,446.42,93.52
19776,7287,breakdown,22.9,5.09
6438,7855,full,184.85,38.72
8705,4610,full,319.02,66.83
19395,2100,breakdown,16.89,4.54
26321,3595,breakdown,22.9,5.09
5771,1589,breakdown,16.89,4.54
17088,1197,breakdown,22.9,5.09
27335,1612,breakdown,16.89,4.54
11334,243,legal,37.5,2.02
5484,6,legal,37.5,2.02
12092,8410,legal,25.0,1.71
3209,1030,full,247.21,51.79
2790,6163,full,570.81,119.58
10354,2328,legal,25.0,1.71
20084,4488,legal,37.5,2.02
29276,1719,full,370.42,77.6
29328,965,full,360.85,75.59
24412,9120,full,171.53,35.94
11101,7071,legal,25.0,1.71
8925,4756,breakdown,16.89,4.54
29542,1712,legal,25.0,1.71
23520,9406,breakdown,22.9,5.09
22282,6345,full,231.54,48.51
28678,1690,legal,25.0,1.71
29049,8767,breakdown,16.89,4.54
19927,3952,breakdown,16.89,4.54
5316,2838,legal,25.0,1.71
25441,2394,breakdown,16.89,4.54
9881,7955,legal,25.0,1.71
969,7642,full,177.21,37.13
7197,9129,breakdown,22.9,5.09
9976,1957,legal,25.0,1.71
10894,7238,legal,46.13,1.71
24532,5208,full,174.9,36.64
15062,335,breakdown,16.89,4.54
27541,9483,breakdown,16.89,4.54
8678,3908,full,252.6,52.92
2703,9003,full,1511.37,316.61
28163,792,full,643.96,134.9
197,3008,breakdown,22.9,5.09
15034,1018,full,523.69,109.71
28063,7811,breakdown,16.89,4.54
21463,1412,legal,25.0,1.71
2205,7551,full,310.02,64.94
38,5670,breakdown,16.89,4.54
13642,1633,full,216.98,45.45
20705,5672,legal,25.0,1.71
22351,6131,breakdown,16.89,4.54
20032,973,breakdown,16.89,4.54
9868,4855,none,69.23,2.27
7868,7709,full,1317.36,275.97
3186,9442,full,113.85,23.85
15055,2647,full,562.78,117.9
3249,1220,breakdown,16.89,4.54
19897,1889,legal,37.5,2.02
9590,4034,full,455.24,95.37
6974,257,legal,25.0,1.71
20764,3117,full,646.03,135.33
14966,4718,full,101.2,21.2
25265,9334,breakdown,16.89,4.54
2249,8894,legal,25.0,1.71
13718,378,full,243.29,50.97
236,8677,full,463.08,97.01
24489,596,legal,92.32,2.83
18939,7901,breakdown,22.9,5.09
28896,9484,full,439.04,91.97
874,3,legal,46.13,1.71
23099,972,breakdown,16.89,4.54
6097,8367,breakdown,16.89,4.54
28680,3352,legal,46.13,1.71
18681,1377,breakdown,16.89,4.54
2273,1992,breakdown,16.89,4.54
4188,8433,breakdown,22.9,5.09
23162,2853,breakdown,22.9,5.09
20029,5761,legal,25.0,1.71
1133,8178,breakdown,22.9,5.09
4661,4911,breakdown,22.9,5.09
22470,4486,full,316.58,66.32
29517,8139,legal,25.0,1.71
18176,6784,full,372.37,78.01
21104,2674,breakdown,16.89,4.54
6548,8475,breakdown,16.89,4.54
3176,639,legal,37.5,2.02
27285,1153,breakdown,16.89,4.54
8250,2951,full,184.26,38.6
1346,1955,legal,25.0,1.71
9303,2456,breakdown,,4.54
6921,3104,breakdown,22.9,5.09
20645,7859,full,260.42,54.55
12314,6667,full,451.38,94.56
26665,3059,breakdown,16.89,4.54
10376,3712,breakdown,16.89,4.54
170,2666,legal,69.23,2.27
29384,6086,legal,25.0,1.71
25910,7085,full,869.34,182.12
5743,849,legal,37.5,2.02
397,6894,full,323.8,67.83
10730,6359,breakdown,22.9,5.09
26574,7448,breakdown,16.89,4.54
14221,814,breakdown,16.89,4.54
2842,9562,full,367.34,76.95
16561,9249,legal,37.5,2.02
16919,7721,breakdown,16.89,4.54
9180,6203,full,171.53,35.94
8788,8649,legal,25.0,1.71
24641,6774,breakdown,16.89,4.54
18946,523,breakdown,16.89,4.54
24350,7334,breakdown,16.89,4.54
756,5353,legal,25.0,1.71
28931,9980,breakdown,22.9,5.09
20819,328,breakdown,22.9,5.09
14369,6250,full,490.09,102.67
14848,3559,breakdown,16.89,4.54
15602,7408,breakdown,16.89,4.54
29488,6499,full,379.05,79.41
16785,2500,legal,25.0,1.71
7285,5770,legal,25.0,1.71
20036,2613,breakdown,16.89,4.54
8490,6598,breakdown,16.89,4.54
7784,4064,full,334.56,70.09
22661,5304,breakdown,16.89,4.54
1100,8361,breakdown,16.89,4.54
13966,9674,breakdown,22.9,5.09
9808,9117,legal,25.0,1.71
9782,7218,legal,25.0,1.71
19421,2889,legal,25.0,1.71
19496,9814,breakdown,16.89,4.54
24978,9118,breakdown,16.89,4.54
29344,6561,legal,25.0,1.71
28136,9061,legal,25.0,1.71
18913,7861,legal,37.5,2.02
20621,8204,legal,25.0,1.71
15832,4073,full,269.97,56.56
4653,5953,breakdown,16.89,4.54
2503,8937,breakdown,22.9,5.09
22232,6054,full,511.82,107.22
23414,2785,breakdown,16.89,4.54
29251,7968,breakdown,16.89,4.54
22337,7758,full,181.84,38.09
24142,7910,legal,46.13,1.71
6180,98,legal,25.0,1.71
18987,5238,full,209.52,43.89
11641,8258,breakdown,16.89,4.54
16960,8501,legal,25.0,1.71
16440,4929,legal,46.13,1.71
19616,6052,full,282.43,59.16
13019,2441,full,101.2,21.2
21728,5786,full,174.26,36.5
18053,8327,full,187.43,39.27
19877,5345,legal,25.0,1.71
18494,9367,full,161.08,33.75
7887,809,full,171.53,35.94
6950,2821,full,471.5,98.77
20708,8210,legal,25.0,1.71
14152,9780,legal,25.0,1.71
10095,6206,full,593.58,124.35
22056,6244,legal,69.23,2.27
1429,928,full,1044.16,218.74
26837,7896,breakdown,16.89,4.54
24608,1552,full,334.03,69.98
5782,1555,breakdown,22.9,5.09
19989,8993,full,436.83,91.51
10844,8555,legal,30.0,1.71
8580,5412,full,169.37,35.48
7526,3510,legal,25.0,1.71
18181,6478,full,220.48,46.19
27653,5503,full,627.92,131.54
3739,2608,breakdown,25.9,5.91
14247,8901,full,369.43,77.39
13265,8707,legal,37.5,2.02
9510,2944,breakdown,16.89,4.54
18579,9023,legal,25.0,1.71
1676,7315,legal,25.0,1.71
9892,1072,legal,25.0,1.71
17661,749,legal,25.0,1.71
1337,6268,full,178.38,37.37
25745,9600,full,171.53,35.94
552,5346,legal,25.0,1.71
9037,3666,legal,25.0,1.71
7024,8531,legal,25.0,1.71
2208,5530,full,250.47,52.47
7774,453,full,624.17,130.76
26674,9054,full,539.59,113.04
19164,3325,full,575.63,120.59
9658,4720,breakdown,16.89,4.54
21438,1803,legal,69.23,2.27
9424,5748,full,235.97,49.43
18092,346,legal,25.0,1.71
6200,6920,full,527.32,110.47
18388,5487,legal,25.0,1.71
24632,3369,legal,25.0,1.71
825,643,legal,25.0,1.71
9120,1834,legal,37.5,2.02
1579,7253,legal,30.0,1.71
23171,466,breakdown,16.89,4.54
5536,5341,breakdown,22.9,5.09
11990,2025,breakdown,22.9,5.09
3678,3860,breakdown,16.89,4.54
11179,5845,breakdown,22.9,5.09
2261,5650,legal,25.0,1.71
4408,5520,legal,25.0,1.71
29173,4020,breakdown,16.89,4.54
13753,3591,legal,25.0,1.71
7123,222,full,633.25,132.66
13315,6431,legal,25.0,1.71
17784,8261,breakdown,16.89,4.54
28443,5674,breakdown,16.89,4.54
22813,8143,full,252.48,52.89
1970,8987,legal,46.13,1.71
11564,3947,breakdown,16.89,4.54
13746,2199,full,599.05,125.49
23591,3466,full,318.7,66.76
7506,4311,legal,25.0,1.71
19135,6641,full,416.18,87.18
12745,8944,breakdown,22.9,5.09
13934,4702,full,357.79,74.95
17181,2982,full,172.87,36.22
4030,9057,full,381.75,79.98
10056,512,full,231.16,48.43
13106,8735,full,294.46,61.68
15027,2956,full,528.13,110.64
19513,3910,full,101.2,21.2
19089,9259,legal,37.5,2.02
24905,8748,breakdown,22.9,5.09
8514,9041,breakdown,22.9,5.09
1309,1920,breakdown,16.89,4.54
14428,6997,breakdown,16.89,4.54
15340,1962,legal,25.0,1.71
12492,6428,legal,37.5,2.02
5470,9834,breakdown,16.89,4.54
21999,733,full,211.1,44.23
8980,8974,breakdown,16.89,4.54
18745,7221,full,903.63,189.3
9464,5951,legal,25.0,1.71
9081,2173,breakdown,16.89,4.54
10224,7444,breakdown,16.89,4.54
15236,8884,breakdown,16.89,4.54
20526,6200,breakdown,16.89,4.54
12262,5872,breakdown,16.89,4.54
9792,4273,breakdown,25.9,5.91
27681,8448,legal,69.23,2.27
27398,897,legal,46.13,1.71
25427,7355,breakdown,16.89,4.54
4520,5060,breakdown,16.89,4.54
10424,4181,breakdown,16.89,4.54
29059,5893,breakdown,22.9,5.09
9572,5217,breakdown,16.89,4.54
6918,5539,breakdown,16.89,4.54
11360,6363,full,969.76,203.15
10205,3277,full,187.22,39.22
8198,5143,legal,37.5,2.02
10678,9875,breakdown,22.9,5.09
24197,2038,full,150.32,31.49
802,278,full,318.2,66.66
7221,5283,legal,46.13,1.71
5497,5551,full,189.75,39.75
21055,5324,full,330.94,69.33
854,4887,breakdown,16.89,4.54
3359,1345,full,101.2,21.2
6776,3331,full,295.17,61.83
15329,7148,legal,37.5,2.02
3387,7154,full,387.33,81.14
15237,6866,full,499.64,104.67
22398,3163,breakdown,16.89,4.54
17108,8413,legal,46.13,1.71
15528,6043,full,304.24,63.74
10952,3930,breakdown,16.89,4.54
29136,6411,legal,25.0,1.71
10267,2302,legal,25.0,1.71
4006,1528,breakdown,16.89,4.54
3194,1252,legal,25.0,1.71
24877,7754,legal,25.0,1.71
12005,1735,breakdown,16.89,4.54
11820,9817,breakdown,16.89,4.54
3364,986,legal,37.5,2.02
19007,3877,full,487.84,102.19
7178,8956,legal,25.0,1.71
16685,5331,breakdown,16.89,4.54
1192,5759,full,249.15,52.19
24842,2188,breakdown,16.89,4.54
19339,5610,breakdown,22.9,5.09
3816,4541,legal,30.0,1.71
25163,4330,full,449.53,94.17
28102,9752,full,475.19,99.55
28224,5625,legal,25.0,1.71
22728,7791,breakdown,16.89,4.54
22401,8033,breakdown,16.89,4.54
24759,9554,legal,46.13,1.71
12550,2925,full,231.43,48.48
18367,4335,legal,25.0,1.71
8772,102,breakdown,16.89,4.54
2416,1442,breakdown,16.89,4.54
27629,2084,legal,69.23,2.27
18430,6683,breakdown,16.89,4.54
12834,6892,legal,37.5,2.02
13305,1230,full,466.21,97.67
3663,4594,full,391.69,82.06
14730,2189,legal,37.5,2.02
2758,7163,legal,25.0,1.71
8244,8709,legal,25.0,1.71
16468,5917,breakdown,22.9,5.09
17191,9209,full,275.39,57.69
17811,2141,breakdown,16.89,4.54
5122,7864,legal,25.0,1.71
12174,4806,breakdown,16.89,4.54
9742,8166,legal,25.0,1.71
18603,8566,full,395.98,82.95
23918,7042,breakdown,22.9,5.09
23161,6629,breakdown,16.89,4.54
11841,566,legal,46.13,1.71
14242,2404,breakdown,16.89,4.54
5300,9606,breakdown,16.89,4.54
20695,8475,full,169.37,35.48
4895,4532,breakdown,16.89,4.54
1623,8116,breakdown,16.89,4.54
6770,854,full,603.25,126.37
1293,2644,breakdown,16.89,4.54
3657,3471,legal,25.0,1.71
19682,7917,legal,69.23,2.27
16330,7736,breakdown,16.89,4.54
24211,9058,legal,25.0,1.71
5381,8545,full,222.32,46.58
11463,6340,breakdown,16.89,4.54
10975,9688,breakdown,16.89,4.54
21213,1371,breakdown,16.89,4.54
23042,804,full,549.71,115.16
25036,7662,full,585.73,122.7
28048,2213,breakdown,16.89,4.54
12850,3838,breakdown,22.9,5.09
25743,8082,breakdown,22.9,5.09
23626,1685,full,535.72,112.23
29684,4240,full,493.96,103.48
13187,684,legal,69.23,2.27
13312,4994,legal,25.0,1.71
8000,3627,legal,25.0,1.71
2754,7051,breakdown,16.89,4.54
1535,1246,breakdown,22.9,5.09
28125,8812,breakdown,16.89,4.54
12429,9807,legal,25.0,1.71
17220,2331,legal,25.0,1.71
9665,5570,full,199.08,41.7
28790,4344,legal,37.5,2.02
10091,2769,legal,37.5,2.02
27956,7072,legal,25.0,1.71
6061,2589,full,362.3,75.9
21166,2011,full,373.01,78.14
16163,9910,legal,25.0,1.71
2067,6361,full,303.92,63.67
28473,5866,full,140.72,29.48
19683,9793,legal,25.0,1.71
10488,2117,legal,25.0,1.71
23933,4778,full,551.14,115.46
28180,690,breakdown,25.9,5.91
9602,7241,full,362.48,75.94
16787,6603,breakdown,16.89,4.54
13384,9479,full,577.05,120.89
25122,9818,legal,46.13,1.71
9715,3228,full,295.92,61.99
5818,9483,legal,25.0,1.71
8698,7495,breakdown,16.89,4.54
28725,3180,full,363.09,76.06
13884,6086,breakdown,16.89,4.54
28390,2519,full,160.66,33.66
22927,6503,legal,25.0,1.71
29280,3726,breakdown,16.89,4.54
26224,2045,breakdown,16.89,4.54
27532,8467,breakdown,22.9,5.09
23437,6918,full,858.02,179.74
29127,6267,full,169.37,35.48
27647,5111,legal,37.5,2.02
2326,587,full,230.81,48.36
9359,9628,breakdown,16.89,4.54
4486,2630,breakdown,16.89,4.54
7558,1624,full,563.48,118.04
26619,8652,legal,37.5,2.02
21849,5792,full,295.03,61.81
18514,4383,breakdown,16.89,4.54
27013,2999,legal,25.0,1.71
2867,3582,breakdown,16.89,4.54
5673,2075,full,544.75,114.12
23081,6294,breakdown,16.89,4.54
24688,1573,full,463.22,97.04
24548,4618,breakdown,16.89,4.54
20676,2451,legal,37.5,2.02
6328,6540,full,784.28,164.29
19399,2685,breakdown,16.89,4.54
6193,7756,full,609.12,127.6
27994,9727,breakdown,16.89,4.54
25297,3024,legal,46.13,1.71
9891,2430,breakdown,25.9,5.91
10263,651,full,498.37,104.4
2046,6583,full,323.35,67.74
1042,7610,breakdown,22.9,5.09
23188,7669,legal,25.0,1.71
5791,3646,legal,25.0,1.71
2128,8144,full,253.39,53.08
28492,411,legal,25.0,1.71
29946,9406,full,212.13,44.44
22334,2391,full,169.37,35.48
6784,2881,legal,25.0,1.71
25064,8999,full,260.07,54.49
28866,596,breakdown,16.89,4.54
57,5141,breakdown,16.89,4.54
3526,554,breakdown,16.89,4.54
15711,2977,breakdown,22.9,5.09
29593,3276,legal,25.0,1.71
9319,9503,breakdown,16.89,4.54
9145,5417,legal,25.0,1.71
16768,2585,legal,37.5,2.02
2192,6478,legal,25.0,1.71
7798,6126,full,189.8,39.76
17409,5122,breakdown,25.9,5.91
15974,1190,breakdown,22.9,5.09
8964,2775,legal,37.5,2.02
8775,3012,legal,46.13,1.71
13706,9568,full,267.12,55.96
14861,1395,full,362.41,75.92
17318,4628,full,357.19,74.83
15772,5519,breakdown,16.89,4.54
14418,4728,breakdown,16.89,4.54
12630,917,legal,25.0,1.71
2124,6993,full,343.9,72.04
2142,1586,full,493.36,103.35
4774,6413,legal,25.0,1.71
6464,8313,breakdown,16.89,4.54
11135,7911,full,189.75,39.75
7750,8838,breakdown,16.89,4.54
25470,1754,full,172.87,36.22
1810,6840,breakdown,16.89,4.54
22854,338,full,420.9,88.18
26851,5019,legal,37.5,2.02
3222,9279,breakdown,16.89,4.54
29558,3992,full,268.9,56.33
14187,4592,legal,25.0,1.71
28726,5474,legal,37.5,2.02
25013,9332,full,294.8,61.76
2330,7105,breakdown,16.89,4.54
28601,9420,full,401.11,84.02
10428,234,full,291.41,61.05
27960,8603,breakdown,22.9,5.09
2455,5355,full,365.92,76.65
6215,5848,legal,25.0,1.71
599,7751,full,217.08,45.48
6755,6453,legal,37.5,2.02
20147,2474,full,291.72,61.11
22147,8662,full,251.04,52.59
22722,8421,legal,46.13,1.71
580,6621,full,306.72,64.26
16841,821,legal,25.0,1.71
136,2569,full,536.52,112.39
28542,2076,breakdown,16.89,4.54
9745,3399,full,274.84,57.57
22132,7930,full,281.83,59.04
26156,1259,full,265.48,55.62
2981,4191,breakdown,16.89,4.54
8564,4860,legal,25.0,1.71
18313,6912,legal,37.5,2.02
9584,6121,breakdown,16.89,4.54
21713,6072,breakdown,16.89,4.54
29226,4208,legal,25.0,1.71
28173,6045,breakdown,16.89,4.54
21706,9234,breakdown,16.89,4.54
19645,3741,breakdown,16.89,4.54
26583,7093,legal,37.5,2.02
4048,4379,full,292.43,61.26
5065,8384,full,295.21,61.84
161,8338,full,387.54,81.19
21278,8174,breakdown,16.89,4.54
2566,6141,breakdown,16.89,4.54
12947,7069,full,671.06,140.58
22609,2766,breakdown,16.89,4.54
9811,6831,full,332.51,69.66
14308,8818,breakdown,16.89,4.54
10877,9174,legal,37.5,2.02
28108,1519,legal,25.0,1.71
16055,5122,full,291.21,61.0
24225,7757,legal,25.0,1.71
16804,5150,legal,25.0,1.71
28988,326,legal,25.0,1.71
29430,6971,full,1216.98,254.94
13890,8312,full,933.29,195.51
18065,339,breakdown,16.89,4.54
227,4233,legal,25.0,1.71
7054,4137,breakdown,16.89,4.54
3493,1061,full,359.18,75.24
18154,8847,breakdown,22.9,5.09
17252,5308,full,172.34,36.1
898,7923,breakdown,16.89,4.54
26676,5027,full,101.2,21.2
1899,4797,breakdown,22.9,5.09
627,85,full,648.4,135.83
9314,5930,breakdown,22.9,5.09
17179,896,legal,25.0,1.71
26135,5842,legal,92.32,2.83
18817,6375,legal,69.23,2.27
2882,6555,legal,46.13,1.71
9450,3970,legal,25.0,1.71
2220,4533,legal,25.0,1.71
23589,5532,legal,25.0,1.71
2367,8592,full,266.99,55.93
6791,7800,breakdown,22.9,5.09
5368,355,full,386.75,81.02
14634,9950,legal,37.5,2.02
9227,9651,breakdown,16.89,4.54
12039,453,legal,25.0,1.71
4077,3036,legal,25.0,1.71
22526,1376,full,118.65,24.86
9759,4760,breakdown,16.89,4.54
12192,2720,legal,25.0,1.71
4441,2894,legal,37.5,2.02
27105,1158,legal,25.0,1.71
18277,3435,full,693.75,145.34
25732,6501,full,311.06,65.16
5449,5742,full,836.08,175.15
24599,2760,full,241.26,50.54
2627,183,breakdown,16.89,4.54
5752,7654,full,150.32,31.49
27782,8849,full,521.37,109.22
19724,1735,legal,25.0,1.71
25674,4904,breakdown,16.89,4.54
23043,9246,breakdown,16.89,4.54
16008,2624,legal,69.23,2.27
289,8203,legal,37.5,2.02
28409,3884,full,152.23,31.89
24181,2872,breakdown,16.89,4.54
24901,8879,full,172.87,36.22
1832,6541,breakdown,16.89,4.54
7691,4535,legal,37.5,2.02
25181,8186,legal,25.0,1.71
3332,8645,full,262.35,54.96
22063,2534,full,150.32,31.49
20242,2180,breakdown,16.89,4.54
6162,5567,breakdown,16.89,4.54
12538,8209,legal,25.0,1.71
2065,8246,legal,25.0,1.71
982,529,legal,37.5,2.02
14803,7384,breakdown,16.89,4.54
11838,4018,breakdown,16.89,4.54
27328,8514,breakdown,16.89,4.54
20470,4710,full,930.55,194.94
24604,5541,full,404.27,84.69
24912,6737,legal,25.0,1.71
2412,1596,legal,25.0,1.71
13992,1194,breakdown,16.89,4.54
12881,4091,legal,25.0,1.71
15753,6746,breakdown,16.89,4.54
20348,8240,legal,92.32,2.83
24053,1848,breakdown,16.89,4.54
4829,6630,breakdown,22.9,5.09
22511,6334,breakdown,16.89,4.54
192,735,full,582.44,122.02
25868,9576,full,301.01,63.06
422,3844,breakdown,16.89,4.54
1277,4011,full,216.89,45.44
9595,8732,full,758.75,158.94
19768,778,legal,37.5,2.02
4203,5608,breakdown,16.89,4.54
6342,9612,breakdown,16.89,4.54
14650,9362,full,152.23,31.89
18090,357,legal,25.0,1.71
24348,6045,legal,25.0,1.71
26778,6833,breakdown,16.89,4.54
5609,224,legal,25.0,1.71
17657,7578,breakdown,22.9,5.09
3882,9718,full,298.01,62.43
2647,3341,full,344.9,72.25
8324,8231,breakdown,22.9,5.09
1295,8884,legal,46.13,1.71
25477,1604,legal,37.5,2.02
22499,6128,breakdown,16.89,4.54
24121,7866,legal,30.0,1.71
7672,3743,breakdown,16.89,4.54
3090,609,full,241.14,50.52
13586,8840,breakdown,16.89,4.54
3638,2986,full,112.41,23.55
25384,3192,full,339.51,71.12
15191,3668,legal,25.0,1.71
1179,5843,legal,25.0,1.71
14621,9483,full,233.3,48.87
13825,1311,full,417.3,87.42
14761,2019,full,256.06,53.64
28276,6247,legal,25.0,1.71
11506,8216,full,222.15,46.54
14878,9729,breakdown,16.89,4.54
13217,2247,full,430.88,90.27
1979,3125,full,300.92,63.03
10743,4400,breakdown,16.89,4.54
24040,40,full,171.53,35.94
4914,3435,breakdown,16.89,4.54
23752,7593,breakdown,16.89,4.54
2858,2844,breakdown,16.89,4.54
2692,9611,legal,25.0,1.71
17920,2009,breakdown,16.89,4.54
12832,8271,breakdown,16.89,4.54
7904,3493,full,229.49,48.08
8196,9136,breakdown,16.89,4.54
1531,1930,legal,37.5,2.02
4413,9672,full,201.68,42.25
25505,7175,legal,46.13,1.71
1722,4827,legal,25.0,1.71
22436,5661,legal,25.0,1.71
6744,8780,full,252.79,52.95
11450,8467,legal,37.5,2.02
19367,7979,legal,37.5,2.02
11009,383,full,171.94,36.02
13105,9698,legal,25.0,1.71
13980,4044,legal,25.0,1.71
8320,9207,breakdown,16.89,4.54
24473,8354,legal,25.0,1.71
14364,2643,full,383.21,80.28
27211,433,full,298.06,62.44
12874,2422,legal,25.0,1.71
17850,6108,full,459.1,96.18
2371,7995,legal,37.5,2.02
22568,6665,full,291.16,61.0
7801,425,full,412.44,86.4
12839,5598,breakdown,16.89,4.54
19519,6484,legal,37.5,2.02
16628,718,legal,46.13,1.71
7908,9850,legal,69.23,2.27
17396,2519,breakdown,22.9,5.09
5740,4442,full,268.32,56.21
455,1959,breakdown,16.89,4.54
11867,2871,legal,25.0,1.71
22548,134,breakdown,16.89,4.54
7095,9172,breakdown,16.89,4.54
16231,5776,breakdown,16.89,4.54
26294,2518,breakdown,22.9,5.09
6177,5588,full,714.46,149.67
28515,5282,legal,46.13,1.71
19732,7943,legal,37.5,2.02
19002,4888,breakdown,16.89,4.54
25171,9598,full,609.52,127.68
29808,8334,legal,25.0,1.71
11562,1856,breakdown,16.89,4.54
28940,3363,legal,37.5,2.02
20019,5664,full,253.47,53.1
11045,1907,breakdown,16.89,4.54
8685,6078,breakdown,16.89,4.54
2986,9592,legal,25.0,1.71
6875,4907,full,386.48,80.97
4150,1233,breakdown,16.89,4.54
9937,1506,full,343.05,71.87
3875,3651,full,222.21,46.55
6149,9602,breakdown,22.9,5.09
7446,3675,breakdown,16.89,4.54
25142,3029,legal,37.5,2.02
8638,3450,full,188.48,39.48
25527,3244,full,676.49,141.71
10341,2402,legal,25.0,1.71
6783,1207,breakdown,16.89,4.54
15780,5127,legal,25.0,1.71
22670,3284,breakdown,16.89,4.54
21804,679,legal,30.0,1.71
17529,2842,legal,45.0,2.08
6617,5641,full,152.27,31.9
14294,444,breakdown,16.89,4.54
10594,610,breakdown,16.89,4.54
20290,741,legal,25.0,1.71
18641,9217,legal,25.0,1.71
22859,5726,breakdown,16.89,4.54
29154,3212,breakdown,16.89,4.54
11681,3531,legal,25.0,1.71
24492,3270,legal,25.0,1.71
3049,6360,breakdown,16.89,4.54
21790,1184,full,140.83,29.5
10574,2851,legal,25.0,1.71
20566,7735,legal,37.5,2.02
26531,5003,breakdown,16.89,4.54
28483,5146,legal,37.5,2.02
23672,8837,legal,25.0,1.71
3168,499,legal,25.0,1.71
139,1461,legal,25.0,1.71
4998,1916,breakdown,16.89,4.54
6270,1677,full,270.28,56.62
20934,3264,full,238.69,50.0
19854,7585,breakdown,16.89,4.54
13650,2545,breakdown,16.89,4.54
28288,5015,breakdown,22.9,5.09
5599,6818,breakdown,22.9,5.09
10081,1787,breakdown,22.9,5.09
3579,1139,legal,25.0,1.71
2323,4604,breakdown,22.9,5.09
19003,6255,legal,37.5,2.02
25796,4922,full,290.19,60.79
10545,3272,full,467.98,98.03
18526,699,breakdown,16.89,4.54
15515,3117,breakdown,16.89,4.54
27534,5586,breakdown,22.9,5.09
26449,6013,breakdown,22.9,5.09
3815,5472,legal,37.5,2.02
1391,2899,breakdown,16.89,4.54
23373,9311,legal,25.0,1.71
10229,5662,full,189.75,39.75
3360,5909,full,346.75,72.64
23924,443,full,613.77,128.57
5602,5867,legal,25.0,1.71
28414,3472,full,793.49,166.22
13073,8543,breakdown,16.89,4.54
603,4830,legal,25.0,1.71
11582,6390,breakdown,16.89,4.54
20186,7806,legal,25.0,1.71
20748,613,full,101.2,21.2
9847,2998,breakdown,16.89,4.54
635,8149,breakdown,16.89,4.54
2474,3198,legal,25.0,1.71
11087,5026,legal,25.0,1.71
17251,3455,legal,25.0,1.71
4845,6128,legal,25.0,1.71
3466,7070,breakdown,16.89,4.54
7922,3811,legal,37.5,2.02
12054,5118,breakdown,16.89,4.54
16324,9320,breakdown,22.9,5.09
2535,4675,breakdown,22.9,5.09
14457,3750,breakdown,22.9,5.09
6478,6715,full,489.9,102.62
4957,9451,breakdown,16.89,4.54
21412,996,breakdown,16.89,4.54
9712,1667,full,275.18,57.64
22997,6308,breakdown,16.89,4.54
23137,4372,breakdown,16.89,4.54
14800,2476,breakdown,16.89,4.54
12600,9053,legal,46.13,1.71
28794,1066,full,171.53,35.93
6533,794,breakdown,16.89,4.54
19300,8654,full,458.91,96.14
7067,3394,full,251.73,52.73
20294,2924,breakdown,22.9,5.09
14957,8983,full,605.91,126.93
20362,2669,legal,37.5,2.02
17538,1634,legal,69.23,2.27
27837,810,breakdown,22.9,5.09
11914,9266,legal,25.0,1.71
19103,9935,legal,37.5,2.02
29132,6498,breakdown,16.89,4.54
5338,35,breakdown,16.89,4.54
8699,8499,legal,37.5,2.02
9090,2788,full,215.48,45.14
4770,6332,legal,46.13,1.71
26428,2496,full,283.13,59.31
26242,7597,full,571.64,119.75
12472,4,legal,25.0,1.71
7324,9214,breakdown,16.89,4.54
17078,9356,legal,37.5,2.02
6778,1044,breakdown,16.89,4.54
3723,1918,legal,25.0,1.71
16799,9822,legal,25.0,1.71
22857,1454,legal,69.23,2.27
13661,3436,full,259.46,54.36
318,1475,legal,25.0,1.71
8501,1653,legal,25.0,1.71
21119,6248,legal,25.0,1.71
22720,4864,full,110.11,23.07
11368,9653,full,494.77,103.65
19635,4834,breakdown,16.89,4.54
6173,770,full,189.14,39.63
16214,9870,breakdown,16.89,4.54
4514,4845,breakdown,22.9,5.09
6529,2741,breakdown,16.89,4.54
26793,2118,legal,25.0,1.71
23751,9364,breakdown,16.89,4.54
26184,2453,legal,25.0,1.71
7571,2817,full,654.63,137.14
25315,7683,legal,25.0,1.71
9823,3764,full,317.58,66.53
28027,2549,full,172.46,36.13
4179,3947,full,358.13,75.03
17184,302,full,1130.9,236.91
20135,2215,breakdown,16.89,4.54
23557,8465,full,564.03,118.16
21117,2669,breakdown,22.9,5.09
24044,8702,breakdown,16.89,4.54
12161,7269,legal,37.5,2.02
20078,7316,full,335.57,70.3
19292,2744,full,571.88,119.8
10052,6967,legal,46.13,1.71
4189,861,breakdown,16.89,4.54
9177,1833,breakdown,25.9,5.91
10663,7005,legal,25.0,1.71
3377,1143,breakdown,16.89,4.54
16881,4893,legal,25.0,1.71
26827,8877,full,321.02,67.25
3424,462,legal,25.0,1.71
10239,8937,full,278.3,58.3
1636,2723,full,961.06,201.33
3115,2758,full,619.2,129.71
7697,9995,full,624.58,130.84
16726,5691,full,306.04,64.11
23775,9431,legal,25.0,1.71
19380,6982,breakdown,16.89,4.54
29721,1162,full,195.81,41.02
29434,1817,breakdown,16.89,4.54
9223,6410,breakdown,16.89,4.54
26625,5043,legal,25.0,1.71
8393,7486,breakdown,16.89,4.54
17494,577,legal,37.5,2.02
15324,8308,legal,37.5,2.02
6662,8883,legal,25.0,1.71
8632,3465,legal,69.23,2.27
23701,464,legal,30.0,1.71
8876,5375,legal,37.5,2.02
4885,13,legal,25.0,1.71
28577,432,legal,46.13,1.71
15000,9753,breakdown,16.89,4.54
911,1436,legal,25.0,1.71
29107,572,full,694.44,145.48
24923,3772,legal,25.0,1.71
3077,4991,full,577.27,120.93
15357,5659,full,213.95,44.82
24678,517,full,221.94,46.49
2886,7899,full,442.78,92.75
14521,6269,legal,69.23,2.27
1852,238,breakdown,16.89,4.54
5784,4714,legal,25.0,1.71
11527,7063,breakdown,22.9,5.09
13695,3038,full,184.0,38.54
1733,8234,full,101.2,21.2
10102,7053,breakdown,16.89,4.54
4862,4408,full,385.81,80.82
17786,6305,legal,37.5,2.02
12055,9181,breakdown,22.9,5.09
5842,5763,full,408.92,85.66
5932,8918,legal,46.13,1.71
17796,4183,legal,25.0,1.71
18327,3869,breakdown,16.89,4.54
17969,3966,breakdown,16.89,4.54
17264,1957,breakdown,16.89,4.54
2035,3961,breakdown,22.9,5.09
8802,6160,legal,25.0,1.71
14407,8508,legal,25.0,1.71
23095,6248,breakdown,16.89,4.54
17154,4429,full,347.36,72.77
20787,5042,full,265.1,55.53
5850,4145,breakdown,16.89,4.54
9806,9732,full,503.45,105.47
18252,4276,legal,46.13,1.71
3612,6961,full,234.65,49.16
23056,1411,legal,25.0,1.71
18995,6952,legal,37.5,2.02
1697,2527,breakdown,16.89,4.54
24571,1823,legal,46.13,1.71
20481,5883,breakdown,22.9,5.09
11597,9556,full,169.37,35.48
15444,1275,full,154.17,32.3
559,4406,breakdown,16.89,4.54
15422,6367,full,451.88,94.66
12495,4428,full,226.09,47.36
26749,7022,breakdown,16.89,4.54
21156,6721,legal,46.13,1.71
2526,410,breakdown,22.9,5.09
2530,3052,legal,37.5,2.02
6192,2584,breakdown,16.89,4.54
24361,5789,breakdown,16.89,4.54
6727,4719,legal,25.0,1.71
2921,8580,breakdown,16.89,4.54
19081,6823,breakdown,16.89,4.54
4009,1910,breakdown,22.9,5.09
21262,8215,legal,92.32,2.83
9842,1227,breakdown,22.9,5.09
13486,8157,legal,37.5,2.02
29964,5663,breakdown,16.89,4.54
3081,527,full,152.23,31.89
4456,4828,full,219.55,46.0
15308,5332,legal,25.0,1.71
6405,6531,full,250.47,52.47
669,6594,breakdown,16.89,4.54
10667,9043,full,101.2,21.2
21636,536,breakdown,22.9,5.09
8520,9160,full,171.53,35.93
20694,750,breakdown,16.89,4.54
14938,853,legal,25.0,1.71
22860,7364,legal,25.0,1.71
25945,3859,full,413.32,86.59
10517,5039,legal,46.13,1.71
11533,2736,breakdown,16.89,4.54
871,397,breakdown,22.9,5.09
16406,367,breakdown,16.89,4.54
3953,4614,legal,46.13,1.71
934,8123,breakdown,16.89,4.54
29501,7611,legal,25.0,1.71
1568,2144,legal,46.13,1.71
12111,1369,breakdown,22.9,5.09
4103,1908,full,773.23,161.99
27597,3074,full,332.44,69.64
8200,3868,breakdown,22.9,5.09
14873,7865,legal,25.0,1.71
8695,7780,legal,25.0,1.71
29848,3092,full,195.7,41.0
16686,7225,breakdown,16.89,4.54
26886,1656,legal,25.0,1.71
25485,7011,legal,25.0,1.71
21054,5785,full,262.8,55.05
1398,2161,breakdown,22.9,5.09
3524,3807,breakdown,16.89,4.54
18167,4262,breakdown,25.9,5.91
13020,2839,breakdown,16.89,4.54
11679,3334,legal,46.13,1.71
20759,8927,breakdown,16.89,4.54
28198,8223,legal,25.0,1.71
6545,1479,breakdown,16.89,4.54
10430,2436,legal,46.13,1.71
25148,8301,breakdown,16.89,4.54
8318,7162,full,443.04,92.81
27609,5237,legal,25.0,1.71
9204,7421,legal,25.0,1.71
15426,149,breakdown,16.89,4.54
7290,8645,legal,25.0,1.71
5262,6006,full,250.73,52.52
10410,9886,legal,25.0,1.71
22674,1100,legal,46.13,1.71
25969,330,full,152.23,31.89
2934,4844,full,407.72,85.41
16323,2721,full,613.33,128.49
1411,5897,breakdown,16.89,4.54
22552,5812,full,227.55,47.67
616,4170,full,192.35,40.3
23817,8629,breakdown,22.9,5.09
3515,818,breakdown,16.89,4.54
14399,3497,breakdown,16.89,4.54
1437,1072,full,1003.07,210.13
28903,8256,breakdown,16.89,4.54
20629,8543,legal,25.0,1.71
22266,6601,breakdown,16.89,4.54
29578,2803,full,748.79,156.87
27488,6330,breakdown,22.9,5.09
3297,7616,legal,37.5,2.02
23323,4795,legal,25.0,1.71
7686,2297,full,191.17,40.05
23476,6152,breakdown,16.89,4.54
15867,1043,breakdown,16.89,4.54
145,2005,breakdown,16.89,4.54
29669,2490,full,564.53,118.26
8389,4126,full,376.33,78.84
26311,8632,legal,30.0,1.71
2497,5905,breakdown,16.89,4.54
11058,4578,legal,,1.71
6652,1165,full,171.53,35.94
16769,3492,breakdown,16.89,4.54
8201,5686,full,297.06,62.23
17221,4509,breakdown,16.89,4.54
18578,5514,full,575.8,120.62
5633,7515,legal,37.5,2.02
14816,2154,legal,25.0,1.71
18468,4194,breakdown,16.89,4.54
24736,1819,full,748.99,156.9
24572,6722,breakdown,22.9,5.09
12156,1627,breakdown,22.9,5.09
19510,3108,full,322.35,67.52
25373,5074,legal,30.0,1.71
10570,7475,legal,25.0,1.71
5502,8761,full,,39.7
29681,2139,breakdown,16.89,4.54
3884,9369,breakdown,32.4,6.5
7809,4844,legal,25.0,1.71
21580,6127,full,379.5,79.5
16267,2124,legal,25.0,1.71
6152,2632,legal,25.0,1.71
11554,8108,full,255.54,53.53
13688,4069,full,1012.59,212.12
29820,9552,legal,25.0,1.71
7417,314,breakdown,16.89,4.54
29978,1686,full,101.2,21.2
5073,4480,legal,25.0,1.71
17974,1780,breakdown,16.89,4.54
6969,1325,full,432.85,90.68
22081,8774,breakdown,16.89,4.54
6893,2807,legal,25.0,1.71
16178,6661,full,223.48,46.82
5668,8947,breakdown,16.89,4.54
16203,4810,legal,45.0,2.08
15003,837,legal,25.0,1.71
10222,5731,legal,25.0,1.71
16230,8988,full,237.13,49.67
15585,8093,breakdown,16.89,4.54
28111,8359,full,152.23,31.89
24017,3094,breakdown,16.89,4.54
26989,8595,breakdown,16.89,4.54
24714,318,legal,37.5,2.02
23929,6653,breakdown,22.9,5.09
29347,3968,legal,25.0,1.71
14701,8635,legal,25.0,1.71
5097,5392,legal,25.0,1.71
18304,8576,legal,25.0,1.71
12749,2540,breakdown,16.89,4.54
8884,1271,breakdown,16.89,4.54
12415,3586,full,285.68,59.85
88,6714,full,547.73,114.74
9555,9484,breakdown,16.89,4.54
25974,3086,full,693.72,145.32
14007,4338,breakdown,16.89,4.54
6639,9007,legal,25.0,1.71
20564,2364,legal,25.0,1.71
26236,9428,breakdown,22.9,5.09
3292,256,legal,25.0,1.71
28375,7166,full,288.31,60.4
18438,1605,full,189.75,39.75
20288,7493,breakdown,22.9,5.09
17705,1815,full,458.88,96.13
25135,5867,breakdown,16.89,4.54
3475,2510,breakdown,16.89,4.54
28557,8121,full,259.26,54.31
15116,5081,full,340.38,71.3
16516,8030,legal,25.0,1.71
12898,5875,legal,25.0,1.71
29560,8672,legal,25.0,1.71
28469,5881,legal,25.0,1.71
18704,1219,full,101.2,21.2
5751,6023,breakdown,16.89,4.54
10798,5290,legal,25.0,1.71
23459,5189,full,322.77,67.62
858,5633,breakdown,16.89,4.54
13099,5887,breakdown,22.9,5.09
3574,5058,legal,25.0,1.71
6983,2164,legal,46.13,1.71
18884,5595,full,292.2,61.21
26996,2504,breakdown,16.89,4.54
27294,7684,legal,37.5,2.02
27390,3003,breakdown,16.89,4.54
20318,8532,legal,25.0,1.71
2657,1519,breakdown,16.89,4.54
25718,1369,full,252.05,52.8
18476,4581,legal,25.0,1.71
25213,8867,legal,46.13,1.71
10359,4503,breakdown,16.89,4.54
10822,3999,legal,37.5,2.02
4867,933,legal,25.0,1.71
15852,5929,legal,37.5,2.02
5987,6934,full,451.88,94.66
14219,2220,breakdown,16.89,4.54
3264,2307,legal,46.13,1.71
238,5201,legal,25.0,1.71
28845,2738,full,546.19,114.42
25544,415,breakdown,16.89,4.54
18095,9262,legal,25.0,1.71
19814,4939,full,292.03,61.17
15174,979,full,279.14,58.48
26466,5354,legal,37.5,2.02
1758,4751,breakdown,22.9,5.09
10961,1213,legal,46.13,1.71
15610,7363,full,792.34,165.99
19156,9596,legal,25.0,1.71
27389,3327,legal,46.13,1.71
4997,6870,breakdown,16.89,4.54
12503,4583,legal,25.0,1.71
29284,446,breakdown,16.89,4.54
16718,8315,legal,37.5,2.02
6496,977,breakdown,16.89,4.54
1459,6695,legal,46.13,1.71
24719,4107,full,152.23,31.89
14794,1077,full,421.5,88.3
6650,3428,legal,25.0,1.71
4830,4154,full,190.31,39.87
9193,3996,legal,46.13,1.71
22901,9306,full,1140.56,238.93
26420,703,legal,46.13,1.71
3855,8318,legal,25.0,1.71
25149,8740,full,242.25,50.75
12977,6841,legal,37.5,2.02
23810,4708,full,537.7,112.64
14235,8123,legal,25.0,1.71
26535,6832,breakdown,16.89,4.54
6907,9598,breakdown,16.89,4.54
14051,4479,legal,25.0,1.71
21740,3690,legal,25.0,1.71
3076,4147,full,446.95,93.63
26098,8929,breakdown,16.89,4.54
25461,6854,breakdown,16.89,4.54
11078,4530,full,223.06,46.73
20424,5713,legal,37.5,2.02
219,7778,full,488.67,102.37
2570,1199,breakdown,16.89,4.54
9144,8303,breakdown,16.89,4.54
22084,8742,legal,25.0,1.71
15700,8606,full,169.37,35.48
6397,5695,breakdown,16.89,4.54
29086,9372,breakdown,22.9,5.09
9703,4536,breakdown,16.89,4.54
20046,6034,legal,25.0,1.71
9701,2809,legal,25.0,1.71
22987,6769,breakdown,32.4,6.5
10806,2256,legal,37.5,2.02
17910,6039,legal,25.0,1.71
12998,400,legal,25.0,1.71
27243,3054,full,279.6,58.57
15745,1812,full,318.75,66.78
27042,8138,breakdown,16.89,4.54
22959,1076,full,594.89,124.62
28961,5322,full,361.16,75.66
15144,9647,breakdown,16.89,4.54
23779,8428,full,817.21,171.19
27145,5604,legal,25.0,1.71
13628,4706,legal,37.5,2.02
9350,7238,full,120.42,25.23
8841,647,full,127.21,26.65
17200,5221,full,302.37,63.34
29075,5182,legal,46.13,1.71
7871,5882,breakdown,16.89,4.54
24126,9765,full,170.78,35.78
14763,4925,legal,25.0,1.71
28587,7404,legal,25.0,1.71
3948,7939,legal,25.0,1.71
12368,1171,legal,25.0,1.71
4327,2304,legal,25.0,1.71
728,1090,full,585.83,122.72
14978,5290,full,438.41,91.84
21122,3290,legal,25.0,1.71
25356,7728,full,548.6,114.93
9083,5780,legal,25.0,1.71
29405,8346,legal,25.0,1.71
3852,3464,breakdown,32.4,6.5
1760,211,full,523.6,109.69
12101,1973,legal,25.0,1.71
14341,1930,full,431.06,90.3
11104,9339,full,265.96,55.72
12632,8446,legal,25.0,1.71
10682,3479,full,276.81,57.99
16674,6769,legal,45.0,2.08
4429,1602,legal,25.0,1.71
14008,7456,legal,46.13,1.71
22277,4867,breakdown,25.9,5.91
6026,1429,breakdown,16.89,4.54
7427,803,breakdown,16.89,4.54
8305,8258,legal,25.0,1.71
8997,8339,full,185.86,38.94
13173,7167,legal,30.0,1.71
21661,5520,full,966.14,202.39
26221,6478,breakdown,16.89,4.54
6672,5318,full,196.82,41.23
18405,7522,full,262.21,54.93
25406,85,breakdown,16.89,4.54
3596,6369,breakdown,16.89,4.54
11642,2723,breakdown,16.89,4.54
28430,7308,legal,46.13,1.71
1975,8255,full,399.48,83.69
1644,1546,legal,37.5,2.02
7902,7798,full,379.5,79.5
19585,1843,full,614.4,128.71
5651,595,full,396.18,83.0
8958,3795,full,261.64,54.81
1264,1555,full,150.32,31.49
27866,8447,breakdown,22.9,5.09
29349,2298,breakdown,16.89,4.54
18967,6863,breakdown,16.89,4.54
20028,4587,legal,25.0,1.71
22527,9816,breakdown,16.89,4.54
25371,2998,legal,46.13,1.71
7873,9734,full,393.21,82.37
2568,7070,full,396.56,83.07
687,2725,full,211.2,44.24
25929,6229,breakdown,16.89,4.54
17923,5271,full,139.76,29.28
10745,8787,breakdown,22.9,5.09
6899,8293,legal,37.5,2.02
20972,9549,full,396.9,83.14
4177,9094,breakdown,16.89,4.54
26709,7514,legal,25.0,1.71
4527,1049,legal,25.0,1.71
21962,8786,legal,25.0,1.71
8277,7407,breakdown,16.89,4.54
10966,2383,legal,25.0,1.71
29881,7022,full,259.6,54.38
15249,6204,legal,25.0,1.71
13899,262,breakdown,25.9,5.91
27969,8153,legal,25.0,1.71
649,6354,breakdown,16.89,4.54
7964,3716,legal,46.13,1.71
9614,9116,full,212.89,44.6
22673,4322,breakdown,16.89,4.54
9594,6553,breakdown,16.89,4.54
27965,8231,full,230.49,48.28
13473,4553,breakdown,16.89,4.54
2250,2691,legal,25.0,1.71
24237,5667,full,433.69,90.85
8648,4661,legal,46.13,1.71
6515,9547,breakdown,16.89,4.54
16063,6582,breakdown,16.89,4.54
16733,2771,legal,37.5,2.02
1891,2807,breakdown,16.89,4.54
2974,5999,breakdown,16.89,4.54
12193,3564,legal,25.0,1.71
6788,5856,full,1487.49,311.61
29936,4430,full,351.9,73.72
15607,609,legal,46.13,1.71
6363,1120,full,683.94,143.28
9947,8764,breakdown,16.89,4.54
7493,4814,breakdown,16.89,4.54
7522,5685,full,101.2,21.2
15161,3747,breakdown,16.89,4.54
15150,3735,full,276.41,57.9
19569,8417,legal,25.0,1.71
15523,8881,legal,69.23,2.27
533,2898,full,330.35,69.2
13215,7059,legal,37.5,2.02
9185,6,breakdown,22.9,5.09
14736,6272,legal,25.0,1.71
13439,5138,legal,69.23,2.27
14091,4648,full,162.27,34.0
19497,2105,legal,25.0,1.71
22941,7185,breakdown,22.9,5.09
12645,1433,legal,25.0,1.71
17185,2212,breakdown,16.89,4.54
9993,8900,breakdown,16.89,4.54
18100,5925,legal,25.0,1.71
843,4256,full,409.67,85.82
4165,3156,legal,25.0,1.71
16112,3253,full,191.14,40.04
24644,4128,legal,25.0,1.71
24168,5862,full,475.82,99.68
27667,3841,full,329.24,68.97
23708,2770,full,559.12,117.13
20650,3422,full,150.32,31.49
11808,2351,breakdown,16.89,4.54
5328,7986,breakdown,16.89,4.54
11993,3018,full,164.45,34.45
24695,6263,full,172.87,36.22
1980,3486,full,101.2,21.2
15555,6626,full,240.6,50.4
29077,7160,full,607.29,127.22
27210,6918,legal,25.0,1.71
29204,7604,full,366.36,76.75
21838,5814,legal,37.5,2.02
24128,480,breakdown,22.9,5.09
12065,2072,legal,25.0,1.71
22702,1149,legal,37.5,2.02
12094,4989,legal,37.5,2.02
28634,9371,legal,25.0,1.71
4990,5176,breakdown,16.89,4.54
24036,2587,breakdown,16.89,4.54
18780,9785,legal,25.0,1.71
25488,4956,breakdown,16.89,4.54
20587,8952,breakdown,16.89,4.54
15437,202,legal,46.13,1.71
14809,6263,legal,25.0,1.71
20888,4458,legal,25.0,1.71
11848,605,breakdown,16.89,4.54
29496,1946,full,101.2,21.2
29825,4461,legal,37.5,2.02
6453,7962,full,538.96,112.9
17852,1253,legal,25.0,1.71
25565,7638,full,268.53,56.26
18306,2512,full,308.73,64.68
21761,3686,full,219.37,45.96
915,2707,full,312.63,65.49
20998,2891,full,161.68,33.87
26215,9736,full,172.87,36.22
9551,2713,full,488.0,102.23
19815,8184,legal,25.0,1.71
16475,182,breakdown,16.89,4.54
22256,1405,breakdown,16.89,4.54
9188,462,breakdown,16.89,4.54
12858,8470,breakdown,16.89,4.54
18875,6511,legal,37.5,2.02
3731,2354,breakdown,16.89,4.54
23907,2278,breakdown,16.89,4.54
17100,7820,legal,25.0,1.71
3797,312,legal,25.0,1.71
20323,2507,breakdown,16.89,4.54
25623,8649,breakdown,16.89,4.54
25585,6203,legal,25.0,1.71
2022,5555,breakdown,16.89,4.54
21989,9241,legal,25.0,1.71
15706,2770,legal,25.0,1.71
13656,2794,full,150.32,31.49
8027,7229,breakdown,16.89,4.54
15662,5003,full,488.87,102.41
17137,5622,breakdown,16.89,4.54
19552,9760,legal,25.0,1.71
7511,2177,legal,37.5,2.02
14157,3682,full,1110.86,232.72
20793,6017,breakdown,16.89,4.54
20109,1965,breakdown,16.89,4.54
1549,9508,legal,25.0,1.71
26214,4310,breakdown,16.89,4.54
33,1767,full,385.31,80.72
8338,5530,breakdown,25.9,5.91
23313,6888,legal,25.0,1.71
13345,2617,legal,25.0,1.71
24974,994,legal,25.0,1.71
8890,7761,full,230.6,48.31
15721,91,full,356.06,74.59
8186,8219,full,169.37,35.48
24967,93,legal,25.0,1.71
234,6115,breakdown,16.89,4.54
24819,2884,legal,69.23,2.27
23058,2817,breakdown,16.89,4.54
11715,4388,full,478.99,100.34
24119,6485,legal,25.0,1.71
22220,2951,breakdown,16.89,4.54
2877,6799,legal,37.5,2.02
3608,2755,full,240.07,50.3
24699,4798,legal,25.0,1.71
22783,8441,legal,25.0,1.71
22086,300,breakdown,16.89,4.54
3417,8983,legal,25.0,1.71
22694,4991,breakdown,16.89,4.54
15438,3440,full,639.39,133.94
5103,5391,breakdown,16.89,4.54
452,277,breakdown,22.9,5.09
26364,3941,legal,25.0,1.71
27845,8454,full,964.01,201.95
21763,5488,legal,25.0,1.71
29466,3301,legal,25.0,1.71
29404,2201,full,449.79,94.22
3789,1303,full,430.23,90.13
23064,9021,full,286.85,60.09
23985,8380,breakdown,22.9,5.09
17225,2626,full,352.94,73.94
3700,6987,legal,25.0,1.71
12622,7096,breakdown,16.89,4.54
23460,2543,legal,46.13,1.71
14623,5280,legal,25.0,1.71
27260,6305,full,199.88,41.87
10487,7834,breakdown,16.89,4.54
27652,5910,full,566.75,118.72
18841,9382,breakdown,16.89,4.54
5733,4794,legal,37.5,2.02
12779,8181,breakdown,16.89,4.54
25721,4328,full,502.32,105.23
24742,6497,legal,25.0,1.71
1311,7350,legal,25.0,1.71
26655,1201,full,419.01,87.78
10683,3902,breakdown,16.89,4.54
17520,5873,breakdown,16.89,4.54
2621,6164,breakdown,16.89,4.54
17363,3097,full,356.04,74.59
4965,2367,full,225.4,47.22
14337,8227,full,454.7,95.25
22400,3188,full,190.4,39.89
18534,7629,breakdown,16.89,4.54
5605,6096,full,503.06,105.39
14281,1030,legal,37.5,2.02
4444,9606,legal,25.0,1.71
21767,4127,legal,37.5,2.02
15837,8807,breakdown,16.89,4.54
17379,418,legal,25.0,1.71
18093,2990,legal,25.0,1.71
16060,4758,legal,37.5,2.02
18628,1905,full,395.22,82.79
18844,8524,breakdown,16.89,4.54
5634,9985,breakdown,16.89,4.54
3843,6936,full,259.3,54.32
8050,6304,full,340.82,71.4
28140,8862,breakdown,22.9,5.09
890,9669,legal,25.0,1.71
8424,6348,full,224.42,47.02
23657,8221,full,216.53,45.36
14266,4992,full,273.78,57.36
8349,8010,legal,37.5,2.02
10399,8650,breakdown,22.9,5.09
15856,1901,legal,25.0,1.71
20251,2754,breakdown,22.9,5.09
27733,7207,breakdown,16.89,4.54
22866,3887,legal,25.0,1.71
12422,6685,legal,25.0,1.71
12536,6664,full,276.35,57.89
11340,5162,breakdown,16.89,4.54
21870,5114,breakdown,16.89,4.54
8794,1737,breakdown,16.89,4.54
27137,1141,breakdown,16.89,4.54
25242,880,breakdown,16.89,4.54
721,4781,full,708.33,148.38
16159,6348,breakdown,16.89,4.54
15648,6821,legal,37.5,2.02
8984,6978,breakdown,16.89,4.54
8967,4891,legal,25.0,1.71
12596,5774,full,226.1,47.37
21818,3234,breakdown,16.89,4.54
22646,1802,breakdown,22.9,5.09
23158,4158,full,316.25,66.25
4945,5149,full,578.81,121.26
28518,3805,full,173.74,36.39
15675,6360,full,169.37,35.48
9816,7596,full,600.14,125.72
14414,7800,full,208.01,43.58
6047,4756,legal,25.0,1.71
27649,6685,full,401.95,84.2
22785,9030,legal,37.5,2.02
5268,8366,legal,25.0,1.71
18648,589,breakdown,16.89,4.54
1491,2378,legal,25.0,1.71
23065,5450,full,337.25,70.65
21318,6087,legal,25.0,1.71
19147,5213,full,2231.91,467.56
9507,6356,full,212.62,44.54
2616,7488,breakdown,16.89,4.54
11361,8125,breakdown,16.89,4.54
26134,6721,full,253.05,53.01
7089,9049,legal,37.5,2.02
7936,62,legal,25.0,1.71
23583,1108,breakdown,16.89,4.54
18819,3702,breakdown,22.9,5.09
11316,9621,breakdown,16.89,4.54
11736,6266,breakdown,16.89,4.54
24440,4747,breakdown,16.89,4.54
9827,9427,breakdown,16.89,4.54
25053,4272,legal,37.5,2.02
7168,9738,breakdown,25.9,5.91
16157,2200,breakdown,16.89,4.54
20410,8116,legal,25.0,1.71
25886,9862,legal,69.23,2.27
11386,4328,breakdown,22.9,5.09
17567,1421,legal,25.0,1.71
11712,1017,full,509.01,106.63
21175,3261,full,357.4,74.87
3089,3476,full,240.43,50.37
14320,4206,breakdown,16.89,4.54
5632,3987,full,398.74,83.53
18213,4874,full,117.51,24.61
29802,5944,full,368.73,77.25
20422,6861,legal,25.0,1.71
12757,1240,full,148.27,31.06
11677,2447,breakdown,16.89,4.54
9906,4248,full,217.64,45.59
11174,6216,full,342.41,71.73
4376,9888,breakdown,16.89,4.54
3925,1828,full,144.79,30.33
21741,9704,legal,37.5,2.02
17873,3292,breakdown,16.89,4.54
28101,533,breakdown,22.9,5.09
16469,7298,full,506.51,106.11
18056,5064,legal,46.13,1.71
23234,5115,full,485.92,101.79
3864,4796,full,570.88,119.59
19561,1235,legal,37.5,2.02
22506,6057,breakdown,16.89,4.54
2005,5151,full,306.7,64.25
18963,5548,legal,25.0,1.71
14148,1988,full,183.02,38.34
13681,6118,full,224.09,46.95
27274,4827,breakdown,16.89,4.54
6227,2984,legal,37.5,2.02
6365,3974,breakdown,16.89,4.54
14026,3846,legal,46.13,1.71
1843,5380,full,390.78,81.87
25704,2641,full,455.69,95.46
3509,7910,full,132.83,27.83
10125,7270,breakdown,16.89,4.54
11498,4418,full,327.96,68.7
3110,1086,full,245.36,51.39
16332,2104,breakdown,16.89,4.54
15727,2438,legal,46.13,1.71
23575,8105,full,420.45,88.08
2501,29,legal,25.0,1.71
7945,1768,breakdown,16.89,4.54
3996,785,full,263.51,55.2
25068,7386,breakdown,25.9,5.91
4463,7057,breakdown,22.9,5.09
9327,1233,legal,25.0,1.71
13499,1075,legal,25.0,1.71
27495,8226,breakdown,22.9,5.09
19347,7962,legal,45.0,2.08
2253,9638,full,267.8,56.1
28395,3426,full,985.73,206.5
24005,2735,full,1216.37,254.81
3832,7815,breakdown,16.89,4.54
1800,4478,legal,25.0,1.71
20968,5275,legal,25.0,1.71
21681,7835,full,249.63,52.29
25638,2835,full,299.81,62.81
15441,2324,full,152.23,31.89
7550,2505,legal,25.0,1.71
9986,1587,full,428.75,89.82
3232,5104,full,316.42,66.28
19245,917,breakdown,16.89,4.54
169,7081,legal,37.5,2.02
5729,9918,breakdown,25.9,5.91
3365,8888,breakdown,16.89,4.54
19084,2651,breakdown,16.89,4.54
13855,3257,legal,25.0,1.71
18243,5798,full,218.04,45.68
12188,1391,breakdown,16.89,4.54
24766,1756,breakdown,22.9,5.09
22858,6774,legal,25.0,1.71
4120,555,breakdown,22.9,5.09
18019,2725,legal,25.0,1.71
28363,7136,legal,46.13,1.71
7694,6059,breakdown,16.89,4.54
27246,2546,breakdown,25.9,5.91
27486,4699,legal,25.0,1.71
17211,78,legal,46.13,1.71
23753,554,legal,46.13,1.71
22336,1664,breakdown,16.89,4.54
9351,8437,full,199.7,41.84
29937,5892,legal,37.5,2.02
14458,4716,legal,25.0,1.71
26763,7223,full,169.37,35.48
26635,942,legal,25.0,1.71
24256,5785,breakdown,16.89,4.54
11829,988,full,211.03,44.21
21826,2988,full,230.31,48.25
12148,5907,full,488.43,102.32
28391,4436,breakdown,16.89,4.54
23577,2833,breakdown,16.89,4.54
1620,7738,full,453.41,94.98
7597,6029,breakdown,16.89,4.54
5315,3230,full,245.69,51.47
15200,468,legal,37.5,2.02
2960,5882,full,101.2,21.2
16088,8872,breakdown,22.9,5.09
23765,7736,full,255.0,53.42
10286,8863,breakdown,16.89,4.54
22041,6350,breakdown,,5.09
6440,7535,legal,25.0,1.71
21927,3143,breakdown,16.89,4.54
17039,7774,full,191.73,40.17
1207,7971,breakdown,16.89,4.54
7491,300,full,436.57,91.46
6805,6248,full,387.33,81.14
17204,7097,full,144.05,30.18
7426,7541,legal,37.5,2.02
22529,5056,legal,37.5,2.02
24335,181,full,497.74,104.27
4290,6460,full,654.32,137.07
9428,4885,legal,25.0,1.71
22243,3221,full,101.2,21.2
12999,3705,breakdown,22.9,5.09
19189,9733,legal,46.13,1.71
11710,3336,legal,37.5,2.02
1129,6912,full,273.93,57.39
18366,7088,full,523.11,109.59
8774,8844,breakdown,22.9,5.09
15388,753,legal,25.0,1.71
25337,4701,full,358.67,75.13
9126,6823,full,326.35,68.37
6703,6931,breakdown,16.89,4.54
23146,3374,legal,37.5,2.02
27704,9847,full,101.2,21.2
23034,3854,full,110.0,23.04
6519,4327,breakdown,22.9,5.09
24248,252,breakdown,16.89,4.54
16200,7536,breakdown,16.89,4.54
18750,3297,legal,30.0,1.71
99,8754,legal,25.0,1.71
19461,7691,legal,25.0,1.71
29241,7083,breakdown,22.9,5.09
28149,7032,breakdown,16.89,4.54
10696,8637,legal,25.0,1.71
6426,1837,breakdown,16.89,4.54
18675,1766,breakdown,22.9,5.09
2182,9874,full,541.73,113.49
14785,3519,breakdown,22.9,5.09
5935,7237,breakdown,16.89,4.54
21932,2231,breakdown,16.89,4.54
16525,3547,legal,37.5,2.02
4391,5294,full,474.59,99.42
3379,3269,breakdown,16.89,4.54
20232,7483,legal,25.0,1.71
27838,1782,full,169.37,35.48
21401,7677,breakdown,16.89,4.54
4201,2435,breakdown,22.9,5.09
11690,8815,breakdown,16.89,4.54
6923,7172,legal,37.5,2.02
7229,2001,full,193.68,40.57
22192,3658,full,322.77,67.62
7958,4831,legal,25.0,1.71
11978,6017,full,426.7,89.39
633,5837,legal,25.0,1.71
10621,637,legal,37.5,2.02
4446,3915,full,2374.1,497.34
10447,5853,breakdown,22.9,5.09
26477,2937,full,493.45,103.37
19769,4963,breakdown,16.89,4.54
13320,5934,legal,25.0,1.71
27217,3239,legal,30.0,1.71
15145,7305,full,324.77,68.03
3468,1129,legal,25.0,1.71
23611,6730,legal,30.0,1.71
26808,8372,full,249.7,52.31
5348,9014,full,101.2,21.2
16461,7140,full,465.19,97.45
22946,798,full,281.88,59.05
21647,3718,legal,25.0,1.71
20534,7920,breakdown,16.89,4.54
27623,3282,breakdown,16.89,4.54
1718,8263,breakdown,16.89,4.54
10391,9062,full,199.1,41.71
19483,7845,full,101.2,21.2
23435,8979,full,101.2,21.2
11054,5957,full,306.32,64.17
19211,1279,full,550.26,115.27
27954,6750,breakdown,22.9,5.09
15884,3114,full,334.86,70.15
3772,6828,full,237.76,49.81
18583,8227,legal,25.0,1.71
22573,5281,breakdown,16.89,4.54
680,2275,breakdown,16.89,4.54
11944,7884,legal,46.13,1.71
8353,4562,full,421.4,88.28
13569,510,breakdown,22.9,5.09
22066,8356,full,451.54,94.59
2668,8516,breakdown,16.89,4.54
16013,24,full,220.4,46.17
22587,7345,legal,69.23,2.27
26945,4700,breakdown,16.89,4.54
22769,5583,full,101.2,21.2
14746,3844,full,576.62,120.79
1046,501,breakdown,16.89,4.54
10016,9421,full,632.26,132.45
16239,6032,breakdown,22.9,5.09
24806,4303,breakdown,22.9,5.09
7604,4832,breakdown,16.89,4.54
25044,8456,legal,25.0,1.71
15658,2377,full,685.3,143.56
19746,3606,legal,25.0,1.71
28867,6176,breakdown,22.9,5.09
18088,1963,breakdown,16.89,4.54
28649,4130,legal,25.0,1.71
17819,1801,legal,25.0,1.71
1404,2030,breakdown,22.9,5.09
25338,4240,breakdown,16.89,4.54
12768,9604,full,250.11,52.39
13440,9181,legal,37.5,2.02
23285,4396,full,717.26,150.26
525,6392,full,418.84,87.74
20614,5558,breakdown,32.4,6.5
2489,2627,breakdown,16.89,4.54
5191,2904,full,736.39,154.26
5137,8156,breakdown,22.9,5.09
17492,6819,legal,37.5,2.02
22570,2425,full,677.99,142.03
10173,5338,breakdown,16.89,4.54
7714,7008,breakdown,22.9,5.09
26941,8364,breakdown,22.9,5.09
18824,7182,legal,25.0,1.71
29746,8236,breakdown,16.89,4.54
8789,2309,breakdown,16.89,4.54
27025,5960,breakdown,16.89,4.54
11627,3409,legal,25.0,1.71
12665,7138,breakdown,16.89,4.54
1835,913,breakdown,22.9,5.09
12902,8602,breakdown,16.89,4.54
23105,8572,breakdown,16.89,4.54
10505,6880,legal,46.13,1.71
28292,4378,breakdown,16.89,4.54
2219,6623,breakdown,16.89,4.54
19239,2145,breakdown,22.9,5.09
9266,5590,breakdown,22.9,5.09
13107,7588,full,411.68,86.24
14233,528,breakdown,22.9,5.09
17309,5172,full,278.23,58.28
21479,1135,breakdown,16.89,4.54
21500,3642,breakdown,22.9,5.09
17423,4826,legal,25.0,1.71
19816,5439,full,171.53,35.94
11352,579,full,206.05,43.17
24953,3172,full,532.58,111.57
11282,6208,legal,25.0,1.71
1750,4112,full,694.02,145.39
6025,7269,full,379.5,79.5
4932,5432,full,395.79,82.91
28239,7004,full,250.47,52.47
23221,2695,full,341.1,71.46
16554,3224,breakdown,16.89,4.54
6284,3701,legal,25.0,1.71
17338,32,legal,25.0,1.71
1456,1430,legal,46.13,1.71
6225,4698,breakdown,16.89,4.54
16875,6650,breakdown,16.89,4.54
12386,559,legal,37.5,2.02
11670,4621,breakdown,16.89,4.54
436,2897,full,156.47,32.78
643,8043,legal,25.0,1.71
17375,3293,legal,37.5,2.02
22131,5779,breakdown,16.89,4.54
13200,1106,full,390.35,81.77
5825,3050,breakdown,22.9,5.09
12036,7278,breakdown,16.89,4.54
26037,9178,legal,,2.02
4132,4725,breakdown,16.89,4.54
348,5565,breakdown,16.89,4.54
13181,3349,full,257.96,54.04
27022,1014,full,267.5,56.03
6404,9574,legal,25.0,1.71
1807,4372,full,326.4,68.38
27526,6299,breakdown,16.89,4.54
420,8785,breakdown,16.89,4.54
8867,817,full,106.07,22.22
6739,879,legal,25.0,1.71
20808,5430,breakdown,16.89,4.54
15323,6261,full,422.36,88.48
6487,5152,full,166.88,34.96
15627,3580,legal,25.0,1.71
18219,6610,full,155.14,32.5
25712,4496,full,173.33,36.31
3784,2596,legal,37.5,2.02
21723,5629,breakdown,16.89,4.54
19398,5743,breakdown,16.89,4.54
9621,6697,full,832.05,174.3
2573,5314,legal,25.0,1.71
19908,5601,breakdown,16.89,4.54
19986,8016,breakdown,16.89,4.54
29653,2414,breakdown,16.89,4.54
25469,7116,breakdown,16.89,4.54
11760,7220,full,480.63,100.68
5184,403,breakdown,32.4,6.5
16889,3154,breakdown,16.89,4.54
19538,150,full,371.8,77.89
28487,2020,legal,37.5,2.02
2851,9988,legal,25.0,1.71
18653,5965,breakdown,16.89,4.54
16703,7925,legal,25.0,1.71
13635,8220,legal,25.0,1.71
14572,5794,breakdown,16.89,4.54
8601,4764,breakdown,16.89,4.54
15169,9764,full,358.87,75.18
3418,1189,breakdown,16.89,4.54
405,2333,breakdown,22.9,5.09
15443,5408,legal,37.5,2.02
10582,3737,full,196.97,41.27
26158,8019,breakdown,16.89,4.54
1982,5431,full,388.03,81.29
8494,7635,breakdown,22.9,5.09
12452,2698,full,306.8,64.27
2111,6130,breakdown,16.89,4.54
16183,6038,full,253.72,53.15
10549,68,full,211.95,44.4
22985,7656,legal,25.0,1.71
10793,5155,full,533.73,111.81
13975,2058,breakdown,16.89,4.54
3404,2876,legal,25.0,1.71
14566,9989,breakdown,16.89,4.54
23539,1569,full,246.9,51.72
22930,9881,full,626.14,131.17
2701,6457,legal,37.5,2.02
16429,2915,legal,30.0,1.71
4549,2948,legal,25.0,1.71
13100,9013,full,1044.36,218.78
27250,4639,breakdown,16.89,4.54
16443,853,full,381.46,79.91
9427,2651,legal,46.13,1.71
25075,9563,legal,37.5,2.02
12481,1696,breakdown,16.89,4.54
11909,7172,breakdown,22.9,5.09
13791,8098,legal,25.0,1.71
15790,1916,legal,25.0,1.71
6906,6797,breakdown,22.9,5.09
17998,3719,legal,45.0,2.08
25545,6155,full,448.63,93.99
13270,1454,full,369.38,77.38
1573,8737,breakdown,16.89,4.54
12609,421,breakdown,16.89,4.54
23286,641,breakdown,16.89,4.54
3604,6515,full,264.11,55.33
20813,1579,breakdown,16.89,4.54
25237,9396,full,448.69,93.99
11427,8876,breakdown,22.9,5.09
21287,8593,breakdown,16.89,4.54
28299,6736,full,302.27,63.32
7152,3228,breakdown,22.9,5.09
9538,5437,breakdown,16.89,4.54
21753,8169,legal,37.5,2.02
25275,8356,breakdown,22.9,5.09
4889,1218,legal,25.0,1.71
25006,9488,legal,25.0,1.71
14920,967,full,150.32,31.49
28491,7904,breakdown,16.89,4.54
19965,3794,full,250.47,52.47
1366,4327,legal,37.5,2.02
3140,6877,legal,25.0,1.71
15811,2227,full,171.53,35.94
26579,6146,full,377.45,79.07
20594,6829,full,616.47,129.14
24754,5483,full,174.31,36.52
23257,769,legal,25.0,1.71
9990,1892,legal,37.5,2.02
28679,2416,breakdown,16.89,4.54
28263,5132,breakdown,22.9,5.09
11683,7101,full,482.18,101.01
27885,828,full,458.1,95.96
17015,7272,breakdown,16.89,4.54
1478,772,legal,25.0,1.71
1949,6022,none,491.31,102.92
14011,8956,full,519.6,108.85
21154,3847,legal,25.0,1.71
4254,204,full,378.38,79.27
8576,6982,full,317.98,66.61
1216,9525,full,275.63,57.74
18591,4305,legal,37.5,2.02
18549,2010,breakdown,22.9,5.09
28660,6929,breakdown,16.89,4.54
8683,1052,full,359.25,75.26
11751,9933,breakdown,22.9,5.09
3268,1980,full,332.03,69.56
5804,8802,full,190.09,39.82
14619,3646,breakdown,16.89,4.54
10911,7090,legal,37.5,2.02
23196,3550,legal,25.0,1.71
6766,8022,legal,46.13,1.71
24464,7175,full,570.42,119.5
20101,1276,breakdown,16.89,4.54
13743,5106,legal,25.0,1.71
2947,1387,full,337.81,70.77
20622,8477,full,356.7,74.73
2094,6949,legal,37.5,2.02
19892,7881,legal,37.5,2.02
22121,2383,full,273.03,57.19
19028,7039,legal,25.0,1.71
6110,7829,full,262.1,54.91
9718,1096,legal,25.0,1.71
2270,5146,breakdown,22.9,5.09
16476,9973,full,1949.82,408.46
10651,6129,legal,25.0,1.71
2502,3344,full,780.96,163.6
13867,5553,full,1227.59,257.16
10194,2191,legal,37.5,2.02
159,2161,full,288.8,60.5
8776,3792,full,383.23,80.28
16059,9503,legal,25.0,1.71
8402,9822,full,431.3,90.35
11387,7065,legal,25.0,1.71
1956,6385,legal,25.0,1.71
18342,2554,breakdown,22.9,5.09
18128,1583,breakdown,16.89,4.54
24358,2389,legal,37.5,2.02
14203,3119,full,250.47,52.47
21977,7745,breakdown,22.9,5.09
31,4763,legal,25.0,1.71
10003,2402,breakdown,16.89,4.54
2993,9650,legal,25.0,1.71
2818,1724,breakdown,16.89,4.54
23658,4074,legal,25.0,1.71
27463,5975,breakdown,16.89,4.54
19275,9876,legal,37.5,2.02
26933,9525,legal,25.0,1.71
22853,6287,breakdown,16.89,4.54
26779,6656,legal,25.0,1.71
18075,7821,legal,46.13,1.71
11075,9010,full,677.25,141.87
13719,4881,legal,25.0,1.71
19054,727,legal,37.5,2.02
26198,6778,breakdown,22.9,5.09
13316,4127,full,341.97,71.64
17809,3419,breakdown,16.89,4.54
22397,2732,legal,25.0,1.71
9012,4677,breakdown,16.89,4.54
27402,6786,legal,46.13,1.71
4980,152,legal,25.0,1.71
2459,2833,full,397.03,83.17
28852,9196,full,173.8,36.41
8114,1565,breakdown,16.89,4.54
4111,5630,full,264.2,55.35
17815,8787,full,245.32,51.39
29717,3361,legal,46.13,1.71
15837,8807,breakdown,16.89,4.54
448,3006,breakdown,22.9,5.09
14217,2445,full,195.81,41.02
22194,2068,breakdown,16.89,4.54
10611,9733,breakdown,22.9,5.09
1709,3741,legal,25.0,1.71
1324,873,full,155.86,32.65
29845,6209,breakdown,16.89,4.54
5285,2622,legal,37.5,2.02
16849,2673,full,609.92,127.77
15972,3299,legal,25.0,1.71
22327,3079,full,231.03,48.4
16819,9765,breakdown,16.89,4.54
7166,60,legal,25.0,1.71
10579,9956,legal,25.0,1.71
4301,5021,breakdown,16.89,4.54
9708,4609,breakdown,16.89,4.54
25028,8755,breakdown,16.89,4.54
28621,7663,full,101.2,21.2
22484,9265,legal,25.0,1.71
19299,6160,breakdown,16.89,4.54
5683,7679,full,323.73,67.82
23968,8042,legal,25.0,1.71
18920,2408,breakdown,16.89,4.54
24986,4547,full,388.13,81.31
1266,3997,breakdown,16.89,4.54
142,3815,breakdown,16.89,4.54
24970,4176,breakdown,16.89,4.54
18969,4626,full,419.35,87.85
21189,2555,legal,46.13,1.71
594,8810,full,152.23,31.89
29519,3697,legal,25.0,1.71
10366,565,full,122.55,25.67
22883,2111,breakdown,16.89,4.54
25942,3349,legal,25.0,1.71
5260,9051,breakdown,16.89,4.54
1445,1452,full,286.39,60.0
23222,4462,legal,25.0,1.71
2327,9758,breakdown,16.89,4.54
13091,5687,full,339.56,71.13
29146,3538,breakdown,16.89,4.54
8831,4047,legal,46.13,1.71
8875,9768,breakdown,22.9,5.09
6897,3170,legal,25.0,1.71
13836,6729,breakdown,16.89,4.54
5814,1533,full,346.58,72.61
25230,914,legal,25.0,1.71
1606,6048,full,725.65,152.01
13147,1217,legal,37.5,2.02
21444,4544,full,242.81,50.87
13455,5832,legal,25.0,1.71
21534,7681,full,622.37,130.38
7099,4215,full,544.05,113.97
5747,8866,legal,46.13,1.71
14858,1465,full,640.4,134.16
26055,1736,legal,37.5,2.02
17710,8915,legal,46.13,1.71
15290,7381,full,207.97,43.57
25144,7033,full,516.29,108.15
13639,2314,breakdown,16.89,4.54
23092,1480,breakdown,16.89,4.54
26586,9314,legal,69.23,2.27
1312,33,full,298.58,62.55
8381,7637,full,225.09,47.15
54,4065,breakdown,16.89,4.54
17004,8899,breakdown,16.89,4.54
11221,2015,breakdown,22.9,5.09
24653,7465,breakdown,22.9,5.09
28839,5795,legal,46.13,1.71
13239,1113,full,408.43,85.56
11770,5968,full,1228.49,257.35
8411,6756,legal,25.0,1.71
22531,3160,full,291.12,60.98
23071,1999,legal,25.0,1.71
1805,5308,breakdown,16.89,4.54
16155,2214,full,170.47,35.71
8893,200,breakdown,16.89,4.54
10382,686,legal,25.0,1.71
6134,3022,legal,37.5,2.02
19695,2927,breakdown,16.89,4.54
11345,3703,legal,25.0,1.71
22919,7323,legal,25.0,1.71
9251,1865,breakdown,16.89,4.54
28850,5441,legal,25.0,1.71
2554,8928,breakdown,22.9,5.09
18041,337,legal,25.0,1.71
17127,5288,full,294.48,61.69
17893,8388,legal,25.0,1.71
21297,5755,breakdown,16.89,4.54
18645,9565,legal,46.13,1.71
12392,5900,breakdown,22.9,5.09
17005,4717,breakdown,16.89,4.54
25707,4885,breakdown,16.89,4.54
15968,8624,legal,69.23,2.27
7931,7993,legal,25.0,1.71
785,9014,breakdown,22.9,5.09
11781,9938,legal,25.0,1.71
3339,1994,legal,25.0,1.71
6185,4545,legal,25.0,1.71
6884,213,breakdown,16.89,4.54
25710,1042,legal,25.0,1.71
4137,3697,breakdown,16.89,4.54
23996,7167,full,331.27,69.4
23713,7231,breakdown,16.89,4.54
1858,3214,full,236.4,49.52
25424,6848,legal,92.32,2.83
11780,4277,breakdown,22.9,5.09
7174,8958,legal,25.0,1.71
3830,1126,full,101.2,21.2
27986,8864,full,152.23,31.89
24626,8987,full,253.0,53.0
27696,9195,full,177.27,37.13
6301,9703,breakdown,16.89,4.54
8297,9150,full,244.77,51.28
22778,6188,full,368.83,77.26
27093,9197,breakdown,16.89,4.54
2543,6521,breakdown,16.89,4.54
24531,2937,legal,25.0,1.71
23091,7751,breakdown,16.89,4.54
17468,7295,legal,46.13,1.71
11057,413,breakdown,16.89,4.54
29041,6850,breakdown,22.9,5.09
23789,3278,breakdown,16.89,4.54
10967,6415,legal,25.0,1.71
29215,9040,legal,25.0,1.71
1134,106,full,648.33,135.81
19113,3095,legal,25.0,1.71
12739,1394,breakdown,16.89,4.54
5380,4154,breakdown,16.89,4.54
24833,889,full,232.32,48.67
11653,4032,legal,25.0,1.71
27361,3641,full,329.17,68.96
28312,3390,legal,37.5,2.02
7803,7011,breakdown,16.89,4.54
16962,8023,breakdown,16.89,4.54
28963,186,legal,25.0,1.71
12588,6965,full,593.99,124.43
18839,8793,legal,25.0,1.71
12562,7883,full,228.4,47.85
10923,7046,legal,25.0,1.71
24539,3553,legal,25.0,1.71
2634,1794,full,333.53,69.87
3326,7042,legal,37.5,2.02
24607,657,full,265.98,55.72
15909,3195,breakdown,22.9,5.09
26761,9966,legal,25.0,1.71
8800,1480,full,169.37,35.48
12077,15,legal,25.0,1.71
2217,9126,legal,25.0,1.71
1342,6873,breakdown,16.89,4.54
355,4308,legal,37.5,2.02
25853,7703,full,190.09,39.82
19679,9070,full,499.18,104.57
7767,6661,legal,25.0,1.71
14408,5037,full,190.09,39.82
5370,3413,full,223.14,46.75
4992,5260,full,288.91,60.52
4656,2585,full,420.36,88.06
1339,1789,legal,30.0,1.71
10671,3928,full,195.0,40.85
2069,2547,breakdown,25.9,5.91
23477,6810,full,336.95,70.59
22370,5440,legal,25.0,1.71
27138,7525,legal,25.0,1.71
25653,9049,breakdown,22.9,5.09
11344,7620,full,262.12,54.91
1887,4527,breakdown,16.89,4.54
23351,4411,breakdown,16.89,4.54
7057,8321,legal,25.0,1.71
13511,7548,breakdown,16.89,4.54
3095,5332,breakdown,16.89,4.54
821,722,legal,25.0,1.71
14774,6518,breakdown,22.9,5.09
12139,379,legal,25.0,1.71
14379,8135,full,321.87,67.43
9573,3865,legal,25.0,1.71
13810,1191,legal,92.32,2.83
20129,184,breakdown,16.89,4.54
7001,6985,breakdown,16.89,4.54
7909,7795,full,163.95,34.35
1597,8483,legal,46.13,1.71
2447,9100,full,467.48,97.93
20634,9167,breakdown,32.4,6.5
15930,9012,full,152.23,31.89
22515,8364,legal,37.5,2.02
25939,2671,breakdown,16.89,4.54
25592,9646,full,152.23,31.89
3047,8517,legal,25.0,1.71
4133,3197,breakdown,16.89,4.54
13663,3886,full,152.23,31.89
313,6884,breakdown,16.89,4.54
9139,4649,legal,25.0,1.71
7133,7638,legal,25.0,1.71
23782,6458,legal,37.5,2.02
28243,6280,breakdown,16.89,4.54
27878,3766,full,203.85,42.7
8662,1246,legal,37.5,2.02
10031,7469,full,687.83,144.1
19425,3201,breakdown,22.9,5.09
23044,9120,legal,25.0,1.71
15960,3354,legal,25.0,1.71
23994,5478,breakdown,22.9,5.09
8026,9256,legal,25.0,1.71
9011,5797,legal,37.5,2.02
7344,3795,legal,25.0,1.71
15942,1305,full,248.06,51.97
24093,3921,legal,25.0,1.71
11866,7550,legal,25.0,1.71
28406,8505,legal,46.13,1.71
23306,8289,full,377.08,78.99
17942,8830,breakdown,16.89,4.54
8395,2569,legal,25.0,1.71
347,2215,full,202.26,42.37
6658,4097,breakdown,16.89,4.54
4640,3178,legal,92.32,2.83
9269,3635,breakdown,22.9,5.09
13757,2659,full,1002.55,210.02
28982,4667,legal,37.5,2.02
7917,6576,breakdown,16.89,4.54
19033,6992,full,641.17,134.32
12444,2767,breakdown,16.89,4.54
29995,1557,full,305.04,63.91
5431,5259,breakdown,22.9,5.09
2641,4381,full,600.97,125.9
20060,4715,legal,46.13,1.71
20771,4679,legal,37.5,2.02
7125,3703,full,150.32,31.49
2800,6147,legal,25.0,1.71
4604,3979,full,580.29,121.57
1880,8235,legal,25.0,1.71
3659,2494,legal,46.13,1.71
21139,3826,full,464.58,97.32
18040,1392,breakdown,16.89,4.54
6637,3345,full,765.54,160.37
20309,2338,full,444.04,93.02
10292,7228,breakdown,16.89,4.54
499,3574,breakdown,16.89,4.54
9455,2800,breakdown,22.9,5.09
16747,1833,full,250.47,52.47
14722,7957,legal,25.0,1.71
13280,2409,breakdown,16.89,4.54
5206,5212,legal,69.23,2.27
6616,9551,full,176.11,36.89
7105,2432,breakdown,16.89,4.54
21419,6566,full,171.97,36.03
7043,6659,breakdown,16.89,4.54
20238,9744,full,281.83,59.04
6680,2150,breakdown,16.89,4.54
19850,1471,legal,30.0,1.71
23029,5345,breakdown,16.89,4.54
13371,1438,legal,46.13,1.71
13770,354,legal,25.0,1.71
26484,8433,legal,37.5,2.02
3279,6936,legal,37.5,2.02
27053,8197,legal,37.5,2.02
19796,7816,breakdown,16.89,4.54
9754,4793,full,385.35,80.73
6593,4444,full,576.06,120.68
20831,4044,breakdown,16.89,4.54
27898,7079,breakdown,16.89,4.54
15784,9364,legal,25.0,1.71
24107,3814,legal,25.0,1.71
4154,9332,breakdown,16.89,4.54
29465,9430,breakdown,22.9,5.09
9277,7277,legal,46.13,1.71
1757,687,breakdown,16.89,4.54
20488,4280,breakdown,16.89,4.54
28743,2664,legal,37.5,2.02
28396,976,breakdown,25.9,5.91
14834,1483,legal,25.0,1.71
8574,2672,breakdown,16.89,4.54
14413,8680,breakdown,16.89,4.54
10703,835,breakdown,16.89,4.54
4292,4204,breakdown,16.89,4.54
9099,1243,legal,30.0,1.71
19317,8177,breakdown,16.89,4.54
10175,8004,full,107.44,22.51
2753,9845,breakdown,16.89,4.54
16472,6423,breakdown,22.9,5.09
23901,7602,breakdown,16.89,4.54
26657,7571,legal,46.13,1.71
19638,4386,legal,25.0,1.71
25426,3081,legal,37.5,2.02
26113,5204,full,325.52,68.19
20612,4357,legal,25.0,1.71
12382,1501,legal,25.0,1.71
13577,781,full,189.75,39.75
23050,4896,full,483.47,101.28
25176,4348,breakdown,16.89,4.54
361,1879,breakdown,16.89,4.54
28365,6689,legal,37.5,2.02
3244,552,breakdown,16.89,4.54
2475,2269,full,314.13,65.81
23511,6677,full,113.85,23.85
6414,9334,full,246.92,51.73
2950,5606,full,169.37,35.48
19157,8912,breakdown,16.89,4.54
22637,806,full,250.47,52.47
21173,2702,breakdown,16.89,4.54
29356,2880,legal,25.0,1.71
22275,8307,legal,25.0,1.71
1604,3781,breakdown,16.89,4.54
21043,90,breakdown,16.89,4.54
22413,4339,breakdown,16.89,4.54
15389,7302,breakdown,22.9,5.09
15561,4836,breakdown,16.89,4.54
13920,7341,full,212.99,44.62
927,9596,breakdown,16.89,4.54
28193,7872,breakdown,16.89,4.54
16588,59,legal,25.0,1.71
1797,3609,breakdown,16.89,4.54
20829,4049,legal,25.0,1.71
10999,5073,breakdown,16.89,4.54
19492,1135,full,385.22,80.69
18261,4514,legal,25.0,1.71
10726,8658,breakdown,16.89,4.54
16447,176,full,204.0,42.74
10218,9807,breakdown,16.89,4.54
29149,1832,full,101.2,21.2
28760,7851,breakdown,16.89,4.54
22784,5632,breakdown,16.89,4.54
16664,8700,legal,69.23,2.27
26904,1683,breakdown,16.89,4.54
8286,3167,full,163.4,34.23
20141,5983,legal,25.0,1.71
13750,6884,legal,25.0,1.71
1090,3101,full,257.11,53.86
29321,7088,breakdown,16.89,4.54
17248,683,full,223.91,46.91
15845,6917,breakdown,16.89,4.54
17933,3836,full,642.76,134.65
16755,2819,breakdown,22.9,5.09
21403,3,full,455.85,95.5
26734,738,full,189.75,39.75
26817,8901,legal,25.0,1.71
15384,7353,breakdown,16.89,4.54
6721,7422,full,264.02,55.31
7218,1883,full,172.87,36.22
25072,3881,legal,25.0,1.71
17565,9641,legal,46.13,1.71
29793,9542,breakdown,16.89,4.54
15800,5574,full,451.57,94.6
28901,9466,legal,46.13,1.71
20092,2731,full,441.94,92.58
27239,143,legal,25.0,1.71
20717,998,breakdown,16.89,4.54
27020,7828,breakdown,22.9,5.09
8624,5667,breakdown,16.89,4.54
5943,3553,full,235.82,49.4
28565,1311,breakdown,16.89,4.54
18768,7146,full,443.44,92.9
23972,9574,breakdown,16.89,4.54
29030,2363,breakdown,16.89,4.54
16066,1591,full,154.34,32.33
26479,7723,legal,25.0,1.71
22018,1676,breakdown,16.89,4.54
22968,8726,legal,25.0,1.71
17862,804,breakdown,22.9,5.09
11339,4689,legal,37.5,2.02
12747,1572,breakdown,16.89,4.54
15870,3095,breakdown,16.89,4.54
14777,9795,full,186.42,39.05
26897,7757,full,348.56,73.02
24820,7343,full,402.29,84.27
25728,5304,legal,25.0,1.71
6118,7707,full,304.19,63.72
16985,2334,full,270.85,56.74
29099,3494,full,229.49,48.08
11879,6532,legal,37.5,2.02
29855,1717,full,325.56,68.2
19480,3649,breakdown,22.9,5.09
24811,9701,legal,25.0,1.71
13571,9004,breakdown,16.89,4.54
15275,2726,breakdown,22.9,5.09
10172,553,breakdown,16.89,4.54
6019,6239,full,105.54,22.11
19453,3789,breakdown,22.9,5.09
4826,7378,legal,37.5,2.02
22522,3464,legal,45.0,2.08
129,9532,legal,46.13,1.71
130,9720,breakdown,16.89,4.54
27627,4100,legal,37.5,2.02
7466,2949,legal,25.0,1.71
26166,3192,breakdown,16.89,4.54
19520,2679,legal,25.0,1.71
16498,2471,legal,30.0,1.71
6619,3549,full,395.12,82.77
4161,1990,breakdown,16.89,4.54
15571,2424,full,677.99,142.03
14147,8987,breakdown,16.89,4.54
20478,3461,full,103.24,21.63
5402,5951,full,407.61,85.39
1545,2969,breakdown,16.89,4.54
26667,7861,full,251.73,52.73
13097,945,breakdown,16.89,4.54
19063,5194,legal,25.0,1.71
9071,7203,full,488.6,102.36
13433,36,breakdown,16.89,4.54
10068,7178,breakdown,16.89,4.54
5770,6377,full,188.42,39.47
26356,5863,full,152.23,31.89
29610,6116,legal,25.0,1.71
12534,6655,breakdown,16.89,4.54
20266,8688,full,266.95,55.93
28665,2531,breakdown,16.89,4.54
18132,4344,breakdown,22.9,5.09
27301,2076,legal,25.0,1.71
25581,9378,full,263.35,55.17
24568,1616,breakdown,16.89,4.54
20766,5636,breakdown,16.89,4.54
27818,8098,full,438.98,91.96
339,1459,breakdown,22.9,5.09
19580,9178,full,152.23,31.89
6916,3908,breakdown,16.89,4.54
4834,8326,legal,25.0,1.71
7739,5374,breakdown,16.89,4.54
4612,3720,breakdown,16.89,4.54
9383,9155,full,859.43,180.04
12060,2884,breakdown,22.9,5.09
8926,7,full,267.75,56.09
21321,4860,full,456.68,95.67
1686,3145,breakdown,16.89,4.54
27043,1512,legal,25.0,1.71
8717,154,full,619.38,129.75
22616,2158,full,382.18,80.06
27181,9402,full,285.19,59.74
11070,4522,legal,30.0,1.71
8119,6056,legal,25.0,1.71
7905,5557,full,138.1,28.93
18911,2388,full,135.59,28.4
4859,1288,full,644.99,135.12
1514,9788,full,385.64,80.79
7010,3593,breakdown,16.89,4.54
8617,2744,breakdown,22.9,5.09
9388,2618,breakdown,16.89,4.54
19868,3646,full,455.15,95.35
4931,9951,legal,37.5,2.02
1756,3076,breakdown,16.89,4.54
20598,8452,breakdown,22.9,5.09
29568,4019,breakdown,16.89,4.54
22639,3907,legal,25.0,1.71
6401,7277,breakdown,16.89,4.54
13277,6618,full,198.43,41.57
1785,4246,full,113.85,23.85
12695,457,full,211.65,44.34
2276,3823,breakdown,16.89,4.54
20956,3892,full,155.07,32.49
10210,3800,breakdown,16.89,4.54
1971,8790,legal,25.0,1.71
15588,7814,full,172.87,36.22
10982,7813,full,364.66,76.39
9887,8036,legal,37.5,2.02
7443,4359,full,825.62,172.96
11178,2295,full,486.52,101.92
19133,8712,full,547.05,114.6
20987,600,breakdown,16.89,4.54
22037,817,legal,46.13,1.71
4823,3104,legal,92.32,2.83
17591,6461,breakdown,16.89,4.54
18557,6446,legal,25.0,1.71
27717,3446,legal,37.5,2.02
27732,8807,legal,25.0,1.71
16355,7846,breakdown,22.9,5.09
29943,6769,full,652.19,136.62
25438,6550,breakdown,16.89,4.54
5471,63,full,251.73,52.73
14438,8537,breakdown,16.89,4.54
18849,1031,full,358.26,75.05
8442,7298,breakdown,16.89,4.54
24507,485,breakdown,22.9,5.09
19105,1081,full,197.09,41.29
5324,8850,breakdown,16.89,4.54
19340,4364,breakdown,16.89,4.54
13707,7836,full,190.85,39.98
11764,9664,legal,69.23,2.27
713,1759,legal,25.0,1.71
17504,8190,full,420.34,88.06
29067,8500,legal,25.0,1.71
1077,8978,legal,37.5,2.02
5104,688,full,101.2,21.2
22708,9102,legal,37.5,2.02
6111,6328,breakdown,16.89,4.54
15436,4212,full,469.72,98.4
8650,1477,legal,25.0,1.71
9798,5031,breakdown,16.89,4.54
4130,5149,breakdown,16.89,4.54
18770,8778,breakdown,16.89,4.54
6885,9749,breakdown,16.89,4.54
25688,6224,breakdown,16.89,4.54
13809,1643,legal,25.0,1.71
22678,3468,full,244.78,51.28
176,8665,full,146.0,30.59
21640,5217,legal,25.0,1.71
20646,7471,legal,25.0,1.71
10422,558,full,344.61,72.19
1092,4863,legal,45.0,2.08
21042,7726,legal,46.13,1.71
9493,8034,full,322.5,67.56
5643,6950,full,451.88,94.66
20697,3891,full,1139.72,238.76
16876,4051,full,101.2,21.2
16651,8601,breakdown,16.89,4.54
5550,2165,legal,25.0,1.71
28016,782,full,821.07,172.0
25355,5954,full,169.37,35.48
14887,9336,breakdown,16.89,4.54
19731,8678,full,508.12,106.44
6813,7999,full,322.77,67.62
8765,4189,legal,25.0,1.71
21221,5810,full,207.55,43.48
13445,6461,full,432.47,90.6
13883,9939,breakdown,22.9,5.09
22634,9307,legal,46.13,1.71
7186,5127,breakdown,16.89,4.54
20688,550,breakdown,16.89,4.54
14500,7040,legal,25.0,1.71
24084,9714,full,450.29,94.33
15244,3146,legal,37.5,2.02
28666,4578,breakdown,16.89,4.54
23763,589,full,230.81,48.36
12064,3488,breakdown,22.9,5.09
2470,2577,breakdown,16.89,4.54
23761,3786,legal,25.0,1.71
2498,5660,full,500.94,104.94
2591,3189,legal,25.0,1.71
29736,3982,legal,25.0,1.71
28745,6169,full,323.83,67.84
9309,3725,breakdown,16.89,4.54
597,2486,full,343.92,72.05
14212,8887,legal,37.5,2.02
9052,270,breakdown,16.89,4.54
13869,3814,full,408.86,85.65
20582,1811,legal,25.0,1.71
1241,5846,breakdown,16.89,4.54
13957,1288,breakdown,16.89,4.54
23336,9845,legal,25.0,1.71
12027,2984,breakdown,22.9,5.09
9814,406,breakdown,16.89,4.54
20672,7207,full,225.31,47.2
21059,3839,full,245.41,51.41
29165,5274,legal,46.13,1.71
2223,1793,breakdown,16.89,4.54
24709,344,legal,25.0,1.71
20711,7631,full,189.73,39.74
18737,9473,breakdown,16.89,4.54
11721,1377,legal,25.0,1.71
13765,4569,breakdown,16.89,4.54
15834,179,legal,25.0,1.71
14349,6249,full,197.68,41.41
28398,7259,breakdown,16.89,4.54
20630,8777,full,668.35,140.01
17695,2230,breakdown,16.89,4.54
22737,6346,breakdown,22.9,5.09
17430,6207,legal,25.0,1.71
24467,9175,breakdown,16.89,4.54
5208,8721,breakdown,16.89,4.54
18879,3118,legal,30.0,1.71
16044,1710,breakdown,16.89,4.54
17303,9658,full,101.2,21.2
22798,8643,full,631.3,132.25
26371,7668,legal,25.0,1.71
19366,6986,breakdown,16.89,4.54
26351,2206,breakdown,16.89,4.54
26083,5773,breakdown,22.9,5.09
3312,4843,legal,25.0,1.71
23068,7724,breakdown,16.89,4.54
3513,6051,full,546.7,114.53
15159,5084,legal,37.5,2.02
7407,9319,breakdown,16.89,4.54
24832,1891,legal,37.5,2.02
19802,8056,full,101.2,21.2
17854,3453,full,101.2,21.2
19044,7766,breakdown,16.89,4.54
14637,2764,legal,37.5,2.02
13407,4481,full,352.85,73.92
20156,1525,full,455.61,95.45
10258,1185,breakdown,16.89,4.54
16800,9406,legal,37.5,2.02
7376,8428,legal,25.0,1.71
20118,5079,breakdown,16.89,4.54
74,4622,legal,25.0,1.71
24938,8228,full,150.32,31.49
82,5453,legal,25.0,1.71
832,1829,full,144.79,30.33
27916,9791,breakdown,16.89,4.54
17888,1973,breakdown,16.89,4.54
2970,9555,full,188.54,39.5
27343,2601,full,413.97,86.72
21124,6262,legal,37.5,2.02
27277,4808,full,227.25,47.6
11300,2043,breakdown,16.89,4.54
2093,7335,breakdown,16.89,4.54
440,5175,full,414.3,86.79
10878,4871,full,418.45,87.66
8870,4299,legal,25.0,1.71
14363,3370,legal,37.5,2.02
13012,8874,legal,25.0,1.71
5964,9665,breakdown,16.89,4.54
24652,862,breakdown,22.9,5.09
22389,6754,breakdown,22.9,5.09
8143,8342,legal,25.0,1.71
6832,9071,breakdown,16.89,4.54
13155,155,legal,37.5,2.02
26101,4409,breakdown,16.89,4.54
5430,1019,legal,25.0,1.71
3520,3371,breakdown,16.89,4.54
6526,303,breakdown,16.89,4.54
29674,9813,breakdown,16.89,4.54
3467,9871,legal,25.0,1.71
28499,7172,full,401.46,84.1
15787,642,breakdown,16.89,4.54
7097,3770,breakdown,16.89,4.54
22876,8469,legal,25.0,1.71
15548,6317,legal,46.13,1.71
21153,8228,legal,25.0,1.71
14009,8256,full,342.53,71.76
21376,5722,legal,46.13,1.71
9337,9531,breakdown,16.89,4.54
14998,4559,legal,46.13,1.71
13448,4766,full,208.93,43.77
13845,9837,breakdown,16.89,4.54
11271,621,breakdown,16.89,4.54
21397,3212,full,192.89,40.41
9641,9408,full,152.23,31.89
9149,8400,full,101.2,21.2
8593,7203,legal,37.5,2.02
341,1718,breakdown,22.9,5.09
29572,5985,breakdown,16.89,4.54
22117,3222,full,379.5,79.5
25682,2743,breakdown,16.89,4.54
12971,3776,breakdown,16.89,4.54
9625,7826,legal,25.0,1.71
10902,9113,legal,25.0,1.71
333,4057,full,502.61,105.29
6682,8206,full,539.99,113.12
16404,5372,full,505.33,105.86
27639,8133,breakdown,22.9,5.09
3671,937,breakdown,16.89,4.54
19126,2957,full,172.67,36.17
19718,5578,breakdown,16.89,4.54
5786,8953,breakdown,16.89,4.54
15879,6586,full,395.54,82.86
7127,7193,full,156.64,32.81
28855,2863,none,46.13,1.71
3142,5387,breakdown,16.89,4.54
17239,8731,full,127.33,26.68
6931,8800,full,326.85,68.47
8927,6932,legal,37.5,2.02
662,7906,breakdown,16.89,4.54
16796,2478,full,237.27,49.7
18785,6370,full,425.17,89.07
18448,1159,legal,25.0,1.71
8995,5855,breakdown,16.89,4.54
14170,20,breakdown,22.9,5.09
28470,5714,legal,46.13,1.71
4617,8562,legal,25.0,1.71
4899,5174,breakdown,16.89,4.54
3742,5222,full,253.81,53.17
5545,6223,breakdown,16.89,4.54
14322,9511,breakdown,16.89,4.54
11055,626,full,334.35,70.04
25465,598,full,794.58,166.45
29336,2086,legal,25.0,1.71
27215,9129,full,240.91,50.47
762,209,full,321.61,67.38
9172,9655,full,296.9,62.2
25511,3403,full,206.24,43.2
5697,5851,breakdown,22.9,5.09
19729,9009,legal,37.5,2.02
25408,4105,legal,25.0,1.71
22495,5155,breakdown,16.89,4.54
4459,7405,full,302.12,63.29
246,9447,breakdown,16.89,4.54
7708,5517,legal,46.13,1.71
20253,1667,breakdown,22.9,5.09
11782,5158,breakdown,16.89,4.54
11022,2951,legal,46.13,1.71
19896,2764,full,254.4,53.3
26121,7394,full,272.08,57.0
18432,3564,breakdown,16.89,4.54
18792,6435,breakdown,16.89,4.54
23574,6892,breakdown,22.9,5.09
7676,431,legal,37.5,2.02
12127,8029,legal,25.0,1.71
1325,4835,legal,25.0,1.71
18862,1942,legal,25.0,1.71
29675,4110,breakdown,22.9,5.09
12115,5183,full,931.56,195.15
21644,6434,legal,25.0,1.71
25957,6402,breakdown,16.89,4.54
11651,4835,breakdown,16.89,4.54
29878,4449,full,723.81,151.63
16206,5413,full,230.25,48.23
16229,7590,breakdown,16.89,4.54
29015,6845,legal,37.5,2.02
18889,6425,full,582.3,121.99
9130,768,full,371.75,77.88
4000,5015,legal,46.13,1.71
8071,8774,full,1426.92,298.92
25462,6069,breakdown,16.89,4.54
11491,4288,breakdown,16.89,4.54
15399,563,full,669.45,140.24
13710,9805,breakdown,16.89,4.54
16519,3339,full,152.23,31.89
14596,6415,breakdown,16.89,4.54
8779,9376,full,263.35,55.17
11659,973,legal,25.0,1.71
23338,4323,breakdown,16.89,4.54
21432,3589,legal,25.0,1.71
9800,1203,breakdown,16.89,4.54
5801,6620,legal,25.0,1.71
4839,380,legal,25.0,1.71
14344,985,legal,25.0,1.71
4878,4211,legal,25.0,1.71
14963,7832,breakdown,16.89,4.54
25949,3481,full,251.2,52.62
12657,4435,full,138.52,29.02
8595,8831,breakdown,16.89,4.54
19131,3052,breakdown,22.9,5.09
11663,1810,breakdown,16.89,4.54
9927,7145,legal,25.0,1.71
28343,245,breakdown,16.89,4.54
17630,1831,breakdown,16.89,4.54
24868,8860,full,397.4,83.25
6027,8245,legal,25.0,1.71
21799,5007,full,506.38,106.08
10289,2755,legal,25.0,1.71
2643,380,full,166.17,34.81
925,4037,full,346.23,72.53
6880,2771,full,215.69,45.18
18141,1575,breakdown,16.89,4.54
19441,2132,full,105.85,22.18
10421,8567,legal,69.23,2.27
20762,6947,legal,37.5,2.02
27394,4147,breakdown,16.89,4.54
22984,4377,legal,25.0,1.71
4575,1779,breakdown,16.89,4.54
19482,3466,breakdown,22.9,5.09
9360,3051,full,317.6,66.53
29092,2539,breakdown,16.89,4.54
22665,2879,full,707.2,148.15
9305,7518,breakdown,22.9,5.09
3510,9879,breakdown,22.9,5.09
12310,5260,breakdown,16.89,4.54
20064,4329,full,449.53,94.17
18530,1103,breakdown,16.89,4.54
18246,3014,legal,25.0,1.71
24242,2098,breakdown,16.89,4.54
11574,4939,legal,46.13,1.71
5450,6796,full,560.48,117.41
4305,6307,legal,25.0,1.71
22426,7433,full,413.07,86.53
28051,4173,legal,25.0,1.71
23181,5074,full,355.78,74.53
25883,9627,full,383.6,80.36
26301,3651,legal,25.0,1.71
14222,4802,legal,25.0,1.71
14839,7975,breakdown,16.89,4.54
20416,8851,breakdown,22.9,5.09
19221,6641,legal,37.5,2.02
26517,6586,breakdown,22.9,5.09
5409,2428,legal,25.0,1.71
18793,5461,breakdown,16.89,4.54
29205,221,full,212.29,44.47
8798,3604,full,234.57,49.14
1536,8523,full,467.81,98.0
29899,9788,breakdown,16.89,4.54
2513,3124,full,388.13,81.31
29504,5830,legal,30.0,1.71
5025,4495,full,341.08,71.45
18538,7002,breakdown,25.9,5.91
26569,6832,legal,25.0,1.71
14230,3074,legal,37.5,2.02
28456,1247,legal,25.0,1.71
5259,279,legal,25.0,1.71
26910,5084,full,177.2,37.12
19011,6082,legal,25.0,1.71
18662,2780,full,191.13,40.04
10192,490,full,477.68,100.07
13971,6975,breakdown,16.89,4.54
26137,9411,full,388.61,81.41
5252,6844,full,217.22,45.5
13729,2437,full,486.09,101.83
25983,7435,breakdown,16.89,4.54
28528,8635,breakdown,16.89,4.54
26822,9473,full,113.85,23.85
17407,528,full,387.55,81.19
5775,9407,breakdown,22.9,5.09
13981,7983,legal,25.0,1.71
14781,8181,legal,25.0,1.71
27934,1580,breakdown,16.89,4.54
20257,6025,legal,25.0,1.71
25136,6465,full,552.8,115.8
6484,6278,full,442.18,92.63
2040,5434,full,452.2,94.73
1365,417,legal,46.13,1.71
14218,7868,breakdown,16.89,4.54
22332,7231,full,460.71,96.51
24396,8492,breakdown,16.89,4.54
15734,7099,full,192.77,40.39
5774,5597,breakdown,16.89,4.54
547,705,breakdown,16.89,4.54
4595,2736,full,383.58,80.36
23845,4777,legal,25.0,1.71
16772,3881,breakdown,16.89,4.54
1596,4617,full,403.76,84.59
14717,1538,legal,25.0,1.71
848,6935,full,169.37,35.48
23462,674,legal,25.0,1.71
17395,5393,full,423.46,88.71
21317,3337,breakdown,16.89,4.54
21032,8062,legal,25.0,1.71
7276,584,breakdown,16.89,4.54
28928,2097,breakdown,22.9,5.09
29984,2866,full,234.03,49.03
17125,7772,legal,46.13,1.71
22143,9386,full,488.79,102.39
21234,9958,full,321.06,67.26
15651,6787,legal,25.0,1.71
4419,6253,legal,25.0,1.71
5554,1674,legal,25.0,1.71
10249,9913,legal,92.32,2.83
9209,7614,full,640.12,134.1
22411,4378,full,354.26,74.21
8436,7332,legal,25.0,1.71
2988,6117,legal,25.0,1.71
29176,2662,full,101.2,21.2
4054,320,legal,69.23,2.27
4663,4196,full,101.2,21.2
18437,2175,legal,25.0,1.71
6000,5035,breakdown,16.89,4.54
14443,9135,legal,25.0,1.71
23674,219,breakdown,22.9,5.09
16085,8573,full,270.96,56.76
28767,535,full,298.3,62.49
17750,4130,full,251.73,52.73
25930,4332,full,506.02,106.0
1278,5194,full,310.35,65.01
1853,6691,full,296.51,62.11
4940,9590,legal,37.5,2.02
19728,6689,breakdown,22.9,5.09
22667,9274,breakdown,25.9,5.91
28408,7221,legal,25.0,1.71
25496,4269,legal,25.0,1.71
4864,2741,full,178.52,37.4
4824,5199,full,256.0,53.63
14539,4399,legal,37.5,2.02
29876,65,breakdown,16.89,4.54
14883,6543,breakdown,22.9,5.09
21179,2349,full,1686.87,353.38
24329,3026,legal,46.13,1.71
27992,1593,legal,46.13,1.71
20542,9287,legal,25.0,1.71
1952,6907,full,249.23,52.21
28075,2344,legal,25.0,1.71
16832,7010,full,544.57,114.08
4269,5572,breakdown,16.89,4.54
9875,8141,legal,37.5,2.02
10043,1309,breakdown,16.89,4.54
6129,4441,full,251.73,52.73
13760,8607,legal,25.0,1.71
25187,8957,legal,25.0,1.71
5295,9703,legal,25.0,1.71
26995,2968,full,322.38,67.53
17614,6815,full,152.23,31.89
18282,9409,full,364.01,76.25
18631,7084,full,171.53,35.94
23427,212,breakdown,16.89,4.54
22489,4253,breakdown,22.9,5.09
16662,1658,legal,25.0,1.71
17368,7810,legal,25.0,1.71
29874,6984,legal,25.0,1.71
24052,5238,legal,25.0,1.71
7744,2874,legal,25.0,1.71
28644,3091,legal,25.0,1.71
8659,1310,full,160.69,33.66
16730,9356,full,169.37,35.48
11237,8767,full,171.53,35.94
15328,6919,legal,25.0,1.71
24972,1585,breakdown,16.89,4.54
25898,9899,legal,46.13,1.71
23159,2122,legal,25.0,1.71
12367,4365,full,184.53,38.66
29885,5087,legal,25.0,1.71
4184,1544,legal,46.13,1.71
28389,701,full,219.13,45.91
17134,6377,breakdown,22.9,5.09
28107,1782,legal,25.0,1.71
23844,6700,legal,46.13,1.71
27869,2755,breakdown,16.89,4.54
28687,9305,full,247.15,51.78
16361,6421,legal,25.0,1.71
20054,6862,legal,25.0,1.71
11664,9755,full,818.01,171.36
22293,9984,legal,37.5,2.02
14477,3824,legal,25.0,1.71
6757,9906,full,429.69,90.02
14415,9387,legal,25.0,1.71
6557,5492,legal,25.0,1.71
24665,3487,full,591.69,123.95
25184,3509,breakdown,16.89,4.54
18472,1986,legal,37.5,2.02
11020,4361,full,452.4,94.77
28769,6514,breakdown,16.89,4.54
6657,5323,breakdown,16.89,4.54
22975,2250,full,152.23,31.89
22356,3808,legal,25.0,1.71
2084,5045,legal,37.5,2.02
11567,9875,full,336.46,70.48
29125,2115,legal,30.0,1.71
9067,154,breakdown,16.89,4.54
28368,7532,breakdown,16.89,4.54
28208,6430,breakdown,16.89,4.54
13238,6159,legal,25.0,1.71
4954,9290,full,273.43,57.28
7944,779,legal,92.32,2.83
9332,7205,breakdown,22.9,5.09
23856,4662,breakdown,16.89,4.54
27355,5898,breakdown,22.9,5.09
22644,9233,legal,37.5,2.02
15890,579,legal,25.0,1.71
3385,974,full,218.86,45.85
4337,8324,breakdown,22.9,5.09
952,4042,full,118.11,24.74
4341,761,full,556.14,116.51
5353,3206,full,171.53,35.94
16558,1419,full,250.47,52.47
18859,4883,legal,25.0,1.71
8492,1962,full,485.2,101.64
22613,9205,breakdown,16.89,4.54
4854,7028,full,782.26,163.87
16420,8834,full,328.68,68.85
15820,4071,breakdown,22.9,5.09
11738,7143,breakdown,22.9,5.09
16207,2234,legal,46.13,1.71
23602,3077,breakdown,22.9,5.09
29011,8460,breakdown,16.89,4.54
26070,6616,breakdown,22.9,5.09
26248,803,full,299.15,62.67
16630,6718,breakdown,16.89,4.54
9804,5542,full,303.1,63.5
2107,3794,breakdown,32.4,6.5
24272,5223,breakdown,16.89,4.54
23912,3280,legal,37.5,2.02
20945,787,breakdown,16.89,4.54
24549,8068,legal,25.0,1.71
12440,1692,legal,25.0,1.71
21697,896,full,178.26,37.35
14335,9819,full,315.33,66.06
10629,2296,full,310.41,65.03
28037,4442,legal,25.0,1.71
21220,649,full,383.28,80.29
59,1466,full,101.2,21.2
16048,9155,breakdown,25.9,5.91
16162,4002,legal,46.13,1.71
10334,2724,legal,37.5,2.02
4982,2916,full,200.24,41.95
27468,2225,breakdown,16.89,4.54
8577,8703,breakdown,16.89,4.54
2794,2176,breakdown,16.89,4.54
15368,9577,full,301.01,63.06
3677,3113,legal,25.0,1.71
11700,9511,legal,25.0,1.71
21384,625,legal,37.5,2.02
29834,305,legal,37.5,2.02
10370,1989,legal,46.13,1.71
6048,2249,legal,25.0,1.71
15676,3898,breakdown,16.89,4.54
2298,2907,full,482.93,101.17
13083,450,breakdown,16.89,4.54
25876,5593,full,256.85,53.81
27273,5065,full,101.2,21.2
8930,4694,full,171.53,35.93
17580,4271,full,181.49,38.02
15768,3793,full,383.23,80.28
19593,4347,legal,25.0,1.71
19229,6075,legal,25.0,1.71
23301,8524,full,152.23,31.89
29549,5181,legal,37.5,2.02
1869,7454,full,308.74,64.68
13955,9137,full,253.47,53.1
9386,2274,breakdown,22.9,5.09
22159,1453,full,101.2,21.2
15487,7627,full,681.33,142.73
9606,4974,breakdown,16.89,4.54
18406,64,full,363.38,76.12
1448,2855,full,243.75,51.06
28939,1355,breakdown,22.9,5.09
2628,6081,legal,37.5,2.02
25936,5157,legal,46.13,1.71
5106,6978,full,150.32,31.49
18728,5566,legal,46.13,1.71
27337,7685,breakdown,16.89,4.54
28630,4609,legal,25.0,1.71
27331,7000,breakdown,16.89,4.54
7366,5351,breakdown,22.9,5.09
17306,322,breakdown,16.89,4.54
12790,5944,legal,25.0,1.71
21186,2488,legal,30.0,1.71
14720,9730,full,385.31,80.72
23279,8546,breakdown,16.89,4.54
2113,9285,legal,25.0,1.71
8069,8870,legal,37.5,2.02
27473,4640,breakdown,16.89,4.54
451,9873,legal,37.5,2.02
20720,5397,legal,25.0,1.71
29832,7292,full,322.77,67.62
27569,1892,full,178.39,37.37
4279,3065,breakdown,16.89,4.54
15071,9046,breakdown,16.89,4.54
11586,7363,legal,69.23,2.27
11152,860,full,281.83,59.04
21180,6846,legal,25.0,1.71
3633,3822,legal,25.0,1.71
6136,9108,full,196.31,41.12
22009,9065,breakdown,32.4,6.5
28394,7369,breakdown,22.9,5.09
17636,3776,legal,25.0,1.71
4282,3202,legal,25.0,1.71
3240,6594,legal,25.0,1.71
28034,5849,legal,46.13,1.71
22589,3030,full,600.09,125.71
16865,2344,breakdown,16.89,4.54
13808,3457,legal,25.0,1.71
18205,393,legal,25.0,1.71
17844,317,full,361.81,75.79
8433,4227,full,307.84,64.49
6641,6692,breakdown,16.89,4.54
6060,8610,full,364.03,76.26
23566,2121,breakdown,16.89,4.54
20597,321,full,101.2,21.2
22579,2589,breakdown,16.89,4.54
862,8659,full,152.23,31.89
4758,7199,full,483.01,101.18
29641,2324,legal,25.0,1.71
15254,9336,full,485.26,101.66
22498,3476,legal,25.0,1.71
5776,5200,legal,46.13,1.71
7923,9037,breakdown,16.89,4.54
815,1684,breakdown,16.89,4.54
178,4890,legal,46.13,1.71
3325,8502,legal,25.0,1.71
7131,872,breakdown,16.89,4.54
1354,3801,breakdown,16.89,4.54
12574,4792,breakdown,22.9,5.09
16951,1950,breakdown,16.89,4.54
21435,5665,legal,25.0,1.71
16425,3014,breakdown,16.89,4.54
3699,3548,breakdown,22.9,5.09
1907,3704,breakdown,16.89,4.54
24735,3286,full,1221.74,255.94
14793,7742,legal,25.0,1.71
25236,2247,legal,25.0,1.71
16526,3146,full,346.86,72.66
28983,5710,full,299.2,62.68
3411,255,legal,25.0,1.71
19383,9358,legal,25.0,1.71
7815,5599,full,838.52,175.66
7890,6812,full,268.13,56.17
27123,249,full,488.27,102.29
24601,1033,legal,25.0,1.71
23084,4276,breakdown,22.9,5.09
11649,453,breakdown,16.89,4.54
17649,3625,legal,25.0,1.71
11404,1810,legal,25.0,1.71
1251,6613,breakdown,16.89,4.54
26443,7927,breakdown,22.9,5.09
28459,1877,full,476.73,99.87
9006,8735,legal,25.0,1.71
10508,1893,legal,25.0,1.71
21908,122,breakdown,16.89,4.54
22211,1563,breakdown,16.89,4.54
18861,1800,breakdown,16.89,4.54
12547,7527,full,237.39,49.73
17770,9637,breakdown,16.89,4.54
20203,2692,full,334.42,70.06
17486,7878,breakdown,16.89,4.54
1951,2185,legal,69.23,2.27
6749,3539,breakdown,16.89,4.54
10680,4560,legal,46.13,1.71
27295,9884,full,215.29,45.1
20379,4016,breakdown,16.89,4.54
1995,2775,full,305.57,64.01
2728,6590,breakdown,22.9,5.09
27359,2064,breakdown,32.4,6.5
14590,4849,breakdown,16.89,4.54
6925,2972,full,291.16,60.99
1842,6957,breakdown,16.89,4.54
7313,2913,legal,46.13,1.71
9543,5434,legal,25.0,1.71
5218,1481,legal,25.0,1.71
18417,9025,breakdown,16.89,4.54
16671,4240,legal,25.0,1.71
7223,6026,breakdown,16.89,4.54
6857,7180,breakdown,16.89,4.54
14184,5695,full,543.51,113.86
17645,1047,full,427.27,89.51
18254,7624,breakdown,22.9,5.09
23265,277,full,251.73,52.73
10853,8080,breakdown,22.9,5.09
5060,9850,full,567.7,118.92
8056,4599,breakdown,16.89,4.54
4373,1771,full,700.51,146.75
13071,3753,full,287.35,60.19
26742,556,full,327.59,68.63
27698,3054,legal,25.0,1.71
20000,698,full,405.59,84.97
29798,5684,breakdown,16.89,4.54
4517,6790,breakdown,16.89,4.54
11753,3113,breakdown,16.89,4.54
9817,6857,full,344.41,72.15
8697,5801,breakdown,16.89,4.54
13240,2742,full,430.55,90.2
2838,7611,full,360.28,75.48
22239,573,full,777.12,162.8
8153,9875,legal,37.5,2.02
4887,5215,breakdown,16.89,4.54
28768,4146,full,474.04,99.31
10209,9451,full,745.16,156.1
25279,8880,legal,25.0,1.71
27397,1255,legal,25.0,1.71
7145,9359,breakdown,16.89,4.54
25970,5317,legal,25.0,1.71
957,9949,breakdown,16.89,4.54
25725,4331,full,433.75,90.86
20355,5162,legal,25.0,1.71
18643,8094,legal,25.0,1.71
3436,9829,legal,25.0,1.71
5946,4085,legal,25.0,1.71
5568,7948,breakdown,16.89,4.54
13579,1114,full,538.96,112.91
9261,8725,legal,46.13,1.71
24353,2310,full,359.36,75.28
21670,2708,legal,25.0,1.71
18409,8992,legal,25.0,1.71
168,4353,legal,25.0,1.71
29446,3726,full,223.25,46.77
16946,1222,breakdown,16.89,4.54
10749,8154,full,283.0,59.28
22167,1914,legal,25.0,1.71
20419,8729,legal,25.0,1.71
11983,9037,full,101.2,21.2
28452,692,full,192.65,40.36
15147,3314,full,708.78,148.48
1049,2971,legal,25.0,1.71
19059,7844,breakdown,16.89,4.54
17313,9564,legal,37.5,2.02
9447,6304,breakdown,16.89,4.54
29927,5577,breakdown,22.9,5.09
29524,9308,full,384.32,80.51
6712,2585,breakdown,22.9,5.09
22931,4020,legal,25.0,1.71
17036,8369,full,241.08,50.5
18002,3935,breakdown,16.89,4.54
19822,3764,breakdown,16.89,4.54
23636,9033,breakdown,22.9,5.09
3535,4394,breakdown,16.89,4.54
18865,8600,full,223.62,46.84
3044,2556,legal,25.0,1.71
16928,6004,legal,25.0,1.71
5669,4425,breakdown,16.89,4.54
7572,4102,legal,46.13,1.71
15887,8037,full,426.33,89.31
1578,1029,legal,37.5,2.02
6664,9414,full,208.62,43.71
1652,6893,legal,46.13,1.71
8599,2870,breakdown,16.89,4.54
10509,9220,breakdown,16.89,4.54
29172,4211,full,470.2,98.5
13053,1429,legal,25.0,1.71
22465,7099,legal,25.0,1.71
22939,1897,breakdown,22.9,5.09
11657,9550,breakdown,16.89,4.54
15378,2862,full,496.35,103.98
26947,4928,legal,25.0,1.71
19079,2814,legal,37.5,2.02
1229,3118,breakdown,25.9,5.91
22588,9962,legal,25.0,1.71
16763,9,full,262.5,54.99
29412,1040,full,322.6,67.58
11223,6385,breakdown,16.89,4.54
576,8151,legal,25.0,1.71
10596,772,full,400.02,83.8
27094,3904,legal,25.0,1.71
12485,9456,full,319.35,66.9
1586,5527,legal,37.5,2.02
14819,9448,legal,25.0,1.71
9603,6010,breakdown,16.89,4.54
10108,484,legal,37.5,2.02
24153,550,legal,25.0,1.71
18474,1278,legal,25.0,1.71
71,5767,full,346.11,72.51
10948,112,legal,25.0,1.71
5578,784,breakdown,16.89,4.54
19316,754,full,232.43,48.69
8868,1011,breakdown,16.89,4.54
5438,6379,full,399.74,83.74
5020,6037,full,152.23,31.89
25291,3149,full,1140.81,238.98
14607,4464,breakdown,22.9,5.09
7838,9779,legal,37.5,2.02
12232,5935,full,213.12,44.64
11457,9191,breakdown,16.89,4.54
18624,7863,legal,25.0,1.71
6718,7774,legal,25.0,1.71
8667,7475,full,436.92,91.53
22643,4042,breakdown,16.89,4.54
25473,9841,legal,25.0,1.71
1969,3793,breakdown,16.89,4.54
29700,8623,legal,25.0,1.71
3184,1577,full,688.18,144.16
24178,3183,breakdown,16.89,4.54
26327,2466,breakdown,16.89,4.54
23421,1750,full,292.83,61.35
24461,2745,breakdown,16.89,4.54
27170,1584,full,404.07,84.65
10537,8728,breakdown,22.9,5.09
5573,9706,legal,25.0,1.71
3609,2780,legal,25.0,1.71
5333,4145,full,474.04,99.31
12238,3978,breakdown,16.89,4.54
1487,9301,breakdown,16.89,4.54
24201,6081,breakdown,22.9,5.09
14117,951,full,368.44,77.18
20744,1896,full,322.13,67.48
16310,3258,breakdown,16.89,4.54
25211,6859,breakdown,16.89,4.54
4378,8827,legal,25.0,1.71
18612,9823,breakdown,16.89,4.54
4959,3302,legal,25.0,1.71
1126,8088,breakdown,22.9,5.09
17273,6475,full,385.31,80.72
26774,4178,full,468.44,98.13
26084,5669,legal,25.0,1.71
11309,139,full,152.23,31.89
27759,4801,breakdown,16.89,4.54
12251,5487,full,507.97,106.41
8398,8284,legal,25.0,1.71
2949,1753,full,245.99,51.53
12602,7392,full,170.78,35.78
27626,9255,legal,25.0,1.71
9031,42,legal,25.0,1.71
16478,6782,breakdown,16.89,4.54
9215,7250,legal,37.5,2.02
11197,3666,full,392.87,82.3
18562,1857,legal,37.5,2.02
27863,5339,legal,25.0,1.71
25309,1713,full,159.49,33.41
6454,9426,breakdown,22.9,5.09
26437,2786,breakdown,16.89,4.54
16189,2262,full,169.37,35.48
16102,2707,breakdown,16.89,4.54
8333,1983,legal,25.0,1.71
11798,3479,legal,25.0,1.71
28453,5488,full,601.97,126.11
8441,3252,legal,30.0,1.71
3281,9636,legal,25.0,1.71
22832,5922,legal,25.0,1.71
24124,6007,breakdown,16.89,4.54
19923,5756,legal,25.0,1.71
2796,5936,full,693.74,145.33
11529,8842,full,170.32,35.68
19060,2882,full,180.52,37.81
24022,5543,breakdown,16.89,4.54
17647,9215,legal,45.0,2.08
26176,1378,breakdown,16.89,4.54
4013,1334,breakdown,16.89,4.54
9459,5745,legal,25.0,1.71
25428,1790,breakdown,16.89,4.54
7556,1792,full,807.21,169.1
29183,7832,legal,25.0,1.71
11336,11,full,356.31,74.65
27922,4187,full,536.13,112.31
5965,3576,legal,25.0,1.71
27514,8257,breakdown,16.89,4.54
19351,3025,breakdown,16.89,4.54
10361,3521,legal,25.0,1.71
23652,7526,legal,69.23,2.27
1564,2736,legal,25.0,1.71
19161,9618,legal,37.5,2.02
19038,3792,legal,25.0,1.71
17349,3677,legal,69.23,2.27
1184,5515,legal,25.0,1.71
19381,8579,breakdown,16.89,4.54
23474,2970,legal,37.5,2.02
17272,4238,legal,25.0,1.71
717,6177,legal,25.0,1.71
21871,9269,breakdown,16.89,4.54
10483,7085,breakdown,16.89,4.54
18256,5030,full,348.81,73.07
2355,8210,full,408.13,85.5
13110,6989,breakdown,22.9,5.09
3393,4730,full,562.53,117.85
17610,1783,breakdown,16.89,4.54
22641,2505,breakdown,16.89,4.54
10426,9374,full,303.17,63.51
15668,623,breakdown,16.89,4.54
3109,8511,breakdown,16.89,4.54
14480,4757,breakdown,16.89,4.54
13025,6273,breakdown,16.89,4.54
9349,300,legal,25.0,1.71
137,8949,full,201.51,42.21
6901,8442,breakdown,16.89,4.54
15030,1265,legal,37.5,2.02
9330,7740,full,239.51,50.18
13491,9132,legal,37.5,2.02
26592,2033,legal,25.0,1.71
18345,1291,legal,37.5,2.02
13157,7174,legal,25.0,1.71
28212,196,breakdown,16.89,4.54
855,1664,legal,25.0,1.71
24760,1703,breakdown,16.89,4.54
18798,1509,breakdown,16.89,4.54
21744,6968,full,461.45,96.67
3260,1669,full,152.23,31.89
24141,4799,full,379.5,79.5
30000,7236,full,544.65,114.1
29093,1298,full,191.0,40.01
18708,8980,legal,46.13,1.71
7281,7466,breakdown,16.89,4.54
18008,9475,legal,25.0,1.71
1825,6577,full,303.62,63.61
25264,5945,full,152.23,31.89
2972,7591,legal,37.5,2.02
16096,8150,full,638.74,133.81
22962,4257,full,152.23,31.89
20382,7830,legal,37.5,2.02
9219,3700,breakdown,16.89,4.54
11475,4770,breakdown,16.89,4.54
17877,948,breakdown,16.89,4.54
11537,2288,legal,37.5,2.02
10750,1264,breakdown,16.89,4.54
11076,6721,breakdown,16.89,4.54
7224,8354,breakdown,16.89,4.54
1527,2005,full,523.57,109.68
23808,6278,legal,25.0,1.71
16114,9368,full,571.6,119.75
23164,1056,legal,25.0,1.71
1218,7246,breakdown,16.89,4.54
26208,8557,legal,30.0,1.71
21070,7726,full,101.2,21.2
26104,6852,full,268.63,56.27
14361,2369,full,380.87,79.78
1524,1985,full,275.98,57.82
18127,217,legal,25.0,1.71
10972,2294,legal,25.0,1.71
13495,1238,legal,30.0,1.71
16971,742,breakdown,22.9,5.09
19490,2409,full,207.05,43.38
8229,1055,legal,25.0,1.71
19171,6783,breakdown,16.89,4.54
26870,6416,breakdown,16.89,4.54
3054,5490,legal,25.0,1.71
1291,8095,breakdown,16.89,4.54
7560,572,legal,25.0,1.71
17322,2246,breakdown,16.89,4.54
13139,1198,legal,46.13,1.71
17975,2647,legal,25.0,1.71
8466,1109,full,536.27,112.34
3921,6941,full,214.9,45.02
8103,7623,breakdown,16.89,4.54
29298,6710,breakdown,16.89,4.54
4322,2605,breakdown,16.89,4.54
9256,9075,legal,46.13,1.71
19478,9761,full,297.93,62.41
14972,234,breakdown,16.89,4.54
4043,9756,breakdown,16.89,4.54
20380,6543,legal,37.5,2.02
25816,4073,breakdown,16.89,4.54
18595,8959,full,263.74,55.25
10751,1250,full,381.54,79.93
3831,1898,full,308.23,64.57
24687,3297,breakdown,25.9,5.91
27809,7610,full,169.37,35.48
8206,6215,legal,46.13,1.71
4382,3611,breakdown,16.89,4.54
2144,680,full,250.47,52.47
2247,9575,breakdown,16.89,4.54
3695,1229,full,172.87,36.22
9391,3040,full,160.2,33.56
15926,7077,legal,25.0,1.71
251,613,breakdown,16.89,4.54
21603,8100,breakdown,25.9,5.91
3023,7930,breakdown,16.89,4.54
11899,97,full,257.03,53.84
5525,2456,legal,25.0,1.71
13767,6727,breakdown,16.89,4.54
27117,5976,breakdown,16.89,4.54
18451,3346,full,845.66,177.16
5886,2979,full,404.65,84.77
17987,6645,full,152.63,31.98
15643,3381,full,190.09,39.82
5052,471,full,298.36,62.51
19966,8310,breakdown,22.9,5.09
21053,2008,legal,25.0,1.71
11702,5986,breakdown,16.89,4.54
13467,228,breakdown,16.89,4.54
7516,6923,breakdown,16.89,4.54
29483,9176,legal,25.0,1.71
12185,9997,breakdown,22.9,5.09
7737,5850,full,180.95,37.91
6491,3605,full,212.87,44.6
7911,174,breakdown,16.89,4.54
9201,4446,breakdown,22.9,5.09
12349,7368,breakdown,25.9,5.91
3165,7741,legal,25.0,1.71
16735,1666,breakdown,22.9,5.09
16405,3061,breakdown,16.89,4.54
29227,7546,full,200.32,41.96
28155,4868,breakdown,22.9,5.09
2177,9094,legal,25.0,1.71
11069,7605,full,172.87,36.22
14823,8077,legal,25.0,1.71
12764,4639,legal,25.0,1.71
22724,6811,breakdown,16.89,4.54
19881,7736,legal,25.0,1.71
25534,8426,breakdown,16.89,4.54
13510,6260,full,515.2,107.93
29315,8867,full,161.79,33.89
3233,1989,full,183.02,38.34
11041,3123,breakdown,22.9,5.09
25208,1228,breakdown,22.9,5.09
17571,7319,legal,25.0,1.71
16533,603,legal,25.0,1.71
28041,2249,breakdown,16.89,4.54
25049,1132,full,118.65,24.86
7563,8451,legal,37.5,2.02
5797,237,legal,37.5,2.02
24981,5604,breakdown,16.89,4.54
12720,5463,breakdown,16.89,4.54
8732,6886,full,395.72,82.9
13436,2978,breakdown,16.89,4.54
2132,5302,legal,25.0,1.71
24390,4691,full,417.34,87.43
14504,2517,legal,25.0,1.71
10660,2068,full,193.37,40.5
15863,1826,full,227.01,47.55
16643,4247,legal,25.0,1.71
19110,3635,full,303.79,63.64
27877,9951,full,161.75,33.88
25452,2878,legal,37.5,2.02
24506,7359,full,101.2,21.2
27654,6477,legal,37.5,2.02
4211,6761,breakdown,16.89,4.54
7628,8858,breakdown,16.89,4.54
3523,1936,legal,25.0,1.71
14734,336,breakdown,22.9,5.09
7032,6713,legal,37.5,2.02
21793,6596,breakdown,16.89,4.54
7530,8625,full,1426.92,298.92
18004,7216,breakdown,16.89,4.54
9289,9938,full,169.37,35.48
10353,4338,legal,25.0,1.71
7561,7941,full,499.66,104.67
6316,8957,breakdown,16.89,4.54
23928,2492,breakdown,22.9,5.09
11493,500,legal,25.0,1.71
15513,8453,none,46.13,1.71
4196,3577,full,412.87,86.49
17745,7024,breakdown,25.9,5.91
22584,7628,full,681.33,142.73
21817,602,legal,37.5,2.02
13907,5795,full,599.16,125.51
26704,397,legal,37.5,2.02
10053,4970,legal,46.13,1.71
11955,1033,full,305.01,63.9
683,8182,full,268.92,56.34
18091,7485,full,140.28,29.39
9123,9182,legal,37.5,2.02
5169,236,full,251.73,52.73
14685,5907,legal,25.0,1.71
4148,1712,breakdown,16.89,4.54
8825,2774,legal,25.0,1.71
11207,4414,full,548.65,114.94
9719,332,legal,37.5,2.02
18315,2282,breakdown,16.89,4.54
12210,6862,full,325.25,68.14
26884,7779,full,337.07,70.61
28541,8072,legal,25.0,1.71
2316,6827,legal,25.0,1.71
8249,52,breakdown,16.89,4.54
10062,5115,breakdown,16.89,4.54
4615,443,legal,45.0,2.08
28303,9487,full,313.12,65.59
17381,567,legal,25.0,1.71
9843,4368,legal,25.0,1.71
1157,9159,legal,25.0,1.71
12778,7717,breakdown,16.89,4.54
4499,9821,legal,25.0,1.71
11454,1640,full,252.11,52.82
29698,3801,legal,25.0,1.71
3716,2545,legal,25.0,1.71
3313,2720,full,620.46,129.98
6512,6698,legal,37.5,2.02
15404,8759,legal,25.0,1.71
23991,2539,legal,25.0,1.71
1649,9051,full,233.48,48.91
24524,6192,legal,25.0,1.71
11551,1297,breakdown,16.89,4.54
17151,409,legal,37.5,2.02
2665,2320,legal,37.5,2.02
12129,2272,legal,69.23,2.27
22692,3128,breakdown,16.89,4.54
27632,8453,full,146.43,30.67
28803,1015,full,236.95,49.64
25321,4837,full,563.12,117.97
27861,7249,legal,25.0,1.71
16573,4934,legal,25.0,1.71
29743,6081,full,480.25,100.6
28860,28,legal,25.0,1.71
24881,1560,legal,25.0,1.71
26888,5613,full,302.1,63.29
26038,5612,full,302.1,63.29
13932,6818,full,169.37,35.48
13325,1763,breakdown,16.89,4.54
22175,8087,full,172.87,36.22
17038,108,full,451.52,94.59
10920,621,legal,25.0,1.71
10907,1058,legal,25.0,1.71
22029,912,breakdown,16.89,4.54
24795,4755,full,188.42,39.47
3236,1988,breakdown,22.9,5.09
22207,1518,breakdown,16.89,4.54
29159,9757,breakdown,16.89,4.54
18656,2262,breakdown,16.89,4.54
9536,9315,full,916.96,192.09
18961,4360,full,202.03,42.32
9467,4616,full,152.23,31.89
1182,8642,breakdown,16.89,4.54
2697,4076,legal,25.0,1.71
27858,8889,full,497.44,104.21
13703,2174,legal,25.0,1.71
8491,7762,breakdown,16.89,4.54
10304,4966,breakdown,22.9,5.09
2740,4024,legal,37.5,2.02
23786,4354,legal,25.0,1.71
29867,130,breakdown,16.89,4.54
25767,1749,legal,25.0,1.71
7096,4019,legal,25.0,1.71
7066,5340,legal,25.0,1.71
7879,6124,breakdown,16.89,4.54
27187,5764,breakdown,16.89,4.54
321,7740,breakdown,16.89,4.54
27655,1178,legal,25.0,1.71
15492,292,legal,25.0,1.71
10607,366,breakdown,16.89,4.54
27630,2677,legal,46.13,1.71
18807,8289,breakdown,16.89,4.54
20640,3001,breakdown,16.89,4.54
15948,8848,breakdown,16.89,4.54
21451,2150,full,247.26,51.8
1114,2870,full,132.83,27.83
14669,4192,breakdown,16.89,4.54
11903,9931,breakdown,22.9,5.09
6011,8806,legal,25.0,1.71
6640,6132,legal,37.5,2.02
216,1189,legal,25.0,1.71
1123,6188,breakdown,16.89,4.54
22849,2617,full,321.76,67.41
7305,451,full,178.42,37.38
19050,4196,legal,46.13,1.71
29022,6260,breakdown,16.89,4.54
27952,505,legal,69.23,2.27
15813,9617,full,339.04,71.02
20935,5010,full,621.05,130.1
23133,3544,breakdown,22.9,5.09
6508,5924,breakdown,22.9,5.09
15433,5101,full,427.73,89.6
11765,1981,legal,25.0,1.71
20420,3492,legal,25.0,1.71
28185,8507,breakdown,16.89,4.54
12216,5270,breakdown,22.9,5.09
2464,4766,breakdown,16.89,4.54
6503,9532,full,101.2,21.2
4634,7397,full,209.89,43.97
16190,1319,full,201.0,42.11
23384,2066,full,626.35,131.21
11508,9634,breakdown,16.89,4.54
1085,2658,breakdown,16.89,4.54
1347,3987,breakdown,22.9,5.09
3803,4577,full,513.1,107.49
19900,2055,legal,25.0,1.71
1237,6530,legal,25.0,1.71
19034,5038,full,190.09,39.82
9805,3744,legal,25.0,1.71
17164,3585,full,422.66,88.54
26289,303,full,399.97,83.79
9766,1809,full,455.19,95.35
14436,84,full,227.7,47.7
5490,9398,breakdown,16.89,4.54
8178,7313,full,329.25,68.98
1415,4492,legal,25.0,1.71
28883,5681,breakdown,16.89,4.54
20136,765,legal,37.5,2.02
10152,9375,full,503.19,105.41
1700,1050,breakdown,22.9,5.09
1587,7436,full,471.09,98.69
15429,4855,breakdown,16.89,4.54
17196,1477,full,746.28,156.33
25076,2452,full,351.24,73.58
23428,6967,full,170.78,35.78
11552,6300,legal,25.0,1.71
10082,2294,breakdown,16.89,4.54
27228,1351,breakdown,16.89,4.54
19324,4306,legal,46.13,1.71
23746,6214,breakdown,25.9,5.91
18416,8794,full,101.2,21.2
17112,3718,full,251.73,52.73
3335,6483,breakdown,22.9,5.09
13462,5685,legal,46.13,1.71
24316,8370,legal,69.23,2.27
19865,4919,full,235.76,49.39
2789,9433,legal,25.0,1.71
16180,8111,full,339.59,71.14
1477,5848,breakdown,16.89,4.54
24193,9114,full,321.09,67.26
21476,6113,breakdown,16.89,4.54
8036,8088,legal,37.5,2.02
9442,7113,legal,25.0,1.71
23864,5062,breakdown,16.89,4.54
17469,7524,full,323.6,67.79
16580,9967,legal,37.5,2.02
19594,2622,breakdown,22.9,5.09
10313,442,breakdown,22.9,5.09
21128,9639,breakdown,22.9,5.09
11094,4618,legal,25.0,1.71
24975,5527,full,529.96,111.02
7339,7122,full,240.48,50.38
11748,20,full,184.45,38.64
13501,3699,legal,37.5,2.02
14718,8375,legal,25.0,1.71
24078,3959,legal,46.13,1.71
24425,9764,breakdown,16.89,4.54
12394,2766,full,174.0,36.45
15807,5528,legal,25.0,1.71
1669,9122,full,555.19,116.3
16557,7618,full,460.21,96.41
22311,8423,breakdown,22.9,5.09
21564,4375,legal,25.0,1.71
4535,3416,legal,25.0,1.71
1705,8355,full,190.09,39.82
24869,4788,legal,30.0,1.71
22518,3275,breakdown,16.89,4.54
29799,4941,breakdown,16.89,4.54
28355,1402,breakdown,16.89,4.54
20259,8379,legal,25.0,1.71
21031,2118,breakdown,16.89,4.54
13434,4550,full,344.7,72.21
10896,5407,breakdown,22.9,5.09
23882,4955,legal,25.0,1.71
23714,1358,breakdown,16.89,4.54
2596,9386,legal,46.13,1.71
16974,7849,breakdown,25.9,5.91
11863,7455,legal,25.0,1.71
6406,4650,breakdown,16.89,4.54
27523,7413,breakdown,22.9,5.09
19817,8250,full,224.2,46.97
13895,7224,breakdown,16.89,4.54
2635,7151,breakdown,22.9,5.09
13576,3175,full,265.12,55.54
9824,3876,full,487.84,102.19
827,9854,full,171.53,35.94
5790,3758,legal,37.5,2.02
24451,5511,breakdown,16.89,4.54
14216,7230,full,646.64,135.46
28984,4793,legal,25.0,1.71
12741,3057,legal,37.5,2.02
17000,7443,full,255.46,53.52
24404,5112,full,251.73,52.73
6079,1932,breakdown,16.89,4.54
10357,8285,breakdown,16.89,4.54
5286,7060,legal,25.0,1.71
29643,4557,breakdown,22.9,5.09
26174,3160,legal,37.5,2.02
5320,3279,legal,25.0,1.71
14610,9087,breakdown,22.9,5.09
13625,9715,full,223.96,46.91
16797,1287,breakdown,22.9,5.09
16538,3110,breakdown,22.9,5.09
20828,5383,legal,25.0,1.71
26286,425,legal,25.0,1.71
16940,9662,full,192.2,40.26
20277,5468,legal,37.5,2.02
3471,7588,breakdown,16.89,4.54
16846,1975,breakdown,16.89,4.54
16106,2640,legal,37.5,2.02
17513,4077,full,272.45,57.07
3969,1568,full,176.97,37.07
8173,730,legal,37.5,2.02
1223,9157,breakdown,16.89,4.54
7458,1762,full,219.15,45.91
10591,5285,full,269.42,56.44
16151,268,legal,25.0,1.71
13581,467,full,169.37,35.48
3836,9173,full,198.26,41.53
19070,4346,full,310.73,65.09
23661,4862,legal,69.23,2.27
29464,940,full,322.77,67.62
27049,3144,full,660.74,138.42
10086,6639,legal,25.0,1.71
7159,3070,breakdown,16.89,4.54
4679,2825,breakdown,16.89,4.54
8030,1650,legal,25.0,1.71
10063,9265,full,352.2,73.78
11177,2660,legal,37.5,2.02
5267,6606,breakdown,16.89,4.54
14899,7601,legal,69.23,2.27
6123,505,full,185.3,38.82
23738,1942,breakdown,16.89,4.54
29554,6953,breakdown,16.89,4.54
23397,4170,breakdown,16.89,4.54
20195,1219,legal,46.13,1.71
8195,2322,full,365.93,76.65
19358,456,legal,25.0,1.71
23109,7309,full,180.44,37.8
11324,8926,full,101.2,21.2
18020,7862,legal,25.0,1.71
3570,8015,legal,69.23,2.27
4988,2711,legal,25.0,1.71
19056,7496,full,583.94,122.33
4098,2575,legal,25.0,1.71
8894,7376,breakdown,22.9,5.09
24889,8074,full,238.29,49.92
24501,5549,legal,25.0,1.71
500,3133,breakdown,22.9,5.09
5785,1642,breakdown,22.9,5.09
25673,254,full,192.04,40.23
14516,1939,breakdown,16.89,4.54
9831,8280,full,485.49,101.71
9987,7331,full,297.26,62.27
23794,4805,legal,46.13,1.71
14001,9278,legal,25.0,1.71
18170,4637,legal,25.0,1.71
4319,9661,legal,37.5,2.02
3389,4886,legal,37.5,2.02
12959,5651,full,400.61,83.92
5150,8679,full,816.31,171.01
18394,4767,legal,37.5,2.02
27551,1182,full,172.87,36.22
8211,7622,full,419.41,87.87
24732,5067,legal,25.0,1.71
9677,410,full,113.85,23.85
17947,4157,full,113.85,23.85
3255,7950,legal,25.0,1.71
19673,4989,full,223.07,46.73
22542,8925,breakdown,16.89,4.54
6392,4956,legal,25.0,1.71
9972,2960,full,101.2,21.2
24906,6504,breakdown,16.89,4.54
15850,4021,full,189.75,39.75
2121,4319,breakdown,16.89,4.54
20801,731,full,287.03,60.13
5264,6879,breakdown,22.9,5.09
3796,7732,full,377.34,79.05
23952,3132,full,169.37,35.48
7951,6675,breakdown,16.89,4.54
13063,319,full,147.86,30.97
22254,1758,legal,25.0,1.71
744,4244,legal,25.0,1.71
18811,5414,full,363.55,76.16
22884,5798,legal,25.0,1.71
617,3654,full,639.22,133.91
285,1639,breakdown,16.89,4.54
7799,7105,legal,25.0,1.71
26588,2443,full,101.2,21.2
16891,3285,breakdown,16.89,4.54
13259,9202,full,156.91,32.87
25787,6980,breakdown,16.89,4.54
29939,5864,breakdown,16.89,4.54
8052,5511,full,411.81,86.27
9513,1208,full,245.76,51.48
25035,6991,full,458.85,96.12
14836,3151,full,101.2,21.2
22687,1028,legal,25.0,1.71
10189,183,full,248.71,52.1
25997,9644,legal,46.13,1.71
25101,2564,breakdown,16.89,4.54
11374,6290,breakdown,16.89,4.54
12026,3544,full,588.64,123.31
23069,9214,legal,25.0,1.71
12201,5607,full,224.14,46.95
16348,9439,full,465.12,97.44
10120,8648,legal,25.0,1.71
25052,3577,breakdown,16.89,4.54
21329,2976,full,316.03,66.2
29379,2138,breakdown,16.89,4.54
22345,5711,full,208.86,43.76
2333,273,full,361.16,75.66
12661,4959,breakdown,16.89,4.54
12814,6610,legal,25.0,1.71
8238,8105,legal,25.0,1.71
5933,9612,full,328.67,68.85
1138,1067,full,690.38,144.62
15442,9499,full,318.47,66.71
29229,3807,full,366.62,76.8
16284,3896,breakdown,16.89,4.54
25218,3543,breakdown,16.89,4.54
7884,6258,full,326.97,68.5
21613,1633,legal,37.5,2.02
10048,4519,breakdown,16.89,4.54
25139,8554,breakdown,16.89,4.54
16721,383,legal,25.0,1.71
4123,440,full,351.16,73.56
7203,2103,full,190.09,39.82
25158,2972,breakdown,16.89,4.54
12372,3093,full,152.23,31.89
20301,145,full,230.79,48.35
9045,5716,full,184.34,38.62
26784,9168,legal,37.5,2.02
25352,7988,full,172.87,36.22
16672,9275,legal,46.13,1.71
11405,1579,legal,25.0,1.71
1804,3757,full,307.19,64.35
3776,8048,breakdown,16.89,4.54
19696,43,legal,25.0,1.71
21858,9939,legal,37.5,2.02
4502,5720,legal,25.0,1.71
27853,6487,legal,69.23,2.27
24640,4456,breakdown,16.89,4.54
23593,8860,legal,25.0,1.71
12483,9006,legal,25.0,1.71
2127,5895,breakdown,16.89,4.54
9676,9341,breakdown,16.89,4.54
21257,6922,legal,46.13,1.71
10083,8959,legal,25.0,1.71
22707,9592,full,286.01,59.92
18139,8154,breakdown,22.9,5.09
26438,7283,legal,37.5,2.02
18886,2048,legal,25.0,1.71
20045,3483,legal,25.0,1.71
14770,3165,legal,37.5,2.02
12296,5036,legal,25.0,1.71
22649,7205,legal,46.13,1.71
19693,9721,full,171.53,35.94
25243,8368,legal,25.0,1.71
14786,2867,full,287.78,60.29
12856,9077,breakdown,22.9,5.09
20460,7644,breakdown,16.89,4.54
20246,181,breakdown,16.89,4.54
16811,4202,full,443.49,92.9
2769,5051,full,152.23,31.89
29335,2255,legal,25.0,1.71
20406,7850,breakdown,16.89,4.54
10864,4241,legal,25.0,1.71
25108,9616,breakdown,22.9,5.09
24129,2932,full,294.49,61.69
23120,5156,full,226.61,47.47
11777,8065,full,345.75,72.43
24400,829,full,524.57,109.89
13,6140,breakdown,16.89,4.54
21909,3416,full,284.79,59.66
10901,3642,legal,37.5,2.02
18,5854,legal,25.0,1.71
10828,7949,legal,25.0,1.71
24643,6197,full,304.44,63.78
3829,9467,breakdown,22.9,5.09
27750,713,full,272.16,57.02
19241,7919,legal,25.0,1.71
16257,5158,full,203.82,42.7
24589,5436,legal,25.0,1.71
4788,1814,breakdown,16.89,4.54
12070,9990,legal,37.5,2.02
3126,8191,breakdown,16.89,4.54
23345,2222,legal,25.0,1.71
18136,1729,full,152.23,31.89
13593,7418,legal,25.0,1.71
8387,1237,breakdown,16.89,4.54
28837,4027,full,251.73,52.73
1208,5299,full,172.87,36.22
27007,9115,full,220.93,46.28
5582,5398,legal,25.0,1.71
327,5605,full,251.93,52.78
4257,4815,legal,46.13,1.71
20408,8997,full,359.18,75.24
26991,3017,breakdown,22.9,5.09
21448,4905,full,365.5,76.57
16304,1602,breakdown,16.89,4.54
17879,5477,legal,37.5,2.02
3288,4309,breakdown,22.9,5.09
5852,6264,full,829.96,173.86
26660,1987,legal,46.13,1.71
14698,7852,full,172.87,36.22
2472,4979,breakdown,22.9,5.09
22251,2448,legal,25.0,1.71
24737,2586,breakdown,16.89,4.54
22826,4008,breakdown,16.89,4.54
937,4259,full,590.89,123.79
18732,12,legal,25.0,1.71
12270,3790,breakdown,16.89,4.54
19839,102,legal,25.0,1.71
22981,3269,legal,92.32,2.83
17380,7525,full,957.06,200.5
3121,7310,full,196.86,41.24
7140,5958,legal,25.0,1.71
24049,8105,breakdown,16.89,4.54
22656,6680,full,366.2,76.72
12187,7160,breakdown,16.89,4.54
4412,1671,breakdown,16.89,4.54
11734,4748,breakdown,25.9,5.91
24460,985,breakdown,16.89,4.54
27692,9355,full,162.87,34.12
8280,5830,full,575.44,120.54
799,7297,legal,25.0,1.71
2289,9587,full,630.06,131.99
14179,4385,breakdown,16.89,4.54
27605,1725,breakdown,16.89,4.54
3210,3883,legal,25.0,1.71
11375,5023,full,208.86,43.76
2478,4972,breakdown,16.89,4.54
26534,8260,breakdown,16.89,4.54
28579,515,legal,46.13,1.71
14424,7781,breakdown,22.9,5.09
22955,9036,legal,25.0,1.71
12990,2673,breakdown,22.9,5.09
14178,2281,full,319.71,66.98
26956,9798,breakdown,22.9,5.09
21792,2483,full,495.77,103.86
21011,3260,breakdown,22.9,5.09
11675,6857,legal,37.5,2.02
16802,8224,legal,25.0,1.71
16898,524,legal,25.0,1.71
15213,1282,full,301.74,63.21
13530,8358,full,324.68,68.02
24311,1918,full,161.04,33.73
4205,9100,breakdown,16.89,4.54
6507,7453,breakdown,16.89,4.54
23573,683,breakdown,16.89,4.54
7200,5580,full,370.65,77.65
10094,1657,breakdown,16.89,4.54
11789,9951,breakdown,22.9,5.09
8171,5016,breakdown,16.89,4.54
25648,3867,breakdown,22.9,5.09
10940,5636,full,1143.67,239.59
14638,4590,full,132.83,27.83
1929,3000,full,189.75,39.75
27498,4301,breakdown,16.89,4.54
26689,585,breakdown,22.9,5.09
7355,2703,legal,37.5,2.02
4144,259,breakdown,16.89,4.54
26905,2606,legal,30.0,1.71
26337,4226,breakdown,16.89,4.54
11301,2968,breakdown,16.89,4.54
11096,1581,legal,25.0,1.71
8785,6921,breakdown,22.9,5.09
27763,4494,breakdown,25.9,5.91
17940,1233,full,345.5,72.38
18241,842,legal,25.0,1.71
8423,7557,legal,46.13,1.71
5954,8449,breakdown,16.89,4.54
24196,6851,full,192.3,40.28
27113,4684,breakdown,16.89,4.54
23398,1294,legal,25.0,1.71
7553,4501,breakdown,16.89,4.54
8845,6639,full,637.51,133.55
11964,7043,legal,37.5,2.02
15546,3821,legal,25.0,1.71
8901,1496,breakdown,16.89,4.54
29402,6002,legal,37.5,2.02
759,14,full,284.94,59.69
21693,9304,full,496.1,103.93
205,8075,legal,25.0,1.71
16605,441,full,171.53,35.93
1107,9777,legal,25.0,1.71
2883,9331,full,343.82,72.03
18280,7020,full,297.96,62.42
22387,1541,breakdown,16.89,4.54
9470,150,legal,25.0,1.71
15001,3002,breakdown,16.89,4.54
6479,4767,full,269.07,56.37
438,8134,breakdown,16.89,4.54
4242,5055,full,172.87,36.22
2483,500,full,241.5,50.59
18684,7867,breakdown,16.89,4.54
12451,8345,full,260.24,54.52
24198,7888,legal,25.0,1.71
19803,8216,breakdown,22.9,5.09
17302,4842,breakdown,22.9,5.09
28603,9969,breakdown,16.89,4.54
21211,3905,legal,46.13,1.71
162,9894,full,409.73,85.83
24679,1410,legal,25.0,1.71
21824,6042,none,25.0,1.71
11573,5536,legal,37.5,2.02
1939,2709,legal,30.0,1.71
24103,8327,legal,46.13,1.71
10307,6637,legal,25.0,1.71
28333,3778,breakdown,16.89,4.54
8833,5764,legal,25.0,1.71
12150,2172,breakdown,16.89,4.54
15350,2326,breakdown,22.9,5.09
14614,4711,full,595.14,124.68
1440,849,full,152.23,31.89
24684,290,full,395.48,82.85
7463,2291,legal,25.0,1.71
28647,6714,legal,25.0,1.71
19639,4954,full,269.44,56.44
7726,2628,legal,46.13,1.71
16233,1645,legal,25.0,1.71
2990,3035,breakdown,16.89,4.54
27467,7915,breakdown,16.89,4.54
21425,1483,full,313.2,65.61
8358,5766,breakdown,22.9,5.09
2131,2329,breakdown,16.89,4.54
37,3849,breakdown,16.89,4.54
12350,1330,legal,25.0,1.71
18296,1727,breakdown,16.89,4.54
20872,5223,full,272.6,57.11
9140,3800,legal,25.0,1.71
4726,4750,full,852.94,178.68
3848,1712,full,240.07,50.29
8435,9189,full,188.42,39.47
28324,7486,full,193.12,40.46
19595,2837,legal,25.0,1.71
29925,8347,breakdown,16.89,4.54
23919,6544,legal,25.0,1.71
17144,7348,breakdown,16.89,4.54
13281,9175,legal,25.0,1.71
4271,847,legal,25.0,1.71
698,1650,breakdown,16.89,4.54
24994,1118,breakdown,16.89,4.54
28307,1446,legal,25.0,1.71
13470,7321,legal,25.0,1.71
20838,1545,legal,37.5,2.02
14342,5116,full,249.04,52.17
22873,8986,legal,25.0,1.71
4115,6288,breakdown,16.89,4.54
19766,8355,breakdown,16.89,4.54
29158,2245,legal,25.0,1.71
23939,2576,legal,25.0,1.71
23555,8416,breakdown,16.89,4.54
16884,9575,legal,25.0,1.71
27803,205,breakdown,22.9,5.09
20855,5823,breakdown,16.89,4.54
9749,1923,breakdown,16.89,4.54
17886,6950,legal,25.0,1.71
8724,762,legal,25.0,1.71
19570,7698,full,656.85,137.6
29432,3082,full,233.17,48.85
3254,7800,legal,92.32,2.83
2613,1924,breakdown,16.89,4.54
8950,2300,legal,25.0,1.71
7805,1042,breakdown,16.89,4.54
14620,92,legal,25.0,1.71
2227,4969,legal,46.13,1.71
2850,5834,breakdown,22.9,5.09
21017,3724,breakdown,22.9,5.09
27418,9430,legal,37.5,2.02
19498,7268,breakdown,16.89,4.54
12517,8696,breakdown,22.9,5.09
12958,9101,legal,25.0,1.71
25233,9076,full,920.49,192.83
6801,3249,breakdown,16.89,4.54
1615,8723,full,163.68,34.29
8767,2417,full,324.17,67.91
13456,9166,legal,25.0,1.71
2418,6361,legal,30.0,1.71
26478,8256,legal,25.0,1.71
9753,9539,legal,46.13,1.71
28673,5475,legal,25.0,1.71
12543,4049,breakdown,16.89,4.54
16878,9861,legal,25.0,1.71
8374,1433,breakdown,16.89,4.54
27175,2030,legal,37.5,2.02
42,6897,legal,46.13,1.71
23440,5595,legal,25.0,1.71
17372,608,full,185.6,38.88
3804,3389,breakdown,16.89,4.54
19323,1058,full,376.25,78.82
14766,4821,legal,25.0,1.71
29790,525,breakdown,16.89,4.54
17612,3481,breakdown,16.89,4.54
5857,2333,legal,37.5,2.02
9228,2508,full,182.31,38.19
15089,5166,legal,25.0,1.71
13512,7599,legal,30.0,1.71
6169,3168,breakdown,16.89,4.54
9399,6242,breakdown,16.89,4.54
27437,7396,legal,25.0,1.71
28373,7842,full,726.88,152.27
8988,1177,legal,30.0,1.71
18087,6633,full,345.53,72.38
21581,2077,full,294.27,61.64
13340,619,full,836.65,175.27
27439,1758,breakdown,16.89,4.54
9093,5210,full,152.23,31.89
27469,4117,full,510.3,106.9
6627,7521,full,583.88,122.31
12774,31,legal,25.0,1.71
4259,3387,breakdown,16.89,4.54
29597,4917,full,101.2,21.2
3199,4684,legal,25.0,1.71
4755,6929,legal,25.0,1.71
9955,1831,full,136.41,28.57
12282,2486,legal,25.0,1.71
8910,9344,legal,25.0,1.71
19909,3038,breakdown,16.89,4.54
1233,9838,full,327.88,68.68
5537,1719,breakdown,16.89,4.54
26354,6818,legal,37.5,2.02
25515,7496,legal,25.0,1.71
24057,5677,full,152.63,31.98
2605,5685,breakdown,16.89,4.54
23554,3916,breakdown,16.89,4.54
25549,4109,breakdown,16.89,4.54
2556,3680,legal,25.0,1.71
1503,824,breakdown,16.89,4.54
24627,7080,legal,25.0,1.71
20516,4263,full,152.23,31.89
12546,1067,breakdown,16.89,4.54
4902,8539,legal,69.23,2.27
10709,4537,full,479.72,100.5
6989,2940,legal,25.0,1.71
3539,3395,full,329.52,69.03
20415,6571,breakdown,16.89,4.54
15682,5790,breakdown,22.9,5.09
16681,2152,breakdown,16.89,4.54
17150,3440,legal,25.0,1.71
16843,483,breakdown,16.89,4.54
10133,9247,full,594.96,124.64
24304,1689,legal,25.0,1.71
27231,4457,full,278.51,58.35
29818,7592,legal,25.0,1.71
4293,3090,breakdown,16.89,4.54
230,8440,breakdown,16.89,4.54
24708,496,breakdown,22.9,5.09
25716,4098,legal,37.5,2.02
18600,5733,full,309.25,64.78
19375,8437,legal,25.0,1.71
10499,5001,legal,25.0,1.71
10928,1510,legal,25.0,1.71
18222,8363,legal,46.13,1.71
12599,6156,legal,30.0,1.71
18453,6943,breakdown,16.89,4.54
20271,5805,legal,25.0,1.71
1006,5580,legal,37.5,2.02
694,2573,legal,25.0,1.71
7812,5799,full,278.1,58.26
671,1052,legal,25.0,1.71
17390,642,legal,25.0,1.71
4763,8061,legal,25.0,1.71
11979,3656,legal,46.13,1.71
14624,1574,full,300.13,62.88
8899,5323,legal,25.0,1.71
8322,1341,breakdown,16.89,4.54
27576,9127,full,325.45,68.17
29686,3462,breakdown,16.89,4.54
1885,8459,legal,25.0,1.71
23041,3578,legal,30.0,1.71
23536,1192,legal,92.32,2.83
4399,3895,breakdown,16.89,4.54
14083,4414,breakdown,16.89,4.54
18047,6412,breakdown,16.89,4.54
17265,6396,breakdown,16.89,4.54
25717,5645,full,178.01,37.29
2325,5594,breakdown,22.9,5.09
16247,1271,full,906.92,189.99
6853,3906,legal,46.13,1.71
10843,7342,full,628.15,131.59
3318,9457,legal,25.0,1.71
10690,692,legal,37.5,2.02
29462,6472,legal,25.0,1.71
27318,6573,full,325.53,68.2
17455,4875,breakdown,22.9,5.09
15882,1407,full,609.41,127.66
29638,2365,legal,25.0,1.71
1005,6724,breakdown,16.89,4.54
29924,5653,legal,25.0,1.71
9650,1270,legal,25.0,1.71
5156,317,breakdown,16.89,4.54
24305,9220,full,357.34,74.86
3887,9657,full,227.53,47.67
19246,8319,legal,69.23,2.27
3626,7519,legal,25.0,1.71
13057,4617,legal,25.0,1.71
28817,5388,legal,25.0,1.71
19872,3386,full,426.03,89.25
15667,4912,full,244.12,51.14
28205,4724,full,139.89,29.3
21823,3696,full,273.4,57.28
29006,8455,breakdown,16.89,4.54
26536,3372,breakdown,16.89,4.54
27429,2090,breakdown,16.89,4.54
18926,7448,full,227.59,47.68
7362,6077,full,378.53,79.3
12836,7414,legal,25.0,1.71
18160,9673,breakdown,16.89,4.54
1161,1491,legal,25.0,1.71
12704,9872,full,422.26,88.46
18637,1142,full,189.75,39.75
22595,6935,legal,37.5,2.02
17874,1371,full,152.23,31.89
21433,2412,breakdown,22.9,5.09
17666,1475,full,462.36,96.86
29175,1613,legal,25.0,1.71
15499,4660,full,360.94,75.61
6590,6289,full,389.33,81.56
25110,2923,full,315.51,66.1
25757,3460,breakdown,16.89,4.54
1940,697,breakdown,22.9,5.09
18178,61,legal,25.0,1.71
13339,4708,breakdown,16.89,4.54
26953,6931,full,240.26,50.33
27662,6441,full,413.47,86.62
9343,5172,breakdown,16.89,4.54
22788,4653,legal,25.0,1.71
8516,4721,legal,37.5,2.02
2894,9621,full,317.27,66.46
29122,4661,full,158.99,33.31
7874,447,legal,25.0,1.71
16861,5971,legal,69.23,2.27
4732,6860,full,259.78,54.42
4307,2309,full,367.65,77.01
29179,3397,full,191.58,40.13
25909,9801,breakdown,16.89,4.54
6913,6116,breakdown,16.89,4.54
20212,3926,legal,46.13,1.71
18795,7280,breakdown,16.89,4.54
9320,1617,legal,25.0,1.71
4467,2051,legal,46.13,1.71
3051,7549,legal,25.0,1.71
2607,8143,breakdown,22.9,5.09
27552,7669,breakdown,16.89,4.54
2825,8389,breakdown,22.9,5.09
12324,7513,breakdown,16.89,4.54
10826,932,full,507.1,106.23
1660,7429,breakdown,22.9,5.09
13007,1255,breakdown,16.89,4.54
17795,7998,full,840.56,176.09
18402,7000,legal,25.0,1.71
26946,9562,breakdown,16.89,4.54
12491,7566,legal,25.0,1.71
3985,3896,legal,25.0,1.71
29635,2545,full,541.15,113.36
2268,4459,full,854.46,179.0
62,2620,full,163.36,34.22
7992,4386,full,386.9,81.05
13849,1654,legal,25.0,1.71
29270,6704,legal,25.0,1.71
2964,2626,breakdown,16.89,4.54
26812,3607,full,244.65,51.25
12179,2571,legal,46.13,1.71
15592,3850,full,101.2,21.2
23175,8804,full,436.19,91.38
20345,2334,breakdown,22.9,5.09
4216,1880,legal,25.0,1.71
23261,1928,full,165.76,34.72
5686,4913,legal,37.5,2.02
19146,236,breakdown,16.89,4.54
8536,398,breakdown,16.89,4.54
7596,7659,full,152.23,31.89
21965,5989,legal,25.0,1.71
20803,9988,full,387.33,81.14
13313,9826,legal,45.0,2.08
16793,786,breakdown,22.9,5.09
24788,6951,legal,25.0,1.71
13697,3046,full,635.05,133.04
28985,1556,legal,25.0,1.71
9855,3369,full,921.57,193.06
14790,641,full,220.26,46.14
12826,7351,legal,25.0,1.71
13389,716,full,101.2,21.2
592,8137,full,439.22,92.01
22525,9691,legal,25.0,1.71
24302,7076,legal,25.0,1.71
18734,9662,breakdown,22.9,5.09
11103,7648,breakdown,16.89,4.54
257,5734,breakdown,16.89,4.54
21904,5197,breakdown,16.89,4.54
10042,7289,full,381.19,79.86
21662,4880,breakdown,32.4,6.5
24613,8629,full,152.41,31.93
25753,6418,full,350.01,73.32
25301,8980,full,174.0,36.45
3189,5771,legal,25.0,1.71
4923,9299,full,198.62,41.61
25612,9676,full,351.44,73.62
29836,3249,legal,25.0,1.71
7849,4081,breakdown,16.89,4.54
12513,742,legal,37.5,2.02
25325,7957,full,593.32,124.29
21907,2846,breakdown,16.89,4.54
1574,5455,legal,25.0,1.71
1299,8217,breakdown,16.89,4.54
8551,5370,breakdown,16.89,4.54
23936,6384,full,293.47,61.48
10893,8856,full,242.95,50.89
12692,4318,legal,25.0,1.71
6034,3949,breakdown,16.89,4.54
11431,8036,full,236.48,49.54
10754,8431,full,227.23,47.6
18340,2236,full,511.02,107.06
29050,6387,full,175.74,36.82
11785,5032,breakdown,16.89,4.54
12777,5245,full,152.23,31.89
6042,1355,full,203.26,42.58
1139,5472,breakdown,22.9,5.09
23405,8920,breakdown,16.89,4.54
20497,2897,legal,25.0,1.71
10129,6750,full,309.6,64.86
4122,4479,full,183.92,38.53
23314,8178,full,190.0,39.8
6254,9713,full,152.52,31.95
12668,887,breakdown,22.9,5.09
13761,7233,breakdown,22.9,5.09
1307,9897,breakdown,16.89,4.54
12678,6054,breakdown,16.89,4.54
15181,4693,legal,25.0,1.71
29317,8234,breakdown,16.89,4.54
1600,5554,breakdown,16.89,4.54
25736,3003,full,556.95,116.67
4136,6903,breakdown,32.4,6.5
4766,1665,breakdown,16.89,4.54
29611,8392,legal,30.0,1.71
5670,8010,breakdown,22.9,5.09
7256,775,legal,25.0,1.71
4621,9893,full,739.58,154.93
13587,8821,legal,25.0,1.71
22001,946,breakdown,16.89,4.54
4745,3173,breakdown,16.89,4.54
26646,4593,breakdown,16.89,4.54
6585,6825,breakdown,16.89,4.54
21036,4098,breakdown,22.9,5.09
4349,4224,breakdown,16.89,4.54
25169,7142,breakdown,16.89,4.54
472,6500,full,311.06,65.16
7870,7831,legal,25.0,1.71
12341,29,breakdown,16.89,4.54
1015,9881,legal,25.0,1.71
5707,3726,legal,25.0,1.71
574,6496,legal,37.5,2.02
18343,805,full,663.76,139.05
5832,6660,legal,37.5,2.02
17202,8349,full,343.99,72.06
16917,7006,legal,37.5,2.02
12408,3362,full,139.15,29.15
15704,7962,breakdown,32.4,6.5
13171,6760,breakdown,16.89,4.54
5036,8973,legal,25.0,1.71
17775,2011,legal,25.0,1.71
20884,1375,full,462.58,96.91
25332,8240,breakdown,16.89,4.54
16028,4697,breakdown,16.89,4.54
19355,3745,full,751.8,157.49
2841,3693,breakdown,16.89,4.54
3857,1031,breakdown,16.89,4.54
2359,902,legal,46.13,1.71
8259,6574,legal,25.0,1.71
10105,1914,full,172.87,36.22
10308,3230,legal,25.0,1.71
5859,9417,breakdown,22.9,5.09
22830,9500,breakdown,16.89,4.54
4362,132,breakdown,22.9,5.09
23616,7031,legal,25.0,1.71
20047,8423,full,271.05,56.78
10771,8890,full,235.12,49.25
17443,8950,full,201.51,42.21
24636,4694,breakdown,22.9,5.09
9692,8940,full,152.23,31.89
21715,765,full,169.41,35.49
23806,3653,full,860.92,180.35
11972,3433,breakdown,16.89,4.54
15766,8844,legal,46.13,1.71
19932,6261,breakdown,16.89,4.54
5160,8136,legal,37.5,2.02
22909,5113,breakdown,16.89,4.54
12268,6414,full,466.79,97.79
18868,9234,full,181.3,37.98
10368,8186,full,311.17,65.19
14226,9886,breakdown,16.89,4.54
6900,1114,legal,92.32,2.83
9010,5179,legal,37.5,2.02
29567,4602,full,175.34,36.73
21168,4258,legal,25.0,1.71
19488,4408,legal,25.0,1.71
9933,311,legal,37.5,2.02
8065,5737,full,322.77,67.62
13590,7661,legal,25.0,1.71
28822,1459,legal,37.5,2.02
17147,3112,legal,25.0,1.71
27510,2537,legal,25.0,1.71
29849,3198,breakdown,16.89,4.54
7143,5922,full,651.49,136.48
5583,5533,breakdown,16.89,4.54
18485,6014,full,420.31,88.05
9517,5278,legal,25.0,1.71
9821,5292,legal,25.0,1.71
2092,7117,legal,25.0,1.71
4667,5721,breakdown,16.89,4.54
7994,7964,full,475.27,99.56
4094,4783,full,590.15,123.63
28420,1071,legal,37.5,2.02
18111,8922,breakdown,16.89,4.54
17954,5496,legal,46.13,1.71
20167,2591,breakdown,16.89,4.54
29382,4422,full,191.37,40.09
314,3358,breakdown,16.89,4.54
18845,8430,legal,25.0,1.71
6205,8869,legal,37.5,2.02
9702,1890,full,477.7,100.07
14523,5700,legal,69.23,2.27
751,743,breakdown,16.89,4.54
27208,4066,breakdown,25.9,5.91
27321,9270,legal,69.23,2.27
15310,4123,breakdown,16.89,4.54
153,7805,breakdown,16.89,4.54
1592,2767,legal,25.0,1.71
6212,7720,legal,46.13,1.71
7184,8104,legal,37.5,2.02
15126,634,full,337.78,70.76
21831,1972,full,407.23,85.31
23869,9680,full,272.13,57.01
23113,4629,full,403.3,84.49
13089,7929,legal,25.0,1.71
23910,4588,legal,25.0,1.71
3931,8280,breakdown,22.9,5.09
3319,8260,full,2335.55,489.27
27154,9202,breakdown,16.89,4.54
23216,3681,legal,25.0,1.71
14729,9000,full,101.2,21.2
25749,4954,breakdown,22.9,5.09
19847,6065,legal,25.0,1.71
16812,3870,legal,46.13,1.71
24398,1352,breakdown,16.89,4.54
21825,1703,legal,92.32,2.83
24917,6216,breakdown,22.9,5.09
1272,3151,breakdown,22.9,5.09
12313,1488,legal,25.0,1.71
9200,5694,legal,37.5,2.02
9822,4526,breakdown,16.89,4.54
20510,6483,legal,37.5,2.02
466,8418,legal,25.0,1.71
6713,798,breakdown,16.89,4.54
2176,748,legal,37.5,2.02
8621,5671,legal,37.5,2.02
2414,6457,breakdown,22.9,5.09
19450,3289,full,281.6,58.99
27179,4083,full,527.15,110.43
10569,4202,breakdown,16.89,4.54
23235,6527,legal,25.0,1.71
1341,2974,full,454.72,95.26
2281,1776,legal,46.13,1.71
28728,8298,full,879.38,184.22
16593,5579,legal,30.0,1.71
8592,1924,full,162.44,34.03
25334,4247,breakdown,16.89,4.54
16409,201,full,101.2,21.2
23776,8744,full,339.19,71.06
11106,3424,legal,46.13,1.71
22409,6600,legal,46.13,1.71
12825,2881,breakdown,16.89,4.54
27403,5843,breakdown,16.89,4.54
12396,6313,breakdown,25.9,5.91
3871,8267,legal,46.13,1.71
27884,9247,breakdown,16.89,4.54
25180,7352,full,499.61,104.66
20607,9971,legal,25.0,1.71
5041,7494,breakdown,22.9,5.09
28364,3071,full,251.73,52.73
15992,3691,breakdown,16.89,4.54
17037,9056,breakdown,16.89,4.54
17549,738,legal,37.5,2.02
2141,6092,legal,46.13,1.71
20401,4022,full,191.07,40.03
2014,3426,breakdown,16.89,4.54
17774,4816,full,352.31,73.8
6001,4736,legal,25.0,1.71
17792,2576,breakdown,16.89,4.54
11343,5348,full,298.11,62.45
25800,9306,legal,25.0,1.71
7379,6116,full,333.79,69.93
18071,9437,legal,25.0,1.71
27095,4900,full,152.63,31.98
4025,9745,legal,37.5,2.02
20487,4734,legal,46.13,1.71
11823,7563,full,701.24,146.9
22185,2302,breakdown,16.89,4.54
9684,35,full,281.31,58.93
27962,1230,breakdown,22.9,5.09
734,8636,legal,25.0,1.71
16391,9663,breakdown,16.89,4.54
21548,1798,legal,25.0,1.71
2584,5552,breakdown,16.89,4.54
14815,1761,full,275.57,57.73
12102,2889,full,348.56,73.02
14813,9557,full,316.61,66.32
839,1103,legal,46.13,1.71
14530,8729,breakdown,16.89,4.54
25134,8630,breakdown,16.89,4.54
14404,3847,full,161.59,33.85
2997,6958,breakdown,16.89,4.54
26773,3864,legal,92.32,2.83
18059,9667,full,393.27,82.38
8848,819,full,189.3,39.66
13195,3875,breakdown,25.9,5.91
12679,5561,full,101.2,21.2
16935,6109,breakdown,22.9,5.09
6257,4070,legal,25.0,1.71
11193,7987,legal,37.5,2.02
18930,4755,legal,25.0,1.71
2406,3250,full,456.64,95.66
25833,580,full,206.05,43.17
21121,1423,full,252.73,52.94
27235,661,legal,25.0,1.71
446,7782,breakdown,16.89,4.54
22325,3986,legal,25.0,1.71
14875,8071,full,356.98,74.78
20133,5270,full,282.35,59.15
13776,4543,breakdown,16.89,4.54
1500,3779,full,311.77,65.31
1068,8621,full,827.87,173.43
24458,181,legal,25.0,1.71
23937,3496,breakdown,16.89,4.54
2077,9603,legal,37.5,2.02
29829,6362,legal,25.0,1.71
17712,9352,legal,25.0,1.71
12252,5661,breakdown,16.89,4.54
21468,9024,breakdown,22.9,5.09
16956,4052,full,480.73,100.7
3358,7890,breakdown,22.9,5.09
235,8787,legal,37.5,2.02
4249,7991,legal,46.13,1.71
22961,97,breakdown,16.89,4.54
1145,8953,legal,25.0,1.71
9377,4316,breakdown,22.9,5.09
18319,6440,legal,37.5,2.02
27368,5596,breakdown,16.89,4.54
14674,6559,breakdown,16.89,4.54
18384,5098,breakdown,16.89,4.54
7761,1908,legal,25.0,1.71
16794,3247,breakdown,16.89,4.54
14700,5202,breakdown,22.9,5.09
17067,4081,full,501.91,105.15
17669,4025,full,267.63,56.06
13640,5747,full,150.32,31.49
11477,4302,breakdown,16.89,4.54
9384,1006,full,304.76,63.85
14295,8552,legal,25.0,1.71
8003,1771,breakdown,16.89,4.54
23370,163,full,292.81,61.34
11023,9213,legal,25.0,1.71
26872,1604,breakdown,22.9,5.09
6381,144,legal,25.0,1.71
19041,4037,breakdown,16.89,4.54
18449,5712,full,208.2,43.61
22878,1001,full,585.66,122.69
13178,9938,breakdown,16.89,4.54
21025,3711,breakdown,22.9,5.09
7542,5362,legal,25.0,1.71
20427,4576,legal,37.5,2.02
26341,8247,legal,25.0,1.71
24581,1084,legal,25.0,1.71
2373,942,full,208.09,43.6
19152,8323,legal,25.0,1.71
12273,4560,breakdown,22.9,5.09
13050,1117,breakdown,16.89,4.54
14988,2638,full,508.06,106.43
13326,884,breakdown,16.89,4.54
4285,8410,breakdown,16.89,4.54
8279,6847,full,382.46,80.12
1894,4017,legal,25.0,1.71
29182,3560,full,324.52,67.98
26731,2421,legal,25.0,1.71
26310,1269,full,1430.55,299.68
21355,3765,breakdown,22.9,5.09
28105,5611,legal,37.5,2.02
15566,8982,breakdown,16.89,4.54
18954,6671,full,248.66,52.09
29399,4458,full,278.51,58.35
21673,6361,breakdown,25.9,5.91
21214,2883,breakdown,22.9,5.09
18855,4993,legal,25.0,1.71
362,9933,legal,46.13,1.71
5424,243,full,252.97,52.99
21165,3497,legal,25.0,1.71
1040,1669,breakdown,16.89,4.54
19998,3243,breakdown,22.9,5.09
6976,8751,legal,37.5,2.02
19551,8337,legal,25.0,1.71
12165,4747,legal,25.0,1.71
14971,1775,breakdown,22.9,5.09
27787,9960,breakdown,16.89,4.54
4704,4600,full,215.93,45.23
25065,9651,full,185.0,38.76
16160,7720,breakdown,16.89,4.54
7296,8439,breakdown,16.89,4.54
17700,6787,breakdown,16.89,4.54
21694,3932,full,235.93,49.42
24822,5676,breakdown,16.89,4.54
809,9741,breakdown,22.9,5.09
9958,9231,full,202.02,42.32
14856,5402,legal,25.0,1.71
18759,7963,breakdown,16.89,4.54
21083,9514,legal,46.13,1.71
4051,9588,breakdown,22.9,5.09
22110,7922,breakdown,16.89,4.54
13806,4277,legal,37.5,2.02
2629,3111,legal,25.0,1.71
3650,923,legal,46.13,1.71
527,2611,breakdown,16.89,4.54
8450,8092,breakdown,16.89,4.54
17897,7040,breakdown,16.89,4.54
3828,1162,breakdown,16.89,4.54
814,9192,breakdown,22.9,5.09
12664,7268,full,328.57,68.83
18372,3952,legal,46.13,1.71
11194,4223,breakdown,16.89,4.54
19507,8395,legal,25.0,1.71
19469,2813,legal,25.0,1.71
16611,7106,full,238.91,50.05
25092,6973,legal,25.0,1.71
24848,1244,full,485.0,101.6
11214,7442,breakdown,16.89,4.54
20395,5331,legal,46.13,1.71
6568,7041,breakdown,16.89,4.54
10909,7824,breakdown,16.89,4.54
12233,469,legal,46.13,1.71
4762,9538,breakdown,22.9,5.09
6202,9201,full,273.01,57.19
18952,948,legal,25.0,1.71
9522,7985,legal,37.5,2.02
24423,5271,breakdown,22.9,5.09
17009,3327,full,443.96,93.0
12876,4340,breakdown,16.89,4.54
14154,4374,legal,37.5,2.02
25852,9342,full,666.21,139.56
10747,4816,breakdown,16.89,4.54
833,8103,breakdown,22.9,5.09
18079,806,breakdown,32.4,6.5
7310,2912,breakdown,16.89,4.54
11689,6119,breakdown,16.89,4.54
20180,7922,full,289.65,60.68
19963,2397,full,204.12,42.76
2670,7565,breakdown,16.89,4.54
22414,5286,full,303.74,63.63
27401,3164,full,101.2,21.2
4858,218,breakdown,22.9,5.09
132,3378,full,387.33,81.14
14111,8142,full,251.73,52.73
26018,2135,full,598.08,125.29
11821,5468,full,186.63,39.1
1888,8706,legal,25.0,1.71
20603,6773,legal,37.5,2.02
29656,9907,legal,25.0,1.71
16848,6074,breakdown,16.89,4.54
2374,214,full,101.2,21.2
22146,8750,full,139.15,29.15
4593,9625,full,242.99,50.9
7700,7886,breakdown,16.89,4.54
11813,2822,full,405.49,84.95
1009,9241,breakdown,16.89,4.54
20063,2611,legal,25.0,1.71
2534,5945,breakdown,16.89,4.54
3301,2216,legal,37.5,2.02
11353,2082,legal,25.0,1.71
9542,8277,breakdown,16.89,4.54
28753,4228,full,224.52,47.04
9682,5642,legal,46.13,1.71
28686,8132,legal,25.0,1.71
10044,3735,breakdown,22.9,5.09
29609,2043,full,360.59,75.54
27822,1180,breakdown,16.89,4.54
11,7286,legal,25.0,1.71
16101,5325,full,546.53,114.49
21782,9842,full,152.23,31.89
4383,7267,breakdown,16.89,4.54
29709,4804,breakdown,16.89,4.54
17118,3774,legal,25.0,1.71
3538,4937,full,546.4,114.47
12231,1407,breakdown,16.89,4.54
11718,1857,full,740.81,155.19
14261,1608,legal,25.0,1.71
14383,3735,legal,37.5,2.02
4716,6202,legal,25.0,1.71
27288,8428,breakdown,16.89,4.54
27065,2233,breakdown,16.89,4.54
12501,7388,legal,25.0,1.71
1141,4382,full,971.47,203.51
12096,2716,full,275.85,57.79
19722,9693,legal,45.0,2.08
17482,9011,breakdown,22.9,5.09
1467,980,full,321.29,67.31
13422,1544,breakdown,16.89,4.54
6094,199,breakdown,16.89,4.54
21672,4858,full,251.87,52.77
8623,2796,legal,25.0,1.71
9491,1111,full,483.24,101.23
25302,4407,legal,25.0,1.71
27055,5889,breakdown,16.89,4.54
9765,1964,legal,25.0,1.71
1992,5375,breakdown,22.9,5.09
6954,6737,breakdown,16.89,4.54
16477,296,full,171.53,35.94
29921,6775,full,173.94,36.44
19949,2055,breakdown,16.89,4.54
24019,783,legal,69.23,2.27
28284,6557,full,731.37,153.22
10092,5516,legal,25.0,1.71
22840,9977,full,262.04,54.89
21466,3737,legal,25.0,1.71
12322,8646,full,915.24,191.73
9756,5696,full,226.34,47.42
5499,5055,legal,25.0,1.71
6232,8374,breakdown,16.89,4.54
27444,6602,breakdown,16.89,4.54
6476,4488,breakdown,22.9,5.09
20127,3256,full,402.13,84.24
17408,1976,full,393.36,82.4
5543,5315,breakdown,16.89,4.54
5179,5952,legal,25.0,1.71
10641,6974,breakdown,16.89,4.54
23017,2653,full,283.37,59.36
11558,6565,breakdown,16.89,4.54
28618,4754,breakdown,22.9,5.09
23212,6386,breakdown,16.89,4.54
7963,4333,full,504.98,105.79
4082,8835,breakdown,16.89,4.54
4960,1354,full,345.17,72.31
26320,9261,breakdown,16.89,4.54
14471,5444,breakdown,16.89,4.54
2626,4597,legal,45.0,2.08
600,9187,full,783.46,164.12
23958,2524,full,132.83,27.83
13991,3896,full,381.84,79.99
26547,983,legal,25.0,1.71
9160,9955,legal,46.13,1.71
13522,6640,full,355.77,74.53
12605,8924,breakdown,16.89,4.54
14989,6505,full,512.53,107.37
12981,2352,full,152.23,31.89
1866,1434,breakdown,25.9,5.91
28947,7098,breakdown,22.9,5.09
21103,5117,legal,37.5,2.02
23537,90,full,356.06,74.59
9392,8973,full,370.66,77.65
25362,6915,legal,25.0,1.71
9903,7197,breakdown,16.89,4.54
3587,2367,breakdown,16.89,4.54
18469,9202,legal,25.0,1.71
6841,7336,breakdown,22.9,5.09
19233,271,legal,25.0,1.71
25138,829,legal,37.5,2.02
21513,3795,breakdown,16.89,4.54
22540,486,breakdown,16.89,4.54
17951,1349,breakdown,16.89,4.54
19268,8819,full,304.22,63.73
1607,5616,breakdown,16.89,4.54
14256,8312,breakdown,16.89,4.54
4759,957,legal,25.0,1.71
19767,6062,full,474.97,99.5
27537,2422,breakdown,16.89,4.54
23755,2819,full,152.23,31.89
24267,8196,breakdown,16.89,4.54
17162,1107,legal,25.0,1.71
28807,8434,legal,25.0,1.71
7645,511,breakdown,16.89,4.54
5026,3447,breakdown,16.89,4.54
29852,763,legal,25.0,1.71
10310,4460,breakdown,16.89,4.54
17839,5137,legal,46.13,1.71
4159,3723,breakdown,22.9,5.09
10089,6001,full,234.28,49.08
19112,6042,full,206.06,43.17
4730,4461,full,576.01,120.67
6629,6268,breakdown,16.89,4.54
20608,363,breakdown,22.9,5.09
17126,4164,legal,25.0,1.71
27416,1072,breakdown,16.89,4.54
29769,1281,breakdown,16.89,4.54
14635,9671,breakdown,22.9,5.09
8155,53,breakdown,16.89,4.54
19948,8564,legal,46.13,1.71
13545,5918,full,549.66,115.15
11402,4427,legal,25.0,1.71
9406,1811,breakdown,16.89,4.54
16676,5849,breakdown,16.89,4.54
2690,5002,breakdown,22.9,5.09
2165,255,full,314.39,65.86
4291,8300,full,809.85,169.65
29089,2034,legal,25.0,1.71
3482,9750,legal,37.5,2.02
12498,3639,legal,25.0,1.71
3653,5779,legal,25.0,1.71
21341,5871,breakdown,22.9,5.09
357,5188,breakdown,16.89,4.54
17995,4222,full,152.23,31.89
4961,5811,breakdown,16.89,4.54
6354,1234,breakdown,16.89,4.54
11824,4757,full,544.42,114.05
6074,1017,breakdown,16.89,4.54
27909,9270,breakdown,16.89,4.54
15624,5584,legal,25.0,1.71
8301,2029,full,177.16,37.11
14757,2200,full,230.42,48.27
23908,8775,breakdown,25.9,5.91
17315,6171,legal,46.13,1.71
21652,8870,breakdown,22.9,5.09
7928,9635,breakdown,16.89,4.54
14594,6978,legal,25.0,1.71
3016,4282,breakdown,16.89,4.54
27598,3859,legal,25.0,1.71
21263,5833,legal,25.0,1.71
22695,9107,legal,25.0,1.71
27286,1345,breakdown,16.89,4.54
3946,4268,full,634.86,133.0
7061,3137,full,236.54,49.55
11310,5999,full,196.91,41.25
23294,1542,full,277.14,58.06
17579,6696,full,101.2,21.2
11647,8228,breakdown,16.89,4.54
16050,4791,breakdown,16.89,4.54
24876,2198,legal,25.0,1.71
29733,7603,breakdown,16.89,4.54
22284,5621,full,171.97,36.03
2197,8454,breakdown,16.89,4.54
22820,21,full,184.61,38.67
27397,1255,legal,25.0,1.71
16149,1694,breakdown,16.89,4.54
1633,9460,legal,25.0,1.71
12756,3912,full,584.42,122.43
1694,9390,breakdown,16.89,4.54
1747,6477,full,300.01,62.85
29403,2430,full,480.7,100.7
17519,7762,legal,25.0,1.71
16873,9108,legal,25.0,1.71
25314,7719,breakdown,22.9,5.09
16872,5690,breakdown,16.89,4.54
17871,3040,legal,25.0,1.71
20604,9680,legal,25.0,1.71
1778,6635,legal,37.5,2.02
14518,3112,full,432.24,90.55
1397,3509,legal,25.0,1.71
9921,7084,legal,25.0,1.71
25368,4762,legal,25.0,1.71
10536,8610,legal,25.0,1.71
26497,5251,full,1063.0,222.69
2088,9357,legal,25.0,1.71
16697,714,full,692.43,145.05
26790,9278,breakdown,16.89,4.54
12183,4670,legal,37.5,2.02
27499,4151,legal,25.0,1.71
5738,7143,full,361.57,75.74
14362,9126,full,652.14,136.62
4749,5060,legal,25.0,1.71
18519,3856,full,390.29,81.76
2153,1124,breakdown,16.89,4.54
17983,3665,legal,25.0,1.71
18872,2044,legal,25.0,1.71
18936,6517,full,307.83,64.49
9502,4535,full,650.7,136.31
23030,3402,legal,25.0,1.71
20371,2219,breakdown,22.9,5.09
9985,9586,full,101.2,21.2
16592,2889,breakdown,16.89,4.54
7299,2008,full,346.18,72.52
22896,7294,legal,25.0,1.71
19047,8974,full,265.89,55.7
25972,6779,legal,46.13,1.71
16767,1522,full,371.83,77.89
29710,5965,legal,25.0,1.71
22452,2632,full,198.57,41.6
26563,7590,legal,25.0,1.71
1781,8994,full,182.77,38.29
13219,3401,legal,25.0,1.71
24707,7840,breakdown,22.9,5.09
8922,1827,legal,92.32,2.83
481,903,breakdown,16.89,4.54
10061,3885,full,221.34,46.37
13997,95,legal,37.5,2.02
21542,3805,breakdown,16.89,4.54
6166,417,breakdown,22.9,5.09
11328,5358,legal,25.0,1.71
29103,489,legal,45.0,2.08
13633,9509,full,658.21,137.88
13366,2791,breakdown,16.89,4.54
12347,9472,breakdown,16.89,4.54
14027,6826,legal,25.0,1.71
12088,5913,breakdown,16.89,4.54
1485,123,breakdown,16.89,4.54
5414,7323,full,835.62,175.05
13166,6306,breakdown,16.89,4.54
1646,8673,legal,25.0,1.71
26058,7060,full,169.37,35.48
2441,4380,full,172.87,36.22
17833,3473,breakdown,16.89,4.54
7782,3445,full,195.37,40.93
11369,6831,legal,25.0,1.71
11016,2046,full,717.57,150.32
10140,4346,breakdown,22.9,5.09
13741,3940,legal,25.0,1.71
23465,2892,breakdown,16.89,4.54
8844,375,legal,25.0,1.71
13027,5108,breakdown,22.9,5.09
19190,372,legal,25.0,1.71
7574,689,legal,25.0,1.71
20751,1809,legal,25.0,1.71
29184,4723,legal,25.0,1.71
21676,6172,legal,46.13,1.71
11216,9082,legal,25.0,1.71
21421,1714,legal,25.0,1.71
11888,5765,full,218.14,45.7
24261,2168,legal,37.5,2.02
6415,8262,breakdown,16.89,4.54
10073,4482,breakdown,16.89,4.54
14257,2655,breakdown,16.89,4.54
27034,9649,breakdown,16.89,4.54
17096,918,full,179.7,37.64
28413,8954,legal,25.0,1.71
8872,6357,full,1187.06,248.67
17262,6697,legal,25.0,1.71
13618,1647,breakdown,16.89,4.54
949,5022,full,101.2,21.2
19177,8715,legal,25.0,1.71
5044,4104,full,425.62,89.16
8687,3353,breakdown,16.89,4.54
17055,65,legal,25.0,1.71
6380,4523,legal,45.0,2.08
14304,694,full,219.9,46.06
794,8911,full,1195.44,250.43
20816,9748,full,540.65,113.26
19336,1171,full,171.53,35.94
18161,5880,breakdown,16.89,4.54
4521,8381,legal,37.5,2.02
23103,3660,legal,25.0,1.71
14109,2615,breakdown,16.89,4.54
21441,4853,breakdown,16.89,4.54
13660,736,breakdown,16.89,4.54
8686,4061,breakdown,16.89,4.54
1097,4342,full,193.73,40.58
19829,4786,breakdown,16.89,4.54
20310,9097,breakdown,16.89,4.54
21808,3971,full,224.74,47.08
20386,7411,full,171.97,36.03
27679,9845,full,465.81,97.58
28643,9562,legal,25.0,1.71
5571,2902,legal,46.13,1.71
25351,3820,breakdown,22.9,5.09
13269,6560,breakdown,16.89,4.54
8019,2787,full,713.29,149.43
23199,9045,full,250.04,52.38
11252,3956,breakdown,16.89,4.54
18533,6933,breakdown,16.89,4.54
6268,5312,legal,25.0,1.71
18749,2560,legal,25.0,1.71
29772,5117,breakdown,22.9,5.09
20006,5372,legal,25.0,1.71
17479,951,breakdown,22.9,5.09
28275,878,legal,46.13,1.71
15958,4572,legal,69.23,2.27
21773,5982,legal,69.23,2.27
23296,2686,full,239.94,50.27
10644,6607,full,287.25,60.18
9861,5231,full,593.79,124.39
26876,6022,breakdown,16.89,4.54
13284,7290,full,1273.59,266.8
24273,2195,legal,25.0,1.71
26597,1102,full,307.49,64.41
8051,3115,legal,25.0,1.71
14052,3671,legal,25.0,1.71
11799,6569,legal,25.0,1.71
19118,2599,legal,25.0,1.71
11940,6690,full,329.73,69.08
22811,9785,breakdown,16.89,4.54
17045,8847,full,147.36,30.87
9910,6877,full,910.73,190.78
29781,6072,full,1426.92,298.92
2282,6608,breakdown,22.9,5.09
24683,5887,legal,37.5,2.02
10495,4341,breakdown,16.89,4.54
7442,3370,full,316.17,66.23
8963,1536,breakdown,16.89,4.54
17033,2174,full,320.53,67.15
15641,5212,full,523.02,109.56
27035,4913,breakdown,22.9,5.09
17199,1287,full,152.63,31.98
502,5355,legal,25.0,1.71
25419,8358,breakdown,22.9,5.09
9912,3661,breakdown,22.9,5.09
2347,7696,breakdown,16.89,4.54
23828,1422,legal,25.0,1.71
22133,2310,legal,25.0,1.71
2349,5383,full,210.91,44.18
29618,1471,full,424.97,89.02
12256,2405,legal,25.0,1.71
6851,9462,breakdown,16.89,4.54
13691,605,legal,25.0,1.71
3822,5996,full,309.78,64.89
6538,8835,full,234.12,49.04
26344,5572,full,322.77,67.62
13334,225,legal,25.0,1.71
14116,4915,legal,25.0,1.71
17837,7849,full,250.47,52.47
15415,6868,breakdown,25.9,5.91
23478,926,breakdown,16.89,4.54
7677,7056,breakdown,16.89,4.54
4806,6426,breakdown,16.89,4.54
7730,7695,legal,69.23,2.27
14031,1828,legal,46.13,1.71
21547,8561,full,157.1,32.91
2645,3943,legal,46.13,1.71
13821,5481,legal,37.5,2.02
27412,7831,breakdown,16.89,4.54
1389,4045,breakdown,22.9,5.09
25090,4948,full,577.76,121.04
15938,8022,breakdown,16.89,4.54
19168,4570,full,766.88,160.65
15103,539,breakdown,16.89,4.54
27512,2816,full,493.19,103.32
28232,4765,full,384.32,80.51
6143,3497,full,469.36,98.33
23239,9172,legal,25.0,1.71
25520,2056,breakdown,16.89,4.54
29451,6166,legal,37.5,2.02
20953,4089,full,497.97,104.32
7192,240,legal,45.0,2.08
29292,754,breakdown,22.9,5.09
20538,371,legal,37.5,2.02
24576,2731,legal,25.0,1.71
27312,2201,legal,25.0,1.71
17849,1264,legal,25.0,1.71
3806,9755,breakdown,16.89,4.54
4117,7164,full,159.68,33.45
11380,3897,legal,25.0,1.71
12374,9210,legal,25.0,1.71
24046,8539,full,932.2,195.29
11589,1720,breakdown,32.4,6.5
5884,1125,legal,37.5,2.02
5696,5433,breakdown,16.89,4.54
3748,9468,full,384.32,80.51
4182,8058,legal,69.23,2.27
9393,7666,breakdown,16.89,4.54
15186,226,legal,37.5,2.02
18604,178,full,586.97,122.96
24956,8964,full,441.9,92.57
23407,4477,full,453.03,94.91
29002,3063,full,362.18,75.87
11385,5203,breakdown,22.9,5.09
11269,1624,legal,25.0,1.71
27945,6795,full,343.65,71.99
24874,5608,legal,25.0,1.71
2998,725,legal,25.0,1.71
5456,8758,breakdown,22.9,5.09
25361,3157,legal,37.5,2.02
264,7271,breakdown,16.89,4.54
25370,6452,full,152.23,31.89
6095,8638,breakdown,16.89,4.54
9791,5303,full,340.95,71.42
4572,4486,legal,25.0,1.71
9029,8575,full,211.46,44.3
29025,4323,legal,25.0,1.71
4414,9143,legal,37.5,2.02
2015,9449,breakdown,16.89,4.54
19017,8734,legal,25.0,1.71
115,879,breakdown,16.89,4.54
28035,2291,breakdown,16.89,4.54
24950,6174,breakdown,16.89,4.54
6466,5492,full,172.87,36.22
20880,3763,legal,25.0,1.71
9497,177,breakdown,22.9,5.09
28049,8521,breakdown,16.89,4.54
29283,4200,breakdown,22.9,5.09
2808,7208,breakdown,16.89,4.54
18509,4174,legal,69.23,2.27
16572,7582,legal,37.5,2.02
22627,6019,breakdown,22.9,5.09
11609,8295,full,417.54,87.47
27868,2928,legal,25.0,1.71
29157,7368,full,929.81,194.78
18413,7380,legal,25.0,1.71
3590,4072,legal,37.5,2.02
23147,7250,breakdown,22.9,5.09
25720,8680,legal,25.0,1.71
23376,3836,breakdown,16.89,4.54
19804,2810,breakdown,22.9,5.09
15976,3130,full,396.51,83.06
22240,3181,legal,37.5,2.02
5795,6102,legal,25.0,1.71
17696,8273,breakdown,22.9,5.09
19727,4308,breakdown,22.9,5.09
25451,6255,full,250.03,52.38
26335,53,legal,25.0,1.71
28417,7958,breakdown,16.89,4.54
3005,7804,full,358.4,75.08
4423,9035,full,352.9,73.93
3643,1909,full,773.23,161.99
241,1792,legal,25.0,1.71
651,3091,full,462.86,96.96
9402,4886,breakdown,22.9,5.09
22690,3632,full,248.52,52.06
24042,2427,legal,25.0,1.71
5759,4733,full,290.42,60.84
27977,3704,legal,69.23,2.27
2129,160,legal,25.0,1.71
3667,3899,breakdown,16.89,4.54
3585,1995,full,259.5,54.36
19180,6187,full,473.67,99.23
7146,89,breakdown,16.89,4.54
8162,1497,full,820.25,171.83
2853,8017,full,208.56,43.69
23669,7503,legal,25.0,1.71
7259,5979,full,537.22,112.54
1626,4417,legal,37.5,2.02
3927,65,full,327.2,68.55
17604,2021,breakdown,22.9,5.09
8552,7978,full,251.73,52.73
28742,1357,legal,25.0,1.71
19306,1856,legal,25.0,1.71
5309,2280,breakdown,22.9,5.09
17,3202,breakdown,16.89,4.54
27298,6564,full,546.63,114.51
25476,7951,breakdown,16.89,4.54
14302,1359,legal,30.0,1.71
28401,6221,legal,46.13,1.71
4251,2179,legal,37.5,2.02
450,34,breakdown,16.89,4.54
2814,4573,full,152.23,31.89
20715,5651,legal,37.5,2.02
29273,5558,full,280.87,58.84
11962,7184,full,225.41,47.22
23607,4700,legal,25.0,1.71
19675,8110,legal,25.0,1.71
2765,6293,legal,37.5,2.02
6891,679,full,250.47,52.47
21436,2091,breakdown,22.9,5.09
14297,6511,full,822.86,172.38
15995,1769,legal,25.0,1.71
9094,695,full,308.26,64.58
29352,6345,breakdown,16.89,4.54
28257,9808,legal,25.0,1.71
21417,9251,breakdown,16.89,4.54
15272,9598,legal,46.13,1.71
4505,26,legal,25.0,1.71
24144,9874,legal,46.13,1.71
21335,7558,full,201.91,42.3
25940,6319,breakdown,16.89,4.54
3027,1290,full,428.02,89.67
10534,2812,breakdown,16.89,4.54
11319,8155,breakdown,16.89,4.54
19947,7453,full,373.67,78.28
26766,4110,full,305.18,63.93
16552,2771,breakdown,22.9,5.09
28858,1466,breakdown,16.89,4.54
17650,34,full,281.31,58.93
28023,7464,legal,25.0,1.71
7470,7733,breakdown,16.89,4.54
29191,3908,legal,25.0,1.71
23788,8423,legal,46.13,1.71
8693,3368,breakdown,16.89,4.54
14791,2874,full,399.37,83.66
28062,5709,full,192.3,40.28
7232,3165,breakdown,22.9,5.09
10339,2235,breakdown,16.89,4.54
15541,4239,legal,37.5,2.02
18031,823,breakdown,22.9,5.09
23663,6676,breakdown,22.9,5.09
1513,9812,breakdown,16.89,4.54
3324,9915,breakdown,22.9,5.09
23805,5204,breakdown,22.9,5.09
21045,3122,full,248.44,52.04
23824,6830,breakdown,16.89,4.54
6961,8679,legal,25.0,1.71
17103,7136,full,235.22,49.27
25278,2183,full,427.79,89.62
2521,2675,legal,37.5,2.02
20409,1969,full,518.93,108.71
29060,6758,full,255.72,53.57
28151,3365,full,324.31,67.94
17913,6781,full,172.87,36.22
26329,5824,legal,25.0,1.71
22821,1458,legal,25.0,1.71
17806,2513,legal,46.13,1.71
18237,7324,legal,25.0,1.71
18190,2706,legal,46.13,1.71
6283,6561,breakdown,16.89,4.54
12414,8030,breakdown,16.89,4.54
13428,161,full,169.37,35.48
14161,6597,full,184.73,38.7
745,6018,legal,25.0,1.71
3835,4908,breakdown,16.89,4.54
6597,8818,full,263.57,55.22
12442,2649,legal,25.0,1.71
22342,4503,full,152.12,31.87
25086,7680,full,244.11,51.14
4952,6942,legal,46.13,1.71
7390,4776,breakdown,16.89,4.54
17684,1447,legal,25.0,1.71
26747,3378,breakdown,16.89,4.54
19484,5860,legal,46.13,1.71
16390,6535,full,224.97,47.13
11373,9830,legal,46.13,1.71
10573,3227,full,265.17,55.55
8377,4531,full,343.03,71.86
26813,5315,full,435.98,91.33
6573,6504,legal,46.13,1.71
20926,1634,full,142.2,29.79
28816,7574,full,211.4,44.29
6306,7694,breakdown,22.9,5.09
22197,3136,breakdown,16.89,4.54
27455,8450,breakdown,16.89,4.54
1043,4539,full,980.92,205.49
29408,1404,legal,46.13,1.71
4139,7702,breakdown,16.89,4.54
15434,8337,full,379.92,79.59
17410,1877,legal,25.0,1.71
13692,5911,legal,37.5,2.02
12631,6805,legal,46.13,1.71
16750,7095,legal,25.0,1.71
26944,3196,full,171.53,35.94
17907,3774,breakdown,16.89,4.54
5367,9901,full,603.27,126.37
6591,4488,full,375.23,78.6
4692,7005,breakdown,16.89,4.54
15747,7854,breakdown,25.9,5.91
6516,2220,legal,46.13,1.71
14909,2464,full,304.55,63.8
29309,8869,full,723.99,151.66
2083,1780,legal,25.0,1.71
26016,386,breakdown,16.89,4.54
6572,3563,breakdown,16.89,4.54
1609,7725,full,169.37,35.48
27797,3281,legal,25.0,1.71
2490,6826,full,269.87,56.53
17460,8559,full,502.47,105.26
20740,9401,full,426.89,89.43
4528,3056,legal,37.5,2.02
11209,8399,breakdown,16.89,4.54
9117,8395,full,340.08,71.24
24096,1805,full,209.17,43.82
1435,3152,full,471.6,98.79
7893,3195,full,138.82,29.08
4477,7490,legal,25.0,1.71
3669,6852,legal,37.5,2.02
26267,2391,legal,25.0,1.71
5161,135,legal,25.0,1.71
14265,2635,breakdown,16.89,4.54
2360,8674,breakdown,16.89,4.54
16362,3650,full,222.21,46.55
29139,6837,full,250.47,52.47
2181,5153,full,580.69,121.65
15605,9436,legal,37.5,2.02
16115,3630,full,303.04,63.48
12140,5995,full,152.63,31.98
25026,1672,legal,25.0,1.71
18627,4173,full,605.54,126.85
23732,382,breakdown,16.89,4.54
8663,9970,full,1219.86,255.55
537,1891,breakdown,22.9,5.09
3761,217,breakdown,16.89,4.54
13631,1713,breakdown,16.89,4.54
20734,1344,legal,46.13,1.71
13841,4848,legal,25.0,1.71
670,5786,legal,25.0,1.71
6099,3863,full,441.67,92.53
5979,7149,breakdown,16.89,4.54
16932,9486,breakdown,16.89,4.54
29358,3,breakdown,16.89,4.54
19072,8090,breakdown,16.89,4.54
17781,6807,full,377.45,79.07
23759,1875,breakdown,16.89,4.54
24143,948,full,152.63,31.98
13846,8245,breakdown,16.89,4.54
4518,6425,legal,25.0,1.71
6307,9197,legal,25.0,1.71
23359,3936,breakdown,16.89,4.54
4877,6333,breakdown,16.89,4.54
16030,8241,legal,37.5,2.02
29739,5371,full,440.77,92.34
23244,966,full,150.32,31.49
556,5173,full,313.16,65.61
4538,6473,breakdown,32.4,6.5
21366,4921,legal,25.0,1.71
27266,9318,full,286.25,59.97
27391,1746,full,455.95,95.51
11931,4521,breakdown,16.89,4.54
5123,1441,full,195.76,41.01
8745,5638,breakdown,16.89,4.54
22744,2652,breakdown,16.89,4.54
7977,2286,full,359.02,75.21
72,6651,breakdown,16.89,4.54
16892,5919,legal,37.5,2.02
21467,813,full,261.31,54.74
21203,7158,legal,37.5,2.02
13550,4358,full,101.2,21.2
20738,502,legal,46.13,1.71
25542,7993,breakdown,16.89,4.54
12867,6584,legal,25.0,1.71
22344,1580,legal,25.0,1.71
13352,5229,breakdown,22.9,5.09
7041,4642,breakdown,22.9,5.09
7985,1996,legal,25.0,1.71
14459,3431,breakdown,16.89,4.54
27167,5169,breakdown,16.89,4.54
3825,3004,breakdown,32.4,6.5
23241,3597,breakdown,16.89,4.54
21227,5857,breakdown,22.9,5.09
18085,6179,breakdown,22.9,5.09
11268,5692,full,375.33,78.62
28615,9922,breakdown,16.89,4.54
13548,7864,breakdown,16.89,4.54
4055,604,legal,37.5,2.02
9,86,breakdown,16.89,4.54
23496,450,legal,25.0,1.71
27088,2817,legal,25.0,1.71
26048,4409,legal,25.0,1.71
25613,7179,breakdown,22.9,5.09
25274,9579,full,532.73,111.6
29098,4717,full,411.81,86.27
9879,5846,full,247.13,51.77
13278,4129,legal,25.0,1.71
28798,1611,legal,37.5,2.02
25283,1079,legal,25.0,1.71
23387,3667,full,150.32,31.49
18235,1059,breakdown,22.9,5.09
486,6739,full,340.49,71.33
28068,9566,full,267.12,55.96
18187,949,breakdown,16.89,4.54
29826,6605,breakdown,16.89,4.54
631,6955,breakdown,16.89,4.54
28323,9285,full,423.13,88.64
25094,8286,full,477.83,100.1
16700,9571,legal,25.0,1.71
29577,9740,full,384.59,80.57
19692,3110,legal,37.5,2.02
1510,9758,legal,25.0,1.71
16958,5992,breakdown,16.89,4.54
16479,9083,breakdown,16.89,4.54
9338,4227,legal,25.0,1.71
15544,5180,breakdown,22.9,5.09
23360,4038,breakdown,22.9,5.09
10066,4976,legal,46.13,1.71
22764,4027,breakdown,16.89,4.54
26212,2267,full,314.13,65.81
1526,1570,full,222.66,46.64
19293,8703,legal,25.0,1.71
8419,1623,breakdown,16.89,4.54
22567,3377,full,269.45,56.45
8883,9322,breakdown,16.89,4.54
25047,3472,breakdown,16.89,4.54
16659,5782,full,250.21,52.42
7854,7014,full,239.9,50.26
13638,7262,breakdown,22.9,5.09
5420,5857,legal,37.5,2.02
12586,7959,breakdown,16.89,4.54
1458,9111,breakdown,22.9,5.09
18307,650,breakdown,16.89,4.54
15077,4900,legal,25.0,1.71
15303,1027,full,115.46,24.19
16255,720,full,316.68,66.34
2292,5914,legal,25.0,1.71
17555,1848,full,255.86,53.6
7659,9527,legal,46.13,1.71
5445,5508,legal,30.0,1.71
9390,8403,legal,25.0,1.71
20263,2027,breakdown,16.89,4.54
4060,6280,full,224.89,47.11
15537,3657,breakdown,16.89,4.54
11514,244,breakdown,16.89,4.54
25415,3157,full,530.37,111.11
27910,3638,breakdown,16.89,4.54
14805,5914,breakdown,16.89,4.54
1738,1551,full,232.42,48.69
27479,7564,breakdown,16.89,4.54
9023,3241,full,328.22,68.76
7983,9798,full,196.29,41.12
15228,7270,legal,25.0,1.71
10912,3806,legal,37.5,2.02
20584,9379,breakdown,22.9,5.09
24810,7978,legal,25.0,1.71
28450,348,full,156.6,32.8
2207,3959,full,101.2,21.2
28040,6606,legal,25.0,1.71
26863,2130,breakdown,16.89,4.54
7819,7139,breakdown,16.89,4.54
4507,111,full,403.48,84.52
27872,5904,full,194.69,40.78
17527,8714,full,543.31,113.82
22402,2496,breakdown,16.89,4.54
6125,9361,legal,25.0,1.71
29645,8153,breakdown,16.89,4.54
29839,8427,legal,25.0,1.71
1977,6806,legal,25.0,1.71
29728,8626,legal,25.0,1.71
29043,6100,legal,25.0,1.71
11066,4573,breakdown,16.89,4.54
12309,1715,breakdown,16.89,4.54
10397,3565,full,348.53,73.01
25194,1499,legal,25.0,1.71
9717,576,full,239.25,50.12
12010,8284,full,436.88,91.52
8460,5021,full,150.32,31.49
642,2212,full,979.92,205.28
5504,2408,legal,25.0,1.71
1228,3846,full,255.84,53.6
15334,3003,legal,25.0,1.71
2336,1688,breakdown,16.89,4.54
10178,3465,breakdown,16.89,4.54
21382,8889,breakdown,22.9,5.09
13275,1203,legal,25.0,1.71
21979,9996,breakdown,16.89,4.54
10854,9423,full,674.42,141.28
17643,9074,breakdown,16.89,4.54
8086,3825,full,306.7,64.25
519,5908,breakdown,22.9,5.09
8938,5591,breakdown,16.89,4.54
22361,6966,breakdown,16.89,4.54
8117,396,full,550.1,115.24
26489,6060,full,354.22,74.21
23698,6957,full,125.14,26.22
27242,5987,full,269.58,56.48
26675,2792,breakdown,25.9,5.91
17421,969,breakdown,16.89,4.54
17058,9586,breakdown,22.9,5.09
2691,9991,full,548.86,114.98
18058,8011,full,378.75,79.34
7820,5626,breakdown,16.89,4.54
20689,9931,legal,37.5,2.02
309,5600,legal,25.0,1.71
8197,5053,legal,45.0,2.08
27244,7553,full,101.2,21.2
22107,279,breakdown,16.89,4.54
18212,7095,full,631.55,132.3
6797,9370,breakdown,16.89,4.54
28142,5640,legal,46.13,1.71
21383,9128,legal,37.5,2.02
7113,3384,full,378.46,79.28
11843,7095,breakdown,16.89,4.54
27131,1690,full,371.98,77.93
1590,6170,full,323.83,67.84
2505,3157,breakdown,22.9,5.09
2027,1329,breakdown,16.89,4.54
20097,2370,breakdown,22.9,5.09
23749,4724,breakdown,22.9,5.09
19922,6686,legal,25.0,1.71
27047,6853,legal,25.0,1.71
25601,2813,full,192.3,40.28
18089,8041,breakdown,16.89,4.54
15021,860,breakdown,16.89,4.54
6589,10,full,262.5,54.99
22938,9053,full,101.2,21.2
20947,7357,full,301.14,63.09
14782,8725,full,126.11,26.42
26349,9036,breakdown,16.89,4.54
4792,8831,full,632.92,132.59
19899,9328,full,705.88,147.87
16322,7405,legal,46.13,1.71
14030,6971,legal,25.0,1.71
19758,6942,full,101.2,21.2
28194,4092,legal,25.0,1.71
18698,1635,legal,25.0,1.71
14983,644,breakdown,16.89,4.54
28165,4058,full,288.58,60.45
26342,460,full,190.09,39.82
28796,3058,breakdown,22.9,5.09
779,966,breakdown,16.89,4.54
9980,8386,full,525.3,110.04
28555,1374,legal,25.0,1.71
20244,4638,full,297.28,62.28
22500,7836,breakdown,16.89,4.54
1729,9878,full,600.7,125.84
17107,1871,legal,69.23,2.27
10937,6997,full,230.71,48.33
191,3626,legal,46.13,1.71
7769,5246,breakdown,22.9,5.09
4029,3872,legal,37.5,2.02
18067,3661,full,310.36,65.02
8885,8645,breakdown,16.89,4.54
2553,826,legal,25.0,1.71
23967,1590,legal,25.0,1.71
9444,172,breakdown,16.89,4.54
26683,1931,full,537.82,112.67
18073,3520,breakdown,16.89,4.54
23923,241,breakdown,22.9,5.09
27227,9012,breakdown,16.89,4.54
4950,4738,full,606.01,126.95
28200,7050,breakdown,22.9,5.09
16642,1668,full,754.11,157.97
23879,2872,full,339.64,71.15
20670,7678,legal,30.0,1.71
3707,8264,legal,30.0,1.71
26526,2261,legal,37.5,2.02
637,862,legal,37.5,2.02
23509,2439,full,101.2,21.2
29712,3812,full,543.26,113.8
11010,96,breakdown,16.89,4.54
13295,6824,full,314.13,65.8
16286,347,full,245.59,51.45
8570,6604,breakdown,16.89,4.54
10186,9380,legal,25.0,1.71
26537,4712,legal,25.0,1.71
2302,8194,full,304.36,63.76
19464,6071,breakdown,22.9,5.09
17271,4214,full,379.5,79.5
13033,6439,legal,25.0,1.71
3055,8436,legal,37.5,2.02
10944,5813,legal,69.23,2.27
11875,4749,legal,46.13,1.71
5245,6362,full,406.64,85.18
155,9520,full,244.2,51.16
26606,7777,full,436.45,91.43
13120,3320,full,192.4,40.31
2369,9001,breakdown,16.89,4.54
32,700,breakdown,22.9,5.09
15398,1256,full,376.59,78.89
1462,3575,legal,69.23,2.27
24420,4913,full,484.98,101.6
2340,3517,full,310.16,64.97
22457,8320,legal,25.0,1.71
19255,8955,legal,25.0,1.71
23371,7556,breakdown,16.89,4.54
25766,3815,legal,25.0,1.71
18038,1691,breakdown,22.9,5.09
6091,8948,legal,25.0,1.71
19094,8965,full,741.92,155.42
6668,4174,breakdown,16.89,4.54
24865,9229,legal,46.13,1.71
17699,8829,full,260.47,54.57
3817,1283,breakdown,16.89,4.54
29783,4411,legal,25.0,1.71
22366,7395,legal,46.13,1.71
8188,8487,legal,25.0,1.71
16847,2682,breakdown,32.4,6.5
22005,7504,legal,25.0,1.71
5574,6366,legal,37.5,2.02
6175,6977,breakdown,22.9,5.09
16169,6905,breakdown,16.89,4.54
16822,3210,full,589.89,123.57
27177,3169,breakdown,16.89,4.54
22699,9619,full,327.58,68.62
29682,7871,legal,25.0,1.71
19116,1773,full,470.91,98.65
20071,3710,breakdown,22.9,5.09
3402,5706,breakdown,16.89,4.54
17972,5764,full,410.97,86.09
8542,8491,breakdown,16.89,4.54
18146,3657,full,172.87,36.22
7215,6939,breakdown,16.89,4.54
25150,8054,legal,25.0,1.71
5457,5876,legal,37.5,2.02
19314,9717,legal,37.5,2.02
4233,4306,breakdown,16.89,4.54
11123,8452,full,462.34,96.85
10628,6583,legal,69.23,2.27
23969,6410,full,163.89,34.34
18082,4459,legal,46.13,1.71
28325,3489,full,292.25,61.22
21216,8367,full,215.55,45.15
26047,2525,full,169.37,35.48
16650,5112,breakdown,16.89,4.54
7776,8366,full,244.73,51.27
23052,9065,full,346.67,72.62
4321,6254,breakdown,16.89,4.54
14214,309,legal,25.0,1.71
8502,3462,full,103.24,21.63
19153,6173,legal,25.0,1.71
3409,9424,legal,25.0,1.71
17209,1809,breakdown,16.89,4.54
27342,2724,full,251.73,52.73
23242,4294,full,145.81,30.54
19345,2093,legal,25.0,1.71
19644,4601,breakdown,16.89,4.54
14463,2695,breakdown,22.9,5.09
3901,2607,breakdown,16.89,4.54
26196,6077,legal,25.0,1.71
20391,8849,legal,46.13,1.71
15435,7197,full,115.66,24.23
12197,6517,legal,25.0,1.71
13720,9179,full,995.96,208.64
9257,9658,legal,46.13,1.71
25083,5633,full,199.28,41.75
6126,5422,breakdown,22.9,5.09
20574,7502,legal,25.0,1.71
29730,6644,legal,25.0,1.71
26706,4872,breakdown,16.89,4.54
28695,5113,full,332.4,69.63
7762,3315,legal,25.0,1.71
22437,7222,legal,25.0,1.71
1401,8253,breakdown,16.89,4.54
1289,3129,breakdown,22.9,5.09
25433,883,breakdown,16.89,4.54
1871,2726,full,232.12,48.62
9385,5633,legal,25.0,1.71
20010,9385,legal,37.5,2.02
3586,298,full,486.63,101.94
24478,3964,legal,25.0,1.71
11570,852,legal,25.0,1.71
15918,5939,breakdown,22.9,5.09
13744,6780,legal,25.0,1.71
18383,9295,legal,25.0,1.71
431,1010,legal,25.0,1.71
12653,7039,breakdown,16.89,4.54
22980,1315,full,303.43,63.57
3556,4244,full,172.87,36.22
28909,7794,full,269.09,56.37
13370,6213,breakdown,16.89,4.54
15445,1866,full,251.73,52.73
26250,1140,legal,37.5,2.02
3282,9694,breakdown,16.89,4.54
27213,1176,legal,37.5,2.02
1256,4681,legal,46.13,1.71
15073,6550,legal,25.0,1.71
9276,5662,legal,37.5,2.02
17857,3826,breakdown,22.9,5.09
15542,1253,breakdown,16.89,4.54
20520,3783,legal,25.0,1.71
24431,7166,legal,25.0,1.71
20647,9905,full,132.83,27.83
11963,4539,breakdown,25.9,5.91
4066,7877,full,406.42,85.14
718,2526,breakdown,22.9,5.09
26170,9013,legal,25.0,1.71
22439,4076,breakdown,16.89,4.54
22154,9183,breakdown,22.9,5.09
5787,4481,legal,25.0,1.71
24712,7332,full,389.77,81.65
15964,3588,full,1274.98,267.09
27648,9645,legal,25.0,1.71
25775,4435,breakdown,16.89,4.54
8084,1754,legal,37.5,2.02
16211,9959,legal,69.23,2.27
25258,9783,breakdown,16.89,4.54
22317,7210,full,402.38,84.29
1994,3990,legal,25.0,1.71
2597,5116,legal,37.5,2.02
25529,541,legal,37.5,2.02
14567,6156,breakdown,25.9,5.91
22142,9627,legal,25.0,1.71
13482,8340,breakdown,16.89,4.54
28738,7888,full,316.78,66.36
25826,6436,breakdown,16.89,4.54
4011,5381,breakdown,25.9,5.91
20728,5256,breakdown,22.9,5.09
22119,4162,full,396.32,83.02
28847,6313,full,692.83,145.14
13051,1292,full,751.43,157.41
12298,6570,breakdown,16.89,4.54
16139,675,legal,45.0,2.08
23769,5139,full,552.53,115.75
26403,4409,full,732.5,153.45
12675,2350,full,608.23,127.42
13016,5807,breakdown,16.89,4.54
3718,1155,breakdown,,4.54
21642,5371,breakdown,16.89,4.54
10951,4634,full,248.59,52.08
16566,4083,breakdown,16.89,4.54
9854,3724,full,438.93,91.95
17771,4672,full,152.23,31.89
25643,6399,legal,25.0,1.71
25010,239,full,698.57,146.34
17464,7568,breakdown,16.89,4.54
2299,7754,breakdown,16.89,4.54
29646,3958,full,369.04,77.31
28583,9544,legal,25.0,1.71
2587,4326,breakdown,16.89,4.54
22965,2710,legal,25.0,1.71
5608,3620,legal,25.0,1.71
16311,2930,full,402.87,84.4
29018,8968,breakdown,16.89,4.54
20295,2808,legal,25.0,1.71
6258,8128,legal,25.0,1.71
6168,3374,breakdown,22.9,5.09
29779,8878,breakdown,22.9,5.09
19184,9796,legal,25.0,1.71
6852,7181,full,255.75,53.58
25268,14,legal,37.5,2.02
11796,1615,breakdown,16.89,4.54
6332,75,legal,25.0,1.71
22223,6376,full,451.66,94.62
21293,2992,full,169.37,35.48
16532,5233,full,654.5,137.11
7508,6620,breakdown,16.89,4.54
13838,8713,legal,46.13,1.71
6295,8058,breakdown,22.9,5.09
12598,4510,legal,25.0,1.71
15934,7951,legal,46.13,1.71
6256,8142,legal,25.0,1.71
12523,7373,breakdown,16.89,4.54
6330,4796,breakdown,22.9,5.09
18380,4133,legal,25.0,1.71
24300,448,legal,25.0,1.71
10187,6727,legal,25.0,1.71
15630,189,full,101.2,21.2
29562,1488,breakdown,16.89,4.54
11160,1078,breakdown,16.89,4.54
28824,3356,full,437.53,91.66
9435,1295,breakdown,16.89,4.54
8431,1288,legal,25.0,1.71
5839,6050,legal,25.0,1.71
6647,5449,breakdown,16.89,4.54
2395,8896,legal,25.0,1.71
14675,8988,breakdown,16.89,4.54
29537,4822,legal,25.0,1.71
18461,6368,full,383.06,80.25
6073,6682,legal,69.23,2.27
7520,2427,breakdown,16.89,4.54
4582,3267,breakdown,16.89,4.54
8298,5159,legal,46.13,1.71
28771,3824,full,381.4,79.9
12487,2699,full,216.11,45.28
10206,9274,legal,30.0,1.71
28215,1906,breakdown,16.89,4.54
27089,4818,breakdown,16.89,4.54
19015,16,breakdown,16.89,4.54
27234,2983,legal,25.0,1.71
28739,2534,breakdown,22.9,5.09
12267,569,breakdown,16.89,4.54
9813,7358,breakdown,16.89,4.54
15705,1761,breakdown,22.9,5.09
24243,5709,legal,37.5,2.02
24864,2933,legal,37.5,2.02
27386,7961,legal,25.0,1.71
17526,5293,breakdown,16.89,4.54
8986,4285,legal,25.0,1.71
8985,325,breakdown,16.89,4.54
5950,2166,full,204.21,42.78
22727,5141,legal,25.0,1.71
19532,3501,legal,37.5,2.02
24651,9131,legal,37.5,2.02
13471,5185,breakdown,16.89,4.54
2637,2999,breakdown,16.89,4.54
23469,2706,breakdown,22.9,5.09
12420,3686,legal,25.0,1.71
20268,5367,full,177.5,37.18
20924,4175,legal,25.0,1.71
27762,2958,breakdown,16.89,4.54
7980,9378,breakdown,16.89,4.54
704,3270,breakdown,16.89,4.54
21777,5825,breakdown,16.89,4.54
25813,6511,breakdown,22.9,5.09
18295,5405,breakdown,16.89,4.54
12967,6644,full,172.87,36.22
9615,9421,legal,25.0,1.71
1476,6291,breakdown,16.89,4.54
13190,5478,full,185.61,38.89
23107,9279,full,211.34,44.27
2897,4783,legal,69.23,2.27
18185,4696,legal,25.0,1.71
7644,9290,legal,37.5,2.02
5849,4996,full,551.9,115.62
12246,7182,full,200.67,42.04
17956,8126,breakdown,32.4,6.5
308,4454,legal,25.0,1.71
28513,3472,legal,25.0,1.71
16377,4600,legal,25.0,1.71
26246,2419,breakdown,16.89,4.54
10274,8331,full,152.23,31.89
2622,859,breakdown,16.89,4.54
7198,4154,legal,25.0,1.71
26869,1182,breakdown,16.89,4.54
3771,5783,full,260.82,54.64
2401,7141,breakdown,16.89,4.54
15636,5815,full,879.82,184.31
5625,5122,legal,30.0,1.71
6696,3760,legal,25.0,1.71
993,1973,full,172.87,36.22
29766,5283,full,250.9,52.56
16244,2255,full,387.73,81.22
21928,8724,full,172.87,36.22
27066,9632,breakdown,16.89,4.54
8581,222,breakdown,16.89,4.54
29668,3567,legal,25.0,1.71
1706,8578,breakdown,22.9,5.09
16729,248,breakdown,16.89,4.54
14636,1056,breakdown,,4.54
4668,6095,full,171.53,35.93
24207,4835,full,201.04,42.12
4637,614,legal,25.0,1.71
591,6121,full,454.93,95.3
18660,5942,legal,25.0,1.71
17822,4517,breakdown,32.4,6.5
9638,3524,full,371.92,77.91
10995,2573,full,259.35,54.33
17961,834,breakdown,16.89,4.54
19787,721,full,331.23,69.39
20643,5059,breakdown,16.89,4.54
7257,2590,legal,25.0,1.71
17339,9548,full,452.05,94.7
16166,4405,breakdown,16.89,4.54
5923,8608,legal,46.13,1.71
17509,6203,breakdown,16.89,4.54
27128,9157,legal,25.0,1.71
11571,3722,legal,37.5,2.02
2845,3348,breakdown,16.89,4.54
3061,4596,breakdown,16.89,4.54
526,2583,legal,25.0,1.71
3486,7693,breakdown,16.89,4.54
25170,8698,full,198.74,41.64
3130,551,breakdown,22.9,5.09
28196,3192,legal,25.0,1.71
3369,2444,legal,37.5,2.02
15105,5891,full,667.06,139.74
28157,6425,breakdown,16.89,4.54
8034,4988,legal,37.5,2.02
20320,8328,legal,46.13,1.71
29332,1648,legal,37.5,2.02
29322,547,legal,25.0,1.71
5810,3442,breakdown,22.9,5.09
29915,5352,breakdown,16.89,4.54
15281,7675,breakdown,16.89,4.54
22664,9177,breakdown,16.89,4.54
12911,7177,breakdown,16.89,4.54
27214,1676,legal,25.0,1.71
15017,1151,legal,25.0,1.71
11362,8019,legal,25.0,1.71
8933,8637,full,399.76,83.74
20124,3838,full,322.77,67.62
20069,6704,full,171.97,36.03
12504,9225,breakdown,16.89,4.54
1925,3404,legal,25.0,1.71
10984,5134,full,347.68,72.84
3242,8230,legal,25.0,1.71
15229,8897,breakdown,16.89,4.54
13094,8453,breakdown,16.89,4.54
1074,3119,legal,30.0,1.71
16031,119,full,325.98,68.29
10064,6193,full,387.33,81.14
2334,8576,full,251.99,52.79
15953,186,breakdown,16.89,4.54
12886,7605,breakdown,16.89,4.54
17071,6417,breakdown,16.89,4.54
25891,199,full,152.23,31.89
4551,2795,full,481.45,100.86
11943,4266,breakdown,16.89,4.54
11874,761,breakdown,16.89,4.54
14930,8288,full,205.21,42.99
16128,8052,breakdown,16.89,4.54
2763,9382,legal,25.0,1.71
15446,5248,legal,25.0,1.71
6239,6284,legal,25.0,1.71
6845,260,breakdown,16.89,4.54
4118,8467,full,353.15,73.98
28462,6792,full,341.65,71.57
28138,1900,breakdown,16.89,4.54
19253,2199,legal,25.0,1.71
4329,1956,full,431.29,90.35
901,6753,legal,25.0,1.71
16969,6928,breakdown,16.89,4.54
19598,8762,full,196.21,41.1
16556,5091,breakdown,22.9,5.09
2746,4141,full,435.8,91.29
6878,8902,breakdown,22.9,5.09
7327,1234,legal,25.0,1.71
13429,5469,breakdown,16.89,4.54
34,8990,breakdown,16.89,4.54
731,2787,legal,25.0,1.71
6362,8885,full,292.78,61.33
5144,6702,breakdown,16.89,4.54
19736,3487,legal,25.0,1.71
755,8185,legal,25.0,1.71
11522,9420,legal,25.0,1.71
29707,1523,breakdown,16.89,4.54
24252,1580,full,295.67,61.94
5141,7547,breakdown,16.89,4.54
5350,6404,legal,25.0,1.71
12920,2864,breakdown,16.89,4.54
13167,7893,breakdown,22.9,5.09
2706,5348,legal,25.0,1.71
26861,4552,legal,25.0,1.71
9534,7459,full,152.23,31.89
27362,5448,breakdown,22.9,5.09
4727,5807,legal,25.0,1.71
29711,2649,breakdown,16.89,4.54
3767,2316,breakdown,22.9,5.09
6979,5322,legal,25.0,1.71
26282,8760,breakdown,16.89,4.54
1118,1894,breakdown,25.9,5.91
3936,8248,full,302.3,63.33
10773,9349,full,412.48,86.41
18424,4335,full,586.79,122.93
9982,7734,breakdown,16.89,4.54
18893,1342,legal,92.32,2.83
28371,4119,breakdown,16.89,4.54
245,6206,breakdown,22.9,5.09
3267,5908,full,373.2,78.18
6710,9630,breakdown,16.89,4.54
18900,2613,full,232.36,48.68
18724,9288,full,1056.02,221.22
23544,2495,full,288.79,60.5
16598,163,breakdown,16.89,4.54
26816,8565,legal,46.13,1.71
18924,9453,full,598.91,125.46
12706,4707,full,242.01,50.7
19343,8172,breakdown,16.89,4.54
19036,8727,legal,25.0,1.71
16280,8354,full,891.86,186.84
8999,3528,full,622.23,130.35
16781,8824,legal,37.5,2.02
10296,3355,full,1041.49,218.18
3113,9965,full,166.54,34.89
9973,2654,full,439.69,92.11
22833,5129,full,269.68,56.49
20159,5606,breakdown,16.89,4.54
9346,4818,full,101.2,21.2
20471,2826,full,204.21,42.78
17930,3791,breakdown,16.89,4.54
6265,9772,breakdown,16.89,4.54
6186,1884,legal,25.0,1.71
9116,4118,full,250.47,52.47
26916,6718,full,398.06,83.39
29113,7065,full,301.94,63.26
11859,2321,legal,37.5,2.02
26240,9716,full,327.03,68.51
2839,1473,breakdown,16.89,4.54
11620,7289,legal,25.0,1.71
8781,3812,breakdown,16.89,4.54
22951,7216,legal,25.0,1.71
29559,5668,legal,25.0,1.71
22850,7130,legal,37.5,2.02
20886,9244,breakdown,22.9,5.09
24200,4250,breakdown,16.89,4.54
13390,9479,breakdown,16.89,4.54
10417,747,full,405.08,84.86
28038,1320,breakdown,16.89,4.54
403,3446,breakdown,22.9,5.09
25085,1384,full,374.95,78.55
613,7280,full,281.98,59.07
5363,2838,full,152.23,31.89
6829,8886,breakdown,22.9,5.09
23777,2645,legal,25.0,1.71
29472,6757,full,113.85,23.85
2405,7937,full,288.02,60.34
15653,9089,legal,25.0,1.71
886,5056,full,492.28,103.12
16437,2071,full,512.09,107.28
11342,7682,breakdown,16.89,4.54
28886,1073,breakdown,16.89,4.54
14916,5952,full,327.7,68.65
10411,7157,breakdown,16.89,4.54
20914,9227,legal,25.0,1.71
6681,3056,breakdown,22.9,5.09
2158,334,breakdown,16.89,4.54
20625,6431,breakdown,16.89,4.54
3221,9807,full,535.62,112.21
23341,374,full,641.81,134.45
23177,6436,full,213.74,44.78
20449,9687,breakdown,16.89,4.54
29989,5546,legal,25.0,1.71
3818,3366,legal,37.5,2.02
20769,8460,full,199.95,41.89
16484,2276,full,123.16,25.8
771,7194,breakdown,16.89,4.54
25412,1443,breakdown,16.89,4.54
19618,5619,breakdown,16.89,4.54
16795,924,legal,25.0,1.71
17193,6338,breakdown,16.89,4.54
17001,7447,full,485.42,101.69
11733,149,full,271.21,56.82
18525,4446,full,246.26,51.59
1741,3914,breakdown,16.89,4.54
9411,6246,legal,25.0,1.71
27263,8083,full,190.09,39.82
2515,438,legal,46.13,1.71
7496,5423,full,1319.0,276.31
22761,5799,legal,25.0,1.71
17660,2630,full,322.63,67.59
22021,862,full,867.38,181.7
2476,4040,breakdown,16.89,4.54
7471,151,full,398.4,83.46
17329,8539,breakdown,16.89,4.54
22923,6313,legal,30.0,1.71
7593,1921,full,286.76,60.07
5915,5014,full,192.3,40.28
10796,1263,full,237.59,49.77
26114,5464,full,418.96,87.77
13476,5019,full,265.03,55.52
11262,672,breakdown,16.89,4.54
4231,6407,full,384.51,80.55
9755,6470,legal,25.0,1.71
27747,1069,legal,46.13,1.71
27544,7571,breakdown,22.9,5.09
6356,8770,full,321.69,67.39
21280,2533,legal,25.0,1.71
21048,7826,breakdown,16.89,4.54
13349,139,legal,37.5,2.02
25867,2978,full,261.68,54.82
24733,1534,legal,25.0,1.71
15402,2024,legal,25.0,1.71
25652,6687,legal,25.0,1.71
615,519,breakdown,22.9,5.09
18984,7564,legal,25.0,1.71
25620,9611,full,182.7,38.28
8853,8028,full,259.34,54.33
18640,995,full,783.93,164.22
28835,3142,breakdown,16.89,4.54
4390,654,full,457.34,95.81
14886,3627,full,404.16,84.67
22343,763,full,668.84,140.12
20671,9485,full,290.11,60.77
3277,6397,full,238.89,50.05
27200,5059,legal,25.0,1.71
24570,4859,full,383.14,80.26
20578,6321,full,611.64,128.13
25685,3948,full,645.43,135.21
27779,3379,breakdown,16.89,4.54
22530,7554,legal,25.0,1.71
7134,7759,full,152.23,31.89
2955,6723,full,226.15,47.38
2020,7194,full,950.96,199.21
24600,5655,breakdown,22.9,5.09
21643,6672,breakdown,22.9,5.09
29486,7487,full,1112.1,232.97
25987,7741,full,172.87,36.22
9331,1548,breakdown,16.89,4.54
10540,4033,breakdown,22.9,5.09
6575,7243,full,506.49,106.11
2006,8053,breakdown,22.9,5.09
1897,7655,legal,25.0,1.71
1746,216,full,486.88,102.0
1811,8946,legal,25.0,1.71
2958,7493,full,266.52,55.83
5031,8929,full,279.9,58.63
3800,9008,full,401.98,84.21
12717,7417,legal,37.5,2.02
8031,8035,legal,25.0,1.71
13301,7201,legal,25.0,1.71
16143,3739,legal,69.23,2.27
113,3362,breakdown,16.89,4.54
6782,3058,full,768.73,161.04
7662,9759,legal,25.0,1.71
29494,3791,legal,25.0,1.71
4328,1314,full,291.04,60.97
27108,4785,breakdown,16.89,4.54
14097,5404,full,344.73,72.22
27832,57,legal,25.0,1.71
28120,3794,legal,45.0,2.08
15057,5575,legal,25.0,1.71
25413,5163,legal,25.0,1.71
24710,4366,full,278.2,58.28
4472,5298,breakdown,16.89,4.54
12383,100,full,180.42,37.8
17312,6500,breakdown,16.89,4.54
8179,5600,breakdown,16.89,4.54
12223,6824,legal,25.0,1.71
2411,1768,full,438.78,91.92
5432,3135,full,103.76,21.73
19855,5610,full,152.23,31.89
11594,7787,breakdown,22.9,5.09
5047,5525,legal,25.0,1.71
10787,2334,legal,37.5,2.02
17551,9032,legal,37.5,2.02
7705,7186,breakdown,16.89,4.54
23275,9167,full,250.47,52.47
5254,9500,full,133.92,28.06
9473,4820,full,709.32,148.59
27538,8120,full,757.86,158.76
18481,1733,breakdown,22.9,5.09
24723,7656,breakdown,16.89,4.54
6208,9613,full,394.01,82.54
24010,9999,legal,25.0,1.71
20198,339,full,774.19,162.18
18355,1607,full,101.2,21.2
3430,1902,breakdown,16.89,4.54
8936,4860,breakdown,16.89,4.54
19270,815,breakdown,16.89,4.54
5242,3742,full,488.12,102.26
18359,6792,legal,37.5,2.02
8341,9885,breakdown,16.89,4.54
12206,2166,legal,25.0,1.71
11162,51,legal,25.0,1.71
3765,6193,legal,37.5,2.02
16722,2992,legal,25.0,1.71
4370,5362,breakdown,16.89,4.54
20115,3813,legal,25.0,1.71
29957,3918,breakdown,16.89,4.54
27484,6761,legal,25.0,1.71
23269,5902,full,273.92,57.38
28384,7324,full,476.01,99.72
11198,4698,legal,25.0,1.71
21816,6890,breakdown,16.89,4.54
3070,3259,full,275.33,57.68
6445,7428,full,208.18,43.61
22875,9425,full,172.87,36.22
15729,6420,legal,37.5,2.02
13224,7169,breakdown,22.9,5.09
10288,5035,legal,25.0,1.71
3464,5963,full,156.61,32.81
2303,9149,legal,25.0,1.71
23641,1366,breakdown,22.9,5.09
14918,3541,breakdown,16.89,4.54
6377,6652,full,650.0,136.16
12056,6755,breakdown,16.89,4.54
12965,559,full,409.46,85.78
2781,2470,full,249.42,52.25
20184,2995,breakdown,16.89,4.54
26370,6575,breakdown,22.9,5.09
7455,8798,breakdown,22.9,5.09
26211,6696,legal,46.13,1.71
5613,5276,legal,37.5,2.02
5955,2475,legal,25.0,1.71
8392,4548,breakdown,22.9,5.09
20870,8483,breakdown,22.9,5.09
20139,9255,full,260.01,54.47
29509,5580,breakdown,22.9,5.09
20551,7508,full,171.53,35.94
7946,771,legal,37.5,2.02
8503,2056,full,441.58,92.5
26325,7697,legal,46.13,1.71
900,9707,legal,37.5,2.02
29708,5288,legal,69.23,2.27
12830,9802,full,101.74,21.31
21536,5255,breakdown,16.89,4.54
13678,4340,legal,25.0,1.71
18567,6205,breakdown,22.9,5.09
8123,1646,full,427.82,89.62
4174,8762,breakdown,16.89,4.54
16820,2427,full,251.73,52.73
26266,1923,legal,25.0,1.71
20742,6047,breakdown,16.89,4.54
840,8859,full,268.66,56.28
11588,2842,full,262.23,54.93
9252,6734,breakdown,16.89,4.54
8124,2049,legal,37.5,2.02
22089,3106,full,728.86,152.68
23475,8221,legal,25.0,1.71
13210,630,full,427.08,89.47
24089,8042,breakdown,16.89,4.54
18045,9853,breakdown,22.9,5.09
27443,6655,full,377.07,78.99
17111,5607,legal,25.0,1.71
17201,9883,full,172.87,36.22
25190,7457,breakdown,22.9,5.09
11029,7170,breakdown,16.89,4.54
28900,632,breakdown,22.9,5.09
18636,4396,breakdown,22.9,5.09
17143,8392,breakdown,25.9,5.91
20116,4799,breakdown,16.89,4.54
2973,5904,breakdown,16.89,4.54
14402,9153,breakdown,16.89,4.54
7110,4803,full,485.83,101.78
20122,4176,legal,25.0,1.71
23408,4265,breakdown,16.89,4.54
24540,1843,legal,25.0,1.71
252,6075,full,634.86,133.0
25514,4467,breakdown,16.89,4.54
28308,3390,breakdown,22.9,5.09
20326,7768,full,117.98,24.71
18333,8474,legal,46.13,1.71
22198,2269,breakdown,16.89,4.54
5725,3073,full,239.59,50.19
27504,9753,full,475.19,99.55
1245,8001,legal,37.5,2.02
14589,6731,breakdown,16.89,4.54
19106,1566,legal,25.0,1.71
15488,5559,legal,46.13,1.71
19120,9346,legal,25.0,1.71
10778,9792,legal,25.0,1.71
12312,4367,full,561.26,117.58
1336,3296,breakdown,22.9,5.09
26502,7347,full,234.62,49.15
28763,4209,legal,45.0,2.08
14779,867,breakdown,16.89,4.54
5146,4054,breakdown,16.89,4.54
15218,4781,breakdown,16.89,4.54
19912,5596,legal,46.13,1.71
17047,4431,breakdown,16.89,4.54
13338,4124,breakdown,16.89,4.54
4956,1333,full,269.89,56.53
13032,568,full,269.25,56.4
5905,8461,full,152.23,31.89
5962,3919,full,101.2,21.2
4512,1993,full,234.79,49.19
22320,9105,breakdown,22.9,5.09
10541,9783,full,188.67,39.53
3629,9709,legal,69.23,2.27
9286,2148,legal,25.0,1.71
12922,6073,breakdown,16.89,4.54
10672,6915,breakdown,16.89,4.54
15757,4794,full,542.34,113.61
3876,647,legal,46.13,1.71
13067,9615,full,650.79,136.33
23735,5562,full,336.26,70.44
2400,3595,legal,46.13,1.71
18563,8084,breakdown,16.89,4.54
23403,3087,breakdown,22.9,5.09
5492,8498,legal,25.0,1.71
3581,7816,full,190.72,39.95
21488,7870,full,284.96,59.7
14104,7200,legal,37.5,2.02
8413,7551,legal,25.0,1.71
28781,5057,full,531.64,111.37
26035,4787,breakdown,16.89,4.54
7535,641,legal,25.0,1.71
20502,7273,legal,25.0,1.71
9133,4205,breakdown,22.9,5.09
26492,6372,full,428.86,89.84
27425,6055,legal,37.5,2.02
17386,1448,full,208.48,43.67
29962,8762,legal,25.0,1.71
7093,3644,full,433.83,90.88
8758,7373,legal,92.32,2.83
9248,8826,breakdown,25.9,5.91
16393,8357,legal,25.0,1.71
26938,7975,full,378.8,79.36
7633,753,breakdown,16.89,4.54
7900,7940,legal,45.0,2.08
5869,1619,breakdown,22.9,5.09
15373,7166,breakdown,16.89,4.54
21473,9828,full,331.57,69.46
16091,5368,legal,25.0,1.71
4398,9940,breakdown,16.89,4.54
13740,570,breakdown,16.89,4.54
2304,7515,full,561.64,117.66
17934,9482,breakdown,22.9,5.09
24039,59,breakdown,16.89,4.54
13735,5544,full,303.1,63.5
13748,9117,breakdown,16.89,4.54
14215,3530,full,610.03,127.79
10859,2353,full,169.37,35.48
27110,7360,breakdown,22.9,5.09
20067,2570,legal,37.5,2.02
29162,191,breakdown,16.89,4.54
20781,9838,legal,37.5,2.02
28387,5458,legal,46.13,1.71
17415,1208,breakdown,16.89,4.54
16684,1778,full,336.09,70.41
24638,2054,legal,25.0,1.71
17300,8444,full,504.12,105.61
8546,3566,full,559.13,117.13
7591,4025,breakdown,16.89,4.54
16509,1812,breakdown,16.89,4.54
5871,4674,legal,30.0,1.71
17895,2570,breakdown,22.9,5.09
29141,3213,full,420.85,88.17
981,8317,legal,25.0,1.71
12497,7399,full,189.8,39.76
11942,4732,breakdown,16.89,4.54
22658,7748,legal,25.0,1.71
25114,4839,legal,25.0,1.71
8628,6642,breakdown,22.9,5.09
19400,3893,full,495.14,103.73
19836,4253,legal,37.5,2.02
27191,6819,breakdown,22.9,5.09
14479,9124,legal,25.0,1.71
4348,8640,legal,37.5,2.02
26474,3819,legal,25.0,1.71
10765,4826,full,383.18,80.27
8007,964,legal,25.0,1.71
28613,4618,full,403.76,84.59
8468,9469,breakdown,16.89,4.54
25691,2991,breakdown,16.89,4.54
12683,322,full,872.47,182.77
26432,8063,breakdown,22.9,5.09
11524,5884,breakdown,16.89,4.54
23790,8720,breakdown,16.89,4.54
4317,2903,full,517.85,108.48
21678,5815,breakdown,16.89,4.54
5876,5862,legal,25.0,1.71
21487,6595,breakdown,22.9,5.09
25618,640,full,451.52,94.59
10727,8411,breakdown,22.9,5.09
4714,3645,breakdown,22.9,5.09
28919,9322,legal,46.13,1.71
8828,4530,breakdown,16.89,4.54
2145,3756,legal,37.5,2.02
21588,5867,full,322.77,67.62
3736,313,breakdown,16.89,4.54
4050,7715,legal,25.0,1.71
10233,9303,breakdown,22.9,5.09
12628,7430,legal,46.13,1.71
15801,819,legal,37.5,2.02
20959,6803,legal,37.5,2.02
11251,552,legal,46.13,1.71
29956,195,full,152.23,31.89
2259,7547,legal,69.23,2.27
1647,2476,full,560.19,117.36
2058,8242,legal,37.5,2.02
7634,9942,breakdown,16.89,4.54
29551,6617,breakdown,16.89,4.54
18836,268,full,421.33,88.26
17475,3133,legal,37.5,2.02
26435,8106,legal,25.0,1.71
22812,7667,full,360.82,75.59
19514,3938,breakdown,16.89,4.54
6596,3674,full,152.23,31.89
16868,4598,legal,25.0,1.71
21512,2281,legal,30.0,1.71
22979,1832,breakdown,16.89,4.54
5498,2878,full,651.61,136.5
13829,9098,full,156.26,32.73
9777,9377,legal,25.0,1.71
3128,615,full,575.98,120.66
375,5537,breakdown,16.89,4.54
12995,7607,legal,25.0,1.71
23532,8625,legal,69.23,2.27
10955,92,full,251.73,52.73
24081,1313,legal,46.13,1.71
27888,7061,legal,25.0,1.71
17169,8701,full,255.52,53.53
21219,5458,breakdown,16.89,4.54
4919,7950,full,530.13,111.05
18951,7440,full,113.51,23.78
26982,6976,full,1164.11,243.87
20093,752,legal,25.0,1.71
25380,2074,breakdown,16.89,4.54
13568,5330,breakdown,25.9,5.91
7199,898,legal,46.13,1.71
995,6963,breakdown,16.89,4.54
24808,2827,full,582.62,122.05
21809,4882,full,317.83,66.58
1034,8574,legal,69.23,2.27
20572,3295,breakdown,16.89,4.54
17655,331,full,169.37,35.48
23292,9373,breakdown,16.89,4.54
350,4252,full,152.63,31.98
2397,3395,breakdown,16.89,4.54
1846,207,legal,25.0,1.71
12701,4156,legal,37.5,2.02
29988,8120,breakdown,16.89,4.54
14315,6539,legal,25.0,1.71
23485,9002,legal,25.0,1.71
25546,8693,breakdown,16.89,4.54
15959,1346,breakdown,16.89,4.54
7544,9530,breakdown,16.89,4.54
3591,2591,legal,25.0,1.71
27659,5900,full,245.54,51.44
24003,591,full,175.71,36.81
5576,5697,full,251.73,52.73
5515,4506,legal,30.0,1.71
6451,1293,breakdown,22.9,5.09
15584,5566,full,193.96,40.63
25991,6678,legal,69.23,2.27
5229,1283,legal,69.23,2.27
7814,1985,breakdown,16.89,4.54
18902,8504,full,335.45,70.27
1246,9522,legal,25.0,1.71
28010,8959,breakdown,16.89,4.54
22111,1596,breakdown,16.89,4.54
10320,8432,full,610.3,127.85
16639,1704,full,311.51,65.26
23180,7487,breakdown,16.89,4.54
22357,7561,full,202.79,42.48
15380,4776,full,1426.92,298.92
6358,9381,legal,25.0,1.71
14665,5221,breakdown,16.89,4.54
17258,3456,legal,46.13,1.71
19287,3337,full,760.83,159.39
25842,8779,legal,92.32,2.83
2305,71,full,677.03,141.83
26413,7871,full,208.97,43.78
10032,5198,full,442.4,92.68
13704,5943,breakdown,16.89,4.54
19266,9122,breakdown,16.89,4.54
27143,3245,legal,25.0,1.71
3299,7357,breakdown,16.89,4.54
15916,7696,full,171.93,36.02
18914,7892,breakdown,16.89,4.54
13891,5634,breakdown,16.89,4.54
17445,772,breakdown,16.89,4.54
9733,3335,breakdown,16.89,4.54
12032,49,breakdown,16.89,4.54
8134,8493,legal,25.0,1.71
26968,7746,breakdown,22.9,5.09
654,9443,full,113.85,23.85
19502,4914,full,716.94,150.19
5529,56,legal,25.0,1.71
19848,5928,full,101.2,21.2
7210,4524,breakdown,16.89,4.54
16422,7015,breakdown,16.89,4.54
17086,3720,full,161.0,33.72
29310,4109,legal,25.0,1.71
480,9142,breakdown,22.9,5.09
3527,9565,full,101.2,21.2
14140,1739,full,401.89,84.19
25662,7219,breakdown,22.9,5.09
21857,9882,legal,25.0,1.71
29224,8488,full,199.71,41.84
18228,557,breakdown,22.9,5.09
19800,8077,full,396.6,83.09
26901,365,legal,46.13,1.71
28967,3886,legal,37.5,2.02
5974,9480,breakdown,16.89,4.54
6090,4665,breakdown,25.9,5.91
18074,8974,legal,25.0,1.71
19772,2057,full,905.83,189.76
5361,379,full,243.29,50.97
17477,8740,breakdown,16.89,4.54
25895,2007,breakdown,16.89,4.54
9409,1724,full,237.69,49.8
12393,5092,breakdown,16.89,4.54
25206,3031,breakdown,16.89,4.54
18566,3015,legal,25.0,1.71
10309,925,breakdown,16.89,4.54
16994,3607,breakdown,16.89,4.54
21738,9366,breakdown,16.89,4.54
28756,8344,breakdown,16.89,4.54
3913,1348,breakdown,16.89,4.54
27911,6529,full,174.88,36.64
29732,9752,breakdown,16.89,4.54
16261,2465,breakdown,22.9,5.09
3893,1784,legal,25.0,1.71
9486,6699,full,297.17,62.25
29805,7010,breakdown,22.9,5.09
3782,7631,breakdown,22.9,5.09
7813,8163,full,679.45,142.34
17176,9170,full,447.66,93.78
15171,1636,breakdown,16.89,4.54
12973,18,legal,25.0,1.71
475,8107,legal,46.13,1.71
181,2600,legal,37.5,2.02
29530,1481,breakdown,16.89,4.54
27697,9180,legal,25.0,1.71
456,1625,breakdown,16.89,4.54
10238,7742,breakdown,16.89,4.54
14799,3419,legal,25.0,1.71
5924,2931,full,243.38,50.99
7078,7452,breakdown,16.89,4.54
5288,6757,legal,46.13,1.71
15158,3072,breakdown,22.9,5.09
20879,4682,legal,25.0,1.71
15241,6716,breakdown,16.89,4.54
9440,3357,breakdown,16.89,4.54
20425,3558,breakdown,16.89,4.54
15332,2301,legal,46.13,1.71
12417,1876,full,476.73,99.87
5714,5399,full,422.91,88.59
10241,1432,legal,25.0,1.71
28020,2480,legal,25.0,1.71
3972,4663,breakdown,16.89,4.54
45,7924,breakdown,16.89,4.54
18484,1657,legal,25.0,1.71
7919,700,legal,46.13,1.71
10027,4849,legal,25.0,1.71
28367,1323,full,432.85,90.68
16064,663,full,382.29,80.09
16902,5757,breakdown,16.89,4.54
14088,4970,breakdown,16.89,4.54
27112,7565,legal,46.13,1.71
5178,4629,legal,25.0,1.71
10317,6643,breakdown,22.9,5.09
18016,5025,legal,25.0,1.71
10892,3995,legal,46.13,1.71
15331,52,legal,25.0,1.71
22226,6475,breakdown,16.89,4.54
6949,2636,legal,69.23,2.27
7725,1405,full,409.2,85.73
2045,7809,full,519.74,108.88
1815,2135,legal,25.0,1.71
11425,7199,legal,25.0,1.71
2832,6875,breakdown,22.9,5.09
23530,8040,breakdown,16.89,4.54
24773,5715,legal,46.13,1.71
14014,7498,full,190.13,39.83
5981,3388,legal,46.13,1.71
17739,1417,full,554.07,116.07
17970,1206,legal,92.32,2.83
23961,1408,full,250.47,52.47
16749,338,breakdown,25.9,5.91
582,1432,breakdown,16.89,4.54
26082,1185,legal,25.0,1.71
23271,1268,legal,25.0,1.71
26132,7135,full,235.22,49.27
2481,7037,breakdown,16.89,4.54
12604,3332,breakdown,16.89,4.54
12935,929,breakdown,16.89,4.54
8133,7556,full,505.59,105.91
11976,3911,full,560.12,117.34
5011,2917,legal,46.13,1.71
29701,3266,legal,25.0,1.71
21829,1839,breakdown,22.9,5.09
9977,9190,full,607.51,127.27
16563,5467,legal,37.5,2.02
5611,115,legal,25.0,1.71
7486,4294,legal,46.13,1.71
9164,8901,breakdown,16.89,4.54
27559,7541,full,353.6,74.07
28295,8579,full,427.96,89.66
11856,7004,breakdown,32.4,6.5
13880,9747,legal,37.5,2.02
19895,6668,breakdown,22.9,5.09
3711,8430,breakdown,16.89,4.54
4258,3900,legal,25.0,1.71
22582,4884,full,199.77,41.85
1284,4342,breakdown,16.89,4.54
3554,8270,legal,25.0,1.71
12584,4958,breakdown,16.89,4.54
3361,8706,breakdown,16.89,4.54
20528,9097,full,206.86,43.33
17442,1101,breakdown,22.9,5.09
15042,5071,full,325.15,68.12
21716,6758,breakdown,16.89,4.54
26373,6148,breakdown,16.89,4.54
5256,8926,breakdown,16.89,4.54
29348,1091,legal,25.0,1.71
17890,2616,full,418.04,87.58
26760,8782,legal,25.0,1.71
6534,8679,breakdown,16.89,4.54
29573,777,legal,25.0,1.71
2836,120,full,188.42,39.47
26823,3656,full,101.2,21.2
228,2306,breakdown,16.89,4.54
5283,7817,legal,37.5,2.02
21305,3598,legal,25.0,1.71
24789,4096,full,238.68,50.0
6679,3616,breakdown,22.9,5.09
12558,4065,full,241.61,50.62
535,6471,breakdown,16.89,4.54
18895,289,legal,25.0,1.71
2922,6779,breakdown,22.9,5.09
20682,8173,full,678.93,142.22
3373,8244,full,152.23,31.89
11951,2097,full,194.35,40.71
6329,8196,full,470.37,98.53
22162,9292,legal,37.5,2.02
8549,9686,full,748.57,156.82
21720,859,full,237.95,49.85
25917,9345,breakdown,16.89,4.54
299,4225,breakdown,16.89,4.54
4781,910,breakdown,16.89,4.54
18275,2815,full,344.85,72.24
4432,1174,legal,37.5,2.02
23322,5147,breakdown,22.9,5.09
15573,9512,legal,25.0,1.71
2724,6088,full,113.85,23.85
17029,5310,full,558.72,117.04
3353,708,full,225.01,47.14
28077,3159,breakdown,16.89,4.54
17541,8551,breakdown,16.89,4.54
3256,6481,full,549.06,115.02
28544,287,legal,25.0,1.71
824,2014,legal,25.0,1.71
29027,7346,breakdown,16.89,4.54
7528,2957,breakdown,22.9,5.09
14171,8908,breakdown,16.89,4.54
16953,4223,full,230.09,48.2
29843,7322,breakdown,16.89,4.54
6631,4452,legal,25.0,1.71
29526,4236,legal,37.5,2.02
5506,5861,breakdown,16.89,4.54
3488,5121,full,169.37,35.48
26032,4245,breakdown,16.89,4.54
23495,3096,breakdown,22.9,5.09
25186,2035,breakdown,22.9,5.09
23448,6335,full,169.37,35.48
17517,5405,full,185.69,38.89
7268,7688,full,382.7,80.17
27251,7552,legal,25.0,1.71
5154,920,breakdown,16.89,4.54
18927,6469,breakdown,22.9,5.09
4592,8200,breakdown,16.89,4.54
9653,3670,full,425.81,89.2
10962,171,legal,25.0,1.71
24602,1694,full,561.07,117.54
13879,4633,full,318.89,66.8
13457,5940,full,101.2,21.2
21399,8552,breakdown,16.89,4.54
18740,745,legal,45.0,2.08
20042,2018,full,109.22,22.88
11925,5531,legal,69.23,2.27
10994,8811,legal,25.0,1.71
28889,2352,breakdown,16.89,4.54
13598,1153,full,277.62,58.16
19310,5905,legal,25.0,1.71
6067,6148,legal,25.0,1.71
11531,2033,breakdown,16.89,4.54
4395,5841,breakdown,16.89,4.54
691,4456,legal,46.13,1.71
13566,3125,breakdown,16.89,4.54
16249,4029,full,169.37,35.48
4941,4026,full,306.24,64.15
24065,571,full,1241.26,260.03
21848,4429,breakdown,16.89,4.54
21868,9182,full,156.21,32.72
17899,6748,breakdown,16.89,4.54
27000,3085,legal,25.0,1.71
1776,8923,breakdown,16.89,4.54
19851,880,full,126.11,26.42
9066,6999,full,545.13,114.2
28998,3527,full,371.38,77.8
15987,3002,full,466.69,97.77
25116,8073,breakdown,22.9,5.09
16744,677,legal,46.13,1.71
23253,4140,legal,25.0,1.71
18248,2264,legal,25.0,1.71
14608,2863,full,313.32,65.64
14064,8962,breakdown,16.89,4.54
16474,8700,breakdown,22.9,5.09
20296,3377,breakdown,16.89,4.54
7059,6234,legal,25.0,1.71
19994,8608,breakdown,16.89,4.54
21620,9320,full,152.23,31.89
29856,8441,breakdown,16.89,4.54
1824,6112,legal,46.13,1.71
21551,8641,breakdown,22.9,5.09
20275,6339,full,150.32,31.49
9038,673,legal,25.0,1.71
28915,4713,full,713.83,149.54
2648,496,full,263.65,55.23
19046,1446,breakdown,16.89,4.54
19837,8466,full,261.38,54.76
2601,6134,breakdown,16.89,4.54
12595,7304,legal,25.0,1.71
965,5828,breakdown,16.89,4.54
16394,2413,breakdown,22.9,5.09
27192,9217,full,351.09,73.55
11958,1623,legal,46.13,1.71
13664,2218,legal,25.0,1.71
17122,5125,full,233.94,49.01
10837,2130,legal,25.0,1.71
20868,118,full,340.48,71.33
4577,3802,breakdown,22.9,5.09
25778,2858,breakdown,16.89,4.54
24843,2869,full,172.87,36.22
18658,6844,breakdown,22.9,5.09
28937,8325,full,179.94,37.7
13378,1647,full,419.44,87.87
27006,9960,full,313.57,65.69
29644,1272,breakdown,16.89,4.54
12221,6293,breakdown,22.9,5.09
2762,4869,full,447.16,93.68
19321,8923,full,350.05,73.33
23111,5766,full,159.65,33.45
4547,2080,breakdown,16.89,4.54
10047,5967,full,542.23,113.59
14783,7123,breakdown,16.89,4.54
8048,6066,full,189.75,39.75
17818,5300,legal,25.0,1.71
14625,3948,breakdown,16.89,4.54
12663,8009,breakdown,22.9,5.09
8886,7810,breakdown,16.89,4.54
21244,478,breakdown,22.9,5.09
16741,716,breakdown,16.89,4.54
29461,9420,breakdown,16.89,4.54
19043,2948,breakdown,16.89,4.54
13534,9758,full,221.24,46.34
3819,3754,breakdown,16.89,4.54
793,8114,breakdown,22.9,5.09
684,6238,full,611.45,128.09
29083,7212,full,288.18,60.37
11242,7631,legal,37.5,2.02
27018,63,breakdown,16.89,4.54
23070,831,full,272.55,57.1
980,1778,breakdown,16.89,4.54
24671,5023,breakdown,16.89,4.54
23505,7087,full,172.87,36.22
17585,5962,legal,25.0,1.71
14451,8838,legal,69.23,2.27
15822,2921,legal,25.0,1.71
12466,1736,breakdown,22.9,5.09
13978,529,breakdown,22.9,5.09
17160,2553,full,282.61,59.2
6571,4062,legal,25.0,1.71
3487,5331,full,272.35,57.06
20105,3597,legal,25.0,1.71
27417,7109,legal,69.23,2.27
19846,9501,legal,25.0,1.71
21440,4362,full,469.53,98.37
22520,7795,legal,25.0,1.71
4837,1406,breakdown,16.89,4.54
10126,5450,breakdown,16.89,4.54
27164,3408,breakdown,25.9,5.91
11206,4916,legal,92.32,2.83
16026,3016,breakdown,16.89,4.54
14019,2221,legal,25.0,1.71
11583,6133,full,152.23,31.89
6815,6542,legal,25.0,1.71
18188,4605,full,815.14,170.76
19155,1397,breakdown,16.89,4.54
19957,1358,legal,25.0,1.71
12260,3778,legal,25.0,1.71
23473,728,breakdown,25.9,5.91
24033,6979,legal,46.13,1.71
503,8278,full,412.01,86.31
24546,4069,breakdown,16.89,4.54
21246,4210,breakdown,16.89,4.54
4869,3480,breakdown,16.89,4.54
12869,7404,full,214.3,44.89
29910,4938,legal,69.23,2.27
12389,9567,full,267.12,55.96
27219,2849,legal,25.0,1.71
19466,1403,breakdown,16.89,4.54
29123,8659,legal,25.0,1.71
6211,7033,breakdown,22.9,5.09
8878,4015,breakdown,16.89,4.54
11901,2411,breakdown,16.89,4.54
13627,2783,breakdown,16.89,4.54
19138,9652,legal,25.0,1.71
28938,4106,breakdown,22.9,5.09
9728,9303,legal,37.5,2.02
546,4403,breakdown,16.89,4.54
1222,7752,full,420.54,88.1
5534,9048,full,178.91,37.48
9466,1087,legal,25.0,1.71
973,8932,full,400.75,83.95
25608,5937,full,588.06,123.19
22082,1244,breakdown,25.9,5.91
24438,3660,full,651.5,136.48
29809,3019,full,382.17,80.06
3672,4513,breakdown,16.89,4.54
690,3253,breakdown,22.9,5.09
20192,5748,breakdown,16.89,4.54
15669,4773,breakdown,16.89,4.54
29256,8951,full,635.26,133.08
25145,5144,breakdown,22.9,5.09
940,3772,full,152.63,31.98
25239,7953,breakdown,16.89,4.54
13669,5294,legal,25.0,1.71
16933,3140,breakdown,22.9,5.09
7595,7972,breakdown,16.89,4.54
16428,5349,breakdown,16.89,4.54
25984,3439,breakdown,16.89,4.54
14513,9453,breakdown,16.89,4.54
13515,2483,breakdown,16.89,4.54
21129,2009,full,363.29,76.11
6210,1290,legal,30.0,1.71
5815,1426,breakdown,22.9,5.09
29023,799,full,236.65,49.57
20943,8922,legal,25.0,1.71
5074,6401,legal,25.0,1.71
4298,5888,legal,37.5,2.02
18523,8486,full,251.74,52.73
20752,7144,breakdown,16.89,4.54
25478,8167,breakdown,16.89,4.54
21796,6252,breakdown,16.89,4.54
26376,5803,legal,37.5,2.02
8703,9726,legal,25.0,1.71
12257,1759,full,418.34,87.63
26241,5344,legal,25.0,1.71
14164,5286,breakdown,22.9,5.09
18483,952,full,1374.73,287.99
28533,8799,breakdown,16.89,4.54
4409,9041,full,202.55,42.43
11100,1433,full,717.72,150.36
11305,1896,legal,25.0,1.71
9008,3655,full,639.22,133.91
17861,751,breakdown,16.89,4.54
15403,3429,breakdown,16.89,4.54
25414,4477,legal,25.0,1.71
12819,2452,legal,25.0,1.71
8538,5162,full,367.93,77.08
27272,2239,legal,25.0,1.71
20090,733,breakdown,16.89,4.54
21939,5129,breakdown,16.89,4.54
1340,4714,breakdown,16.89,4.54
265,2896,breakdown,16.89,4.54
12182,7074,breakdown,16.89,4.54
1517,5389,legal,25.0,1.71
20298,8581,breakdown,16.89,4.54
11081,7891,full,566.27,118.62
5617,9880,legal,37.5,2.02
4146,9472,full,511.51,107.16
11756,4383,full,448.91,94.04
27707,9670,breakdown,22.9,5.09
28187,4246,legal,46.13,1.71
1484,5824,full,508.18,106.46
5685,1134,breakdown,16.89,4.54
16607,124,breakdown,16.89,4.54
28159,6072,legal,69.23,2.27
12792,3608,breakdown,16.89,4.54
27778,9640,full,400.41,83.88
25475,1272,full,378.39,79.27
16037,7247,full,161.35,33.8
27252,1714,breakdown,16.89,4.54
9999,5937,breakdown,16.89,4.54
20372,2945,legal,25.0,1.71
14797,974,legal,25.0,1.71
9844,8299,legal,25.0,1.71
22375,5512,full,291.18,60.99
28152,7219,full,453.95,95.1
8193,2272,breakdown,16.89,4.54
7370,3011,legal,25.0,1.71
763,6312,legal,37.5,2.02
14703,9650,breakdown,16.89,4.54
5877,2700,legal,25.0,1.71
16615,9258,full,386.7,81.01
20706,3673,full,152.23,31.89
19546,5327,legal,25.0,1.71
20628,1673,full,101.2,21.2
5081,4873,legal,25.0,1.71
26607,8704,full,410.26,85.95
17802,8556,breakdown,25.9,5.91
29595,1546,breakdown,22.9,5.09
22719,1131,full,551.07,115.44
11122,5698,breakdown,22.9,5.09
3658,4391,legal,25.0,1.71
3004,9697,full,488.33,102.3
10266,5,legal,25.0,1.71
697,9607,legal,25.0,1.71
7071,3068,full,360.56,75.53
6128,5891,breakdown,22.9,5.09
15536,270,full,335.75,70.34
2684,8282,full,298.5,62.53
14145,1098,legal,25.0,1.71
6742,1867,breakdown,22.9,5.09
6338,281,legal,25.0,1.71
27132,7233,legal,46.13,1.71
3541,7812,breakdown,16.89,4.54
13268,3852,full,189.29,39.65
9586,2672,full,159.19,33.35
20194,8678,breakdown,16.89,4.54
25793,2657,full,750.57,157.23
8920,2599,full,1281.61,268.48
28899,9909,breakdown,16.89,4.54
9468,3414,full,223.14,46.75
28493,4480,full,352.85,73.92
17640,1337,full,177.7,37.23
19296,1515,legal,46.13,1.71
26768,2568,breakdown,16.89,4.54
11226,6084,breakdown,16.89,4.54
2071,1612,legal,25.0,1.71
24405,3542,full,501.78,105.12
5322,9196,legal,25.0,1.71
8707,7087,legal,25.0,1.71
17921,2315,full,207.92,43.56
3427,4883,breakdown,16.89,4.54
2301,1232,legal,69.23,2.27
24277,7136,breakdown,16.89,4.54
26139,8200,legal,46.13,1.71
20299,4010,breakdown,16.89,4.54
29459,729,breakdown,16.89,4.54
23721,2020,full,205.14,42.97
16584,5307,breakdown,16.89,4.54
12265,7555,full,152.23,31.89
2779,1150,legal,25.0,1.71
6643,7198,legal,25.0,1.71
26075,9609,full,531.79,111.4
27896,4617,breakdown,16.89,4.54
20303,49,legal,25.0,1.71
21218,7290,breakdown,16.89,4.54
18907,3025,legal,25.0,1.71
21381,4132,legal,37.5,2.02
26858,4116,full,183.41,38.42
1699,8386,legal,25.0,1.71
23635,6772,full,275.19,57.65
13666,8789,breakdown,22.9,5.09
14804,1543,legal,37.5,2.02
186,7301,legal,37.5,2.02
26141,1990,full,150.32,31.49
1290,6064,legal,25.0,1.71
13852,5233,breakdown,16.89,4.54
3833,3825,legal,25.0,1.71
3528,1003,breakdown,16.89,4.54
27579,5424,breakdown,16.89,4.54
369,5803,breakdown,22.9,5.09
19521,3261,breakdown,16.89,4.54
29114,9898,breakdown,22.9,5.09
13214,4453,legal,25.0,1.71
21367,623,full,184.4,38.63
15199,5526,legal,37.5,2.02
24982,2325,breakdown,16.89,4.54
12490,116,legal,25.0,1.71
18215,1938,full,400.38,83.87
28461,6964,full,471.21,98.71
352,754,legal,37.5,2.02
20569,1590,breakdown,16.89,4.54
7587,6180,legal,46.13,1.71
22347,4090,full,503.02,105.38
18385,2090,full,101.2,21.2
29078,3305,breakdown,22.9,5.09
20878,1728,legal,69.23,2.27
4418,8056,breakdown,22.9,5.09
25812,4135,legal,25.0,1.71
27165,9089,full,419.8,87.95
10392,3184,breakdown,16.89,4.54
10846,5124,legal,30.0,1.71
14932,4706,full,152.23,31.89
23564,7112,full,108.98,22.83
13022,6209,full,175.53,36.77
12639,3603,legal,25.0,1.71
11098,8114,legal,37.5,2.02
22947,5530,legal,30.0,1.71
29586,680,breakdown,25.9,5.91
2843,8386,breakdown,16.89,4.54
27972,7134,breakdown,16.89,4.54
10705,8398,full,204.1,42.76
4922,6438,full,850.58,178.18
4688,796,legal,25.0,1.71
15526,2436,breakdown,16.89,4.54
19199,6527,full,264.3,55.37
22895,8444,legal,25.0,1.71
19167,4325,full,918.53,192.42
24558,1513,full,217.84,45.63
12796,5920,breakdown,25.9,5.91
723,1220,full,225.12,47.16
1637,9133,breakdown,16.89,4.54
22399,408,legal,46.13,1.71
21182,9599,breakdown,22.9,5.09
2080,5726,full,101.2,21.2
17007,6506,legal,30.0,1.71
11003,1827,breakdown,16.89,4.54
17600,5915,full,956.42,200.36
26893,6805,full,538.9,112.89
11505,4592,full,405.18,84.88
11860,5495,legal,25.0,1.71
24127,7276,breakdown,16.89,4.54
18024,947,breakdown,16.89,4.54
7444,2464,legal,37.5,2.02
17304,4499,breakdown,16.89,4.54
12134,3401,full,236.84,49.62
17847,6283,breakdown,16.89,4.54
13341,7924,full,322.38,67.53
22053,7343,legal,25.0,1.71
11188,4418,legal,25.0,1.71
27721,9866,breakdown,22.9,5.09
26102,4749,full,203.9,42.71
21508,4383,legal,25.0,1.71
29187,8204,full,406.16,85.09
24659,2513,breakdown,16.89,4.54
24465,7309,breakdown,22.9,5.09
15821,5361,full,273.26,57.24
3976,8340,full,284.93,59.69
26429,9773,full,271.02,56.78
8418,2190,legal,25.0,1.71
12219,9019,legal,25.0,1.71
23219,870,full,522.28,109.41
1321,1653,full,918.14,192.34
2528,5010,breakdown,16.89,4.54
2869,5256,full,115.34,24.16
21171,9538,legal,37.5,2.02
5171,1574,legal,25.0,1.71
18130,2085,breakdown,16.89,4.54
6720,3981,full,277.95,58.23
19720,980,legal,37.5,2.02
2060,353,breakdown,16.89,4.54
18729,506,breakdown,22.9,5.09
17046,1589,full,169.37,35.48
11766,2081,legal,37.5,2.02
6972,725,breakdown,16.89,4.54
21587,2532,full,101.2,21.2
28792,8911,legal,69.23,2.27
17245,2831,breakdown,16.89,4.54
27001,5408,breakdown,22.9,5.09
24114,4727,breakdown,16.89,4.54
16043,4948,breakdown,16.89,4.54
17635,5542,legal,25.0,1.71
22809,9042,legal,37.5,2.02
51,5540,full,462.68,96.93
29393,4551,full,233.46,48.91
5132,8351,legal,46.13,1.71
16831,1581,full,234.32,49.09
20411,4998,full,304.21,63.73
13559,6849,breakdown,16.89,4.54
15341,9042,breakdown,22.9,5.09
5507,2424,breakdown,16.89,4.54
21566,8070,breakdown,16.89,4.54
5711,3240,breakdown,16.89,4.54
4682,5581,full,251.73,52.73
6933,7675,full,251.91,52.77
1551,9942,full,338.16,70.84
19064,822,legal,25.0,1.71
6968,4846,breakdown,16.89,4.54
18815,1776,full,326.97,68.5
29847,1791,legal,25.0,1.71
22262,8388,full,188.26,39.44
27616,7671,full,195.43,40.94
19335,1088,breakdown,16.89,4.54
7348,5187,breakdown,16.89,4.54
14498,6106,legal,25.0,1.71
1086,7511,breakdown,16.89,4.54
26509,8353,full,909.69,190.57
2727,520,breakdown,16.89,4.54
14960,5639,breakdown,16.89,4.54
10014,1965,legal,25.0,1.71
21340,4893,breakdown,16.89,4.54
14884,7368,legal,30.0,1.71
22352,2964,breakdown,22.9,5.09
21259,1366,full,101.2,21.2
11553,4790,breakdown,16.89,4.54
26117,4203,full,379.5,79.5
2106,3967,full,271.52,56.88
5185,3392,legal,25.0,1.71
21501,4877,breakdown,16.89,4.54
11102,435,full,189.75,39.75
7063,7031,full,303.35,63.55
12384,5218,breakdown,22.9,5.09
19969,3601,legal,46.13,1.71
23760,5033,breakdown,16.89,4.54
7353,902,breakdown,16.89,4.54
26849,596,full,358.62,75.13
15247,7025,legal,25.0,1.71
7503,2026,breakdown,16.89,4.54
25621,6033,breakdown,16.89,4.54
19473,6271,full,503.42,105.46
4034,1295,full,485.74,101.76
16656,4131,breakdown,16.89,4.54
15626,899,legal,25.0,1.71
24164,2632,breakdown,16.89,4.54
4616,8306,breakdown,16.89,4.54
23697,8753,full,319.11,66.85
29180,7996,full,215.01,45.04
10882,6781,legal,25.0,1.71
27935,4485,legal,25.0,1.71
8811,4579,full,513.1,107.49
26108,5778,breakdown,22.9,5.09
13733,3927,full,205.04,42.96
406,2905,breakdown,16.89,4.54
2751,5152,legal,25.0,1.71
16177,7538,full,147.56,30.91
22,6677,breakdown,22.9,5.09
14306,4832,legal,25.0,1.71
26307,8584,legal,25.0,1.71
11148,826,full,366.39,76.75
9685,8538,full,239.31,50.13
17932,9705,full,381.28,79.87
14543,2798,breakdown,22.9,5.09
1057,8990,full,338.21,70.85
11229,4626,breakdown,16.89,4.54
28838,1532,full,433.49,90.81
20755,8446,full,541.73,113.49
26204,4606,breakdown,22.9,5.09
20145,4621,full,,31.89
1918,7463,full,199.37,41.77
28113,6323,breakdown,16.89,4.54
8620,5656,full,132.83,27.83
17190,9883,breakdown,16.89,4.54
29753,9844,full,789.75,165.44
29623,3195,legal,46.13,1.71
19234,7602,legal,25.0,1.71
7580,5858,full,248.82,52.13
25300,2627,full,169.7,35.55
16148,63,legal,25.0,1.71
15917,6587,breakdown,22.9,5.09
24032,2673,legal,37.5,2.02
26345,6194,legal,25.0,1.71
19418,7838,legal,69.23,2.27
21982,8760,full,366.88,76.85
1243,548,breakdown,16.89,4.54
13871,6281,full,390.63,81.83
14354,3640,legal,25.0,1.71
6040,2332,legal,25.0,1.71
20696,4620,breakdown,16.89,4.54
283,6155,legal,25.0,1.71
5204,4487,legal,37.5,2.02
16120,5291,full,387.33,81.14
11528,1892,breakdown,22.9,5.09
25157,6174,legal,46.13,1.71
22514,8853,breakdown,22.9,5.09
6201,477,breakdown,22.9,5.09
5108,8797,breakdown,22.9,5.09
23548,295,breakdown,16.89,4.54
28783,2788,breakdown,16.89,4.54
29953,8059,breakdown,16.89,4.54
18670,3515,breakdown,16.89,4.54
12951,6438,breakdown,22.9,5.09
4706,9163,full,706.39,147.98
21174,2229,breakdown,16.89,4.54
14462,2603,legal,25.0,1.71
18166,6910,full,379.81,79.57
11254,6844,legal,37.5,2.02
21646,7875,full,150.32,31.49
25995,747,legal,37.5,2.02
5639,8845,legal,25.0,1.71
29069,5723,breakdown,32.4,6.5
24621,8112,breakdown,16.89,4.54
23950,8861,full,1119.94,234.61
1189,1178,breakdown,16.89,4.54
21544,3923,legal,25.0,1.71
22040,1211,breakdown,22.9,5.09
18982,4089,breakdown,16.89,4.54
18803,3445,legal,25.0,1.71
16578,2092,full,207.5,43.47
13572,3125,legal,25.0,1.71
24977,4259,legal,30.0,1.71
23380,7374,legal,37.5,2.02
363,5081,breakdown,16.89,4.54
4894,5058,breakdown,16.89,4.54
3713,7161,legal,37.5,2.02
4662,9396,breakdown,16.89,4.54
27159,2739,breakdown,16.89,4.54
726,7606,legal,37.5,2.02
19523,5168,breakdown,22.9,5.09
14558,7801,legal,92.32,2.83
29683,4490,legal,25.0,1.71
95,4888,legal,46.13,1.71
2819,3272,breakdown,16.89,4.54
14863,5358,full,327.18,68.54
17166,5509,breakdown,16.89,4.54
26532,1110,legal,37.5,2.02
11051,2031,breakdown,16.89,4.54
20094,294,breakdown,16.89,4.54
7369,6937,breakdown,16.89,4.54
13998,3191,breakdown,16.89,4.54
24428,5040,full,190.09,39.82
27893,7902,full,489.08,102.46
26510,551,legal,46.13,1.71
8330,6031,legal,25.0,1.71
5310,8903,full,365.96,76.66
9335,1726,legal,25.0,1.71
22624,7930,legal,25.0,1.71
6695,4711,legal,37.5,2.02
8122,6136,full,907.78,190.17
21864,7483,full,470.53,98.57
13381,3247,legal,25.0,1.71
27381,8331,breakdown,22.9,5.09
10443,2941,full,456.94,95.73
23668,694,legal,25.0,1.71
27161,3356,breakdown,22.9,5.09
26,4207,full,335.28,70.24
29592,4984,legal,37.5,2.02
20651,5098,legal,25.0,1.71
27727,8687,breakdown,16.89,4.54
29533,4300,breakdown,16.89,4.54
7539,2867,legal,69.23,2.27
23529,7426,breakdown,16.89,4.54
21150,2691,full,316.25,66.25
3278,8032,legal,25.0,1.71
23281,4871,breakdown,16.89,4.54
258,9595,breakdown,22.9,5.09
725,7621,full,170.78,35.78
19589,5586,legal,37.5,2.02
12918,9080,legal,25.0,1.71
12515,7261,breakdown,25.9,5.91
7189,4369,breakdown,16.89,4.54
25007,9454,breakdown,16.89,4.54
8723,9304,legal,25.0,1.71
26399,7737,legal,25.0,1.71
16978,5684,legal,46.13,1.71
28530,2742,breakdown,16.89,4.54
1117,8533,full,446.85,93.61
24205,6939,legal,25.0,1.71
23943,3688,breakdown,16.89,4.54
15623,4962,full,281.48,58.97
29719,2810,full,180.26,37.76
15468,6297,legal,25.0,1.71
23719,5702,full,585.73,122.71
25221,2930,breakdown,22.9,5.09
28321,7471,breakdown,16.89,4.54
12053,5798,breakdown,16.89,4.54
11428,5521,breakdown,16.89,4.54
21034,3248,legal,25.0,1.71
14838,7333,legal,25.0,1.71
14801,7647,full,217.4,45.54
18582,7898,legal,37.5,2.02
8760,488,full,220.93,46.29
2569,8580,legal,25.0,1.71
9797,8066,breakdown,22.9,5.09
22517,7189,legal,25.0,1.71
22779,5240,full,,93.28
12923,2190,full,202.23,42.37
20270,4625,legal,25.0,1.71
8334,4848,breakdown,16.89,4.54
25846,2259,legal,25.0,1.71
6108,3297,full,250.47,52.47
4579,1094,legal,25.0,1.71
27798,7887,legal,25.0,1.71
7250,2267,legal,25.0,1.71
26987,3956,legal,25.0,1.71
20461,9156,legal,25.0,1.71
4987,6440,breakdown,22.9,5.09
17606,4592,breakdown,16.89,4.54
17141,109,legal,25.0,1.71
6625,7637,breakdown,16.89,4.54
22030,7468,legal,25.0,1.71
26881,4568,legal,25.0,1.71
12021,5443,full,450.74,94.42
9991,1765,breakdown,22.9,5.09
27376,2208,breakdown,22.9,5.09
25506,8716,full,192.3,40.28
6421,4936,legal,37.5,2.02
29362,6911,full,546.96,114.58
6586,2013,legal,25.0,1.71
14176,4586,legal,25.0,1.71
11846,8611,legal,25.0,1.71
3472,4126,breakdown,16.89,4.54
25397,7003,full,591.7,123.95
16298,2639,breakdown,16.89,4.54
20236,6603,legal,25.0,1.71
20876,9161,full,169.37,35.48
12163,774,full,172.87,36.22
4420,220,legal,37.5,2.02
1937,5017,breakdown,16.89,4.54
24931,6000,legal,25.0,1.71
27202,9857,breakdown,22.9,5.09
21638,6095,legal,37.5,2.02
28721,9291,full,189.75,39.75
13608,1718,legal,37.5,2.02
811,9624,legal,25.0,1.71
27490,5790,full,201.58,42.23
20825,2686,breakdown,16.89,4.54
1707,2488,full,259.32,54.32
14481,7137,legal,25.0,1.71
3398,5019,breakdown,22.9,5.09
19356,9116,breakdown,16.89,4.54
20168,4185,breakdown,16.89,4.54
8325,1299,full,630.57,132.1
3727,4735,breakdown,16.89,4.54
3602,746,breakdown,22.9,5.09
17343,6546,legal,37.5,2.02
29469,2296,legal,45.0,2.08
12803,4362,breakdown,16.89,4.54
11165,5909,legal,37.5,2.02
25646,8951,breakdown,16.89,4.54
22067,8712,legal,25.0,1.71
10319,8834,none,25.0,1.71
6915,6506,breakdown,25.9,5.91
29729,2883,full,101.2,21.2
20205,5823,full,108.3,22.69
14375,7204,full,169.37,35.48
26430,1699,full,376.84,78.94
2910,6060,legal,37.5,2.02
21828,4267,full,412.72,86.46
26726,7544,breakdown,16.89,4.54
608,4610,legal,25.0,1.71
18143,3374,full,172.87,36.22
11039,2899,full,182.81,38.3
28141,431,breakdown,22.9,5.09
23766,678,full,376.33,78.84
1385,6669,legal,25.0,1.71
2243,5525,full,248.3,52.02
10502,8046,full,448.13,93.88
5374,5079,legal,25.0,1.71
29143,2382,breakdown,16.89,4.54
959,6646,full,171.97,36.03
16624,1097,full,101.2,21.2
19613,9183,legal,37.5,2.02
3237,530,breakdown,16.89,4.54
9750,470,breakdown,16.89,4.54
12105,7776,full,391.8,82.08
19297,1506,legal,37.5,2.02
2742,6336,breakdown,16.89,4.54
3787,6613,full,436.39,91.42
23849,9566,breakdown,16.89,4.54
14250,3669,legal,25.0,1.71
26758,6763,breakdown,22.9,5.09
23519,8969,full,416.35,87.22
22313,1743,breakdown,16.89,4.54
9709,1863,breakdown,16.89,4.54
28675,5488,breakdown,16.89,4.54
4262,6252,legal,25.0,1.71
17859,7389,breakdown,25.9,5.91
4971,890,legal,25.0,1.71
23300,6463,legal,30.0,1.71
5961,7866,breakdown,25.9,5.91
29308,8311,legal,30.0,1.71
26789,2475,full,359.8,75.38
2861,364,legal,25.0,1.71
9508,2594,breakdown,16.89,4.54
4797,739,full,251.73,52.73
18350,2441,breakdown,16.89,4.54
12025,5696,breakdown,16.89,4.54
7433,670,full,308.16,64.55
13333,5888,breakdown,22.9,5.09
22213,7749,legal,25.0,1.71
12671,3962,full,418.89,87.75
10919,7885,breakdown,16.89,4.54
18671,5193,breakdown,16.89,4.54
22831,6456,full,541.02,113.34
7841,5870,full,478.07,100.15
1930,5435,breakdown,22.9,5.09
26290,5668,breakdown,16.89,4.54
20342,8796,full,364.21,76.3
25270,5753,full,278.8,58.4
13948,1594,full,186.63,39.1
15936,7464,breakdown,16.89,4.54
29454,4231,breakdown,22.9,5.09
457,7952,legal,46.13,1.71
25980,7918,legal,37.5,2.02
2835,7507,breakdown,16.89,4.54
26908,7087,breakdown,16.89,4.54
7692,1939,full,293.0,61.38
15122,1972,breakdown,22.9,5.09
15688,8084,full,190.09,39.82
23166,2406,full,525.66,110.12
10055,5642,full,152.27,31.9
26276,9964,legal,25.0,1.71
9923,9280,legal,25.0,1.71
12964,4088,breakdown,22.9,5.09
3342,5742,legal,25.0,1.71
19207,840,legal,25.0,1.71
2906,1038,full,379.5,79.5
24414,8378,breakdown,16.89,4.54
19672,2319,full,449.53,94.17
7425,6274,legal,25.0,1.71
12317,6198,breakdown,16.89,4.54
10649,4510,full,537.56,112.61
3631,5275,breakdown,16.89,4.54
19559,933,full,554.24,116.1
3370,6779,full,639.62,133.99
8795,3295,legal,25.0,1.71
493,7981,breakdown,16.89,4.54
25962,9268,breakdown,16.89,4.54
28761,4906,breakdown,16.89,4.54
18551,5337,legal,25.0,1.71
19479,7063,legal,46.13,1.71
16370,9937,breakdown,16.89,4.54
14827,8046,legal,25.0,1.71
29151,7055,full,346.59,72.61
7016,9922,legal,46.13,1.71
7609,4236,full,364.67,76.4
3366,3882,legal,25.0,1.71
21316,1302,legal,25.0,1.71
16713,4018,legal,25.0,1.71
8012,6265,full,446.08,93.45
27592,2292,legal,30.0,1.71
25992,3867,legal,37.5,2.02
23619,5268,full,267.94,56.13
28843,4057,legal,25.0,1.71
7713,6192,full,719.02,150.62
24182,4124,legal,25.0,1.71
10142,2416,legal,25.0,1.71
1406,6401,breakdown,16.89,4.54
23627,9884,breakdown,16.89,4.54
24897,2516,legal,25.0,1.71
9659,7882,full,724.62,151.8
18556,4027,legal,25.0,1.71
7592,3962,legal,69.23,2.27
14756,1685,legal,25.0,1.71
13887,586,full,219.64,46.01
29748,2551,legal,25.0,1.71
29561,5209,full,483.58,101.31
122,2927,full,227.41,47.64
16411,7788,full,282.01,59.08
12950,6190,breakdown,16.89,4.54
20845,1316,full,344.33,72.13
26909,8476,full,426.07,89.26
6367,6443,legal,25.0,1.71
10934,4141,breakdown,16.89,4.54
2102,9327,full,101.2,21.2
26815,1810,full,381.24,79.87
1921,8797,legal,46.13,1.71
2443,5977,full,399.45,83.68
10228,3942,full,344.84,72.24
11698,5964,breakdown,22.9,5.09
21006,924,breakdown,16.89,4.54
13711,7217,full,450.17,94.31
25133,3023,legal,30.0,1.71
25107,6056,breakdown,16.89,4.54
14829,6212,full,150.32,31.49
18011,2523,breakdown,16.89,4.54
3899,2471,breakdown,25.9,5.91
13783,2865,full,169.37,35.48
25866,2802,breakdown,22.9,5.09
4480,3241,breakdown,22.9,5.09
19471,354,full,386.75,81.02
20040,9314,breakdown,16.89,4.54
13942,624,breakdown,16.89,4.54
26107,5770,breakdown,16.89,4.54
25420,245,legal,46.13,1.71
19348,3858,breakdown,16.89,4.54
2715,2079,breakdown,16.89,4.54
21325,7537,full,331.53,69.45
15999,5939,legal,37.5,2.02
16633,9008,breakdown,16.89,4.54
19141,1506,breakdown,22.9,5.09
26169,283,legal,25.0,1.71
29240,1962,breakdown,16.89,4.54
27920,7478,full,485.37,101.68
9567,4976,full,101.2,21.2
14417,6108,legal,25.0,1.71
4814,5941,breakdown,16.89,4.54
21349,4560,full,278.9,58.43
12953,8268,legal,25.0,1.71
4010,6023,full,316.25,66.25
28551,9201,legal,37.5,2.02
26206,7582,full,562.44,117.83
7840,6985,legal,25.0,1.71
11408,2920,legal,69.23,2.27
17638,5440,breakdown,16.89,4.54
9111,4687,breakdown,16.89,4.54
26527,1226,breakdown,16.89,4.54
3422,3075,legal,37.5,2.02
28019,8060,full,394.92,82.73
24793,9343,breakdown,22.9,5.09
28170,723,full,416.0,87.15
22910,1396,full,597.36,125.14
23318,3669,full,367.69,77.03
3728,4337,breakdown,16.89,4.54
15925,7671,legal,37.5,2.02
3596,6369,breakdown,16.89,4.54
19082,2287,breakdown,16.89,4.54
22710,3507,legal,37.5,2.02
22817,2269,legal,25.0,1.71
5503,6489,full,250.47,52.47
22957,4412,legal,25.0,1.71
4699,3803,full,371.34,77.79
8815,8201,legal,25.0,1.71
21800,927,breakdown,22.9,5.09
24244,956,legal,25.0,1.71
20794,1144,full,206.15,43.19
20905,9119,full,192.69,40.36
8489,3840,full,469.85,98.43
29169,4189,full,387.33,81.14
3802,5003,legal,25.0,1.71
1507,1398,legal,37.5,2.02
28708,9825,full,278.77,58.4
3751,2433,legal,25.0,1.71
7666,7668,breakdown,16.89,4.54
1438,7549,full,479.89,100.53
8916,2283,full,375.33,78.62
20955,597,full,365.78,76.63
24099,8632,full,292.98,61.38
16418,9984,full,316.88,66.38
13822,941,full,322.77,67.62
12400,7154,legal,25.0,1.71
13914,6678,breakdown,16.89,4.54
26338,7410,legal,25.0,1.71
21757,8016,legal,46.13,1.71
1875,6325,full,223.39,46.8
6207,195,breakdown,16.89,4.54
9747,8069,legal,37.5,2.02
17090,9570,legal,37.5,2.02
11484,4509,legal,25.0,1.71
16427,7570,full,471.69,98.81
2792,709,legal,25.0,1.71
13989,9365,breakdown,16.89,4.54
26034,164,breakdown,16.89,4.54
12373,8461,breakdown,16.89,4.54
11831,119,breakdown,16.89,4.54
21351,8420,legal,92.32,2.83
7732,3377,legal,25.0,1.71
6759,3064,breakdown,16.89,4.54
18797,7200,breakdown,22.9,5.09
21339,7552,breakdown,16.89,4.54
7557,8781,breakdown,16.89,4.54
23210,3088,legal,37.5,2.02
4339,8686,full,296.48,62.11
14902,6814,full,152.23,31.89
28286,6932,full,444.64,93.15
9859,9902,legal,25.0,1.71
7674,6566,breakdown,16.89,4.54
13769,2383,breakdown,16.89,4.54
25791,405,breakdown,16.89,4.54
9019,2552,legal,25.0,1.71
14296,1362,legal,25.0,1.71
6978,4166,breakdown,22.9,5.09
5830,926,full,152.63,31.98
19027,9107,full,384.92,80.63
16445,3890,legal,25.0,1.71
21140,9679,legal,37.5,2.02
21599,2949,breakdown,16.89,4.54
10240,7387,full,405.2,84.88
13497,983,breakdown,16.89,4.54
7004,4985,full,501.01,104.96
13431,3109,legal,37.5,2.02
21935,2085,legal,25.0,1.71
20100,4973,breakdown,22.9,5.09
5116,3342,legal,46.13,1.71
5880,4319,full,462.68,96.93
26133,7030,breakdown,22.9,5.09
17664,9820,legal,25.0,1.71
4087,4191,full,497.86,104.29
21709,3984,full,172.87,36.22
13227,1702,breakdown,16.89,4.54
22083,4689,full,579.48,121.39
25262,3821,full,191.63,40.15
21472,5016,legal,25.0,1.71
17613,7870,legal,37.5,2.02
24133,4055,breakdown,22.9,5.09
13479,4648,breakdown,16.89,4.54
29831,1673,legal,46.13,1.71
19697,1169,legal,25.0,1.71
7961,270,legal,25.0,1.71
18153,1839,full,236.85,49.62
7080,4287,full,198.58,41.6
20435,2740,full,546.19,114.42
18558,4084,legal,25.0,1.71
9077,2985,legal,25.0,1.71
7742,5058,full,531.64,111.37
20654,4245,legal,46.13,1.71
2520,5108,full,715.94,149.98
729,3989,full,307.35,64.39
24686,4050,breakdown,22.9,5.09
14953,7418,breakdown,16.89,4.54
11141,9317,legal,46.13,1.71
25768,6228,full,369.46,77.4
22960,5819,full,152.23,31.89
14274,7676,legal,46.13,1.71
29837,9164,legal,25.0,1.71
29476,9869,breakdown,16.89,4.54
5064,8047,full,251.73,52.73
10996,5431,legal,25.0,1.71
951,7769,legal,69.23,2.27
8217,6537,full,101.2,21.2
21332,5636,legal,25.0,1.71
13619,8643,breakdown,16.89,4.54
15412,2190,breakdown,16.89,4.54
8074,5473,legal,25.0,1.71
28922,6917,legal,25.0,1.71
26624,7573,full,281.83,59.04
23249,8551,legal,25.0,1.71
27673,846,full,508.55,106.53
12892,4356,legal,25.0,1.71
10315,7043,breakdown,22.9,5.09
16599,5361,legal,25.0,1.71
8668,5993,full,635.37,133.1
17678,7968,legal,25.0,1.71
27663,947,legal,25.0,1.71
15423,4813,full,277.44,58.12
17439,2024,full,193.5,40.53
1194,714,legal,25.0,1.71
2718,70,full,560.77,117.48
2365,2186,legal,69.23,2.27
351,1803,full,370.96,77.71
19096,7823,full,489.4,102.52
24192,2064,legal,45.0,2.08
27067,1260,breakdown,16.89,4.54
27388,5777,legal,37.5,2.02
23744,3236,legal,37.5,2.02
1281,2494,full,332.11,69.58
13459,3209,breakdown,22.9,5.09
2159,4258,breakdown,16.89,4.54
1038,6652,legal,25.0,1.71
28831,6906,legal,25.0,1.71
26452,9654,full,152.63,31.98
26201,5090,legal,37.5,2.02
14200,3281,full,495.32,103.76
4821,7179,legal,37.5,2.02
28359,5369,legal,92.32,2.83
4433,7797,breakdown,16.89,4.54
11422,3067,breakdown,16.89,4.54
20096,801,legal,25.0,1.71
5434,3467,full,393.03,82.33
5376,913,full,333.89,69.94
24885,8963,full,385.16,80.69
19439,2363,full,216.85,45.43
17629,4730,breakdown,16.89,4.54
27153,6958,full,389.63,81.62
18354,7042,full,456.68,95.67
19068,9393,full,250.35,52.45
19819,2864,legal,25.0,1.71
23375,4251,breakdown,16.89,4.54
25899,8782,full,1060.07,222.07
6922,5041,breakdown,16.89,4.54
27426,2041,legal,46.13,1.71
24500,5765,legal,25.0,1.71
1502,401,full,101.2,21.2
1534,3474,full,240.43,50.37
25358,5929,full,196.82,41.23
7307,1585,legal,25.0,1.71
29389,3407,legal,30.0,1.71
15620,7996,breakdown,22.9,5.09
13721,4337,legal,25.0,1.71
6121,210,legal,37.5,2.02
17411,5964,full,172.87,36.22
5418,792,legal,46.13,1.71
5210,1986,breakdown,22.9,5.09
11327,1165,legal,25.0,1.71
9436,6469,legal,37.5,2.02
6378,7356,full,702.5,147.16
26094,2292,breakdown,25.9,5.91
17741,5787,full,632.25,132.45
27636,1319,legal,37.5,2.02
18299,6998,breakdown,16.89,4.54
26203,7191,breakdown,25.9,5.91
14914,7514,breakdown,16.89,4.54
6733,2870,legal,92.32,2.83
16790,758,breakdown,16.89,4.54
25389,2374,legal,25.0,1.71
14592,4214,breakdown,16.89,4.54
2732,2194,legal,25.0,1.71
24747,731,legal,37.5,2.02
2295,4468,breakdown,16.89,4.54
14728,5386,legal,25.0,1.71
11621,7132,breakdown,16.89,4.54
13208,3415,breakdown,16.89,4.54
28087,8865,full,680.71,142.6
5413,6916,legal,25.0,1.71
7754,4931,legal,37.5,2.02
3506,2221,breakdown,16.89,4.54
27709,7979,full,250.72,52.53
7011,8827,breakdown,16.89,4.54
17821,8975,full,685.8,143.67
19734,2659,legal,25.0,1.71
9673,7222,full,903.63,189.3
29091,4044,full,1478.48,309.72
21803,8380,full,101.76,21.32
25009,9118,legal,25.0,1.71
25097,4233,full,350.27,73.38
29824,8420,breakdown,16.89,4.54
29046,8868,breakdown,16.89,4.54
29458,2718,breakdown,22.9,5.09
705,1601,breakdown,16.89,4.54
9182,7236,legal,46.13,1.71
8097,2279,breakdown,16.89,4.54
21680,5257,breakdown,22.9,5.09
21245,9945,legal,25.0,1.71
25277,434,breakdown,16.89,4.54
20609,8209,full,152.23,31.89
24705,1876,legal,25.0,1.71
9832,8939,legal,37.5,2.02
9865,7556,legal,25.0,1.71
11634,4307,legal,25.0,1.71
21353,9472,legal,69.23,2.27
5587,7967,breakdown,16.89,4.54
25369,7599,full,646.65,135.46
16986,1601,legal,25.0,1.71
4083,43,breakdown,16.89,4.54
19423,9813,full,310.85,65.12
24783,7008,full,172.87,36.22
5308,3210,legal,25.0,1.71
29998,6868,full,250.47,52.47
10128,6794,legal,25.0,1.71
21775,2067,breakdown,16.89,4.54
12358,8044,legal,25.0,1.71
19432,2748,legal,37.5,2.02
22770,9817,full,364.21,76.3
3892,4715,breakdown,16.89,4.54
20933,9908,breakdown,22.9,5.09
8525,9724,legal,25.0,1.71
16815,967,legal,25.0,1.71
29297,7267,full,416.56,87.27
8230,2468,full,346.11,72.51
8340,7184,breakdown,22.9,5.09
26533,5387,full,166.98,34.98
24824,4597,breakdown,32.4,6.5
7646,768,breakdown,22.9,5.09
16179,8070,legal,25.0,1.71
2976,3614,full,372.97,78.13
6802,6314,breakdown,16.89,4.54
28520,5171,full,797.36,167.04
15208,2425,legal,25.0,1.71
2828,1562,legal,25.0,1.71
1860,5619,legal,25.0,1.71
2260,2258,legal,37.5,2.02
5676,6007,legal,25.0,1.71
25425,6167,full,720.47,150.93
5249,4840,full,387.53,81.19
29704,5727,breakdown,22.9,5.09
17257,7719,full,169.21,35.45
659,4088,full,250.0,52.37
20235,6810,legal,30.0,1.71
12873,7409,breakdown,16.89,4.54
7786,3103,breakdown,22.9,5.09
28854,8972,breakdown,16.89,4.54
11916,8512,legal,25.0,1.71
27233,5068,legal,25.0,1.71
14846,252,legal,92.32,2.83
21791,3993,legal,37.5,2.02
16699,6522,legal,37.5,2.02
12993,5700,full,346.37,72.56
6412,4589,legal,25.0,1.71
668,7243,breakdown,16.89,4.54
10790,1494,breakdown,16.89,4.54
28268,9514,full,129.27,27.08
6919,4933,full,213.81,44.79
18949,8337,breakdown,16.89,4.54
10618,5796,full,238.68,50.0
18302,1799,legal,25.0,1.71
14871,950,full,289.17,60.58
2422,5192,legal,25.0,1.71
19988,4106,legal,37.5,2.02
5612,6724,legal,25.0,1.71
23631,2304,breakdown,16.89,4.54
9039,7049,breakdown,22.9,5.09
18392,5078,full,169.37,35.48
17501,5210,legal,25.0,1.71
18122,9079,full,560.69,117.46
10816,9275,full,101.2,21.2
22115,494,full,274.91,57.59
17990,5802,legal,46.13,1.71
15956,3277,legal,25.0,1.71
15202,5927,legal,25.0,1.71
21722,2926,breakdown,16.89,4.54
12493,7133,breakdown,16.89,4.54
7333,2619,breakdown,22.9,5.09
22581,7232,legal,25.0,1.71
5595,2547,full,564.72,118.3
24217,3715,full,169.37,35.48
12329,112,breakdown,16.89,4.54
18003,5327,full,152.23,31.89
29918,6796,breakdown,16.89,4.54
13988,9796,full,203.92,42.72
25627,5983,breakdown,16.89,4.54
3492,10000,full,399.8,83.75
12537,7482,legal,92.32,2.83
28329,2290,full,619.66,129.81
4183,975,full,242.87,50.88
21087,7527,breakdown,22.9,5.09
3063,7987,breakdown,22.9,5.09
3202,4690,full,190.09,39.82
9166,3159,legal,25.0,1.71
9361,2181,legal,37.5,2.02
6803,8939,breakdown,22.9,5.09
10174,9140,full,933.33,195.52
4694,3737,breakdown,16.89,4.54
18030,1577,legal,25.0,1.71
2376,1937,legal,25.0,1.71
5082,9779,breakdown,22.9,5.09
8935,8810,breakdown,22.9,5.09
10034,6699,legal,,2.02
22563,742,full,492.23,103.12
1521,7659,breakdown,16.89,4.54
11495,819,breakdown,22.9,5.09
2542,945,legal,25.0,1.71
28202,1178,full,418.04,87.57
11478,7301,breakdown,22.9,5.09
21226,4084,breakdown,16.89,4.54
6147,6421,breakdown,16.89,4.54
27475,3480,legal,25.0,1.71
8591,5139,legal,25.0,1.71
4021,32,full,298.58,62.55
1926,6889,full,302.49,63.37
26394,6845,full,256.94,53.83
28001,2728,breakdown,16.89,4.54
22169,7265,full,429.43,89.96
20044,406,full,288.67,60.48
16274,1959,full,375.24,78.61
18408,8836,legal,37.5,2.02
17772,1343,full,172.87,36.22
6877,9549,breakdown,16.89,4.54
7651,7652,legal,25.0,1.71
26546,4057,breakdown,16.89,4.54
25594,9791,legal,69.23,2.27
10551,1449,legal,37.5,2.02
23592,1562,breakdown,16.89,4.54
25421,8813,breakdown,16.89,4.54
13926,1300,breakdown,22.9,5.09
24387,5562,legal,25.0,1.71
7234,2500,breakdown,16.89,4.54
17757,5567,full,315.73,66.14
15226,5024,breakdown,22.9,5.09
24853,3033,legal,25.0,1.71
29390,2778,legal,25.0,1.71
20150,2856,breakdown,16.89,4.54
4573,6824,breakdown,16.89,4.54
28941,6231,legal,25.0,1.71
10759,706,breakdown,16.89,4.54
536,8496,full,404.83,84.8
14136,4421,breakdown,22.9,5.09
24063,3046,legal,37.5,2.02
11890,8924,legal,46.13,1.71
22378,958,full,488.89,102.41
27062,2601,breakdown,16.89,4.54
25109,3215,full,330.82,69.3
19049,8541,breakdown,16.89,4.54
664,3086,breakdown,16.89,4.54
22936,5762,full,743.65,155.79
15818,1621,legal,30.0,1.71
5661,818,legal,25.0,1.71
12552,1063,breakdown,22.9,5.09
21334,5327,breakdown,16.89,4.54
4108,9987,legal,25.0,1.71
8228,1232,full,1061.1,222.29
8970,2711,full,574.87,120.43
29073,7371,legal,25.0,1.71
26754,5359,breakdown,22.9,5.09
4882,5558,legal,45.0,2.08
21974,9090,legal,37.5,2.02
9174,577,full,269.98,56.56
3799,7021,legal,25.0,1.71
6910,8372,legal,37.5,2.02
6595,9683,full,469.31,98.31
6699,8591,legal,25.0,1.71
12157,1034,legal,37.5,2.02
29676,8708,legal,37.5,2.02
19859,4415,full,190.09,39.82
13191,1710,full,258.77,54.21
16702,3675,full,277.42,58.12
3814,6021,legal,25.0,1.71
8521,1138,legal,37.5,2.02
14644,3456,breakdown,22.9,5.09
14631,6944,legal,46.13,1.71
10971,1720,full,746.36,156.35
4439,5419,legal,25.0,1.71
20677,9441,legal,25.0,1.71
7264,7668,full,280.06,58.67
4507,111,full,403.48,84.52
23167,2167,legal,25.0,1.71
5389,9162,breakdown,16.89,4.54
11871,5084,breakdown,22.9,5.09
9896,3144,legal,37.5,2.02
23526,7029,breakdown,16.89,4.54
12431,4406,full,237.82,49.82
3079,9039,full,158.24,33.15
29589,2538,legal,25.0,1.71
29702,504,full,305.16,63.93
9245,5497,full,271.6,56.9
21394,2894,full,186.67,39.1
9053,7056,legal,25.0,1.71
17584,9812,full,514.16,107.71
7857,44,breakdown,16.89,4.54
22178,21,breakdown,16.89,4.54
18239,4602,breakdown,22.9,5.09
27829,1275,breakdown,22.9,5.09
15354,7968,full,353.58,74.07
579,1906,legal,46.13,1.71
29417,7066,legal,25.0,1.71
16414,7380,full,245.13,51.36
2899,7499,full,924.12,193.59
737,7984,full,470.24,98.51
15175,617,full,392.24,82.17
21668,5462,breakdown,16.89,4.54
4758,7199,full,483.01,101.18
21657,9268,legal,25.0,1.71
21924,3119,breakdown,25.9,5.91
29685,6892,full,292.66,61.31
15162,5196,legal,46.13,1.71
20466,719,legal,30.0,1.71
20531,6306,full,192.3,40.28
869,3706,breakdown,16.89,4.54
20656,9749,full,191.76,40.17
28313,8205,breakdown,16.89,4.54
16117,6130,legal,25.0,1.71
6697,7708,breakdown,16.89,4.54
21313,1193,breakdown,16.89,4.54
22433,483,legal,25.0,1.71
4250,8945,legal,25.0,1.71
12234,4545,full,242.81,50.87
14671,9815,legal,25.0,1.71
18903,7666,legal,25.0,1.71
5957,665,legal,25.0,1.71
20317,6904,breakdown,32.4,6.5
19114,6910,breakdown,16.89,4.54
13130,4737,breakdown,16.89,4.54
25226,5885,breakdown,22.9,5.09
11957,2045,full,762.06,159.64
13417,1609,full,222.28,46.57
712,6924,full,181.08,37.94
12646,6733,full,161.66,33.87
29327,8895,breakdown,16.89,4.54
9571,8691,full,393.33,82.4
18352,4866,legal,37.5,2.02
11971,8147,full,316.16,66.23
11783,7945,full,426.61,89.37
25508,8908,legal,46.13,1.71
18866,7114,full,294.71,61.74
2900,5351,legal,37.5,2.02
200,2743,full,412.14,86.34
19286,4829,full,473.96,99.29
17994,3871,full,158.18,33.14
8347,1544,full,101.2,21.2
11727,5484,legal,25.0,1.71
14373,8004,breakdown,22.9,5.09
9024,7144,full,737.04,154.4
5937,3991,full,300.9,63.04
5990,2661,breakdown,22.9,5.09
12771,9929,full,562.36,117.81
12555,5199,legal,25.0,1.71
3960,1615,legal,25.0,1.71
6346,5757,full,172.87,36.22
20418,3222,legal,25.0,1.71
25668,9774,breakdown,16.89,4.54
9689,387,legal,25.0,1.71
26630,7194,legal,25.0,1.71
19622,7756,legal,25.0,1.71
22596,9087,legal,37.5,2.02
22235,1555,legal,37.5,2.02
27580,8401,full,279.35,58.52
17918,2802,legal,46.13,1.71
28316,7325,legal,37.5,2.02
26700,3484,legal,25.0,1.71
2350,6748,full,435.44,91.22
364,2239,full,972.77,203.78
18150,3339,legal,25.0,1.71
27118,9767,legal,25.0,1.71
22212,1863,legal,25.0,1.71
2453,7568,full,547.61,114.72
24066,2380,full,186.33,39.04
15677,5563,breakdown,22.9,5.09
18608,7365,breakdown,16.89,4.54
2938,6006,breakdown,16.89,4.54
17459,4688,breakdown,22.9,5.09
8148,1402,legal,25.0,1.71
16654,5316,breakdown,16.89,4.54
3228,813,breakdown,16.89,4.54
25586,5388,breakdown,16.89,4.54
24846,7362,legal,37.5,2.02
3429,8397,breakdown,22.9,5.09
26207,9868,breakdown,16.89,4.54
12507,4283,full,394.29,82.6
2039,1881,breakdown,16.89,4.54
1084,3127,legal,25.0,1.71
22097,4952,full,1412.99,296.0
7252,6406,full,376.97,78.97
20713,821,breakdown,16.89,4.54
1981,3976,breakdown,16.89,4.54
17320,9770,full,247.69,51.89
8547,6467,full,520.8,109.1
27379,5130,legal,25.0,1.71
15521,1388,legal,25.0,1.71
22944,110,full,403.48,84.52
15525,9059,full,632.98,132.6
17964,8060,legal,25.0,1.71
26894,109,breakdown,16.89,4.54
10250,8574,breakdown,16.89,4.54
1025,5236,legal,25.0,1.71
14359,7474,legal,25.0,1.71
13876,6559,full,284.69,59.64
21902,8124,full,248.99,52.17
20576,4313,breakdown,16.89,4.54
4096,835,full,172.87,36.22
5281,2086,breakdown,16.89,4.54
25560,104,full,307.46,64.41
25814,5427,legal,37.5,2.02
5173,6169,breakdown,16.89,4.54
6707,1680,breakdown,16.89,4.54
26015,2708,full,255.88,53.61
3170,9859,legal,25.0,1.71
8282,5401,full,409.17,85.72
8237,3739,breakdown,16.89,4.54
5403,6220,full,409.41,85.77
4509,612,full,260.37,54.54
7083,2357,full,383.28,80.3
20014,3350,legal,25.0,1.71
21199,669,full,392.82,82.29
13925,4288,legal,25.0,1.71
2672,3596,legal,25.0,1.71
25892,5247,breakdown,16.89,4.54
26631,5874,breakdown,22.9,5.09
17599,7024,legal,30.0,1.71
13751,5186,legal,25.0,1.71
19849,7288,legal,25.0,1.71
18727,1171,breakdown,16.89,4.54
17228,4774,breakdown,16.89,4.54
24649,5839,breakdown,16.89,4.54
5255,6684,full,233.79,48.98
17418,5595,breakdown,16.89,4.54
14106,9561,legal,25.0,1.71
4544,8424,full,1141.12,239.05
16314,4199,legal,37.5,2.02
13318,9986,legal,37.5,2.02
26783,168,full,361.21,75.67
2664,9194,breakdown,16.89,4.54
5261,1130,full,274.55,57.51
26589,8757,full,150.32,31.49
10208,5186,breakdown,16.89,4.54
16863,9344,breakdown,16.89,4.54
24925,2241,legal,25.0,1.71
11341,4450,legal,25.0,1.71
2254,9656,legal,25.0,1.71
4751,8137,legal,25.0,1.71
13183,8601,legal,46.13,1.71
22252,4828,legal,25.0,1.71
22047,8615,breakdown,16.89,4.54
19537,4174,full,376.25,78.82
4525,8642,full,741.43,155.32
6153,7824,legal,25.0,1.71
4560,5536,breakdown,22.9,5.09
20661,4812,breakdown,16.89,4.54
16542,7935,legal,25.0,1.71
1088,4210,legal,25.0,1.71
1584,3364,legal,37.5,2.02
2731,1020,full,216.11,45.28
3056,9242,breakdown,16.89,4.54
13194,931,full,277.39,58.11
1154,9045,breakdown,16.89,4.54
12559,8376,full,172.87,36.22
29426,5586,full,269.27,56.41
3218,5133,full,347.68,72.84
22074,5873,full,495.86,103.88
15424,8441,full,153.69,32.2
5305,7967,full,1005.08,210.55
21698,8255,legal,37.5,2.02
3034,3755,legal,25.0,1.71
10075,159,full,442.22,92.64
12795,6158,legal,25.0,1.71
27404,4098,full,150.32,31.49
15343,1181,legal,25.0,1.71
29634,9823,full,245.09,51.34
21251,8728,full,152.23,31.89
473,232,legal,37.5,2.02
3588,5853,legal,37.5,2.02
28823,6947,full,637.27,133.5
21200,4643,full,700.47,146.74
20412,1932,full,713.3,149.43
20111,2637,full,101.2,21.2
27162,698,breakdown,16.89,4.54
27841,719,breakdown,25.9,5.91
14952,2205,full,169.37,35.48
22725,7241,breakdown,25.9,5.91
13506,1868,breakdown,16.89,4.54
9899,477,legal,37.5,2.02
19625,5227,breakdown,22.9,5.09
23260,6146,legal,25.0,1.71
24514,994,breakdown,16.89,4.54
21774,7159,full,409.97,85.88
26494,2963,legal,25.0,1.71
16886,4758,full,307.22,64.36
11144,237,breakdown,22.9,5.09
8912,2873,full,266.45,55.82
29699,166,legal,25.0,1.71
6104,1037,full,379.5,79.5
25850,4275,breakdown,16.89,4.54
11986,196,legal,25.0,1.71
9904,3887,full,331.8,69.51
19408,9889,breakdown,16.89,4.54
8240,6039,full,655.51,137.32
3431,3716,full,308.21,64.56
8203,5576,legal,30.0,1.71
9779,3452,legal,37.5,2.02
21131,8418,breakdown,16.89,4.54
22233,4961,breakdown,16.89,4.54
2048,4898,breakdown,16.89,4.54
7181,1259,legal,25.0,1.71
16647,3143,full,476.14,99.74
4904,2584,legal,25.0,1.71
4494,558,breakdown,16.89,4.54
25639,7355,full,702.5,147.16
25070,3022,full,184.85,38.73
10883,4814,legal,25.0,1.71
12228,3067,legal,25.0,1.71
27686,9608,legal,25.0,1.71
8115,1133,legal,25.0,1.71
20739,6663,breakdown,16.89,4.54
2702,5505,legal,25.0,1.71
681,7289,breakdown,16.89,4.54
864,2221,full,263.72,55.25
26862,7465,legal,37.5,2.02
13968,3941,full,584.62,122.47
334,577,breakdown,22.9,5.09
21827,6281,breakdown,22.9,5.09
11635,7799,breakdown,16.89,4.54
9547,5373,legal,25.0,1.71
3911,4987,full,296.45,62.1
5045,741,full,187.21,39.22
15619,8499,full,184.17,38.58
15911,5657,full,318.08,66.63
25077,4376,full,472.63,99.01
9198,8287,legal,30.0,1.71
3995,8327,breakdown,16.89,4.54
4267,3016,full,519.08,108.74
903,2374,full,383.59,80.36
7548,4195,breakdown,16.89,4.54
4007,5969,breakdown,16.89,4.54
14398,3295,full,152.23,31.89
4717,4704,legal,37.5,2.02
27793,7929,full,323.47,67.77
18818,1024,legal,25.0,1.71
29058,7227,legal,37.5,2.02
26878,3008,legal,37.5,2.02
26029,4571,legal,25.0,1.71
26553,4781,legal,25.0,1.71
14847,656,legal,30.0,1.71
17892,5428,breakdown,16.89,4.54
7500,1197,legal,37.5,2.02
18945,7059,full,197.85,41.45
19149,3663,legal,25.0,1.71
24444,288,full,371.27,77.78
14553,8768,full,652.38,136.66
26328,7628,legal,25.0,1.71
20469,1655,legal,25.0,1.71
2773,5956,legal,46.13,1.71
27894,2639,legal,25.0,1.71
703,9459,full,1043.7,218.64
6217,4453,full,551.58,115.55
23710,6638,breakdown,16.89,4.54
7843,1352,legal,25.0,1.71
8400,4740,breakdown,16.89,4.54
15090,5538,breakdown,16.89,4.54
15717,6468,full,209.78,43.94
29305,9677,legal,37.5,2.02
160,207,full,238.21,49.9
14453,1991,full,1250.34,261.93
6764,8152,full,487.28,102.08
27291,2563,breakdown,16.89,4.54
7451,5184,legal,25.0,1.71
9597,6489,breakdown,25.9,5.91
18633,8000,full,498.02,104.33
8586,267,breakdown,16.89,4.54
6761,4375,full,509.05,106.64
11212,8302,legal,37.5,2.02
27296,4251,legal,25.0,1.71
4442,1358,full,418.95,87.76
3651,3124,breakdown,22.9,5.09
9994,8692,full,172.87,36.22
25841,8746,breakdown,16.89,4.54
4550,1681,breakdown,16.89,4.54
4735,1573,legal,25.0,1.71
12484,500,breakdown,16.89,4.54
17814,863,legal,46.13,1.71
2392,1254,full,354.11,74.18
9634,6288,legal,25.0,1.71
10459,6005,breakdown,16.89,4.54
3661,9289,full,312.68,65.5
19910,6346,legal,37.5,2.02
2632,3639,full,347.73,72.84
17347,6418,legal,25.0,1.71
23832,6669,full,267.48,56.03
22323,4569,legal,25.0,1.71
26253,8177,full,220.81,46.26
20807,1850,breakdown,16.89,4.54
15596,1560,breakdown,16.89,4.54
6800,646,legal,46.13,1.71
20489,1289,legal,25.0,1.71
2693,6969,full,497.7,104.26
4705,5600,full,369.55,77.41
997,1793,legal,46.13,1.71
15957,3357,legal,46.13,1.71
29072,517,legal,37.5,2.02
23220,2359,legal,25.0,1.71
19710,1332,legal,37.5,2.02
27642,2836,breakdown,22.9,5.09
18498,1136,breakdown,16.89,4.54
1137,5296,full,804.49,168.53
14993,9945,breakdown,16.89,4.54
3841,9121,full,446.45,93.53
6723,9917,legal,30.0,1.71
5993,4928,full,599.98,125.69
303,4649,breakdown,16.89,4.54
4798,2590,breakdown,16.89,4.54
26263,6034,full,430.84,90.26
8252,8239,legal,25.0,1.71
29979,5811,full,305.55,64.01
10885,781,legal,25.0,1.71
18446,8857,breakdown,16.89,4.54
20254,9632,full,287.03,60.13
29996,1021,legal,25.0,1.71
10662,315,full,1426.92,298.92
6082,5495,full,375.47,78.66
20190,8342,breakdown,16.89,4.54
3124,8534,breakdown,16.89,4.54
15305,8476,breakdown,16.89,4.54
15991,2271,full,476.07,99.73
11906,1158,full,427.0,89.45
13747,2869,breakdown,16.89,4.54
19459,7768,breakdown,16.89,4.54
23010,7990,full,483.3,101.24
7384,5757,legal,25.0,1.71
24594,5625,breakdown,16.89,4.54
28563,94,full,973.16,203.86
22741,2996,legal,25.0,1.71
26272,3799,breakdown,16.89,4.54
8796,6924,legal,25.0,1.71
620,1455,full,157.14,32.92
13993,9404,full,172.87,36.22
15023,1467,full,101.2,21.2
8689,8831,legal,25.0,1.71
5314,6576,full,303.62,63.61
26386,8655,legal,37.5,2.02
21905,2357,breakdown,16.89,4.54
29938,2521,legal,46.13,1.71
26367,3972,full,383.14,80.26
22172,6344,breakdown,16.89,4.54
3981,1709,breakdown,16.89,4.54
11912,4881,breakdown,16.89,4.54
21215,408,full,349.17,73.14
21517,3525,full,371.92,77.91
14324,1690,breakdown,16.89,4.54
29714,7566,breakdown,16.89,4.54
10176,3876,breakdown,16.89,4.54
7611,6674,legal,37.5,2.02
29367,2678,legal,25.0,1.71
17072,7174,breakdown,16.89,4.54
22920,9615,breakdown,16.89,4.54
23651,9026,full,141.34,29.61
28553,8218,breakdown,16.89,4.54
12269,6623,legal,25.0,1.71
13596,1710,legal,25.0,1.71
7487,6159,full,452.48,94.79
18351,5243,legal,37.5,2.02
9966,8967,full,101.2,21.2
11112,8159,breakdown,22.9,5.09
4493,1414,legal,25.0,1.71
13282,7657,breakdown,16.89,4.54
15267,7075,full,251.73,52.73
16278,1078,full,174.11,36.47
29084,431,full,172.87,36.22
5989,6195,full,374.9,78.53
19562,5494,breakdown,22.9,5.09
23035,4363,breakdown,16.89,4.54
4724,5729,legal,25.0,1.71
16574,189,legal,46.13,1.71
23596,9308,breakdown,16.89,4.54
8485,384,full,171.94,36.02
1912,7605,legal,25.0,1.71
9190,4949,full,219.92,46.07
25484,3461,breakdown,16.89,4.54
19512,5335,full,670.2,140.4
8407,8662,legal,25.0,1.71
26011,2179,full,296.67,62.15
630,7542,full,485.75,101.76
13803,3339,breakdown,16.89,4.54
16000,5693,legal,25.0,1.71
28047,1836,breakdown,16.89,4.54
215,5086,breakdown,16.89,4.54
18510,5181,full,517.31,108.37
6269,5986,full,284.33,59.57
24942,1098,full,263.49,55.2
20991,6919,breakdown,16.89,4.54
22992,8925,legal,25.0,1.71
16581,7788,breakdown,16.89,4.54
26762,5899,full,250.47,52.47
5799,6330,legal,69.23,2.27
4411,5701,full,250.12,52.4
19013,3552,legal,25.0,1.71
22577,9889,legal,25.0,1.71
15471,8085,breakdown,16.89,4.54
29019,7789,breakdown,16.89,4.54
24815,138,breakdown,16.89,4.54
7810,5931,breakdown,16.89,4.54
17177,3154,full,325.09,68.1
1167,8183,breakdown,16.89,4.54
18443,7268,legal,25.0,1.71
15678,7862,full,251.29,52.64
14098,2924,legal,37.5,2.02
28554,3609,legal,25.0,1.71
11191,7023,legal,30.0,1.71
20692,8634,legal,25.0,1.71
17472,1059,legal,37.5,2.02
2426,7499,legal,37.5,2.02
19798,2741,legal,25.0,1.71
5485,4662,full,289.27,60.6
28991,8003,full,172.87,36.22
1432,8657,legal,46.13,1.71
6626,5699,full,186.0,38.97
1023,9753,legal,25.0,1.71
3639,9587,legal,30.0,1.71
11946,2360,legal,25.0,1.71
10702,6732,breakdown,16.89,4.54
2787,8182,breakdown,16.89,4.54
11014,8654,legal,25.0,1.71
20315,4515,breakdown,16.89,4.54
4587,1041,legal,25.0,1.71
16655,4521,full,242.14,50.72
16864,6012,breakdown,22.9,5.09
10314,6674,full,247.12,51.77
10746,7483,breakdown,16.89,4.54
11611,5124,full,260.24,54.52
3582,2000,breakdown,16.89,4.54
26441,1898,legal,25.0,1.71
11439,3973,legal,30.0,1.71
21090,8277,full,171.53,35.94
2028,1730,full,469.76,98.41
13068,4445,breakdown,16.89,4.54
5953,3980,legal,25.0,1.71
14096,1627,full,363.91,76.24
5138,1536,full,375.56,78.67
18202,3028,full,198.68,41.62
26940,7394,legal,25.0,1.71
4485,996,legal,25.0,1.71
6488,289,full,414.71,86.88
399,8808,breakdown,16.89,4.54
5001,8750,breakdown,22.9,5.09
18048,6373,full,285.13,59.73
10480,2772,full,512.34,107.33
8164,2597,legal,37.5,2.02
27812,1822,full,171.53,35.94
8534,1935,full,171.16,35.85
9775,8656,breakdown,16.89,4.54
29631,1880,full,476.73,99.87
926,5556,legal,25.0,1.71
23183,9641,full,760.32,159.28
17838,2312,full,241.44,50.58
9306,3436,legal,30.0,1.71
8216,5233,legal,25.0,1.71
10190,3318,full,179.31,37.57
26670,5242,full,169.37,35.48
19667,2935,legal,25.0,1.71
10946,7919,full,292.55,61.28
8666,481,full,132.83,27.83
24332,4770,full,342.58,71.77
11331,1256,breakdown,16.89,4.54
10461,4744,legal,25.0,1.71
9862,5958,full,240.74,50.43
4964,3711,full,312.51,65.47
3729,7530,legal,37.5,2.02
15600,5037,breakdown,16.89,4.54
29470,556,breakdown,16.89,4.54
8484,2809,breakdown,16.89,4.54
22700,9954,legal,46.13,1.71
6087,5032,legal,25.0,1.71
16710,4004,full,171.8,35.99
27099,8794,breakdown,22.9,5.09
8941,3878,full,497.6,104.24
22224,4653,full,299.61,62.77
22544,4123,legal,25.0,1.71
6138,6683,full,233.79,48.98
9247,8024,legal,69.23,2.27
17337,416,full,331.38,69.42
4747,6277,breakdown,22.9,5.09
14517,1129,breakdown,16.89,4.54
8824,5154,legal,25.0,1.71
5055,2977,full,154.23,32.31
5404,8864,breakdown,16.89,4.54
28696,8671,legal,25.0,1.71
22136,5028,full,236.86,49.62
26874,3918,legal,25.0,1.71
970,2035,full,206.38,43.23
14160,875,breakdown,16.89,4.54
15511,1885,breakdown,16.89,4.54
5569,7837,legal,25.0,1.71
16392,651,breakdown,16.89,4.54
24115,137,legal,25.0,1.71
2506,9997,legal,37.5,2.02
2829,2839,legal,46.13,1.71
13858,9313,full,214.92,45.02
25657,4971,full,581.13,121.74
26346,4528,breakdown,16.89,4.54
5357,7680,breakdown,22.9,5.09
27575,4581,breakdown,16.89,4.54
28217,5697,legal,25.0,1.71
2822,8383,legal,69.23,2.27
24199,9333,breakdown,22.9,5.09
411,5671,full,584.95,122.54
9778,4059,full,261.31,54.74
15065,3754,legal,25.0,1.71
641,9450,full,357.57,74.91
16786,6018,breakdown,16.89,4.54
24246,9900,full,709.14,148.55
21865,7387,breakdown,16.89,4.54
16234,5518,legal,46.13,1.71
15223,7070,legal,25.0,1.71
26138,3031,full,289.59,60.67
4554,317,legal,25.0,1.71
24505,9299,legal,46.13,1.71
17094,8361,legal,46.13,1.71
15396,9269,legal,69.23,2.27
10512,5255,legal,25.0,1.71
9644,7158,breakdown,22.9,5.09
27441,9745,breakdown,22.9,5.09
22423,5802,full,101.2,21.2
19477,1200,legal,37.5,2.02
2297,1247,breakdown,16.89,4.54
23101,7310,breakdown,22.9,5.09
218,1813,full,406.36,85.13
21039,9095,legal,25.0,1.71
5234,8618,legal,25.0,1.71
29724,7900,breakdown,22.9,5.09
21622,5801,full,267.76,56.1
23797,4711,breakdown,22.9,5.09
8045,6830,full,376.68,78.91
21420,9,legal,25.0,1.71
8522,5715,full,101.2,21.2
5145,7240,breakdown,22.9,5.09
3904,1887,breakdown,16.89,4.54
5102,4185,legal,25.0,1.71
10808,4911,legal,37.5,2.02
16209,2012,breakdown,16.89,4.54
20536,6819,full,301.8,63.22
16136,6959,legal,25.0,1.71
979,9561,full,210.06,44.01
12128,8320,breakdown,16.89,4.54
9202,3439,full,541.53,113.44
18386,8169,full,215.54,45.15
20669,5262,full,670.42,140.45
16156,3624,breakdown,16.89,4.54
18664,5412,breakdown,16.89,4.54
189,2429,full,166.43,34.87
18843,1141,full,499.2,104.58
7862,2647,breakdown,16.89,4.54
7719,5075,full,240.5,50.38
20018,5641,legal,46.13,1.71
16170,3060,breakdown,16.89,4.54
21938,5269,full,152.23,31.89
26552,3544,legal,37.5,2.02
21235,7086,breakdown,16.89,4.54
22964,7242,full,451.88,94.67
8572,4900,breakdown,16.89,4.54
27076,8941,full,292.12,61.2
1743,791,full,393.94,82.53
3352,9099,full,221.19,46.34
19869,9525,breakdown,16.89,4.54
7012,1439,breakdown,16.89,4.54
18232,6405,breakdown,16.89,4.54
13908,8081,legal,37.5,2.02
23599,1603,legal,25.0,1.71
14068,2542,breakdown,16.89,4.54
19633,6771,full,227.62,47.68
2266,3143,legal,25.0,1.71
7764,5797,breakdown,22.9,5.09
6675,3505,breakdown,16.89,4.54
24172,5691,legal,25.0,1.71
17559,179,full,586.97,122.96
3708,8583,legal,37.5,2.02
15345,3454,legal,37.5,2.02
1808,4896,legal,37.5,2.02
5483,3343,legal,25.0,1.71
19571,8020,legal,25.0,1.71
18731,8074,breakdown,22.9,5.09
13888,9725,breakdown,16.89,4.54
28294,6409,breakdown,16.89,4.54
9751,1753,breakdown,16.89,4.54
24922,5308,legal,25.0,1.71
25801,9338,breakdown,22.9,5.09
1193,354,breakdown,16.89,4.54
26254,4507,legal,46.13,1.71
16265,4457,breakdown,16.89,4.54
17858,212,legal,25.0,1.71
9679,4716,full,349.21,73.16
22822,2316,full,267.26,55.99
9398,2122,breakdown,16.89,4.54
15990,6717,full,172.87,36.22
21595,2903,legal,25.0,1.71
8170,7656,full,201.83,42.28
21265,3209,full,204.92,42.93
26323,6590,legal,37.5,2.02
3566,5090,full,328.67,68.86
24004,3482,legal,25.0,1.71
18401,1422,breakdown,16.89,4.54
1577,362,breakdown,16.89,4.54
9300,9108,breakdown,16.89,4.54
24955,2946,full,152.23,31.89
3143,5864,legal,25.0,1.71
5721,7843,full,485.08,101.62
28126,2127,full,239.53,50.18
