id,date,email,vehicle_id,operation_type,is_booked
7568,2021-11-04,email1134@domain.it,2954,default,0
8682,2022-04-06,email7514@domain.com,4042,forced,0
299,2021-09-17,email11804@domain.uk,3024,forced,1
4975,2022-03-03,email25549@domain.it,4275,automatic,0
8564,2021-08-21,email2617@domain.com,5044,default,0
4272,2021-07-11,email2515@domain.com,2598,automatic,1
6085,2022-01-12,email11190@domain.it,2710,default,0
1721,2022-01-14,email5430@domain.it,4135,default,0
518,2022-06-16,email1425@domain.com,6110,default,0
6297,2021-12-05,email2620@domain.es,3920,default,0
7081,2022-05-04,email2835@domain.it,1447,default,0
998,2022-06-10,email10107@domain.es,6526,default,0
491,2021-08-20,email8077@domain.es,2767,default,0
3206,2022-01-09,email3592@domain.com,2151,default,0
2730,2021-10-12,email17251@domain.it,2448,default,0
5031,2021-09-29,email1062@domain.com,3168,automatic,0
6896,2022-01-06,email8364@domain.com,5366,default,1
1694,2022-04-08,email9818@domain.es,5511,default,0
3301,2021-08-19,email12928@domain.uk,1319,default,0
2272,2022-03-06,email3344@domain.com,6409,default,0
8358,2022-06-08,email1908@domain.it,7563,default,0
2393,2022-04-11,email8101@domain.com,2293,default,0
4701,2021-07-08,email6051@domain.com,4662,default,0
3113,2021-07-24,email19721@domain.com,1510,default,0
1847,2021-07-20,email3301@domain.it,4351,default,0
4689,2021-12-03,email2475@domain.uk,5094,default,0
7502,2021-10-27,email18488@domain.uk,5888,forced,0
3490,2022-03-07,email28854@domain.com,687,default,0
8718,2022-02-01,email19843@domain.uk,7026,automatic,0
9234,2021-12-28,email16023@domain.com,2581,default,0
7615,2022-03-17,email4335@domain.it,4270,default,0
2676,2022-05-17,email7231@domain.com,8232,automatic,0
9592,2022-02-06,email410@domain.it,5612,default,0
4557,2021-08-02,email10975@domain.it,6102,default,0
2408,2021-08-27,email4009@domain.com,2702,default,0
9170,2022-05-19,email1015@domain.it,973,automatic,0
1901,2021-09-16,email10853@domain.com,474,default,0
2497,2022-04-02,email17940@domain.com,388,automatic,0
8750,2021-10-16,email3395@domain.uk,4737,default,0
9484,2021-07-07,email13661@domain.es,2325,default,0
3596,2022-04-06,email704@domain.es,6777,default,0
1100,2022-03-23,email7972@domain.com,4336,default,0
4654,2021-07-23,email188@domain.com,507,default,0
4283,2022-03-01,email4268@domain.uk,1133,default,0
7439,2021-07-19,email1943@domain.es,7469,default,0
2705,2021-09-09,email2901@domain.es,63,forced,0
7260,2022-02-11,email1181@domain.it,5104,forced,0
6935,2021-08-16,email7201@domain.it,291,forced,0
7378,2022-02-19,email10047@domain.uk,6816,automatic,0
7903,2021-12-17,email14372@domain.com,7638,default,1
5783,2022-04-24,email2036@domain.com,83,default,0
4100,2021-11-06,email1133@domain.com,961,default,0
6660,2021-10-23,email5082@domain.com,5942,default,0
7472,2021-09-21,email5383@domain.com,2633,forced,0
6950,2021-10-31,email11190@domain.com,5769,default,0
1250,2021-09-03,email2938@domain.it,1665,forced,0
7959,2021-10-06,email885@domain.es,670,default,0
4564,2021-08-08,email9821@domain.com,1055,default,0
6569,2021-12-29,email1464@domain.com,8197,default,0
1958,2022-05-26,email2874@domain.uk,5330,default,0
203,2021-09-28,email9143@domain.uk,1168,default,0
6663,2021-08-17,email5154@domain.es,5244,default,0
9673,2022-06-29,email682@domain.com,5505,default,0
8927,2022-05-31,email2076@domain.com,3749,default,1
3628,2021-10-21,email25838@domain.es,483,automatic,0
1509,2021-12-22,email20190@domain.es,2540,default,0
9841,2022-06-27,email1864@domain.it,7939,default,0
6600,2022-03-22,email1057@domain.es,3469,automatic,1
1817,2021-07-11,email2989@domain.it,195,automatic,0
1242,2021-10-13,email23255@domain.it,5593,forced,1
6716,2022-05-29,email3356@domain.com,4427,default,0
4291,2021-11-18,email2923@domain.es,1002,default,0
2364,2022-05-02,email6540@domain.com,7466,default,0
1822,2021-12-11,email9929@domain.com,4143,default,0
8306,2021-10-21,email12741@domain.com,3058,default,0
7769,2021-11-21,email7858@domain.com,7725,automatic,0
9441,2022-06-01,email1745@domain.com,4142,default,0
7461,2022-04-06,email17651@domain.com,7287,automatic,0
8047,2022-02-09,email3977@domain.uk,1261,automatic,0
5249,2021-09-21,email6731@domain.it,7391,default,0
5572,2021-11-11,email9054@domain.it,2144,automatic,0
9979,2022-03-03,email10967@domain.it,627,automatic,0
703,2021-10-16,email2595@domain.com,5749,automatic,0
7451,2022-03-17,email40960@domain.uk,8345,default,0
9827,2021-11-04,email13029@domain.it,3401,automatic,0
5560,2021-09-24,email17722@domain.it,2703,default,0
7657,2022-01-19,email2263@domain.uk,3709,default,0
2251,2021-11-27,email7172@domain.com,8093,default,0
235,2022-04-07,email6713@domain.uk,2752,automatic,0
9881,2022-01-27,email506@domain.uk,384,default,0
6820,2021-12-10,email4456@domain.it,3435,automatic,0
3941,2022-01-20,email20906@domain.es,2995,default,0
2934,2021-09-17,email2450@domain.es,2048,automatic,0
5383,2022-04-11,email15748@domain.it,639,default,0
6768,2021-08-23,email13967@domain.es,4038,default,0
6696,2021-10-11,email11346@domain.com,1137,default,0
5343,2021-08-15,email2292@domain.com,5264,default,0
6213,2021-07-12,email8134@domain.com,2991,default,0
1333,2021-12-04,email7162@domain.com,3150,default,0
5766,2022-02-03,email5646@domain.com,4032,automatic,0
6108,2021-12-21,email219@domain.it,1910,default,0
2138,2021-12-12,email2694@domain.it,4268,default,0
7146,2021-07-06,email4721@domain.com,809,default,0
2706,2022-03-17,email1721@domain.uk,2354,default,0
8754,2022-06-21,email4935@domain.uk,8495,default,0
7674,2021-07-07,email33216@domain.it,4514,default,1
4015,2022-01-17,email499@domain.com,4193,default,0
9197,2021-12-11,email18957@domain.com,1108,automatic,0
1727,2021-11-29,email11622@domain.uk,6959,forced,0
3360,2022-04-06,email28379@domain.com,2788,default,1
3198,2021-08-03,email9846@domain.com,3132,default,0
3900,2021-08-10,email10431@domain.com,2468,automatic,0
7287,2021-10-31,email11517@domain.com,7746,default,0
605,2021-07-28,email12062@domain.it,88,default,0
3346,2021-10-13,email36607@domain.com,7721,forced,0
9481,2022-02-28,email8462@domain.com,7145,default,0
4032,2022-02-10,email35143@domain.es,262,forced,0
4687,2022-01-03,email7381@domain.it,8356,automatic,0
4861,2022-05-29,email5713@domain.it,2122,default,0
4943,2022-06-16,email11734@domain.com,7227,default,0
3182,2021-12-22,email22301@domain.com,3078,forced,0
4663,2021-09-14,email10231@domain.com,1307,default,0
9271,2021-10-06,email6677@domain.uk,5626,automatic,0
9162,2021-11-22,email6979@domain.es,2436,forced,0
5763,2022-05-13,email19709@domain.es,5275,automatic,0
6706,2021-07-18,email13943@domain.uk,3227,default,1
8567,2021-11-04,email2415@domain.it,1405,default,0
3929,2021-10-10,email5190@domain.com,593,default,0
9183,2021-12-23,email931@domain.es,6860,default,0
5376,2022-01-08,email15211@domain.com,597,default,0
8114,2022-03-14,email1684@domain.uk,1177,default,0
344,2022-03-06,email17750@domain.es,7808,default,0
3863,2021-11-21,email10564@domain.it,5736,default,0
8875,2021-10-10,email1254@domain.com,5537,default,0
6931,2021-11-21,email16661@domain.com,7130,default,0
4570,2021-08-09,email5892@domain.uk,7093,automatic,0
3199,2022-06-21,email1113@domain.com,5756,default,1
683,2021-09-07,email27070@domain.com,5603,default,0
838,2022-04-04,email7957@domain.com,5164,default,0
9535,2021-09-18,email1840@domain.es,1893,default,0
1305,2022-02-16,email15504@domain.it,7448,automatic,1
9778,2021-12-02,email12164@domain.it,473,default,0
9853,2021-10-10,email9444@domain.com,207,default,0
4532,2021-08-25,email424@domain.es,3403,default,0
5970,2021-07-25,email902@domain.it,7549,default,0
1957,2022-06-08,email6588@domain.it,2706,automatic,0
1403,2021-11-06,email15537@domain.com,8082,forced,0
8149,2022-02-08,email61865@domain.com,4768,automatic,0
1008,2021-08-01,email1861@domain.com,8437,default,0
5865,2021-08-20,email43277@domain.it,1490,default,0
2975,2022-02-14,email641@domain.it,4459,default,0
2196,2021-12-12,email5690@domain.it,2808,automatic,0
1595,2022-04-25,email3255@domain.com,7787,default,0
4210,2022-02-25,email7187@domain.it,4130,default,0
1923,2022-04-06,email13733@domain.com,84,automatic,0
467,2021-08-04,email13026@domain.com,4415,default,0
5250,2021-12-17,email5848@domain.it,6007,default,0
1985,2022-01-09,email1654@domain.com,7690,default,0
1904,2021-09-06,email2415@domain.com,5964,default,0
8999,2022-01-16,email10018@domain.com,327,default,1
717,2021-09-23,email5289@domain.es,2873,default,0
8537,2022-02-19,email36519@domain.com,743,default,0
4510,2022-01-17,email513@domain.com,6984,default,0
395,2022-05-31,email8745@domain.uk,5362,default,0
2346,2021-07-05,email6065@domain.it,6568,forced,0
2779,2021-09-18,email25621@domain.com,377,default,0
8891,2021-11-20,email1151@domain.com,3084,forced,0
7572,2022-05-19,email1984@domain.com,4345,default,0
5357,2021-09-29,email1901@domain.it,1432,automatic,0
9000,2021-11-05,email10230@domain.com,1698,automatic,0
9565,2021-12-13,email17968@domain.com,4369,default,0
2989,2021-07-13,email3345@domain.com,1015,default,0
7293,2021-11-27,email2292@domain.com,977,automatic,1
813,2022-05-04,email8415@domain.es,2076,default,0
6606,2021-07-12,email16560@domain.it,6233,automatic,1
7135,2021-12-15,email5810@domain.it,1081,automatic,1
7686,2021-12-28,email4919@domain.it,4855,default,0
7181,2022-05-10,email3705@domain.com,4041,default,0
3145,2021-10-09,email3667@domain.com,7716,default,0
9279,2021-08-11,email17043@domain.es,417,automatic,0
44,2021-09-08,email26927@domain.es,7853,default,0
4364,2021-07-04,email4607@domain.com,8132,forced,0
4575,2022-05-08,email191@domain.it,6106,default,0
8902,2022-05-08,email3687@domain.it,1370,forced,0
5829,2021-11-21,email9447@domain.it,4934,automatic,0
3363,2022-01-15,email10174@domain.it,738,default,0
7386,2021-07-24,email5368@domain.it,7739,default,0
9284,2022-03-09,email754@domain.com,7138,default,0
1495,2022-03-29,email3406@domain.com,8173,default,0
5257,2021-08-08,email713@domain.es,2235,default,0
1286,2022-05-21,email13394@domain.com,3367,default,0
7745,2022-05-16,email22142@domain.com,8206,default,0
5966,2022-06-21,email8041@domain.it,6447,automatic,0
9679,2021-12-28,email17264@domain.it,8524,automatic,1
9872,2022-01-28,email781@domain.it,822,default,1
2385,2022-01-09,email3385@domain.es,3759,default,0
4008,2021-08-05,email16511@domain.uk,1624,default,0
5589,2022-02-21,email25236@domain.com,6813,default,0
2349,2022-02-25,email8447@domain.es,5899,automatic,0
5801,2022-02-05,email24382@domain.es,7506,default,0
8719,2021-09-30,email2793@domain.uk,7786,default,0
4102,2022-03-06,email36219@domain.it,7629,forced,0
6091,2021-11-14,email5130@domain.uk,387,default,0
5891,2021-12-06,email27507@domain.it,2408,default,0
1253,2021-07-21,email490@domain.com,6541,default,0
6723,2021-11-15,email7495@domain.it,3052,default,0
7029,2021-11-06,email330@domain.it,5905,default,0
1339,2021-09-05,email1122@domain.com,6669,default,0
2667,2022-02-27,email8888@domain.com,4897,automatic,0
1129,2021-12-07,email1581@domain.com,6485,forced,0
409,2021-10-28,email31494@domain.com,7522,default,1
9837,2022-05-28,email1264@domain.com,4373,default,0
9219,2022-05-06,email28367@domain.it,5459,default,1
4138,2022-06-09,email4519@domain.it,2014,default,1
5055,2021-08-09,email9665@domain.com,3801,default,0
6271,2022-05-01,email33527@domain.uk,7546,forced,0
1015,2021-09-06,email1781@domain.com,8622,default,0
515,2021-10-15,email3622@domain.uk,515,default,0
5754,2021-08-11,email16069@domain.es,4021,default,0
7228,2022-04-22,email9850@domain.it,8360,forced,0
7581,2022-02-17,email34908@domain.uk,2050,default,0
4964,2021-10-27,email6813@domain.com,6961,default,0
7633,2022-01-06,email7781@domain.es,1063,automatic,0
9196,2021-09-20,email5526@domain.com,4330,default,0
7294,2021-10-05,email13371@domain.uk,2115,default,0
2928,2021-12-10,email6146@domain.com,2010,automatic,0
630,2021-12-09,email5604@domain.it,148,default,0
3831,2022-01-13,email7796@domain.com,4055,automatic,0
7491,2021-10-29,email10419@domain.com,3773,default,0
7719,2022-02-22,email11691@domain.it,4922,default,0
2018,2021-10-28,email5452@domain.com,6318,forced,0
1161,2021-08-19,email3229@domain.com,8284,default,0
3234,2021-10-09,email7502@domain.com,7562,automatic,0
4644,2022-02-01,email4146@domain.it,8308,default,0
186,2022-05-24,email17902@domain.uk,6279,forced,0
2187,2021-07-15,email15012@domain.it,5292,default,1
7186,2022-03-22,email12054@domain.com,1486,automatic,0
3974,2021-11-03,email1626@domain.com,4872,default,0
5364,2022-01-24,email7062@domain.com,5588,default,0
420,2021-12-18,email1944@domain.com,4923,default,0
5656,2022-01-14,email494@domain.es,6509,default,0
7478,2021-10-22,email2829@domain.uk,6503,automatic,0
2043,2021-12-18,email5049@domain.uk,2039,default,0
2959,2022-02-15,email30662@domain.it,4607,default,0
3861,2021-09-14,email2933@domain.it,5325,default,0
8442,2021-08-25,email15@domain.com,4729,default,0
3120,2021-11-17,email1637@domain.com,6377,default,0
4636,2022-04-06,email5283@domain.uk,2155,default,0
2748,2021-09-16,email3177@domain.it,5182,forced,0
4178,2022-05-23,email2411@domain.it,6633,automatic,0
6561,2022-06-30,email3546@domain.es,1027,automatic,0
4875,2021-11-28,email23420@domain.com,7436,default,0
5401,2021-11-08,email14082@domain.uk,6044,forced,0
7729,2021-12-07,email4988@domain.uk,751,default,0
2489,2022-01-29,email3572@domain.it,3618,default,0
3851,2021-08-04,email1911@domain.com,7730,default,0
8122,2021-10-14,email1843@domain.es,6210,automatic,1
2502,2022-05-19,email6959@domain.es,1268,automatic,0
5641,2021-11-06,email22209@domain.com,1222,default,0
5272,2021-10-16,email1971@domain.com,4481,automatic,0
2690,2021-11-03,email561@domain.com,746,default,0
8787,2021-10-27,email18920@domain.com,7930,default,0
7501,2021-09-23,email23160@domain.com,6783,default,0
2561,2022-04-09,email31191@domain.com,3611,default,1
6817,2021-11-08,email13682@domain.com,5713,automatic,0
2183,2021-09-16,email6272@domain.it,6666,automatic,0
6728,2021-10-13,email6146@domain.com,5984,default,0
5925,2021-11-09,email5484@domain.es,462,default,0
8059,2022-04-25,email10888@domain.com,2764,default,0
6718,2022-06-20,email6553@domain.com,1373,automatic,0
2581,2021-10-18,email52554@domain.com,2614,default,0
7139,2021-10-06,email34844@domain.it,1760,default,0
9901,2022-05-06,email6358@domain.es,920,default,0
6317,2022-01-26,email16072@domain.es,223,default,0
3996,2021-11-24,email14751@domain.com,3189,forced,0
9260,2022-03-04,email27290@domain.uk,7884,default,0
9520,2022-01-01,email8524@domain.uk,4917,default,0
7818,2022-06-23,email13246@domain.com,7256,default,0
5942,2022-04-19,email12008@domain.uk,7910,default,1
178,2022-04-09,email9236@domain.uk,3848,default,0
9641,2022-05-19,email10866@domain.com,6988,default,0
549,2021-10-17,email10125@domain.com,576,default,0
4197,2021-09-30,email3542@domain.com,3330,default,0
8757,2022-06-17,email15286@domain.com,3364,default,0
2646,2022-05-07,email1448@domain.com,2736,automatic,0
6122,2022-04-12,email13364@domain.com,2837,default,0
5068,2021-08-19,email27009@domain.com,4635,default,0
3993,2021-08-23,email1717@domain.it,4313,default,0
2,2022-04-05,email13513@domain.com,2914,default,0
4571,2022-05-15,email11403@domain.es,5190,default,0
9448,2022-04-04,email12774@domain.es,7272,automatic,0
385,2021-09-12,email21308@domain.it,68,default,0
1047,2022-02-28,email2846@domain.es,2629,default,0
8833,2022-05-05,email4050@domain.com,663,default,0
7853,2021-10-13,email1554@domain.com,8498,automatic,0
2821,2022-01-02,email1732@domain.uk,4180,default,1
6953,2022-06-01,email25269@domain.uk,4708,default,0
6148,2021-09-08,email6443@domain.com,7312,default,0
3881,2021-11-29,email27279@domain.com,2539,automatic,0
8610,2021-12-05,email632@domain.uk,7804,default,0
4022,2022-04-20,email47091@domain.it,5901,default,0
3801,2022-05-02,email3665@domain.es,1110,default,0
4450,2022-05-26,email1902@domain.it,6230,default,0
6021,2021-11-11,email21181@domain.uk,5180,default,0
5691,2021-09-18,email40596@domain.uk,3708,default,0
6139,2022-06-13,email10840@domain.it,4587,default,1
7353,2022-04-08,email670@domain.uk,526,default,0
5922,2021-11-30,email24020@domain.es,4150,automatic,0
3433,2022-01-25,email10513@domain.com,5630,automatic,0
7222,2021-09-29,email6043@domain.com,4337,automatic,0
9005,2021-12-25,email1661@domain.com,7374,default,0
2441,2022-05-23,email1304@domain.com,3426,default,0
9839,2021-11-27,email3372@domain.com,217,default,0
4475,2021-11-14,email20611@domain.uk,5714,default,0
3469,2021-11-20,email18635@domain.it,6572,default,0
3245,2021-10-29,email235@domain.es,6434,automatic,0
201,2022-02-13,email5322@domain.it,653,default,0
3942,2021-07-11,email7351@domain.com,8300,automatic,0
867,2021-09-18,email2169@domain.com,6623,forced,1
3796,2021-09-01,email13012@domain.com,2950,default,0
5146,2021-09-04,email14942@domain.uk,3166,default,0
5140,2022-03-11,email2003@domain.it,8012,default,0
5177,2021-08-22,email26699@domain.es,4316,default,0
3377,2021-09-16,email8347@domain.com,130,default,1
9100,2021-07-21,email5158@domain.com,828,default,1
1644,2021-09-16,email4946@domain.uk,4711,default,0
4550,2021-10-22,email3408@domain.it,1805,default,0
177,2022-04-06,email1590@domain.uk,3848,forced,0
3247,2022-06-14,email3386@domain.it,1355,forced,1
603,2021-08-18,email13627@domain.it,3265,default,0
7377,2021-08-03,email16830@domain.it,2505,automatic,1
7927,2021-07-27,email20474@domain.it,1412,automatic,0
6604,2022-04-18,email4179@domain.it,3088,default,0
50,2021-11-07,email10275@domain.com,5533,automatic,0
545,2021-07-14,email2784@domain.com,6191,default,0
4909,2022-01-25,email13236@domain.com,1587,default,0
9124,2021-11-19,email9754@domain.it,1411,default,0
9447,2022-02-06,email7098@domain.uk,2464,default,0
8220,2022-05-26,email2375@domain.com,1448,default,0
2980,2022-05-11,email3770@domain.it,5633,default,0
1743,2022-02-28,email3793@domain.com,8236,automatic,0
535,2021-11-28,email16938@domain.com,8662,default,0
4408,2021-07-15,email4595@domain.com,1848,default,0
3306,2022-04-01,email3876@domain.com,2283,default,0
9752,2021-09-18,email1298@domain.it,2093,automatic,0
4346,2021-07-09,email415@domain.it,5861,default,0
9916,2022-05-25,email1045@domain.it,243,automatic,0
3299,2022-01-08,email32001@domain.uk,3703,automatic,0
7015,2021-11-02,email14795@domain.uk,2439,default,0
8146,2021-07-03,email6120@domain.it,5242,default,0
7487,2021-07-05,email21093@domain.com,5290,default,0
6755,2021-08-22,email15161@domain.com,7888,automatic,0
9708,2021-08-02,email1596@domain.com,5460,default,0
9618,2022-04-21,email2824@domain.it,395,default,1
279,2021-12-16,email3177@domain.com,1637,default,0
7963,2022-02-27,email1071@domain.com,1749,automatic,0
2685,2022-03-03,email158@domain.es,3418,forced,0
7992,2022-01-27,email5226@domain.it,8097,automatic,0
6670,2022-02-10,email553@domain.uk,3822,default,0
8795,2022-03-28,email69752@domain.uk,337,default,1
9321,2022-05-11,email31557@domain.com,4428,default,1
3225,2022-02-16,email2751@domain.es,3449,default,1
3242,2021-11-04,email23068@domain.it,1911,automatic,0
6534,2022-02-23,email17064@domain.com,6965,automatic,0
4668,2021-09-25,email16155@domain.com,6438,automatic,0
4140,2021-07-24,email12906@domain.com,7113,default,1
3022,2022-06-26,email17670@domain.it,7021,default,1
9938,2021-11-22,email1506@domain.com,7069,default,0
9642,2022-04-01,email12799@domain.it,2564,automatic,0
5247,2022-04-27,email9625@domain.it,3071,forced,0
7878,2022-03-06,email773@domain.com,1837,default,0
2012,2021-07-16,email3820@domain.uk,5525,automatic,0
9764,2022-05-10,email5830@domain.es,8459,automatic,0
1988,2021-11-26,email840@domain.com,297,default,0
4352,2021-10-07,email13984@domain.es,3782,default,0
5267,2022-04-08,email737@domain.uk,271,default,0
1311,2021-08-04,email18854@domain.uk,3884,default,0
3710,2022-05-03,email1728@domain.uk,4818,forced,0
8609,2022-04-19,email13020@domain.it,964,default,0
4187,2022-05-03,email22490@domain.uk,967,default,0
5256,2022-01-08,email4738@domain.it,6637,default,0
3716,2021-10-05,email10440@domain.uk,2116,default,1
3330,2021-08-24,email17717@domain.com,5328,forced,0
806,2021-07-22,email1108@domain.com,7083,automatic,0
5782,2022-04-01,email1414@domain.it,2160,default,1
4062,2021-08-22,email29217@domain.it,886,default,0
519,2021-09-02,email28166@domain.com,6275,default,0
5827,2022-02-28,email8852@domain.it,4853,default,0
6665,2021-08-11,email7898@domain.com,6843,automatic,0
9165,2021-10-08,email11320@domain.com,7956,default,1
7170,2021-08-20,email2982@domain.it,1483,default,1
4682,2022-05-18,email1301@domain.uk,2768,automatic,0
2071,2022-04-08,email2584@domain.uk,7948,default,0
4285,2022-03-01,email1969@domain.uk,1133,default,0
8632,2021-09-29,email1528@domain.com,1885,default,0
870,2021-08-26,email2713@domain.com,5489,default,0
6311,2022-02-02,email9912@domain.com,5377,default,0
5011,2022-06-02,email18090@domain.it,530,default,0
5114,2022-02-04,email5204@domain.uk,5786,default,0
6393,2022-02-28,email5100@domain.it,2384,default,0
3256,2022-04-04,email17214@domain.com,3368,automatic,0
2753,2021-09-03,email7444@domain.uk,4860,default,0
247,2021-07-04,email13973@domain.uk,7447,default,0
3631,2022-02-08,email7016@domain.es,4075,automatic,1
7223,2021-11-19,email4254@domain.com,2379,default,0
5878,2021-12-03,email27613@domain.it,8369,default,0
3303,2021-11-11,email634@domain.it,677,automatic,0
4055,2022-03-07,email4625@domain.com,6382,default,0
9047,2021-10-07,email1569@domain.com,2872,automatic,1
5623,2021-10-13,email5211@domain.com,1278,default,0
7575,2022-01-03,email18045@domain.com,1569,default,0
2193,2021-10-19,email7991@domain.com,1585,default,0
4694,2022-01-03,email2760@domain.com,1999,default,0
9460,2022-05-04,email12702@domain.it,3161,default,0
190,2021-07-30,email11443@domain.com,8651,default,0
2624,2021-08-26,email7742@domain.com,3218,default,0
3634,2021-08-08,email16305@domain.es,4696,automatic,1
4895,2022-01-15,email2634@domain.es,8388,default,0
4548,2022-03-14,email10699@domain.uk,1971,default,0
8407,2022-04-22,email277@domain.it,1080,default,0
3439,2021-08-09,email12217@domain.com,7591,forced,0
3722,2022-03-11,email2214@domain.es,683,default,0
702,2022-06-01,email37970@domain.es,4950,default,1
1706,2022-01-31,email11819@domain.it,205,automatic,0
8872,2022-03-07,email34597@domain.it,2716,default,0
5604,2022-03-20,email18077@domain.com,3826,default,1
1970,2022-06-28,email4334@domain.com,8613,default,0
5013,2022-05-26,email2356@domain.com,5578,default,0
1155,2022-03-08,email818@domain.com,8558,default,0
4850,2021-08-08,email30734@domain.it,661,default,0
4499,2021-09-16,email4948@domain.es,2994,default,0
5631,2021-12-23,email284@domain.it,1871,automatic,0
6303,2021-09-04,email13285@domain.com,4989,default,0
4613,2021-11-23,email1957@domain.com,7895,forced,0
6625,2021-11-07,email5687@domain.com,3386,default,0
4736,2021-11-13,email1949@domain.it,4899,default,1
312,2021-07-26,email1039@domain.it,265,default,0
2191,2022-04-28,email6654@domain.it,4823,default,0
3521,2022-01-07,email31035@domain.it,5973,automatic,0
9091,2021-11-11,email5069@domain.com,2737,automatic,0
2767,2021-07-07,email20416@domain.com,7976,default,0
1466,2022-01-13,email8313@domain.com,179,default,0
5796,2021-11-24,email14344@domain.com,3857,default,1
1856,2021-08-08,email842@domain.com,4342,default,0
9574,2022-05-17,email15951@domain.it,1891,default,0
747,2022-05-08,email37290@domain.it,6659,automatic,0
9175,2022-01-20,email40416@domain.com,756,default,0
2631,2021-09-28,email1417@domain.com,285,default,0
7543,2021-08-05,email37109@domain.com,5300,automatic,0
6261,2021-09-24,email9171@domain.it,4009,default,0
9654,2022-03-21,email1689@domain.it,5358,default,0
6081,2021-09-11,email3561@domain.uk,439,default,0
6766,2021-10-18,email4424@domain.com,3077,default,0
7870,2022-03-15,email30289@domain.it,3006,default,0
917,2021-11-20,email22184@domain.com,8133,default,0
6307,2021-08-15,email6796@domain.it,6600,automatic,0
4580,2022-04-06,email4084@domain.uk,407,automatic,0
8916,2022-04-02,email13816@domain.es,3297,default,1
846,2022-03-28,email10321@domain.com,193,forced,0
6394,2022-06-14,email5615@domain.com,3527,automatic,0
8813,2021-08-25,email2500@domain.uk,6925,default,0
3462,2022-04-06,email6652@domain.it,1803,default,1
9052,2022-04-10,email6705@domain.com,6176,default,1
1784,2022-06-15,email3398@domain.uk,1901,default,0
7707,2022-05-10,email18740@domain.es,7007,default,0
7413,2022-02-03,email14659@domain.it,7036,automatic,0
1163,2021-11-11,email9268@domain.com,6170,default,0
6380,2021-08-02,email5909@domain.com,1785,default,0
9400,2021-10-28,email17728@domain.com,2722,default,0
1747,2022-05-06,email6974@domain.es,5175,default,0
939,2022-04-12,email18024@domain.uk,5404,default,0
588,2021-12-16,email18370@domain.com,1349,automatic,0
4412,2021-07-25,email273@domain.com,2040,automatic,1
7457,2022-04-01,email15289@domain.it,7473,default,0
2793,2022-03-20,email9768@domain.com,1591,default,0
4322,2022-05-22,email15362@domain.com,7216,default,0
7389,2021-09-06,email7862@domain.com,7825,default,0
692,2022-01-06,email22308@domain.es,8631,default,0
5052,2021-08-19,email15888@domain.com,1553,forced,1
8420,2021-11-04,email9049@domain.com,4767,default,0
1517,2021-10-16,email4124@domain.uk,7863,default,0
1447,2021-12-23,email17976@domain.it,3482,default,0
8318,2021-10-23,email7082@domain.com,4908,default,0
4200,2022-01-07,email206@domain.uk,867,default,0
1530,2021-09-19,email15327@domain.com,1755,default,0
64,2022-01-20,email10087@domain.com,3114,automatic,0
7709,2021-12-31,email9678@domain.it,5260,default,0
1082,2022-03-03,email451@domain.com,386,default,0
9151,2021-07-18,email276@domain.com,5548,default,0
6329,2021-11-30,email2315@domain.com,5501,default,0
6155,2022-04-04,email397@domain.it,5093,default,0
8780,2021-09-24,email12897@domain.es,6449,forced,0
1668,2022-05-04,email11397@domain.com,3612,default,0
6787,2021-12-04,email2038@domain.com,5170,default,0
3923,2022-06-05,email22181@domain.uk,3765,automatic,0
9551,2021-12-03,email7908@domain.com,5105,default,0
8698,2021-11-04,email1841@domain.com,8454,default,1
3117,2022-06-15,email273@domain.it,6801,default,0
1400,2021-07-05,email448@domain.es,1832,default,0
4662,2021-11-04,email519@domain.uk,6042,default,0
3600,2022-01-31,email438@domain.com,2327,default,0
5571,2022-05-04,email6486@domain.it,2814,default,0
3133,2022-05-13,email23816@domain.com,2527,automatic,0
4984,2022-01-02,email8467@domain.com,7254,default,0
8598,2021-10-21,email8796@domain.com,178,default,0
9419,2021-10-13,email2421@domain.it,3447,default,0
26,2021-10-31,email4032@domain.it,7031,default,0
2169,2022-03-31,email45341@domain.com,6117,default,0
7113,2022-04-06,email11734@domain.com,1207,automatic,0
9230,2022-03-08,email2287@domain.it,6691,default,0
9003,2022-01-12,email3227@domain.es,1673,default,0
5788,2022-06-18,email54594@domain.uk,1173,automatic,0
8584,2021-10-13,email8785@domain.it,2162,default,0
6886,2021-07-22,email4812@domain.it,2705,default,0
3901,2021-09-17,email5447@domain.es,7590,default,0
5160,2021-12-24,email5080@domain.com,2350,default,0
724,2022-06-26,email20763@domain.it,3835,default,0
1039,2021-10-25,email4403@domain.it,2690,default,0
3144,2022-02-28,email27047@domain.it,8655,default,0
3727,2021-09-01,email137@domain.com,5695,automatic,0
8096,2022-05-12,email6450@domain.es,3903,default,0
7798,2021-10-01,email51597@domain.com,5159,default,0
9019,2021-08-07,email8922@domain.it,6443,default,0
4006,2022-02-17,email6281@domain.com,496,default,0
204,2021-09-27,email38683@domain.es,5577,default,0
6781,2021-10-16,email16320@domain.com,6084,automatic,1
2501,2022-05-31,email6939@domain.es,1268,automatic,0
596,2021-10-26,email11638@domain.com,1937,default,0
8360,2022-02-19,email3834@domain.com,371,default,0
1042,2021-07-25,email3566@domain.uk,4198,default,0
540,2022-06-13,email4714@domain.com,5315,default,0
6865,2021-11-05,email74@domain.it,1797,default,0
537,2022-02-02,email2704@domain.com,5387,automatic,0
6389,2022-04-14,email266@domain.it,2253,default,0
2216,2022-02-27,email1591@domain.com,7103,default,0
6607,2021-12-16,email3305@domain.com,3615,automatic,0
9121,2022-06-29,email11970@domain.uk,5739,default,0
2841,2021-12-03,email6657@domain.com,776,default,0
8771,2021-07-29,email7839@domain.it,7768,default,1
7025,2021-08-26,email1989@domain.it,759,default,0
4345,2021-07-09,email15635@domain.it,5861,automatic,0
22,2022-04-26,email10735@domain.it,2159,forced,0
8889,2021-10-28,email30271@domain.com,7982,automatic,0
6555,2022-01-16,email15353@domain.com,5699,default,0
2409,2021-08-03,email363@domain.es,7659,default,0
8044,2021-07-17,email3471@domain.es,585,default,0
9323,2021-09-11,email15375@domain.com,235,default,1
9956,2021-08-23,email7404@domain.es,7650,default,1
2418,2021-08-27,email10709@domain.com,2512,forced,0
4533,2021-08-25,email9472@domain.es,3403,automatic,0
9487,2022-03-06,email2676@domain.com,5225,default,0
9692,2021-07-17,email6399@domain.it,1953,default,1
841,2022-06-09,email3571@domain.com,472,default,0
5738,2021-09-21,email19636@domain.com,6213,automatic,0
9229,2022-05-08,email380@domain.es,7894,default,0
183,2021-08-03,email742@domain.it,3543,default,0
745,2021-08-17,email5944@domain.it,6114,default,0
9377,2021-10-10,email15001@domain.it,519,default,0
2555,2021-09-13,email1458@domain.com,6846,default,0
7203,2022-04-27,email1745@domain.uk,975,default,0
2021,2022-02-24,email7795@domain.com,1572,default,0
2035,2021-09-01,email6719@domain.es,6627,default,0
6251,2022-06-17,email7051@domain.es,4,default,0
3750,2021-12-06,email4693@domain.uk,6039,default,0
1177,2021-12-15,email11384@domain.com,3663,default,0
9685,2021-10-19,email7776@domain.it,8355,forced,0
3511,2021-10-31,email3767@domain.it,826,automatic,1
6146,2021-07-29,email1994@domain.it,3567,automatic,0
5665,2021-10-09,email12620@domain.com,8644,default,0
5736,2022-02-24,email1641@domain.com,2867,automatic,0
1626,2022-04-27,email16910@domain.uk,3541,automatic,0
5020,2022-01-30,email18790@domain.it,345,automatic,0
3260,2022-06-21,email304@domain.it,7348,default,0
6580,2021-11-12,email46528@domain.com,3621,default,0
28,2021-08-01,email16824@domain.it,1690,automatic,1
5976,2021-11-28,email8955@domain.com,1473,default,0
878,2022-03-29,email2594@domain.it,638,automatic,0
5979,2022-04-08,email7510@domain.uk,1515,automatic,0
5523,2022-03-29,email8586@domain.it,4876,default,0
5530,2021-09-01,email2797@domain.com,1092,automatic,0
1465,2021-10-16,email15133@domain.es,2473,default,0
4306,2021-09-15,email6317@domain.uk,5381,automatic,0
4684,2021-10-15,email25383@domain.es,2231,automatic,0
9646,2022-04-08,email49@domain.com,2477,default,0
6986,2022-02-11,email10959@domain.es,3002,automatic,0
348,2022-06-25,email8731@domain.com,2979,default,0
4390,2021-08-15,email15253@domain.uk,3049,default,0
1726,2021-10-28,email2152@domain.it,607,default,0
6656,2021-11-03,email9671@domain.it,6161,default,1
1557,2022-05-08,email4515@domain.com,2,default,0
822,2022-04-06,email5910@domain.com,2521,forced,1
1666,2021-12-01,email3105@domain.com,7468,default,0
4483,2021-11-18,email3965@domain.it,684,default,0
3539,2022-04-08,email4435@domain.it,76,default,0
7994,2021-09-18,email9626@domain.uk,3310,default,0
5517,2022-04-08,email8795@domain.es,821,automatic,0
8015,2021-09-09,email1264@domain.com,361,default,0
8185,2021-09-10,email7482@domain.it,4293,default,0
208,2021-08-22,email10028@domain.com,2913,default,0
5154,2022-04-25,email25440@domain.com,3510,automatic,0
8415,2021-09-06,email11318@domain.uk,7137,default,1
122,2022-04-06,email7106@domain.it,879,default,0
3930,2022-05-01,email17132@domain.es,4387,default,0
9509,2021-12-17,email9938@domain.com,5186,default,0
3111,2021-10-26,email13790@domain.it,1462,automatic,1
2827,2022-02-06,email624@domain.es,1889,default,0
9231,2022-01-08,email958@domain.com,1717,default,0
8734,2021-10-12,email467@domain.it,1505,automatic,0
134,2021-09-02,email5081@domain.it,7411,automatic,0
7050,2021-10-31,email4528@domain.it,6083,default,1
1472,2021-11-26,email1290@domain.com,6617,default,0
3960,2021-10-25,email6184@domain.it,553,default,0
5914,2021-08-15,email2415@domain.com,5609,default,0
5443,2021-07-01,email22253@domain.uk,183,default,0
5934,2022-05-22,email8234@domain.it,7660,default,1
8747,2022-05-10,email1701@domain.com,8176,default,1
74,2022-04-17,email5069@domain.es,219,default,0
7105,2021-10-11,email6397@domain.it,8135,default,0
4638,2022-05-25,email13999@domain.com,3556,default,0
6751,2021-10-25,email5950@domain.uk,4493,default,0
8224,2021-10-25,email1010@domain.it,7450,default,0
4781,2021-10-28,email7956@domain.com,3054,default,0
7664,2022-01-01,email346@domain.com,6118,forced,0
2161,2021-11-10,email5977@domain.com,7067,default,1
6141,2021-07-04,email912@domain.it,4755,default,0
110,2021-11-27,email12679@domain.it,2855,automatic,0
789,2022-01-29,email8723@domain.com,4254,default,0
629,2021-10-23,email5635@domain.it,3140,forced,0
5171,2021-08-22,email1379@domain.com,1584,automatic,0
3583,2022-04-01,email27643@domain.es,5369,default,0
8641,2021-12-03,email41303@domain.com,6740,default,0
2131,2021-08-12,email10269@domain.it,1542,default,0
9259,2022-04-24,email12220@domain.uk,6908,default,0
3604,2021-10-11,email33500@domain.it,3423,default,0
9430,2022-01-23,email5125@domain.it,8538,default,0
6994,2022-06-17,email12302@domain.it,6190,forced,0
1134,2022-03-08,email19868@domain.com,4546,default,0
4264,2021-07-13,email4975@domain.uk,2230,automatic,0
8710,2022-03-19,email10004@domain.com,2373,automatic,0
303,2022-05-23,email3637@domain.es,3816,default,0
9010,2021-12-17,email3905@domain.com,2334,forced,1
6519,2022-03-01,email3011@domain.com,211,automatic,0
2625,2022-01-12,email1840@domain.it,4621,default,0
8400,2021-10-27,email17483@domain.com,3760,default,0
3806,2021-08-17,email7251@domain.com,1723,automatic,0
8823,2021-09-09,email413@domain.es,2254,automatic,0
3607,2021-09-29,email19795@domain.it,6808,default,0
2807,2021-10-03,email1467@domain.it,3267,automatic,0
5138,2021-12-21,email6946@domain.com,3767,default,0
411,2022-06-02,email15825@domain.com,8500,default,0
9552,2022-05-08,email1648@domain.com,3681,default,0
3342,2022-04-08,email13741@domain.es,7097,automatic,0
6309,2022-05-17,email6248@domain.com,8365,default,0
4880,2022-03-05,email14996@domain.com,4839,automatic,0
2053,2022-04-30,email10525@domain.it,7889,default,0
5937,2021-11-19,email42832@domain.com,7062,default,0
7286,2022-06-28,email8208@domain.it,5035,default,1
8041,2021-07-17,email27753@domain.es,585,automatic,0
5584,2021-08-22,email8335@domain.it,8377,automatic,0
5695,2022-05-18,email5886@domain.it,6252,default,0
2148,2022-04-22,email16408@domain.uk,3260,default,0
4010,2022-03-24,email13920@domain.it,6650,default,0
9662,2021-11-27,email7644@domain.com,587,default,1
8348,2022-04-10,email16102@domain.uk,1676,default,0
8095,2021-11-11,email2938@domain.it,3720,default,0
7948,2022-03-07,email14792@domain.com,1744,default,0
8521,2021-09-18,email8775@domain.com,5712,default,0
551,2021-07-22,email10696@domain.es,234,default,0
2570,2022-06-19,email24804@domain.uk,3999,automatic,0
5044,2021-11-17,email27181@domain.uk,1324,forced,0
419,2021-07-22,email4228@domain.it,8102,default,0
8451,2021-10-19,email5126@domain.es,5153,default,0
5996,2022-01-17,email16130@domain.it,8446,default,0
4319,2022-03-02,email333@domain.es,5373,default,0
7551,2021-07-27,email20579@domain.it,4581,default,1
8800,2022-04-06,email5650@domain.es,1722,default,0
8908,2022-04-06,email1150@domain.com,6173,forced,0
4233,2021-09-21,email2640@domain.it,1409,default,1
115,2021-07-30,email233@domain.com,5677,default,0
8764,2022-06-09,email6971@domain.it,936,default,0
2527,2022-04-06,email18498@domain.com,2683,default,0
2666,2022-03-17,email8409@domain.es,1267,default,0
1926,2021-09-01,email578@domain.uk,4973,default,0
3946,2021-08-19,email10958@domain.com,4110,default,0
6888,2021-11-18,email12864@domain.com,7516,default,0
2170,2021-09-17,email2790@domain.it,4566,default,0
8749,2022-05-26,email13142@domain.it,6031,default,0
8427,2021-10-07,email17857@domain.com,8481,forced,0
436,2022-05-03,email9676@domain.com,2941,default,0
7001,2021-12-08,email7717@domain.com,226,default,0
437,2022-03-13,email7542@domain.com,5550,default,0
4254,2021-10-23,email5954@domain.com,7755,default,0
2968,2021-10-12,email4306@domain.com,5028,default,0
866,2021-11-12,email2145@domain.com,4102,automatic,0
9921,2021-08-26,email25584@domain.com,4265,default,1
459,2022-06-27,email8179@domain.com,5498,automatic,0
5936,2021-10-19,email12174@domain.uk,3517,default,0
7864,2021-10-07,email12239@domain.es,5518,default,1
1192,2021-11-29,email38545@domain.com,7757,default,0
8511,2022-04-09,email5467@domain.uk,3571,default,0
4139,2021-07-24,email4542@domain.com,7113,default,0
1564,2021-10-01,email2648@domain.it,2295,default,0
8686,2022-01-01,email810@domain.it,257,automatic,0
7942,2021-09-02,email11990@domain.com,762,default,0
6951,2022-01-06,email18685@domain.com,4309,default,0
2549,2021-12-17,email1313@domain.com,5010,default,0
9161,2021-09-17,email19867@domain.com,3022,automatic,0
2534,2022-06-09,email25488@domain.com,4796,automatic,0
6585,2022-03-07,email23657@domain.es,4637,default,0
1698,2022-04-08,email2044@domain.com,3890,default,0
3354,2022-02-12,email11884@domain.it,2982,default,0
3647,2022-05-03,email6036@domain.es,3937,default,0
1862,2021-10-06,email10685@domain.it,2744,default,1
2174,2021-10-27,email9610@domain.it,543,forced,0
347,2022-02-25,email13308@domain.it,5109,default,1
9987,2021-11-13,email5562@domain.it,3163,default,0
2458,2022-05-31,email7596@domain.com,3504,default,0
202,2022-02-25,email4@domain.it,653,default,0
9971,2021-11-08,email19893@domain.it,3149,default,0
230,2022-01-06,email4951@domain.it,7170,default,0
983,2021-07-06,email3357@domain.com,2506,default,0
8366,2021-11-03,email352@domain.it,6095,default,0
1032,2021-09-17,email4593@domain.com,8160,default,0
5258,2022-02-14,email3409@domain.it,6701,automatic,0
7219,2021-08-04,email6674@domain.it,5721,default,0
2828,2021-08-15,email12156@domain.it,1286,default,1
7007,2021-08-14,email11231@domain.com,8101,default,0
4609,2021-08-08,email25564@domain.it,622,default,0
7435,2022-05-24,email7725@domain.com,2457,default,0
9817,2021-08-24,email4143@domain.com,570,default,0
1938,2021-09-08,email11438@domain.uk,3013,default,0
5405,2021-09-04,email14318@domain.com,3262,default,0
4732,2022-01-13,email428@domain.it,858,automatic,0
2490,2021-08-18,email21215@domain.com,6769,default,0
7925,2022-01-04,email12626@domain.it,8591,default,0
1686,2021-12-26,email5061@domain.it,8332,default,0
9275,2022-06-08,email5814@domain.com,8277,default,0
1149,2022-05-26,email5466@domain.com,7342,default,1
2922,2022-01-09,email140@domain.com,7523,forced,0
7208,2021-07-21,email1250@domain.com,8148,default,0
6407,2022-03-24,email4265@domain.uk,110,forced,1
5562,2022-06-15,email7872@domain.es,4269,default,0
739,2022-05-13,email120805@domain.uk,4237,default,0
4615,2021-08-01,email6189@domain.es,7044,default,0
4946,2022-05-11,email5914@domain.com,7043,default,0
6573,2021-07-28,email646@domain.it,6549,default,0
6117,2022-04-18,email30647@domain.uk,2367,default,0
4480,2021-11-05,email10070@domain.it,684,default,0
994,2022-06-03,email2003@domain.it,2803,default,0
7272,2022-01-06,email11075@domain.uk,2871,default,0
8248,2022-04-13,email11865@domain.uk,1840,default,0
5069,2021-11-09,email9135@domain.es,3778,default,0
4309,2022-02-06,email2909@domain.it,5470,default,0
2234,2021-07-27,email6188@domain.com,1947,default,0
1325,2022-04-08,email12903@domain.uk,797,default,0
6342,2022-05-02,email16518@domain.com,2534,default,0
5648,2022-01-16,email29471@domain.com,236,default,0
9287,2022-06-16,email64@domain.com,3610,automatic,0
916,2022-04-20,email19111@domain.com,4082,automatic,0
6838,2021-07-18,email10449@domain.com,5249,default,1
708,2021-11-16,email2675@domain.com,2364,default,0
8786,2021-08-02,email16687@domain.uk,2383,default,0
4642,2022-06-09,email4121@domain.com,780,default,0
8684,2022-03-07,email3374@domain.es,7353,automatic,0
2461,2021-07-01,email4424@domain.com,1164,forced,0
2758,2022-02-28,email1823@domain.uk,4087,default,0
2905,2022-02-07,email4009@domain.uk,3662,default,0
8091,2022-03-31,email3518@domain.com,1345,forced,0
2495,2021-07-17,email28172@domain.com,5150,automatic,0
5199,2022-06-07,email27881@domain.com,4809,automatic,0
635,2022-01-13,email20713@domain.com,4235,default,0
5050,2022-04-07,email49059@domain.it,5513,automatic,0
4472,2021-10-14,email4762@domain.uk,5645,default,0
4371,2021-12-24,email19319@domain.com,2816,default,0
7476,2022-02-28,email1470@domain.es,145,forced,0
4887,2022-01-12,email40462@domain.com,4033,default,0
7289,2021-08-22,email6622@domain.it,2976,default,0
4198,2021-09-30,email3569@domain.it,1403,forced,0
1128,2021-09-05,email4404@domain.com,5520,default,0
7717,2021-09-11,email8867@domain.uk,5794,default,1
9002,2021-09-18,email3849@domain.es,5961,automatic,0
9308,2022-01-30,email6580@domain.com,2921,default,0
7658,2021-11-17,email22522@domain.com,6004,default,0
4039,2021-07-20,email17362@domain.it,6642,forced,0
8946,2022-04-10,email4164@domain.es,1089,default,0
3578,2022-04-06,email10556@domain.com,175,default,0
6159,2022-06-01,email22809@domain.uk,6963,default,0
4789,2021-08-17,email7719@domain.com,1204,default,0
9948,2022-06-09,email18627@domain.it,2046,default,0
8326,2021-09-07,email8688@domain.it,7283,default,0
1072,2021-07-23,email3979@domain.com,5669,default,0
7560,2021-09-09,email40124@domain.com,7059,default,0
8776,2022-01-27,email1625@domain.it,7009,forced,0
2295,2022-05-04,email43284@domain.com,6416,default,0
7901,2022-02-22,email7326@domain.com,3373,forced,0
4492,2021-07-18,email9018@domain.it,3524,automatic,0
8452,2021-10-06,email1671@domain.uk,1681,forced,0
4758,2022-04-19,email15971@domain.uk,6868,default,0
8706,2022-03-01,email3075@domain.it,3438,default,0
9011,2021-08-13,email26010@domain.uk,915,default,0
119,2021-11-30,email2595@domain.com,1423,default,0
1110,2021-12-24,email998@domain.com,2574,forced,0
9772,2021-10-21,email11224@domain.com,4674,default,0
8995,2021-09-17,email26153@domain.it,4780,automatic,0
9607,2022-06-17,email12585@domain.com,5152,automatic,0
9595,2022-03-10,email33233@domain.uk,2931,default,0
7259,2021-09-22,email3657@domain.it,7623,default,0
3738,2021-08-23,email4060@domain.it,155,forced,0
5546,2022-06-20,email12169@domain.it,4014,default,0
3004,2021-09-30,email7962@domain.es,3075,forced,0
3954,2022-01-02,email8058@domain.uk,2189,default,0
4036,2022-05-14,email283@domain.com,2849,default,0
4471,2021-08-10,email49283@domain.com,664,automatic,0
7244,2022-06-16,email14721@domain.com,993,automatic,0
9120,2021-12-14,email5733@domain.com,6408,default,1
7935,2021-10-27,email19074@domain.com,3889,default,0
1858,2021-11-05,email2316@domain.it,1870,default,0
460,2022-06-07,email834@domain.es,8539,forced,1
5903,2021-12-18,email17959@domain.es,209,default,0
9739,2021-10-05,email15842@domain.com,4058,default,0
3337,2022-02-28,email4516@domain.com,846,default,0
9386,2021-11-10,email4408@domain.uk,6457,default,1
8997,2021-08-15,email9887@domain.com,2321,automatic,0
2854,2022-05-09,email19952@domain.es,214,forced,0
9384,2022-04-03,email16814@domain.com,8228,forced,0
9640,2022-03-22,email4975@domain.es,1654,default,0
5487,2021-12-31,email20242@domain.it,6688,default,0
4968,2022-04-19,email9532@domain.uk,6787,automatic,0
7482,2021-11-02,email5813@domain.it,7515,automatic,0
4079,2022-02-09,email20726@domain.es,3387,default,0
3129,2021-12-15,email1913@domain.com,7944,default,0
7492,2021-10-01,email5627@domain.com,7514,default,0
6671,2021-09-16,email17239@domain.it,5236,default,0
6381,2021-12-10,email13513@domain.com,6674,forced,0
7519,2021-07-31,email5277@domain.it,8492,automatic,0
1434,2021-09-24,email33237@domain.com,1199,default,0
4728,2021-10-12,email44993@domain.it,7465,forced,1
3751,2021-10-26,email13268@domain.es,6569,default,0
1571,2022-05-10,email7727@domain.it,4004,default,0
9378,2021-10-21,email13237@domain.it,519,automatic,0
9611,2022-05-16,email24121@domain.it,4756,automatic,0
9858,2022-04-17,email17186@domain.com,6857,default,0
6444,2021-09-16,email16335@domain.com,1017,automatic,0
8490,2021-11-17,email23153@domain.com,1201,automatic,1
4489,2021-10-31,email10887@domain.com,4109,forced,0
9241,2021-09-30,email838@domain.it,6945,automatic,0
9895,2022-05-31,email16893@domain.com,485,default,0
5533,2022-05-26,email39555@domain.es,1008,default,0
6217,2021-10-17,email1059@domain.com,5879,forced,0
3050,2022-04-19,email4540@domain.com,2637,default,0
1226,2021-11-18,email9486@domain.uk,4746,default,0
8117,2022-06-15,email760@domain.it,5448,default,0
2154,2022-04-06,email3576@domain.com,4007,forced,0
6118,2021-10-29,email9475@domain.com,8440,default,0
4213,2021-09-09,email273@domain.uk,1776,automatic,0
7578,2021-11-13,email3635@domain.it,7416,default,0
2769,2021-08-19,email14431@domain.com,7835,automatic,0
2653,2021-12-14,email3801@domain.it,6063,default,0
5477,2022-06-21,email9265@domain.com,7914,automatic,0
2338,2021-11-03,email6277@domain.it,4425,default,0
6136,2021-08-09,email10184@domain.com,103,default,0
6674,2021-09-02,email16278@domain.it,7387,default,0
294,2021-10-20,email40288@domain.com,5885,default,0
6913,2022-04-12,email3268@domain.com,4940,default,0
2776,2022-03-16,email33900@domain.it,4843,automatic,0
3215,2022-01-02,email14043@domain.es,4561,default,0
9282,2021-07-10,email11964@domain.com,8567,default,0
4277,2022-04-01,email10207@domain.it,7188,automatic,0
1669,2022-02-28,email11670@domain.com,2404,automatic,0
1577,2022-06-09,email22928@domain.uk,1901,default,0
4578,2022-05-16,email9943@domain.uk,407,default,0
375,2021-08-26,email20097@domain.es,3817,default,0
4799,2021-09-18,email2759@domain.com,6879,default,0
7430,2021-11-03,email2454@domain.it,5896,default,0
7068,2021-10-16,email1464@domain.it,1044,default,0
2326,2022-03-31,email2093@domain.it,5790,default,0
3812,2021-12-10,email5164@domain.uk,8111,default,0
350,2022-03-01,email4580@domain.uk,1738,default,0
8944,2021-11-06,email7914@domain.com,4129,default,0
3673,2022-02-28,email6306@domain.com,3834,forced,1
975,2021-09-10,email10433@domain.it,5128,default,0
2546,2021-07-26,email14784@domain.com,535,default,1
5472,2022-02-19,email23274@domain.es,8547,default,0
565,2022-01-07,email4567@domain.it,1418,default,0
6952,2022-01-05,email64107@domain.com,4309,default,0
9603,2022-02-01,email4137@domain.com,487,default,0
7731,2022-06-15,email2452@domain.it,2369,forced,0
2195,2021-08-23,email6576@domain.com,2910,default,0
5028,2021-07-27,email26932@domain.com,6584,automatic,0
398,2021-11-18,email5046@domain.com,5365,default,0
8004,2021-12-08,email9568@domain.com,2713,default,1
7765,2021-10-20,email18297@domain.it,232,automatic,0
8402,2021-08-18,email12040@domain.it,2881,default,0
570,2022-03-22,email4494@domain.com,6716,automatic,1
1467,2022-01-13,email13754@domain.com,179,default,0
1849,2021-11-16,email938@domain.it,1272,automatic,1
4253,2021-12-04,email5526@domain.it,4793,default,1
3690,2021-07-27,email15925@domain.it,7403,default,0
1279,2021-08-31,email6728@domain.com,7357,default,0
9399,2021-11-22,email6602@domain.it,6421,default,0
8506,2022-04-06,email4277@domain.com,3629,automatic,0
3276,2021-08-02,email1829@domain.uk,5724,automatic,0
3804,2021-07-22,email88@domain.com,912,automatic,0
4531,2022-06-29,email11046@domain.uk,498,default,0
4135,2021-08-12,email8250@domain.com,2971,default,0
3100,2021-07-11,email19975@domain.uk,7646,default,0
95,2021-09-17,email1819@domain.es,4320,forced,0
3334,2021-08-04,email2277@domain.com,1821,automatic,0
7972,2021-10-18,email32894@domain.it,8058,default,0
2580,2022-03-20,email6229@domain.com,7136,forced,0
213,2021-10-26,email14549@domain.it,5062,default,0
1835,2022-03-06,email1751@domain.com,5437,default,1
4071,2022-05-10,email5363@domain.it,8342,default,0
8582,2021-12-08,email955@domain.uk,580,default,0
9428,2021-07-13,email3228@domain.uk,1252,default,0
8538,2021-09-01,email8784@domain.it,8194,automatic,0
397,2022-03-29,email6277@domain.com,7664,default,0
8206,2022-04-06,email2971@domain.uk,7224,default,0
389,2021-09-24,email3602@domain.com,8159,default,1
7876,2022-05-10,email12768@domain.com,5090,default,1
7477,2022-05-04,email1625@domain.com,1143,default,0
4261,2022-05-14,email15636@domain.com,2570,automatic,0
1616,2021-09-17,email8648@domain.it,5066,default,0
5725,2021-09-19,email14656@domain.it,5516,default,0
880,2022-04-06,email16300@domain.com,8661,automatic,0
3130,2022-05-24,email364@domain.it,2701,default,0
100,2022-04-07,email24003@domain.com,1169,default,0
7199,2021-09-13,email11366@domain.com,4883,default,0
7634,2022-06-17,email37898@domain.it,6368,default,0
5875,2022-05-02,email1717@domain.uk,5124,default,0
8213,2021-12-21,email4133@domain.it,4615,default,0
7194,2022-05-18,email9619@domain.com,5763,default,0
9760,2021-08-18,email11897@domain.it,443,default,0
7601,2021-12-11,email33174@domain.it,2257,default,0
1284,2021-09-18,email4251@domain.it,7001,automatic,0
6947,2022-02-26,email6692@domain.it,2999,default,1
8649,2022-02-13,email18072@domain.com,1622,automatic,0
5370,2022-04-08,email9338@domain.it,104,default,0
1772,2022-02-10,email20625@domain.it,5627,default,0
7527,2022-01-26,email143@domain.it,4987,default,0
3049,2021-09-18,email7421@domain.it,1963,automatic,0
991,2021-12-21,email8796@domain.com,2183,default,0
7236,2022-06-03,email10772@domain.es,1101,default,0
5077,2022-03-28,email708@domain.uk,8358,automatic,0
9984,2022-01-29,email15288@domain.it,6527,default,0
6675,2021-12-21,email7103@domain.com,3269,default,0
5007,2022-04-04,email11308@domain.it,5851,default,1
6645,2022-04-14,email4914@domain.it,3490,automatic,0
2244,2022-01-24,email5627@domain.es,850,default,0
2835,2022-04-26,email6860@domain.com,8545,automatic,0
6657,2021-10-17,email3712@domain.uk,8381,default,0
6458,2021-09-01,email3207@domain.uk,1537,default,0
4118,2021-11-21,email10304@domain.es,676,default,0
4153,2022-04-08,email19521@domain.it,4118,default,0
1324,2022-04-08,email5608@domain.uk,797,default,0
9286,2021-09-24,email4187@domain.it,5761,default,1
8467,2021-09-13,email6319@domain.uk,562,default,0
5103,2021-07-22,email18340@domain.it,2114,default,0
9539,2021-11-30,email13816@domain.it,1996,forced,0
16,2021-08-15,email1260@domain.it,4301,default,0
5806,2022-06-07,email30631@domain.uk,456,default,0
8977,2022-03-22,email3026@domain.com,6819,automatic,0
5275,2022-01-24,email5530@domain.it,5648,default,0
651,2021-07-15,email34958@domain.com,4976,default,0
4046,2021-09-17,email3293@domain.es,6675,default,1
5651,2021-10-27,email3224@domain.uk,5620,default,0
2402,2022-03-24,email17736@domain.es,5494,automatic,0
7908,2021-12-09,email1643@domain.com,6854,forced,0
5913,2021-08-15,email4554@domain.com,5609,default,1
3691,2022-01-12,email82742@domain.com,3967,automatic,0
1535,2022-06-05,email20008@domain.es,3937,automatic,0
2637,2022-05-02,email7799@domain.com,714,default,0
6969,2022-01-24,email1412@domain.com,6810,default,0
774,2021-08-12,email4812@domain.it,7631,forced,0
3279,2022-06-06,email9704@domain.it,569,default,0
8775,2022-06-10,email4332@domain.it,6776,automatic,0
4809,2021-07-29,email2330@domain.com,572,default,0
8677,2022-05-15,email18631@domain.com,6726,automatic,0
5022,2021-10-12,email12595@domain.com,5657,default,0
8970,2021-08-16,email9862@domain.com,604,default,0
1587,2021-11-24,email15242@domain.es,2337,automatic,0
184,2022-04-13,email10766@domain.it,7415,default,0
6492,2022-04-08,email14960@domain.uk,4230,default,0
2540,2022-03-29,email7803@domain.es,2692,default,0
9431,2022-03-13,email15696@domain.es,8394,default,0
7841,2022-03-19,email3003@domain.uk,8035,automatic,0
311,2022-05-10,email44400@domain.com,2746,default,0
8482,2021-08-19,email8831@domain.com,3361,automatic,0
1295,2021-09-26,email2403@domain.it,2885,default,0
236,2022-04-20,email762@domain.uk,3761,forced,0
6126,2022-03-29,email77939@domain.es,7072,default,0
431,2021-09-27,email16678@domain.com,3758,forced,0
4156,2022-04-18,email19352@domain.it,7211,default,0
4953,2021-10-12,email7958@domain.it,3354,automatic,1
1538,2021-11-10,email14046@domain.com,8416,forced,0
6305,2021-09-04,email1624@domain.com,888,default,0
2333,2022-05-12,email12927@domain.com,2582,forced,0
2503,2021-09-22,email2910@domain.com,6850,default,0
3611,2021-09-26,email2788@domain.com,2567,forced,0
7398,2021-09-27,email6934@domain.it,2200,default,0
3984,2021-10-14,email10628@domain.it,1631,default,0
4335,2021-12-28,email8922@domain.uk,5435,default,0
7280,2021-10-01,email7773@domain.com,1719,default,0
9534,2022-01-22,email1148@domain.com,4394,forced,0
9044,2022-03-20,email2421@domain.it,3238,forced,0
4921,2021-09-30,email2542@domain.it,3518,automatic,0
1083,2022-03-06,email43308@domain.com,386,default,0
9274,2022-04-23,email10058@domain.com,7208,default,0
5686,2022-04-07,email6734@domain.uk,5482,default,0
7462,2022-04-19,email2213@domain.com,1094,default,0
8499,2021-11-24,email11771@domain.com,7723,default,0
8337,2021-09-29,email5242@domain.com,4280,default,1
4633,2022-06-09,email11732@domain.uk,7023,default,0
7252,2022-04-06,email29074@domain.es,5581,default,1
2846,2022-03-06,email11302@domain.it,5454,automatic,1
8758,2022-03-07,email11196@domain.com,7902,default,0
986,2022-06-12,email22481@domain.uk,70,default,0
4794,2021-07-05,email220@domain.com,795,default,0
2932,2022-01-22,email4850@domain.uk,860,default,0
6287,2022-01-16,email1085@domain.es,786,default,0
4936,2022-02-23,email13769@domain.it,1039,default,0
272,2022-01-12,email5615@domain.it,6794,default,0
7480,2022-01-05,email6910@domain.it,4491,forced,0
3707,2022-02-24,email7926@domain.com,7362,automatic,0
8382,2022-04-14,email1620@domain.com,6515,default,0
326,2021-08-27,email1048@domain.es,4094,automatic,1
7542,2021-09-21,email8234@domain.uk,1983,default,1
4265,2021-07-14,email44637@domain.uk,2230,default,0
6760,2021-09-03,email5856@domain.com,2915,default,0
9421,2022-04-13,email91@domain.uk,5716,default,1
8931,2021-12-03,email6452@domain.com,7027,automatic,0
4491,2021-07-29,email14442@domain.com,6185,default,0
1946,2022-04-05,email8192@domain.com,7864,default,0
2321,2022-03-15,email12486@domain.es,4176,default,1
6962,2022-04-01,email4261@domain.uk,1234,automatic,0
7761,2022-03-06,email15457@domain.it,7087,default,0
1832,2022-02-06,email10311@domain.com,1538,default,0
9179,2022-02-28,email14045@domain.es,781,automatic,0
4358,2022-04-06,email29327@domain.com,2020,default,0
4710,2022-01-26,email9363@domain.uk,3118,default,0
2986,2022-03-09,email1875@domain.it,7460,default,0
7095,2022-02-13,email4531@domain.it,4204,default,0
3269,2021-09-26,email7831@domain.it,7070,default,0
3841,2021-08-11,email12397@domain.it,2585,automatic,0
9524,2021-10-23,email7599@domain.com,7649,automatic,0
5163,2021-07-29,email42857@domain.com,5959,default,0
144,2021-07-25,email4742@domain.com,3380,default,0
4259,2021-10-17,email1081@domain.com,2844,forced,0
6734,2021-08-17,email3102@domain.es,2157,default,0
2245,2021-08-14,email7795@domain.com,220,automatic,0
7201,2021-07-04,email4074@domain.es,3634,default,0
4560,2022-05-02,email1736@domain.uk,6960,default,0
8426,2022-05-03,email1848@domain.es,2132,default,0
5834,2021-08-15,email6560@domain.es,3751,default,0
4413,2021-11-01,email14755@domain.it,7950,forced,0
5915,2021-09-08,email8356@domain.uk,6398,default,0
7659,2022-01-22,email1141@domain.com,325,default,0
9416,2021-11-29,email12264@domain.uk,6067,default,1
7320,2022-05-04,email43249@domain.com,2441,automatic,0
5692,2021-11-08,email31095@domain.it,5960,default,0
8124,2022-02-06,email11012@domain.it,1428,automatic,0
9862,2022-03-04,email15637@domain.com,4803,forced,0
1638,2021-11-15,email13252@domain.it,4096,forced,0
1009,2021-07-27,email4430@domain.it,5585,default,0
4959,2022-01-08,email15764@domain.com,8019,default,0
9452,2021-12-09,email15423@domain.com,2398,default,0
1480,2021-09-10,email17320@domain.com,4490,automatic,0
7351,2021-07-11,email8261@domain.it,3174,default,0
166,2022-03-24,email5513@domain.uk,4847,forced,0
2777,2021-07-06,email235@domain.it,5008,automatic,1
7319,2022-02-04,email10357@domain.uk,7086,default,1
9572,2022-03-08,email3976@domain.uk,2660,default,0
513,2021-11-30,email27134@domain.it,6756,default,0
5752,2022-06-15,email1207@domain.it,5184,automatic,0
2164,2022-02-28,email3390@domain.com,1386,default,0
8565,2021-07-30,email1567@domain.com,312,default,0
1092,2022-04-04,email10644@domain.it,1470,default,0
2394,2022-02-27,email7905@domain.es,8619,default,0
4188,2021-09-20,email11730@domain.com,8442,default,1
3538,2022-04-08,email13838@domain.it,76,default,0
6784,2022-06-17,email4159@domain.com,1374,default,0
1900,2021-09-16,email1607@domain.com,474,default,0
2217,2022-03-17,email7062@domain.it,6807,automatic,0
3835,2021-11-18,email12623@domain.com,5390,default,0
1080,2022-03-28,email974@domain.com,931,default,0
3615,2021-10-09,email18371@domain.it,3108,automatic,0
3461,2022-04-06,email18123@domain.it,1803,automatic,0
5409,2021-09-25,email19847@domain.com,6435,default,0
5386,2022-05-26,email21025@domain.com,2202,default,0
2367,2022-04-08,email3276@domain.it,2573,default,0
5408,2021-07-13,email417@domain.com,4299,default,0
9209,2022-01-30,email8247@domain.uk,6378,default,0
554,2022-01-28,email3722@domain.com,5282,default,0
4068,2021-07-12,email18128@domain.es,1140,automatic,0
4960,2021-07-28,email18032@domain.es,2618,default,0
6895,2022-05-15,email1867@domain.uk,5554,default,0
741,2021-09-01,email8175@domain.it,7876,automatic,0
5382,2022-04-22,email11941@domain.com,7478,forced,0
1814,2021-09-01,email7534@domain.it,482,default,1
945,2021-10-28,email9642@domain.com,8553,default,0
7376,2021-08-24,email3376@domain.it,2505,default,0
1377,2022-02-23,email657@domain.uk,3839,default,0
9780,2022-03-09,email7997@domain.es,3025,default,0
3066,2022-06-09,email27002@domain.it,6466,default,0
3224,2021-11-21,email17346@domain.com,5217,default,0
7053,2021-12-08,email2004@domain.it,230,default,0
4666,2022-02-01,email6386@domain.it,4492,forced,0
9129,2021-08-16,email1443@domain.com,81,default,0
9172,2022-03-16,email142@domain.uk,3513,automatic,0
6160,2022-04-06,email13209@domain.it,1504,default,0
6908,2021-07-17,email14279@domain.it,5580,default,0
3499,2022-06-07,email9264@domain.uk,5206,forced,0
2065,2022-04-14,email12876@domain.com,6987,forced,1
4985,2022-03-20,email22414@domain.uk,4292,automatic,0
3715,2021-10-23,email9724@domain.com,3886,default,0
8153,2021-07-17,email45611@domain.com,5407,default,0
1419,2021-12-09,email7340@domain.it,2123,default,0
6747,2021-08-23,email2707@domain.it,1857,automatic,0
6358,2021-07-31,email2102@domain.uk,1745,automatic,0
6691,2022-03-09,email5292@domain.com,2820,automatic,0
3297,2021-08-10,email2770@domain.es,5481,forced,0
4942,2021-12-20,email16071@domain.it,3068,default,1
1611,2021-08-06,email25970@domain.it,2747,forced,1
3174,2022-06-15,email29565@domain.com,6628,default,0
3592,2022-05-31,email435@domain.com,3007,default,0
8628,2022-01-02,email3346@domain.it,6490,default,0
1448,2022-04-20,email3301@domain.it,4411,automatic,0
3542,2021-10-19,email6422@domain.es,2653,default,0
5955,2022-04-05,email14465@domain.uk,6768,default,0
4653,2022-04-06,email14494@domain.com,108,default,0
4665,2021-12-11,email6247@domain.it,4492,forced,1
6435,2022-06-04,email7322@domain.it,3775,default,0
4018,2021-10-21,email4081@domain.uk,703,default,0
5627,2022-01-22,email1048@domain.uk,3302,default,0
3581,2021-09-30,email6762@domain.es,115,default,1
7846,2022-02-10,email27732@domain.com,190,default,0
6228,2022-03-09,email25509@domain.uk,3390,default,1
6551,2022-05-11,email3142@domain.uk,2328,default,0
82,2021-08-18,email3073@domain.uk,8555,default,0
2059,2022-03-06,email21156@domain.it,79,forced,0
4473,2022-04-09,email1889@domain.com,8520,default,0
7721,2022-04-12,email1382@domain.com,8550,default,0
3475,2022-04-20,email2315@domain.com,2099,default,1
4429,2021-07-16,email11201@domain.com,26,forced,0
56,2021-07-12,email19105@domain.uk,3675,default,0
4989,2022-05-27,email11783@domain.it,6089,default,0
27,2021-08-02,email2541@domain.it,1690,forced,0
7550,2021-08-15,email4620@domain.com,2718,default,0
7757,2022-05-02,email15327@domain.es,1526,default,0
9390,2022-04-22,email7725@domain.com,3821,default,0
4847,2022-04-07,email23891@domain.it,5370,default,0
7794,2021-10-06,email2904@domain.com,4832,automatic,0
966,2022-04-06,email6125@domain.com,2657,default,0
4885,2021-12-16,email2697@domain.com,6826,default,0
4389,2021-10-27,email1263@domain.uk,3769,default,0
6577,2022-05-08,email25417@domain.com,8506,forced,0
2424,2022-04-08,email905@domain.it,4608,default,0
2201,2021-09-29,email27756@domain.uk,7277,automatic,0
7445,2021-09-27,email29819@domain.com,7688,default,0
8207,2021-08-07,email18701@domain.com,1555,automatic,0
684,2021-10-07,email12679@domain.com,7891,default,1
7648,2022-03-08,email8863@domain.it,7867,default,1
3884,2022-06-20,email9656@domain.com,8586,default,0
4692,2022-03-12,email9834@domain.com,5526,default,0
4128,2021-11-25,email18337@domain.com,5235,default,0
8814,2021-10-15,email1377@domain.it,8515,default,0
2106,2021-11-11,email3632@domain.it,5273,default,0
4174,2021-11-03,email5485@domain.es,1688,forced,0
8284,2021-07-12,email4960@domain.it,5845,default,0
6493,2021-08-10,email1014@domain.com,5474,forced,0
3208,2021-10-12,email15894@domain.com,3777,automatic,1
6504,2021-09-23,email2950@domain.it,4572,default,0
7075,2022-02-10,email16956@domain.uk,1380,default,0
7885,2021-12-09,email420@domain.uk,5071,default,0
2998,2021-09-14,email16301@domain.it,6847,forced,0
7313,2021-12-26,email1816@domain.com,8140,default,0
4137,2022-06-09,email20627@domain.it,2014,default,0
2819,2022-04-18,email2762@domain.com,1372,default,0
3724,2021-10-31,email5888@domain.uk,7934,default,0
6852,2021-08-10,email13640@domain.com,6454,default,1
8154,2022-05-25,email2929@domain.es,4423,default,0
5724,2021-12-01,email5512@domain.uk,2583,default,0
7952,2021-10-24,email2187@domain.com,989,default,0
1454,2022-06-18,email140@domain.com,6869,default,0
2045,2021-08-15,email3324@domain.com,471,default,0
8713,2022-04-22,email15298@domain.com,4533,automatic,0
1097,2022-01-15,email357@domain.it,3682,default,0
8086,2021-08-11,email9200@domain.it,5226,default,0
2943,2021-07-27,email2498@domain.es,7579,default,0
3898,2022-03-27,email12620@domain.com,8028,default,0
7746,2022-05-07,email16042@domain.es,1120,default,0
7023,2021-08-02,email7494@domain.it,189,default,0
4971,2021-12-06,email34515@domain.com,7586,default,0
381,2022-02-17,email12074@domain.it,6147,default,0
5136,2021-11-17,email14839@domain.es,833,default,0
4418,2021-08-02,email273@domain.com,2227,default,0
8639,2021-08-03,email2242@domain.com,1179,automatic,0
9370,2022-04-06,email12165@domain.it,3461,default,0
4598,2021-07-07,email38965@domain.es,7335,default,0
1680,2021-07-24,email4204@domain.it,7666,default,0
3764,2021-11-19,email9006@domain.it,5915,default,0
4902,2022-02-28,email6619@domain.com,5466,default,0
647,2021-07-30,email386@domain.com,2006,automatic,1
1222,2022-01-22,email13@domain.com,3091,automatic,0
9263,2022-01-05,email851@domain.com,3923,automatic,0
8552,2021-08-22,email6944@domain.com,6745,default,0
1516,2021-11-05,email2006@domain.com,3734,default,0
3452,2022-05-18,email20459@domain.it,3326,automatic,0
4528,2021-08-05,email7974@domain.it,2271,forced,0
7390,2021-07-05,email20107@domain.com,6319,automatic,0
6782,2022-03-22,email2781@domain.it,7922,forced,1
3464,2021-11-27,email10459@domain.uk,3167,default,1
4952,2021-11-26,email2599@domain.es,6929,default,0
2981,2021-10-08,email493@domain.it,1835,automatic,0
6215,2021-09-29,email27710@domain.it,6032,default,0
5758,2022-06-05,email8269@domain.it,3990,default,0
6926,2022-04-28,email16290@domain.es,3045,default,0
8378,2021-09-03,email393@domain.es,6470,forced,0
4289,2021-10-19,email1794@domain.it,2005,default,0
5599,2021-08-15,email31044@domain.es,6886,automatic,0
1162,2021-09-09,email1218@domain.com,5148,default,0
5823,2022-04-18,email28617@domain.com,3399,default,0
6724,2022-01-19,email4880@domain.es,2895,default,0
4608,2022-01-13,email1265@domain.com,1394,default,0
574,2022-03-07,email10519@domain.it,6719,default,0
9768,2021-12-29,email5103@domain.com,2836,default,0
3367,2021-11-21,email5041@domain.com,4596,default,1
1451,2021-08-04,email8864@domain.it,5307,automatic,0
4484,2021-11-05,email573@domain.it,684,forced,0
5245,2022-06-01,email2588@domain.com,5475,automatic,1
77,2022-04-15,email9397@domain.it,4273,default,0
4343,2021-11-16,email24313@domain.it,6188,automatic,0
8475,2021-11-01,email2252@domain.com,4419,default,0
368,2021-08-01,email6490@domain.es,202,default,0
4208,2022-04-08,email8671@domain.com,8338,default,0
9266,2022-05-29,email5991@domain.com,6403,default,0
6622,2021-11-17,email4668@domain.com,349,default,0
812,2021-10-13,email10612@domain.com,1831,default,1
2732,2021-07-11,email7128@domain.it,3644,default,1
9147,2021-11-11,email4739@domain.es,8533,automatic,1
6538,2022-04-11,email4615@domain.it,4029,default,0
1190,2022-01-14,email4461@domain.com,2356,default,0
141,2021-12-23,email8335@domain.com,3100,automatic,0
1487,2021-11-21,email14482@domain.uk,1642,default,0
6094,2021-08-02,email1723@domain.uk,2542,default,0
3356,2021-07-17,email5471@domain.es,1408,default,0
2343,2022-04-08,email5367@domain.it,5711,default,0
1543,2022-01-07,email1405@domain.com,6743,default,1
7589,2022-05-27,email16253@domain.it,3499,default,0
9830,2021-10-31,email884@domain.uk,4953,automatic,1
2966,2022-02-10,email11907@domain.it,4833,default,0
4994,2021-07-19,email24432@domain.es,5814,default,0
4658,2021-07-20,email4543@domain.it,1445,default,0
2246,2022-04-07,email18809@domain.it,4484,default,1
1464,2021-08-09,email20257@domain.it,136,forced,0
5687,2022-03-10,email5489@domain.uk,2922,automatic,0
1098,2021-10-29,email6502@domain.es,2209,default,0
1124,2022-04-08,email8665@domain.it,2989,default,0
6881,2021-10-11,email2793@domain.it,7150,automatic,0
1582,2021-10-15,email6197@domain.uk,3547,automatic,0
4785,2022-02-25,email6842@domain.com,7866,default,0
7123,2021-07-23,email4853@domain.it,7970,default,0
9903,2022-05-22,email3978@domain.com,6782,default,0
4941,2021-12-20,email4170@domain.it,3068,default,1
8971,2021-12-29,email5841@domain.it,1070,default,0
8759,2022-05-25,email28218@domain.it,8146,default,0
5753,2021-08-11,email3412@domain.es,4021,automatic,0
8726,2021-08-31,email965@domain.com,30,default,0
5554,2021-07-04,email9162@domain.it,8153,default,0
2516,2022-06-10,email3724@domain.com,2331,default,0
4363,2021-07-23,email1409@domain.it,2763,default,0
4199,2021-12-24,email2716@domain.it,7382,forced,1
6343,2022-04-01,email6730@domain.com,6158,default,0
4382,2022-04-28,email1323@domain.it,5320,default,0
915,2021-07-19,email11576@domain.uk,5023,default,0
7817,2022-02-25,email397@domain.it,655,forced,0
8523,2022-01-19,email35897@domain.uk,1610,default,0
3734,2021-08-18,email1836@domain.es,4019,default,0
7177,2021-08-26,email6661@domain.com,3647,default,0
4007,2021-08-15,email3795@domain.it,2739,automatic,0
7751,2022-06-24,email13789@domain.it,7058,default,0
7175,2021-10-23,email3348@domain.uk,1128,default,0
6035,2022-01-25,email5552@domain.com,3912,default,0
8054,2021-11-22,email13565@domain.it,2712,default,0
8331,2022-01-21,email2926@domain.com,2391,default,0
9978,2022-04-21,email10093@domain.com,5652,default,0
4000,2021-12-17,email9350@domain.com,771,default,0
2171,2022-05-15,email23857@domain.com,3620,automatic,0
5380,2022-03-08,email498@domain.uk,2396,default,0
6349,2021-10-06,email11878@domain.es,6735,default,0
9346,2022-05-31,email20@domain.it,8565,automatic,0
1700,2022-03-01,email1871@domain.it,7737,default,0
3064,2021-11-01,email7777@domain.es,1466,forced,0
9547,2022-04-04,email44854@domain.it,2091,automatic,0
8167,2022-06-09,email3347@domain.com,2234,default,0
7669,2021-11-01,email14244@domain.com,7885,default,0
4693,2022-03-16,email1543@domain.uk,6293,default,0
1776,2021-10-24,email3124@domain.com,7157,default,0
148,2022-01-27,email5788@domain.com,448,automatic,0
9181,2021-07-25,email7285@domain.it,6374,default,0
242,2022-05-10,email11086@domain.es,632,forced,0
3827,2022-06-28,email4277@domain.it,6371,default,0
1740,2021-09-26,email8999@domain.uk,3963,default,0
3353,2021-08-23,email13929@domain.it,6946,default,1
445,2022-01-16,email20791@domain.it,5374,default,0
4209,2021-12-07,email7186@domain.it,3307,default,0
5799,2022-05-22,email2137@domain.com,5287,forced,0
3238,2022-04-03,email10560@domain.es,7142,default,0
9623,2022-04-23,email6073@domain.es,5268,default,0
8496,2021-11-15,email48617@domain.it,7624,default,1
6135,2021-08-09,email4370@domain.com,103,default,0
5768,2022-03-16,email31502@domain.it,85,automatic,0
3746,2021-08-08,email1555@domain.it,3214,forced,0
7836,2021-08-23,email18421@domain.com,7933,default,1
3598,2021-07-18,email5666@domain.com,144,default,0
7016,2021-12-03,email11755@domain.it,2866,default,1
2509,2022-04-08,email15353@domain.es,2696,forced,0
154,2021-11-27,email5065@domain.com,1160,default,0
6814,2022-04-07,email15899@domain.com,1312,default,0
4048,2022-02-08,email1289@domain.es,3974,forced,0
2895,2021-10-22,email4854@domain.it,5696,automatic,0
2139,2021-08-25,email3438@domain.uk,5582,default,0
4696,2022-05-26,email249@domain.com,4461,forced,0
3210,2021-10-03,email2623@domain.es,2630,default,0
8200,2022-06-17,email8647@domain.com,4318,default,0
2550,2022-01-13,email18009@domain.com,382,default,0
7863,2021-07-31,email3894@domain.it,6021,default,0
2307,2021-08-26,email25633@domain.es,601,automatic,1
8502,2022-06-03,email10336@domain.it,3074,default,0
94,2021-10-26,email39993@domain.com,2869,default,0
9578,2022-05-08,email13521@domain.com,1670,default,0
4242,2022-06-21,email13580@domain.it,909,default,0
4149,2021-10-09,email348@domain.it,301,default,1
7249,2021-07-12,email15004@domain.com,2888,default,0
8953,2022-03-27,email7094@domain.es,8331,automatic,0
7059,2022-06-23,email6948@domain.it,2042,default,0
825,2021-07-20,email23060@domain.uk,1936,default,0
5101,2021-08-27,email1670@domain.uk,6536,default,0
5612,2021-09-12,email19010@domain.es,893,default,0
4637,2022-04-06,email6463@domain.uk,2155,default,0
7975,2021-07-31,email5922@domain.it,3407,default,0
5815,2021-12-25,email16239@domain.com,1846,default,0
1430,2021-10-31,email3700@domain.com,2454,forced,0
1381,2021-09-11,email3777@domain.com,4175,default,0
3730,2021-10-29,email7659@domain.it,6566,default,0
9963,2021-12-17,email13347@domain.it,3625,forced,1
3859,2022-05-27,email2361@domain.it,1864,default,0
553,2022-01-26,email3658@domain.com,5282,default,0
1049,2021-09-21,email5607@domain.es,1056,default,0
2181,2022-01-02,email3804@domain.com,7176,default,0
3686,2021-10-13,email28274@domain.com,6766,default,0
7999,2021-10-05,email14367@domain.it,4288,default,0
219,2022-03-10,email23539@domain.it,1611,default,1
7516,2021-10-12,email4883@domain.com,6013,automatic,0
9296,2022-04-13,email6873@domain.com,882,default,0
9821,2021-07-19,email19057@domain.it,531,default,0
4305,2021-08-24,email21876@domain.it,2607,default,1
2755,2022-03-02,email8777@domain.es,5945,default,0
1907,2021-10-13,email22539@domain.it,3548,default,1
8139,2021-08-01,email12118@domain.es,3474,default,0
6616,2022-01-23,email612@domain.uk,2310,default,0
3471,2021-12-22,email1348@domain.it,78,default,0
6472,2021-10-28,email23218@domain.com,6792,automatic,0
2699,2022-04-06,email1832@domain.es,7656,automatic,0
1947,2022-05-01,email4026@domain.it,2956,automatic,0
8448,2021-09-02,email8618@domain.com,5379,default,0
6963,2021-10-15,email5314@domain.uk,4325,default,1
1176,2022-04-04,email2797@domain.it,8600,default,0
3302,2021-09-17,email20483@domain.es,8278,automatic,0
7829,2021-07-18,email4436@domain.com,2086,default,0
3682,2021-12-29,email12733@domain.es,8392,default,1
1511,2022-01-24,email15988@domain.es,2561,default,0
9169,2021-12-10,email14681@domain.it,7326,default,0
1189,2022-04-30,email1397@domain.es,4027,forced,0
8403,2022-01-13,email3433@domain.com,250,automatic,0
1457,2022-03-26,email18264@domain.com,914,default,0
6273,2022-06-28,email10044@domain.com,7156,default,0
339,2021-07-06,email498@domain.es,2563,default,0
7151,2022-04-20,email14225@domain.uk,2167,default,0
5699,2022-02-05,email33950@domain.com,2678,default,1
924,2022-06-06,email4570@domain.com,6796,default,0
2388,2021-09-04,email6298@domain.com,7923,automatic,0
6965,2021-10-12,email8711@domain.it,6641,automatic,0
8617,2021-10-05,email3257@domain.com,385,default,1
5217,2021-12-15,email5164@domain.uk,3941,forced,0
7082,2021-12-03,email14758@domain.com,1157,default,0
8620,2022-06-30,email6718@domain.uk,2264,default,0
7020,2022-04-03,email3005@domain.it,8171,automatic,0
1249,2021-10-27,email1022@domain.com,2378,default,0
1167,2021-09-16,email2860@domain.it,7897,default,0
5106,2022-03-01,email18599@domain.es,7470,default,0
6741,2021-07-13,email22467@domain.it,254,default,0
8724,2021-09-09,email5207@domain.com,7983,forced,0
8450,2021-11-03,email13837@domain.it,2656,default,0
2848,2021-08-04,email6254@domain.it,3159,default,0
3456,2022-04-18,email1412@domain.com,478,default,1
32,2022-04-07,email878@domain.com,313,default,0
4117,2021-11-04,email5159@domain.com,8471,default,0
1468,2021-09-04,email3847@domain.uk,3895,default,0
2703,2022-01-19,email31818@domain.it,1528,default,0
4872,2022-04-20,email942@domain.it,5440,default,0
2852,2022-06-14,email2331@domain.es,3806,automatic,0
9182,2022-06-27,email8045@domain.com,3989,default,0
8732,2022-01-07,email10920@domain.com,5911,default,0
7496,2021-10-23,email6927@domain.it,3921,default,0
2119,2021-12-29,email975@domain.com,688,default,0
8286,2021-08-02,email20065@domain.it,2812,automatic,0
1981,2021-08-05,email2237@domain.it,398,default,1
5785,2022-06-06,email13819@domain.uk,342,automatic,0
2524,2022-03-08,email2561@domain.es,2177,default,0
4388,2021-10-26,email70@domain.uk,3769,default,0
1801,2022-04-30,email13960@domain.it,2553,default,0
1897,2021-11-17,email28254@domain.it,694,automatic,0
4027,2022-04-24,email178@domain.uk,6099,default,0
193,2021-09-03,email536@domain.com,516,default,1
6594,2021-12-21,email10033@domain.com,5566,forced,1
4848,2022-05-16,email1877@domain.com,1737,default,0
4464,2021-08-25,email304@domain.it,5064,default,1
3150,2021-12-03,email38164@domain.com,682,default,0
9027,2022-04-01,email14623@domain.es,2707,automatic,0
7065,2022-02-20,email7948@domain.com,5979,default,1
6363,2021-10-29,email5152@domain.es,6824,forced,0
7573,2022-02-10,email22129@domain.com,1186,default,0
1328,2021-12-28,email10841@domain.it,3984,default,1
5041,2022-04-07,email5363@domain.es,1674,default,0
8614,2021-09-03,email8297@domain.it,4776,default,0
5971,2021-09-15,email5899@domain.it,5742,default,0
1992,2021-12-19,email7926@domain.com,7663,default,0
3311,2021-08-22,email6459@domain.com,6357,default,0
9942,2021-09-13,email4801@domain.com,7838,default,0
659,2021-12-16,email13970@domain.uk,5931,default,1
2088,2021-12-09,email20987@domain.com,6407,default,0
5786,2022-04-22,email9750@domain.it,5561,default,0
2327,2021-11-10,email3714@domain.uk,3991,automatic,0
6891,2022-01-06,email10693@domain.com,4249,forced,0
6533,2021-10-19,email3183@domain.com,1086,default,0
6430,2022-01-05,email9856@domain.es,2036,automatic,0
9061,2022-06-30,email3138@domain.uk,7110,default,0
6743,2021-11-21,email23825@domain.it,4588,automatic,0
5906,2021-12-03,email8231@domain.uk,5571,default,0
4455,2022-04-04,email33505@domain.com,3607,default,0
7306,2021-10-20,email41251@domain.it,671,default,0
9089,2022-01-19,email2375@domain.es,2233,default,0
9994,2021-07-12,email896@domain.it,6250,default,0
5973,2022-02-25,email1236@domain.it,1082,default,0
3305,2021-07-08,email21500@domain.uk,871,default,0
1338,2022-03-01,email26919@domain.uk,8283,default,0
5074,2022-06-28,email2675@domain.com,7952,forced,0
9902,2021-10-31,email13839@domain.it,4942,default,0
9107,2022-03-08,email5486@domain.es,140,default,0
2143,2022-05-31,email5876@domain.com,3356,default,0
8010,2021-12-20,email2552@domain.com,5227,forced,0
5816,2021-12-25,email17934@domain.com,1846,automatic,1
8031,2021-12-09,email6078@domain.com,72,automatic,0
672,2022-04-06,email7465@domain.it,3557,default,0
8199,2022-05-23,email12568@domain.com,4318,default,0
2250,2022-04-06,email53130@domain.com,3940,default,0
2713,2022-05-06,email7940@domain.it,631,default,0
1637,2021-07-11,email4483@domain.com,6086,automatic,0
3318,2022-02-22,email12555@domain.com,4414,default,0
5462,2021-12-26,email288@domain.uk,5229,forced,0
5778,2022-02-08,email2233@domain.es,1430,default,0
7593,2022-02-20,email1956@domain.com,7313,default,0
1655,2022-04-06,email2633@domain.it,1739,default,0
5039,2022-01-02,email14901@domain.com,5132,default,1
8665,2022-06-06,email4635@domain.com,4901,default,0
3866,2021-09-02,email7868@domain.com,2033,default,0
7704,2021-09-10,email142@domain.it,5918,automatic,0
2236,2021-12-23,email3592@domain.it,1659,automatic,0
768,2022-06-09,email4050@domain.es,7375,automatic,0
4513,2021-08-09,email6613@domain.es,8455,default,1
6463,2022-01-21,email9424@domain.com,1959,default,0
9702,2022-04-11,email5461@domain.uk,1012,default,0
7092,2021-07-29,email25347@domain.es,6342,default,0
5064,2022-04-01,email1283@domain.com,3933,forced,0
151,2021-07-21,email3297@domain.com,2968,automatic,0
7637,2021-09-24,email2431@domain.it,5535,default,0
6565,2021-08-22,email3267@domain.it,7010,automatic,0
3912,2021-09-30,email2108@domain.com,1401,default,0
5137,2022-04-08,email13310@domain.com,3935,forced,1
8956,2022-01-14,email7628@domain.uk,1861,default,0
8292,2022-03-20,email26728@domain.uk,1208,default,0
4753,2021-07-02,email6568@domain.com,6861,automatic,0
5302,2022-05-23,email7385@domain.uk,5223,default,0
1481,2021-07-21,email13818@domain.com,5914,automatic,0
197,2022-01-15,email1264@domain.com,66,default,0
1715,2021-12-14,email9801@domain.com,2613,default,0
8094,2022-05-16,email10343@domain.it,1220,default,0
5415,2021-09-03,email7928@domain.com,7330,default,0
9650,2021-08-16,email7382@domain.com,3414,default,0
2908,2022-01-12,email40942@domain.com,316,default,0
243,2022-01-18,email6211@domain.uk,5257,default,0
6268,2021-11-03,email21016@domain.com,7598,default,0
5491,2021-10-07,email31123@domain.com,1692,forced,0
158,2021-11-20,email639@domain.com,8016,automatic,0
9482,2022-04-15,email263@domain.es,2818,default,0
3086,2022-06-30,email3419@domain.it,2797,default,0
8613,2021-08-11,email4590@domain.es,8057,default,1
353,2021-10-19,email9003@domain.it,4983,default,0
6785,2021-12-07,email2372@domain.it,1125,default,0
8430,2022-05-04,email19956@domain.it,4866,default,0
9877,2022-05-19,email7055@domain.com,6401,forced,0
1234,2022-04-16,email5058@domain.uk,7247,default,0
8328,2021-09-29,email1133@domain.it,45,default,1
8132,2022-04-03,email1182@domain.it,6992,default,0
973,2022-01-03,email1144@domain.com,2966,default,0
8269,2021-11-28,email9245@domain.uk,2969,default,0
9438,2021-09-30,email940@domain.com,1211,default,0
8531,2022-04-29,email4189@domain.es,4231,automatic,0
1193,2022-02-26,email5160@domain.es,3105,default,0
2761,2021-08-07,email5687@domain.com,5024,default,0
762,2022-02-06,email4869@domain.com,2619,default,0
8522,2022-01-18,email43330@domain.uk,1610,automatic,0
782,2022-02-11,email2263@domain.es,6761,automatic,0
619,2022-01-01,email7919@domain.it,6405,forced,0
5555,2022-02-28,email857@domain.it,1918,default,0
539,2021-10-20,email1328@domain.it,7550,default,0
4089,2021-10-14,email7469@domain.it,692,default,0
7979,2022-03-16,email12038@domain.com,1976,default,0
2390,2022-04-06,email9118@domain.com,2426,default,0
6687,2021-10-28,email3146@domain.uk,5594,automatic,0
7258,2021-12-09,email5903@domain.es,568,default,0
6112,2022-04-14,email19486@domain.es,2544,default,0
7843,2022-02-14,email3243@domain.es,114,automatic,0
4468,2022-05-15,email9262@domain.uk,4140,automatic,1
3340,2021-07-02,email13829@domain.uk,4093,default,0
942,2022-02-12,email22795@domain.com,3752,default,0
2816,2021-08-03,email6013@domain.uk,7608,forced,0
1968,2022-04-07,email13593@domain.it,965,default,0
53,2022-04-06,email21690@domain.com,1830,default,0
5127,2021-10-01,email4127@domain.it,8006,default,0
8014,2021-12-24,email6659@domain.it,8268,default,0
5622,2021-07-07,email21941@domain.com,4441,default,0
3640,2021-11-11,email3058@domain.com,2214,automatic,0
3415,2021-07-20,email2417@domain.com,5296,default,0
550,2021-10-28,email5003@domain.com,5349,default,0
5349,2021-10-10,email28832@domain.it,3934,default,0
23,2022-04-25,email1966@domain.it,2159,default,1
5647,2022-01-14,email2770@domain.com,236,default,1
9822,2021-07-19,email8570@domain.it,531,default,0
3522,2022-02-28,email11813@domain.com,7038,automatic,0
5019,2021-09-22,email7983@domain.com,1048,default,0
4831,2022-02-01,email6202@domain.com,7276,default,0
3432,2021-12-27,email13288@domain.com,5630,default,0
7424,2021-12-08,email2150@domain.it,2727,forced,0
3818,2022-04-14,email5723@domain.it,7349,forced,0
7034,2021-07-25,email3834@domain.com,3525,default,0
354,2021-07-08,email3031@domain.com,368,default,1
2661,2021-07-09,email4766@domain.it,3202,default,0
6292,2022-02-23,email9625@domain.es,8400,default,0
9818,2021-11-03,email16371@domain.es,6138,automatic,0
97,2021-08-31,email14226@domain.es,1442,default,0
1955,2021-08-05,email6236@domain.com,2720,default,0
1030,2021-08-09,email5065@domain.es,3591,default,0
4777,2021-07-23,email15038@domain.es,4610,default,0
289,2021-11-04,email11397@domain.it,127,default,0
5731,2021-08-27,email12584@domain.com,7045,default,0
1220,2021-08-09,email6808@domain.com,153,default,0
5531,2021-11-29,email12661@domain.com,2052,default,0
2407,2021-08-23,email1999@domain.com,2702,automatic,1
6429,2022-04-29,email14104@domain.com,8304,default,0
8784,2022-04-06,email16182@domain.uk,7531,default,0
2995,2022-03-15,email231@domain.it,5966,default,0
6730,2022-06-16,email199@domain.com,3729,forced,0
9850,2021-07-12,email23774@domain.com,1519,default,0
8155,2021-12-20,email1537@domain.com,7252,default,1
9082,2021-12-28,email19244@domain.com,4008,default,0
1369,2021-11-17,email17925@domain.com,5682,default,0
410,2021-07-15,email917@domain.com,3222,default,0
1519,2022-05-06,email2665@domain.uk,2599,default,0
1148,2022-02-10,email6024@domain.it,7610,default,1
6360,2021-09-02,email4174@domain.com,5215,default,0
2293,2022-06-13,email8051@domain.uk,793,default,0
7076,2022-02-11,email5812@domain.es,4576,automatic,0
1868,2022-01-03,email19324@domain.it,3261,default,0
693,2022-01-05,email3702@domain.com,4003,default,1
5579,2022-02-17,email745@domain.it,4026,default,0
3645,2022-06-02,email4054@domain.es,3937,automatic,0
1449,2021-09-02,email5829@domain.uk,3408,default,0
2120,2021-11-13,email16672@domain.it,3745,default,0
2505,2022-03-11,email5777@domain.it,1955,forced,0
250,2022-04-05,email6069@domain.com,2179,default,0
6270,2022-05-29,email9722@domain.com,773,default,0
7460,2022-04-06,email14818@domain.com,7287,default,0
9480,2021-09-30,email4388@domain.com,3005,default,0
2074,2022-01-26,email22568@domain.com,1961,automatic,1
9297,2021-08-20,email10940@domain.it,6877,automatic,0
5849,2021-09-28,email16@domain.es,5972,automatic,0
6245,2021-10-13,email21956@domain.it,8192,forced,0
1035,2021-08-03,email7828@domain.com,7438,default,0
1020,2022-04-07,email4191@domain.es,3699,automatic,0
951,2022-04-03,email12913@domain.com,4646,default,0
8615,2022-03-06,email5035@domain.uk,4586,forced,0
187,2021-10-14,email1601@domain.it,295,default,0
9997,2022-05-29,email48938@domain.es,1509,default,1
7993,2022-03-17,email20860@domain.com,7692,default,0
1396,2022-04-01,email1302@domain.it,5827,default,0
682,2022-01-12,email40120@domain.it,2647,automatic,0
2132,2021-12-04,email1160@domain.com,6166,automatic,0
6457,2022-04-25,email7067@domain.it,8654,default,0
3048,2021-09-19,email39@domain.it,1963,forced,0
8571,2022-06-07,email16345@domain.uk,288,default,0
3027,2021-12-01,email12995@domain.com,7440,default,0
7984,2021-07-11,email5962@domain.com,8518,default,0
909,2022-01-16,email3776@domain.it,1747,automatic,0
500,2022-05-06,email849@domain.com,3836,automatic,1
8275,2022-03-01,email1939@domain.com,1974,forced,0
156,2022-03-25,email4273@domain.it,2560,default,0
7026,2021-10-07,email16588@domain.com,7421,default,0
7051,2022-05-25,email321@domain.uk,1902,default,0
8769,2022-03-28,email10695@domain.it,6922,default,0
6175,2021-07-29,email16862@domain.it,5614,forced,0
3797,2021-12-25,email4484@domain.com,6002,default,0
899,2021-12-05,email16163@domain.com,2470,default,0
3175,2022-04-25,email27245@domain.uk,4472,default,0
5311,2021-10-25,email11165@domain.com,2864,default,0
6713,2021-10-15,email1286@domain.com,5519,automatic,0
6299,2022-04-04,email17424@domain.com,7305,default,0
6351,2021-10-18,email5346@domain.com,4182,default,0
3253,2022-06-11,email9103@domain.com,4585,default,0
254,2021-10-28,email21379@domain.it,3173,forced,0
7688,2022-01-08,email16157@domain.it,4741,default,0
8703,2021-12-16,email621@domain.com,7789,default,0
6396,2021-09-11,email1250@domain.com,3172,default,0
5670,2022-04-05,email2448@domain.it,53,default,0
8596,2022-06-29,email18508@domain.com,7568,default,0
2532,2022-03-07,email18836@domain.com,4224,default,0
562,2021-10-14,email1017@domain.es,5875,automatic,0
7602,2022-04-08,email3754@domain.it,1933,automatic,0
6391,2021-10-19,email2588@domain.it,8596,default,0
8278,2021-07-21,email19426@domain.com,5169,default,0
2712,2021-10-22,email9002@domain.es,5207,default,0
7278,2021-09-20,email5207@domain.it,191,default,0
3056,2021-09-02,email4000@domain.es,6000,forced,0
3037,2022-04-29,email9205@domain.it,586,default,0
9793,2022-05-15,email11461@domain.it,8068,default,0
2939,2021-10-31,email6513@domain.it,4084,default,0
5385,2022-03-22,email1014@domain.it,8484,default,0
8258,2022-03-25,email18056@domain.com,7234,default,0
9505,2022-03-06,email3791@domain.it,3664,automatic,0
7594,2022-05-02,email15691@domain.it,1185,automatic,0
2152,2021-09-15,email8765@domain.com,8594,automatic,0
5626,2022-04-16,email6002@domain.es,3203,default,0
9859,2021-10-27,email27496@domain.it,1888,default,0
3153,2021-11-03,email9552@domain.it,7909,default,0
2354,2021-08-20,email9677@domain.com,1052,default,0
7681,2021-07-11,email1236@domain.com,6197,automatic,0
4519,2021-11-02,email11650@domain.com,4054,default,0
5387,2022-05-26,email1104@domain.com,2202,default,0
1763,2021-11-10,email19624@domain.it,5097,default,0
7438,2021-11-30,email4905@domain.com,3154,default,0
9678,2022-06-09,email6258@domain.es,8379,default,0
223,2022-03-20,email22550@domain.it,6941,default,0
4141,2021-08-17,email10773@domain.it,2964,default,0
6057,2021-10-23,email913@domain.it,8456,default,0
4375,2021-11-05,email9269@domain.uk,4513,default,0
3047,2021-10-20,email2548@domain.es,7192,automatic,0
6904,2021-07-19,email33650@domain.it,3658,automatic,0
6274,2021-07-25,email3935@domain.it,2620,forced,0
1739,2021-09-26,email9108@domain.uk,3963,automatic,0
2517,2021-08-18,email9042@domain.it,7683,default,0
8842,2022-04-26,email666@domain.it,5271,default,0
7931,2022-02-28,email10324@domain.it,7392,default,0
8899,2022-05-01,email12243@domain.it,409,default,0
9336,2021-08-10,email1833@domain.it,7504,automatic,0
9152,2021-07-11,email8558@domain.uk,60,default,0
9989,2021-08-05,email43@domain.it,6664,default,0
2566,2021-11-20,email11995@domain.com,6524,forced,0
8019,2021-09-02,email11856@domain.es,2858,default,1
848,2022-04-01,email9812@domain.es,4683,forced,0
1370,2022-02-20,email38944@domain.it,6636,default,0
7849,2021-11-03,email9233@domain.it,6433,automatic,0
6300,2022-01-13,email23178@domain.it,4669,automatic,0
6842,2022-03-15,email7130@domain.com,6094,default,0
4590,2021-11-25,email7502@domain.es,8297,automatic,1
4407,2021-07-15,email4858@domain.com,1848,forced,0
180,2022-04-08,email3588@domain.uk,3848,automatic,0
3008,2022-05-17,email24643@domain.com,8665,forced,0
3728,2021-07-10,email8532@domain.com,1617,default,0
5262,2022-05-19,email7410@domain.it,7652,automatic,1
2163,2022-03-01,email3636@domain.it,2955,forced,0
5506,2021-11-05,email10002@domain.it,2801,forced,0
5863,2022-05-04,email2357@domain.com,3366,default,1
9489,2021-08-11,email3807@domain.it,6160,default,1
5430,2021-09-08,email2673@domain.it,5056,automatic,1
9153,2021-08-03,email8654@domain.es,1818,automatic,0
9228,2021-08-31,email2897@domain.uk,7627,automatic,0
3151,2022-04-06,email15416@domain.com,2655,default,1
6454,2022-04-30,email11326@domain.es,6497,automatic,0
1504,2021-09-19,email11615@domain.com,4704,default,0
6397,2022-04-16,email7107@domain.com,184,default,0
7064,2021-09-22,email6869@domain.com,2946,automatic,0
5544,2021-10-14,email12031@domain.it,1387,default,0
4416,2022-06-03,email16133@domain.es,1146,automatic,0
1078,2021-12-26,email34526@domain.uk,1525,automatic,0
2010,2022-04-22,email9232@domain.com,2901,default,0
2694,2022-04-06,email627@domain.com,251,automatic,0
8189,2021-09-02,email22419@domain.es,1093,automatic,0
5422,2021-12-16,email62645@domain.com,3430,default,0
393,2022-06-29,email3096@domain.uk,6862,automatic,0
7844,2022-03-19,email3942@domain.es,114,default,0
2993,2022-05-18,email8299@domain.com,8458,default,1
9732,2022-03-20,email2502@domain.it,3055,default,0
55,2021-08-18,email10764@domain.com,3059,default,0
103,2022-05-26,email3184@domain.uk,4242,forced,0
6157,2021-11-03,email14971@domain.it,7260,default,0
9410,2022-06-08,email7992@domain.es,1517,default,0
1166,2022-05-10,email4377@domain.uk,279,default,0
3837,2022-04-15,email1831@domain.uk,2784,default,0
2530,2022-01-21,email11965@domain.uk,6625,default,1
9518,2021-11-01,email8363@domain.it,2434,default,0
4717,2021-07-04,email4344@domain.uk,803,default,0
5323,2021-07-28,email43321@domain.uk,5732,default,0
5496,2022-05-05,email9943@domain.es,2206,default,0
3505,2021-07-28,email4207@domain.com,5111,default,0
9379,2022-03-22,email3678@domain.uk,4682,default,0
8064,2021-10-01,email3518@domain.com,3666,default,1
5220,2022-02-22,email5393@domain.it,3609,default,0
5577,2021-12-21,email8996@domain.com,3869,default,0
9495,2021-08-26,email18433@domain.com,8098,automatic,0
4829,2022-02-03,email4630@domain.com,2182,default,0
2976,2021-12-05,email11373@domain.it,7920,automatic,0
3552,2022-03-17,email2009@domain.es,1556,default,1
8476,2021-08-13,email4369@domain.com,8185,default,0
7973,2022-06-20,email792@domain.it,4422,default,1
8373,2022-03-17,email22413@domain.es,1061,default,0
5421,2021-11-24,email2840@domain.it,1191,default,0
3140,2021-09-30,email1657@domain.com,7510,default,0
5334,2021-09-12,email2274@domain.com,3555,default,0
6749,2022-04-01,email5798@domain.it,2685,default,0
6041,2021-08-07,email11492@domain.it,6290,forced,0
9597,2021-10-27,email7305@domain.it,3534,forced,0
5898,2022-06-05,email14358@domain.it,7246,default,0
4538,2022-04-06,email13892@domain.com,196,automatic,0
6204,2021-08-09,email3628@domain.it,4826,default,0
5746,2021-11-11,email15814@domain.com,829,default,0
2026,2022-06-28,email9134@domain.com,6684,default,0
292,2021-12-27,email243@domain.com,4156,automatic,0
9634,2021-09-06,email1775@domain.it,311,default,0
2410,2022-01-06,email12343@domain.uk,4442,default,0
4997,2021-10-14,email3541@domain.uk,8041,default,0
2270,2022-04-08,email5092@domain.com,4167,default,0
4477,2022-03-08,email7232@domain.it,5303,default,0
4990,2021-09-05,email17794@domain.it,2551,forced,0
631,2022-04-29,email10053@domain.it,4197,default,0
1818,2021-08-06,email5304@domain.it,7972,default,0
5824,2021-07-15,email12010@domain.com,5927,automatic,0
9802,2022-04-23,email10458@domain.com,3369,forced,0
6874,2021-08-27,email14406@domain.com,2409,default,0
8077,2022-01-13,email6872@domain.es,3876,default,0
2792,2021-10-25,email26364@domain.it,5144,automatic,0
9201,2021-07-03,email11001@domain.it,1440,default,1
3778,2022-04-07,email34653@domain.com,1810,default,0
3263,2022-01-10,email17722@domain.com,7733,automatic,0
4934,2022-02-05,email9834@domain.es,8588,default,0
5984,2022-01-11,email285@domain.com,5820,default,0
8512,2021-11-03,email2042@domain.com,6372,forced,1
4537,2022-03-08,email11817@domain.com,2492,default,0
8198,2021-09-06,email19993@domain.com,7533,default,0
2987,2021-09-09,email1016@domain.es,571,forced,0
3204,2021-09-26,email274@domain.es,2041,default,0
1281,2021-08-31,email3971@domain.com,518,default,1
1184,2022-03-17,email8579@domain.com,558,default,0
9236,2021-10-25,email5305@domain.es,3970,default,0
2942,2022-05-31,email9196@domain.com,1362,default,1
4466,2021-11-03,email5878@domain.com,6307,default,0
7406,2022-03-21,email4556@domain.it,347,forced,0
4222,2022-03-18,email6996@domain.com,7654,default,1
3564,2021-07-04,email1681@domain.it,2819,forced,0
1887,2022-04-08,email5377@domain.com,5605,default,0
821,2022-04-06,email4813@domain.com,2521,default,0
3412,2022-04-08,email3623@domain.it,1485,default,0
8599,2021-07-24,email4882@domain.es,641,forced,0
6452,2022-04-02,email12641@domain.com,2731,default,0
8002,2022-03-21,email859@domain.uk,5158,forced,0
4330,2022-01-24,email23507@domain.it,1003,default,0
3555,2021-08-11,email846@domain.es,6998,default,0
2447,2022-03-08,email19183@domain.com,1304,forced,0
8840,2021-08-31,email3266@domain.it,4047,default,0
192,2021-08-23,email9736@domain.uk,4153,default,0
6649,2022-04-01,email748@domain.uk,198,default,0
879,2021-09-11,email1685@domain.it,7106,default,1
798,2022-06-18,email6379@domain.com,4366,default,0
907,2022-01-02,email26959@domain.it,1747,default,1
4017,2022-05-26,email20735@domain.it,2936,default,1
2124,2022-04-06,email20890@domain.com,2987,default,0
7582,2022-06-04,email15776@domain.es,1344,default,0
6983,2021-11-22,email3725@domain.it,4510,default,1
2029,2022-03-03,email26451@domain.com,3744,default,0
4409,2022-06-30,email15964@domain.uk,3509,default,0
9078,2021-10-15,email607@domain.it,1771,automatic,0
835,2021-08-27,email958@domain.com,970,automatic,0
3451,2022-03-14,email13457@domain.com,1583,automatic,0
6291,2021-11-24,email21357@domain.it,4063,default,0
5277,2021-08-24,email7465@domain.com,5748,default,0
206,2021-09-06,email47452@domain.com,635,default,0
2155,2021-10-06,email16591@domain.it,8667,default,0
2077,2022-01-27,email12786@domain.com,1567,default,0
3257,2022-05-26,email6722@domain.uk,1334,default,1
1469,2021-10-09,email17562@domain.com,6456,default,0
425,2021-11-05,email10391@domain.it,6630,default,0
8046,2021-07-24,email34946@domain.uk,2596,default,0
2100,2021-08-16,email3360@domain.it,3973,forced,1
5347,2021-10-03,email11557@domain.it,3934,default,0
8334,2022-04-14,email4256@domain.com,5810,automatic,0
4646,2022-02-10,email2647@domain.es,1435,default,0
4347,2021-07-18,email7857@domain.es,7449,default,0
3217,2021-09-11,email16602@domain.com,4690,default,0
9927,2021-07-30,email6595@domain.it,8351,automatic,0
1210,2021-10-15,email2621@domain.com,2098,default,0
3365,2022-05-01,email941@domain.com,292,default,0
9543,2021-12-15,email16572@domain.com,563,default,0
2064,2021-11-19,email7110@domain.it,4763,default,0
9797,2022-04-08,email23681@domain.com,6093,default,0
3573,2021-12-07,email15734@domain.it,2088,automatic,0
5248,2022-04-10,email17251@domain.it,1309,default,0
8076,2022-01-02,email4838@domain.it,5938,default,0
5501,2022-01-18,email6783@domain.com,5838,default,0
1588,2021-07-23,email14326@domain.it,3061,default,0
8765,2021-07-11,email11143@domain.com,6969,default,0
5980,2022-04-08,email10495@domain.uk,1515,default,0
7218,2021-10-23,email30525@domain.com,645,automatic,0
7732,2022-01-28,email8274@domain.com,5907,default,0
3296,2021-12-28,email27284@domain.it,1826,default,0
1956,2021-08-05,email14719@domain.com,2720,automatic,0
9767,2021-10-04,email21798@domain.it,1171,automatic,0
1180,2021-09-11,email13133@domain.es,6050,default,0
7530,2022-03-20,email3460@domain.com,3365,default,0
324,2021-12-08,email1946@domain.com,8151,forced,0
7577,2021-11-18,email6539@domain.com,3034,default,0
9985,2021-12-22,email27209@domain.com,186,default,0
4025,2021-09-02,email9557@domain.it,7969,default,0
3773,2022-02-01,email16986@domain.it,6747,default,0
315,2021-12-08,email592@domain.es,6451,automatic,0
3641,2021-09-11,email982@domain.it,4920,automatic,1
1688,2022-06-07,email10266@domain.it,3488,default,0
7098,2021-12-04,email12300@domain.com,2045,default,0
99,2022-04-07,email2566@domain.com,1169,default,0
8158,2021-12-06,email13085@domain.com,783,default,0
7483,2022-04-07,email4281@domain.uk,2973,automatic,0
8457,2022-02-10,email22932@domain.com,629,default,0
7859,2022-06-09,email16021@domain.com,7414,automatic,0
4995,2021-11-04,email6926@domain.com,540,default,0
3155,2021-07-08,email3171@domain.com,1216,forced,0
832,2021-11-30,email8427@domain.com,1053,default,0
1528,2021-09-18,email20989@domain.com,1755,default,0
7592,2022-04-08,email9872@domain.com,8421,default,0
6446,2022-03-03,email13134@domain.uk,4067,automatic,0
6093,2021-08-02,email1414@domain.uk,2542,default,0
1407,2022-04-30,email20843@domain.it,1859,default,0
3350,2021-09-18,email6090@domain.it,4701,default,0
468,2022-06-19,email1486@domain.it,830,default,0
4715,2021-11-04,email12428@domain.com,2215,default,0
3562,2021-11-18,email6343@domain.com,866,default,0
3692,2022-03-21,email1801@domain.it,8244,forced,0
1896,2022-03-22,email8971@domain.uk,6169,automatic,0
8314,2021-08-24,email1979@domain.com,2180,default,0
4628,2022-06-17,email3850@domain.uk,404,default,0
5639,2021-09-27,email12577@domain.com,1222,default,0
3332,2021-12-29,email2245@domain.it,401,default,1
3726,2021-11-07,email33615@domain.com,7148,forced,0
3366,2022-05-18,email23608@domain.com,292,default,0
4767,2022-01-27,email13222@domain.it,3042,default,0
3498,2022-06-08,email1679@domain.uk,5206,default,0
9437,2022-01-12,email1800@domain.com,7238,default,0
7928,2021-12-23,email19051@domain.it,5847,default,0
2889,2021-10-02,email1479@domain.com,555,forced,0
8272,2022-04-20,email13124@domain.com,1650,automatic,0
4469,2022-02-25,email1604@domain.com,8247,automatic,0
1596,2021-08-23,email3659@domain.it,6553,default,0
8762,2021-12-06,email8602@domain.it,8145,default,0
3732,2021-07-05,email5768@domain.it,1190,default,0
7872,2022-03-13,email11460@domain.com,4575,default,0
4109,2022-03-06,email8569@domain.it,3897,default,1
104,2022-05-17,email1136@domain.uk,4242,default,0
6905,2021-08-26,email23897@domain.com,3605,default,1
304,2022-05-22,email5244@domain.es,3816,automatic,0
5676,2022-01-18,email29306@domain.com,8629,automatic,0
429,2021-11-05,email7793@domain.es,8289,forced,0
9205,2022-06-29,email3922@domain.uk,6136,default,0
7106,2021-10-03,email2612@domain.es,8239,default,0
593,2021-09-30,email49105@domain.com,3023,default,0
1490,2021-11-13,email4212@domain.it,2730,default,0
632,2021-12-09,email34671@domain.com,2498,default,0
5352,2022-03-12,email8573@domain.com,6268,default,0
231,2022-04-07,email8260@domain.uk,2514,default,0
963,2022-02-04,email2961@domain.com,3431,default,0
5972,2021-09-03,email117@domain.com,287,automatic,0
7498,2021-11-30,email3900@domain.uk,1161,forced,0
9085,2021-10-24,email3389@domain.it,6729,default,0
4432,2021-11-25,email20326@domain.es,5291,default,0
9348,2022-02-08,email8496@domain.es,5305,default,0
9109,2021-09-01,email2523@domain.it,1417,default,0
2539,2022-01-27,email25810@domain.com,1311,automatic,0
4266,2021-09-12,email3205@domain.es,1800,forced,0
5893,2022-04-25,email24879@domain.com,4213,default,0
2481,2021-12-04,email7807@domain.it,6367,default,1
260,2021-09-12,email15750@domain.com,7647,default,0
3625,2022-05-26,email6696@domain.es,523,automatic,0
1412,2022-01-26,email19145@domain.es,3181,automatic,0
5858,2021-08-04,email42286@domain.com,261,default,0
487,2021-08-27,email11606@domain.com,608,default,0
5228,2022-04-21,email20053@domain.uk,6121,default,0
1805,2022-01-28,email10827@domain.com,1935,default,0
2382,2021-07-05,email6985@domain.it,3229,default,0
6753,2022-05-15,email10202@domain.it,6567,forced,0
6882,2022-05-09,email779@domain.com,486,default,0
6092,2021-11-14,email5463@domain.uk,387,default,0
1001,2022-06-02,email18844@domain.uk,6003,default,0
2477,2022-04-23,email5373@domain.com,1927,default,0
7842,2021-09-23,email4036@domain.com,6258,default,0
1910,2021-08-11,email16751@domain.it,2070,automatic,0
3794,2021-07-25,email1390@domain.it,8062,default,0
2923,2021-07-27,email14010@domain.com,928,default,0
4415,2022-05-10,email10301@domain.es,1146,default,0
9943,2022-01-11,email5076@domain.it,7080,default,0
2435,2021-10-12,email2716@domain.it,6227,default,0
8159,2021-09-30,email11563@domain.it,2127,default,0
6812,2022-02-12,email5429@domain.it,8573,default,0
452,2021-11-13,email5620@domain.com,3411,default,0
6558,2021-09-12,email2311@domain.it,4151,default,0
5407,2021-07-19,email1924@domain.com,4299,forced,0
3476,2022-04-08,email993@domain.com,2099,automatic,0
5442,2022-04-27,email2280@domain.es,6829,default,0
9945,2021-09-03,email8814@domain.it,2893,default,0
964,2022-01-30,email1643@domain.it,1332,default,0
8666,2021-09-13,email5080@domain.it,1152,forced,1
8131,2022-03-29,email4074@domain.uk,6300,default,0
7247,2022-04-26,email12391@domain.com,1439,default,0
685,2022-06-06,email5450@domain.es,3713,default,0
3701,2022-05-24,email3733@domain.com,5179,default,0
5867,2021-10-27,email36197@domain.com,6244,default,0
5817,2021-12-29,email331@domain.it,7295,default,0
7642,2022-01-14,email6129@domain.it,7179,default,0
7600,2021-12-11,email4692@domain.it,2257,default,0
4005,2021-07-11,email5683@domain.es,5436,default,0
5779,2022-01-05,email3312@domain.uk,3276,default,0
4106,2022-04-01,email5816@domain.com,4527,default,0
4066,2022-04-06,email8900@domain.es,2845,default,0
5130,2022-06-05,email12337@domain.es,2198,forced,0
3614,2021-10-23,email3403@domain.com,2567,default,0
8845,2022-04-18,email18552@domain.it,6172,default,0
3235,2021-08-08,email39938@domain.it,1500,default,0
3258,2022-04-04,email1559@domain.com,8673,automatic,0
6194,2021-12-01,email7562@domain.uk,6199,default,0
738,2021-09-15,email7208@domain.es,5129,default,0
7638,2022-01-14,email4345@domain.it,2287,automatic,0
7967,2021-07-03,email2114@domain.com,7782,default,1
3347,2021-07-13,email3127@domain.com,5473,default,0
4278,2022-03-09,email10415@domain.it,2985,default,0
660,2022-05-29,email7745@domain.com,5145,automatic,0
4585,2022-01-07,email20306@domain.com,6226,default,1
3338,2021-12-14,email7600@domain.com,3180,default,0
3201,2022-05-25,email2657@domain.com,8403,default,0
3401,2021-08-26,email3116@domain.uk,1187,default,0
1145,2022-01-13,email1515@domain.es,7196,automatic,0
1865,2022-04-06,email9708@domain.uk,1618,forced,0
2638,2022-03-09,email113@domain.uk,6632,forced,0
6828,2021-11-01,email15152@domain.it,6229,automatic,0
8437,2022-05-18,email122@domain.com,7542,default,0
8600,2021-07-15,email11292@domain.com,1978,default,0
9527,2022-03-01,email117@domain.it,2495,default,0
3931,2021-07-22,email10742@domain.com,6266,default,1
5120,2021-07-07,email225@domain.uk,3842,default,1
5685,2021-11-20,email10293@domain.it,2664,default,0
4898,2021-12-18,email17934@domain.com,6370,forced,0
1121,2021-07-18,email24817@domain.es,4851,default,0
9262,2022-03-29,email12303@domain.es,4529,default,0
1456,2021-07-16,email10682@domain.es,766,automatic,0
2630,2021-09-03,email1453@domain.it,7162,forced,0
4238,2021-10-26,email6172@domain.it,1409,automatic,0
3067,2022-04-21,email6818@domain.com,3103,default,0
7748,2021-11-19,email12496@domain.uk,5715,default,0
3177,2021-07-20,email2490@domain.com,7159,default,0
1718,2022-04-05,email10230@domain.com,3014,default,0
1778,2021-08-02,email24854@domain.it,4790,default,0
6494,2022-02-22,email455@domain.es,3472,default,0
6367,2021-07-20,email11466@domain.it,6578,default,0
1443,2022-06-03,email23444@domain.uk,7616,default,0
2768,2022-06-30,email2742@domain.it,3415,automatic,0
1050,2022-05-14,email4122@domain.it,1894,default,0
5500,2021-07-22,email8027@domain.it,5274,default,0
5398,2021-11-09,email557@domain.uk,7212,automatic,0
8980,2021-12-02,email8818@domain.com,1686,automatic,0
1317,2022-02-10,email1534@domain.es,2671,default,0
4263,2022-04-29,email55@domain.com,1613,automatic,0
1444,2021-10-15,email19240@domain.es,1131,default,0
8676,2022-05-13,email19593@domain.com,6726,default,0
7099,2021-12-21,email2784@domain.com,6272,default,0
5010,2021-08-15,email2039@domain.uk,4383,automatic,0
3044,2022-06-09,email4119@domain.com,748,default,0
7421,2022-04-13,email3356@domain.it,1620,forced,0
3081,2022-04-27,email3832@domain.com,720,default,0
8412,2021-10-26,email4569@domain.it,3579,forced,0
2914,2022-03-13,email13835@domain.es,7107,automatic,0
6468,2021-11-27,email9719@domain.com,2221,default,0
7834,2021-08-05,email4127@domain.es,6482,default,0
6050,2022-02-08,email17488@domain.com,8067,default,0
7191,2021-10-08,email14847@domain.it,245,default,0
1130,2022-03-16,email1754@domain.com,4632,default,0
8556,2021-08-18,email32329@domain.com,237,default,0
2137,2021-10-12,email3919@domain.it,3945,automatic,0
7003,2022-01-19,email6233@domain.com,335,default,0
1592,2021-10-06,email13264@domain.com,3932,default,1
1348,2021-11-13,email40664@domain.uk,3385,automatic,1
7801,2021-10-21,email8733@domain.it,4105,forced,0
6641,2022-06-16,email12327@domain.it,2980,default,1
4405,2022-03-22,email1806@domain.it,598,default,0
8013,2021-07-29,email209@domain.es,6533,default,0
8541,2022-05-18,email2318@domain.com,4620,default,1
1319,2022-02-24,email34006@domain.com,7573,forced,0
4939,2021-12-16,email4982@domain.uk,7824,default,0
8847,2021-10-23,email9472@domain.com,6238,default,0
9026,2022-03-14,email10223@domain.com,5921,default,0
6018,2022-05-07,email35203@domain.it,4340,automatic,1
9783,2021-11-08,email1707@domain.com,6251,automatic,0
7583,2021-07-19,email3519@domain.com,4722,default,0
3169,2021-09-23,email5272@domain.com,2830,default,0
9326,2022-03-11,email9454@domain.uk,5653,automatic,0
8753,2021-09-30,email1096@domain.uk,5310,default,1
9479,2021-12-14,email6771@domain.com,7445,default,0
8300,2021-10-19,email4715@domain.es,691,default,1
5587,2021-11-20,email420@domain.uk,2799,default,0
8994,2021-09-17,email11946@domain.it,4780,default,0
4434,2021-10-08,email8882@domain.uk,7334,default,1
5945,2022-01-28,email6570@domain.com,6175,default,0
1758,2021-08-15,email2432@domain.uk,2152,default,0
209,2021-12-29,email29227@domain.com,679,default,0
5515,2021-07-26,email2890@domain.com,7096,default,0
3569,2022-05-15,email1566@domain.uk,2141,default,0
2536,2022-02-13,email10415@domain.com,734,default,0
6197,2021-11-11,email990@domain.es,120,default,0
4121,2021-09-15,email3357@domain.it,4535,default,0
4064,2021-10-12,email6920@domain.com,4522,automatic,0
7040,2021-12-16,email9341@domain.com,7492,forced,0
4812,2021-12-03,email4605@domain.uk,97,default,1
6797,2022-05-27,email43807@domain.com,6366,automatic,0
5089,2021-09-09,email9833@domain.it,364,default,0
9531,2022-02-24,email391@domain.es,2190,default,0
2728,2021-10-24,email2114@domain.it,6324,default,0
5463,2022-02-28,email3287@domain.com,8637,default,1
7399,2021-08-12,email2074@domain.it,8647,default,0
3335,2021-08-27,email15407@domain.com,575,default,0
6294,2021-09-09,email1098@domain.com,3130,default,0
6489,2021-11-28,email2735@domain.com,602,default,0
5244,2021-10-07,email11078@domain.com,464,automatic,0
4394,2022-05-10,email67@domain.it,7030,default,0
3887,2022-04-09,email7958@domain.uk,2631,forced,0
9631,2022-04-20,email32443@domain.it,502,default,0
5730,2022-01-22,email4870@domain.com,61,default,0
4181,2022-05-07,email7155@domain.it,6208,forced,0
3484,2021-10-13,email15876@domain.uk,6018,forced,0
9964,2022-06-20,email17392@domain.com,2541,automatic,0
1580,2021-10-12,email2071@domain.com,4565,default,0
6078,2022-04-04,email24089@domain.it,4629,default,0
382,2022-04-06,email4690@domain.it,7788,default,0
8797,2022-05-27,email8647@domain.es,82,forced,0
6662,2022-05-29,email213@domain.uk,1491,forced,0
6417,2022-04-09,email2587@domain.es,820,forced,0
5946,2022-04-01,email18497@domain.uk,1482,automatic,0
4886,2021-12-08,email7548@domain.es,1225,default,1
1827,2021-09-29,email10149@domain.it,3444,default,0
5606,2021-10-16,email9108@domain.com,2525,default,0
4385,2022-05-11,email13314@domain.com,278,default,0
9086,2021-07-16,email34231@domain.it,4792,default,0
2308,2021-09-29,email2299@domain.com,128,default,0
4546,2021-07-10,email1603@domain.com,2970,default,0
1172,2022-01-29,email1535@domain.com,6534,forced,0
2856,2021-12-16,email1820@domain.com,8198,default,0
9775,2021-08-21,email6067@domain.it,7462,automatic,0
6581,2022-01-12,email14442@domain.com,459,automatic,0
7229,2022-03-05,email11138@domain.com,5836,default,0
6198,2021-11-07,email2239@domain.es,120,default,1
1278,2022-05-15,email2096@domain.com,6933,default,0
6684,2022-04-06,email5564@domain.com,2430,default,0
2487,2022-04-06,email2115@domain.es,5356,default,0
2222,2021-10-11,email6794@domain.es,340,automatic,0
7333,2022-02-24,email8931@domain.it,1964,default,1
4459,2022-01-14,email7519@domain.uk,749,default,0
2323,2022-04-04,email24192@domain.it,6134,default,0
5950,2022-05-09,email7600@domain.es,2158,default,0
2957,2022-02-15,email9892@domain.it,4607,default,0
2900,2021-08-27,email8462@domain.it,5706,forced,0
1974,2021-12-14,email2562@domain.uk,1469,default,0
9517,2021-09-01,email8124@domain.com,5770,default,0
1388,2021-09-23,email8343@domain.es,2365,automatic,0
9628,2021-09-14,email1057@domain.uk,5115,default,0
8141,2022-02-27,email4389@domain.com,2494,default,0
4774,2021-10-19,email4266@domain.it,6337,default,0
7156,2021-11-19,email6882@domain.it,1536,default,0
2996,2022-05-09,email20018@domain.uk,3901,default,0
343,2022-06-30,email5029@domain.uk,4391,automatic,1
4527,2021-08-09,email10708@domain.it,2271,default,0
8261,2022-04-29,email25446@domain.it,8285,default,0
5080,2022-02-22,email11307@domain.com,6330,default,0
3712,2022-01-12,email40522@domain.it,5928,default,1
6737,2021-10-01,email20883@domain.uk,5286,default,0
7216,2022-03-07,email8374@domain.es,4037,default,0
1063,2022-02-23,email1405@domain.uk,2245,forced,0
5615,2022-01-20,email11070@domain.it,6038,default,0
3652,2021-08-01,email1704@domain.it,723,default,0
6523,2022-03-11,email40311@domain.com,6340,automatic,0
3054,2022-04-25,email8164@domain.uk,3445,default,0
8820,2022-02-03,email6792@domain.com,1965,default,0
3915,2022-02-06,email17756@domain.es,5277,automatic,0
3776,2022-04-07,email9473@domain.com,1810,default,0
1056,2022-02-19,email16310@domain.it,7404,default,0
3515,2022-04-06,email3212@domain.it,637,default,0
6364,2021-07-30,email2417@domain.it,4602,forced,0
3507,2022-05-05,email7598@domain.it,4924,default,1
2436,2022-01-10,email244@domain.com,561,default,0
1774,2021-09-03,email5060@domain.it,6189,default,0
8431,2021-07-09,email4886@domain.com,258,forced,0
2493,2022-02-02,email20925@domain.com,6990,default,0
8487,2022-01-22,email25@domain.com,6364,default,0
634,2022-04-05,email5374@domain.it,2309,automatic,0
7024,2021-08-02,email3938@domain.it,189,automatic,0
5305,2021-12-15,email580@domain.com,1975,default,0
451,2021-11-11,email2467@domain.it,3706,default,0
107,2022-04-29,email9273@domain.com,4207,default,0
804,2021-07-17,email3715@domain.com,590,default,1
9728,2021-07-04,email1578@domain.com,2343,default,0
7160,2021-10-23,email7747@domain.it,3186,default,0
3617,2022-04-07,email438@domain.com,4431,default,1
9443,2021-09-18,email4708@domain.es,2762,default,0
3088,2021-12-22,email29443@domain.it,2778,default,0
2369,2021-08-02,email14946@domain.es,1426,default,0
5287,2022-04-08,email5490@domain.com,330,default,0
7062,2021-08-03,email14821@domain.it,6135,default,0
5143,2021-11-20,email15497@domain.it,3268,default,0
7172,2022-06-19,email48175@domain.uk,36,default,0
1916,2021-10-18,email7737@domain.com,1018,default,0
2078,2021-07-18,email2269@domain.it,7239,default,0
6450,2021-07-11,email21526@domain.it,6510,forced,0
8301,2021-10-23,email7246@domain.it,1057,default,0
8586,2021-10-09,email8081@domain.uk,3279,default,1
5360,2021-10-29,email2360@domain.com,1656,default,0
7625,2022-03-31,email39320@domain.uk,3718,default,0
4593,2022-05-04,email8023@domain.it,6494,default,0
9521,2022-03-17,email8327@domain.it,4470,default,0
4439,2022-04-06,email16000@domain.com,3339,default,0
3323,2021-09-05,email16533@domain.it,7167,default,0
8680,2021-11-26,email8418@domain.com,4468,default,0
9056,2022-06-24,email5007@domain.com,7231,default,1
4130,2022-04-06,email14336@domain.uk,5026,default,0
9696,2021-11-18,email26930@domain.it,6078,default,0
3096,2022-01-28,email13207@domain.com,6298,automatic,0
8821,2021-07-29,email17318@domain.com,7123,default,0
5800,2021-09-10,email8926@domain.it,1020,default,0
5617,2021-07-22,email15624@domain.com,6115,default,0
125,2021-09-05,email2816@domain.it,4627,default,0
4536,2022-03-07,email6282@domain.com,5590,forced,0
2602,2022-03-16,email9282@domain.uk,5336,default,0
6596,2021-07-07,email2127@domain.com,6802,automatic,0
4379,2021-10-31,email4093@domain.es,1259,default,0
9538,2021-12-01,email21564@domain.com,8597,default,0
7063,2022-06-29,email17951@domain.com,5446,default,0
7285,2022-03-14,email2345@domain.com,4715,default,0
5310,2022-03-01,email1766@domain.it,3241,default,0
6218,2022-03-16,email4805@domain.com,4159,default,0
678,2022-05-18,email14940@domain.it,3768,default,0
6339,2022-04-06,email16607@domain.com,3550,automatic,0
5675,2021-08-06,email1984@domain.com,1865,default,0
6977,2021-07-24,email3092@domain.com,8605,default,0
2344,2022-04-08,email33904@domain.it,5711,forced,0
8333,2022-04-07,email15991@domain.it,6049,default,0
7683,2022-01-16,email12464@domain.com,2078,forced,0
4744,2022-02-02,email508@domain.es,2138,forced,0
2149,2022-04-08,email1140@domain.es,5774,default,0
4133,2022-04-19,email16193@domain.com,1652,default,1
2851,2021-08-05,email1642@domain.es,138,default,0
8389,2022-05-09,email17972@domain.com,7461,automatic,0
656,2021-07-25,email37972@domain.com,874,default,1
4618,2021-07-23,email7662@domain.it,4116,default,0
5381,2021-10-23,email12088@domain.com,2714,default,0
765,2021-11-17,email25912@domain.com,8162,automatic,0
7570,2021-10-19,email278@domain.es,6795,default,0
4800,2021-10-21,email5276@domain.com,5485,forced,0
8335,2022-04-22,email1258@domain.uk,2300,automatic,0
8898,2022-05-01,email10492@domain.it,409,default,1
229,2022-01-06,email2870@domain.it,7170,forced,0
5652,2021-07-08,email731@domain.it,2579,default,0
2383,2022-01-09,email3776@domain.es,3759,forced,0
2906,2021-11-12,email7526@domain.it,3792,default,1
5735,2021-08-22,email793@domain.com,1496,forced,0
1742,2021-08-31,email46147@domain.es,4930,default,0
5764,2022-05-13,email24666@domain.es,5275,default,0
3492,2021-07-18,email16846@domain.com,7815,default,0
2512,2022-05-03,email425@domain.it,2445,forced,0
1264,2021-10-23,email44048@domain.it,3011,forced,0
1365,2022-04-07,email3352@domain.it,5962,default,1
4127,2021-12-01,email13233@domain.com,5235,default,0
4949,2021-09-29,email339@domain.it,6304,automatic,0
6610,2022-06-29,email3509@domain.com,6793,default,0
6128,2021-08-10,email6765@domain.it,2829,forced,0
1749,2022-05-10,email298@domain.es,1461,default,1
2471,2021-08-22,email1893@domain.it,3193,default,0
4973,2022-05-15,email2158@domain.com,5452,default,0
9917,2021-07-12,email2609@domain.com,2612,automatic,0
4878,2021-09-09,email4433@domain.es,5166,forced,0
4122,2021-10-09,email86@domain.es,1239,automatic,0
3817,2021-11-06,email7178@domain.it,1381,automatic,0
4793,2021-09-19,email475@domain.it,3185,automatic,0
7941,2021-12-29,email2@domain.com,6590,default,0
9133,2021-10-24,email20946@domain.es,1468,default,0
644,2022-04-04,email8318@domain.uk,466,default,0
4214,2021-11-05,email9836@domain.com,3376,automatic,0
9327,2021-12-13,email2110@domain.com,5393,default,1
4274,2021-08-24,email13619@domain.com,50,default,0
9560,2021-09-15,email6508@domain.it,391,automatic,0
6410,2022-03-09,email2162@domain.it,4671,default,0
5238,2022-02-03,email4288@domain.com,8258,default,0
6319,2021-08-01,email11386@domain.it,2211,default,0
1593,2021-11-10,email8980@domain.it,7127,default,0
8817,2021-08-09,email26631@domain.es,5051,default,0
5595,2021-07-22,email7663@domain.it,7149,default,0
3212,2021-08-09,email1183@domain.com,7519,default,0
5593,2021-10-12,email5078@domain.uk,3419,default,0
427,2022-06-30,email9001@domain.uk,5807,default,0
840,2022-01-20,email26533@domain.it,2071,default,0
9867,2021-10-14,email24228@domain.uk,2769,default,0
7380,2021-08-12,email25906@domain.com,4869,default,0
5965,2021-11-03,email17639@domain.com,6285,default,0
3572,2021-07-20,email11287@domain.it,2130,default,0
988,2022-04-08,email11000@domain.it,8030,default,0
538,2022-04-07,email15841@domain.it,1308,default,0
4821,2022-04-04,email11909@domain.com,6780,default,0
5403,2022-02-17,email5170@domain.es,8276,automatic,0
8858,2021-07-25,email7687@domain.com,3939,forced,0
2945,2022-04-13,email27994@domain.uk,4879,default,0
4300,2021-07-14,email5458@domain.es,8315,automatic,0
9636,2022-04-08,email3580@domain.it,3404,forced,0
3122,2022-01-06,email1346@domain.it,6016,default,0
3622,2021-11-04,email12580@domain.com,6017,default,0
8144,2022-04-22,email8077@domain.es,5210,default,0
1934,2022-01-15,email5172@domain.com,4777,default,1
4860,2022-01-24,email22714@domain.uk,2523,default,0
2117,2021-11-10,email5655@domain.it,5205,default,1
3636,2021-12-29,email21201@domain.com,1327,automatic,0
5345,2022-05-01,email1462@domain.uk,7384,default,0
8029,2021-11-30,email7706@domain.it,6894,default,1
9804,2021-11-21,email18130@domain.it,6991,default,0
3034,2021-11-28,email30745@domain.com,3067,default,0
3107,2022-06-23,email1386@domain.es,4996,default,1
8572,2022-04-27,email130@domain.es,620,default,0
194,2021-08-04,email8048@domain.it,6249,default,0
3321,2022-05-12,email3834@domain.com,5140,default,0
8574,2021-11-25,email11563@domain.it,7383,default,0
9202,2022-04-16,email7186@domain.com,1667,default,0
2565,2021-08-09,email944@domain.it,1541,default,0
6958,2022-02-13,email5164@domain.it,6709,default,0
2786,2022-06-15,email24393@domain.uk,8476,default,0
8650,2022-06-28,email7705@domain.com,1457,default,0
7241,2022-01-21,email17877@domain.com,6660,automatic,0
5705,2022-04-09,email14772@domain.uk,400,default,1
6223,2021-10-07,email4038@domain.com,7428,automatic,0
5271,2021-12-03,email797@domain.it,321,default,0
5406,2021-11-10,email18611@domain.it,927,default,0
4056,2021-07-24,email23864@domain.it,7826,default,0
4932,2021-08-24,email472@domain.it,7726,default,0
6979,2021-12-05,email8596@domain.uk,477,default,0
444,2022-03-21,email21452@domain.it,3465,default,0
4134,2021-08-02,email1043@domain.it,804,default,0
2815,2022-05-12,email12577@domain.uk,2948,default,0
9546,2021-10-23,email9246@domain.it,4247,default,0
7894,2021-10-12,email1121@domain.com,2831,default,0
1633,2022-01-18,email5534@domain.com,27,default,0
9969,2021-10-21,email20254@domain.com,276,default,0
4856,2021-09-18,email12169@domain.com,1318,default,0
1425,2022-06-14,email1033@domain.com,4463,default,0
6373,2021-12-28,email3657@domain.com,630,automatic,0
1428,2022-04-04,email1214@domain.uk,416,default,0
8480,2022-05-02,email8902@domain.es,1339,forced,0
5243,2021-09-01,email11725@domain.com,1557,default,0
3237,2022-03-16,email58@domain.com,5963,default,0
4043,2022-05-15,email2217@domain.it,4782,automatic,0
4577,2022-04-06,email9009@domain.uk,407,forced,0
4979,2022-05-07,email29591@domain.uk,7678,default,0
4299,2022-03-09,email1488@domain.com,1397,default,0
6069,2021-08-01,email1029@domain.com,7532,default,0
624,2022-06-27,email10735@domain.uk,3627,automatic,0
3619,2021-10-28,email11615@domain.es,3179,default,0
1829,2021-12-24,email5274@domain.it,1454,automatic,0
3584,2022-06-23,email42115@domain.com,6947,automatic,0
5529,2022-05-18,email18336@domain.com,1589,default,0
216,2021-12-01,email7548@domain.com,5628,default,0
4814,2021-08-11,email5140@domain.uk,747,automatic,0
633,2021-10-28,email25912@domain.es,433,automatic,0
9544,2021-09-30,email159@domain.es,6346,default,0
3853,2021-09-30,email978@domain.es,4302,default,0
981,2021-07-05,email18692@domain.com,2506,automatic,0
726,2022-01-31,email39529@domain.it,7830,default,0
2235,2021-12-10,email41199@domain.uk,3197,default,0
4647,2022-02-12,email6796@domain.it,3807,default,0
6130,2022-05-20,email2484@domain.com,7508,default,0
5889,2021-11-27,email1048@domain.it,8042,default,0
9224,2021-11-13,email11786@domain.com,5392,default,0
2266,2022-04-08,email19317@domain.com,4167,default,0
2052,2021-12-01,email27288@domain.it,8250,default,0
5548,2022-04-04,email8497@domain.com,4659,default,0
7900,2021-07-07,email4950@domain.it,6445,default,0
2073,2022-06-20,email881@domain.com,6312,default,0
903,2022-01-10,email7162@domain.es,3551,default,0
6966,2022-03-19,email33531@domain.it,3497,automatic,0
3723,2022-03-12,email40849@domain.com,2478,default,0
3073,2021-07-31,email10383@domain.com,8536,default,0
4132,2022-01-26,email11089@domain.com,1427,default,0
4691,2021-08-09,email11261@domain.uk,5666,automatic,0
9469,2022-06-02,email4478@domain.uk,1884,forced,0
815,2022-01-12,email4714@domain.it,3122,default,0
320,2022-01-08,email5692@domain.es,1571,default,0
9077,2022-06-27,email11088@domain.com,2024,default,0
979,2021-10-27,email5843@domain.it,5154,default,1
7929,2021-07-15,email322@domain.it,7682,default,0
8518,2022-03-25,email5353@domain.com,1522,automatic,0
1734,2022-03-27,email5636@domain.com,408,default,0
9755,2022-06-20,email14872@domain.it,118,default,0
3345,2021-10-21,email3292@domain.es,2550,default,1
9555,2022-05-26,email21534@domain.com,1906,forced,0
8937,2022-06-16,email1266@domain.com,444,default,0
7042,2021-10-20,email2651@domain.com,1200,default,1
1930,2022-05-24,email5323@domain.it,782,automatic,0
6263,2021-09-11,email6426@domain.com,266,automatic,0
7520,2022-05-14,email1871@domain.com,7780,forced,0
8289,2021-11-29,email9619@domain.com,4754,default,0
3314,2021-12-03,email13437@domain.com,4609,automatic,0
1640,2022-04-06,email271@domain.com,4007,forced,0
7733,2021-10-14,email1008@domain.uk,2643,default,0
7356,2022-04-07,email5808@domain.uk,122,automatic,1
4755,2021-07-13,email8133@domain.com,4066,default,0
3780,2022-06-02,email2951@domain.es,4645,default,0
4993,2021-09-04,email19609@domain.it,8279,forced,0
6553,2022-05-18,email10660@domain.com,1881,default,0
3754,2022-06-29,email6325@domain.it,541,default,1
1791,2021-09-10,email8413@domain.com,4277,forced,0
9549,2022-03-08,email7148@domain.uk,3955,default,0
2269,2022-04-08,email7810@domain.com,4167,default,1
9598,2022-01-13,email11686@domain.uk,8374,default,0
9812,2021-08-01,email15702@domain.it,5850,automatic,0
7360,2022-06-19,email675@domain.com,4611,default,0
9429,2021-11-11,email27747@domain.com,4162,default,0
4223,2021-08-24,email4930@domain.it,372,default,0
5840,2021-08-15,email2005@domain.it,7331,automatic,0
6115,2022-04-06,email932@domain.com,6878,forced,0
61,2021-08-12,email7114@domain.com,2095,forced,0
3832,2022-02-02,email3844@domain.com,5338,automatic,0
7569,2022-03-03,email2314@domain.com,784,default,0
8212,2021-11-29,email1156@domain.it,4562,automatic,0
6246,2021-08-22,email28266@domain.it,1850,default,0
6956,2022-02-01,email9@domain.uk,3540,default,0
9794,2021-10-15,email5010@domain.com,4145,forced,1
1214,2022-06-17,email2124@domain.com,5433,default,0
2430,2021-11-25,email3102@domain.it,6308,default,1
8414,2021-10-20,email6579@domain.com,4553,default,0
7680,2021-08-01,email5988@domain.es,4784,default,0
3039,2021-09-11,email3337@domain.com,8047,default,0
7418,2021-09-03,email3288@domain.com,1594,default,1
5363,2021-07-25,email7912@domain.uk,2007,default,0
1239,2022-05-05,email8139@domain.com,3516,forced,1
5602,2021-11-04,email431@domain.uk,6220,default,1
5608,2022-05-16,email10527@domain.com,6070,default,0
2205,2021-11-14,email5934@domain.it,1333,default,0
1521,2021-10-28,email2408@domain.com,6528,default,0
2802,2022-03-01,email25815@domain.com,5247,forced,0
1313,2022-04-07,email37618@domain.com,4842,automatic,0
490,2021-08-20,email695@domain.es,2767,default,0
136,2022-05-17,email59651@domain.es,289,automatic,0
902,2022-02-02,email3666@domain.it,1250,default,0
6860,2022-02-21,email1505@domain.es,2937,default,0
2955,2022-04-07,email19357@domain.uk,2118,automatic,0
6225,2022-04-08,email15646@domain.it,4827,default,0
8594,2021-11-14,email22573@domain.com,5418,default,0
1417,2022-01-01,email13582@domain.com,3223,default,0
2809,2022-06-26,email574@domain.com,1138,default,0
8072,2022-04-14,email3919@domain.uk,4421,default,0
4823,2022-05-16,email6543@domain.it,7585,automatic,0
9032,2022-01-20,email1668@domain.com,4250,default,0
5023,2021-10-02,email2374@domain.es,4148,default,0
1173,2022-04-30,email6873@domain.com,6523,default,0
6976,2021-07-26,email4585@domain.es,5363,forced,0
6867,2021-10-16,email10820@domain.it,1797,automatic,0
2621,2021-09-30,email4418@domain.it,5917,forced,0
8432,2022-05-01,email97@domain.it,2857,automatic,0
5121,2021-12-20,email25433@domain.com,3942,default,0
6418,2021-08-10,email4088@domain.it,2829,default,0
2204,2022-04-04,email9991@domain.it,3178,default,0
567,2022-03-03,email9080@domain.com,5189,forced,0
6679,2021-12-21,email5862@domain.com,724,automatic,0
764,2021-08-03,email36829@domain.com,2909,automatic,0
6948,2021-08-09,email13750@domain.com,303,default,0
340,2022-05-05,email6965@domain.com,2624,default,0
1554,2021-08-16,email11954@domain.com,1718,default,0
81,2021-10-17,email6886@domain.it,7432,default,0
5888,2021-08-07,email4677@domain.it,1009,default,0
9934,2021-11-09,email5609@domain.it,6655,default,0
9368,2022-03-26,email5743@domain.it,2242,forced,0
7795,2022-06-09,email29156@domain.com,6670,forced,0
1937,2021-11-10,email8671@domain.it,6873,default,0
5928,2022-03-08,email14597@domain.com,475,default,0
5709,2021-07-23,email12188@domain.it,851,default,0
9293,2022-03-14,email3947@domain.it,3131,default,0
2803,2021-11-10,email3939@domain.com,929,default,0
2280,2022-04-12,email19107@domain.uk,328,default,1
2156,2021-11-05,email20993@domain.com,503,automatic,0
1390,2021-07-28,email1208@domain.com,4023,automatic,0
9847,2021-11-20,email58212@domain.com,4955,default,1
7529,2022-04-09,email10254@domain.uk,6309,default,0
6834,2021-08-12,email3333@domain.it,8163,default,1
1855,2021-10-28,email32554@domain.com,6180,default,1
8711,2021-10-14,email4959@domain.it,1677,default,0
2736,2021-12-02,email12013@domain.it,7987,default,0
7735,2021-08-23,email19716@domain.com,5469,default,0
9669,2022-06-27,email10367@domain.uk,6917,automatic,0
4672,2022-06-23,email4200@domain.com,7572,default,0
5082,2022-02-03,email504@domain.es,3980,automatic,0
93,2021-10-26,email2936@domain.com,2869,automatic,0
8635,2021-10-06,email14411@domain.com,2569,default,0
3446,2022-01-17,email2545@domain.com,167,automatic,0
9253,2021-07-25,email2384@domain.it,5768,default,0
6643,2021-07-02,email1043@domain.uk,7988,forced,0
7307,2022-02-08,email17864@domain.it,2216,automatic,0
2916,2022-05-06,email4749@domain.es,3926,automatic,0
2412,2022-06-01,email6610@domain.it,3592,default,0
6288,2022-05-20,email18012@domain.it,2277,default,0
7230,2021-10-16,email19051@domain.uk,6216,automatic,0
1106,2022-06-27,email9915@domain.uk,2399,default,0
9145,2021-09-04,email2162@domain.com,8418,default,0
5355,2022-04-01,email10661@domain.uk,4850,automatic,0
9762,2021-09-14,email472@domain.it,443,default,0
3000,2021-11-10,email11126@domain.es,7407,default,0
8016,2021-11-04,email1611@domain.com,7537,default,0
2000,2021-10-25,email3313@domain.it,5843,forced,0
1886,2022-04-08,email9404@domain.com,5605,forced,1
7590,2021-07-23,email810@domain.it,2517,automatic,0
1003,2021-09-17,email9659@domain.uk,6791,forced,1
6110,2022-05-16,email9297@domain.it,8361,default,0
3115,2021-12-08,email1966@domain.es,5924,default,0
6039,2022-06-02,email14887@domain.com,4072,forced,0
5112,2022-05-19,email6629@domain.uk,4911,default,0
1414,2021-08-11,email862@domain.it,1375,default,0
4555,2022-04-06,email2980@domain.com,1000,default,0
7371,2021-12-15,email9976@domain.com,7425,default,0
2406,2021-07-26,email35453@domain.com,305,default,0
2263,2022-01-07,email297@domain.com,6157,default,0
7154,2021-11-08,email2652@domain.com,3561,default,0
6347,2021-08-17,email4368@domain.it,6865,default,0
8952,2021-07-01,email936@domain.it,6108,default,0
7692,2021-10-18,email39484@domain.com,6974,default,0
6392,2021-09-04,email7261@domain.uk,4573,default,0
6527,2021-10-23,email43051@domain.com,1104,automatic,0
8950,2021-08-15,email24788@domain.com,1586,default,0
4582,2022-04-06,email18939@domain.uk,407,automatic,0
3270,2021-11-30,email3091@domain.com,2097,default,0
3123,2022-06-29,email16386@domain.com,2735,default,0
2086,2021-11-28,email6219@domain.uk,6201,automatic,0
130,2021-08-03,email22653@domain.com,3894,default,0
1116,2021-09-09,email4015@domain.it,3747,default,0
7914,2021-10-20,email8413@domain.com,4000,automatic,0
2831,2022-02-20,email9969@domain.com,5279,default,1
1570,2021-10-11,email855@domain.uk,8274,automatic,0
3134,2021-08-21,email12016@domain.es,6462,automatic,0
2951,2021-10-06,email6513@domain.com,1213,automatic,0
8590,2021-09-04,email16229@domain.com,1114,automatic,0
4514,2022-05-12,email1064@domain.es,1724,default,0
2519,2021-12-01,email221@domain.it,1715,default,0
6332,2021-11-30,email13490@domain.com,3322,default,0
8239,2021-09-24,email9063@domain.com,3341,default,0
9890,2022-05-23,email6588@domain.uk,5352,default,1
2677,2022-03-02,email15161@domain.it,5871,automatic,0
5209,2021-12-07,email3134@domain.com,7696,forced,0
2257,2022-03-27,email30796@domain.com,4816,default,0
2404,2022-02-12,email13269@domain.uk,3588,default,1
3152,2022-01-26,email790@domain.uk,8412,default,0
7468,2022-05-02,email14545@domain.com,3304,default,0
4329,2022-01-13,email4416@domain.it,1003,automatic,0
4078,2022-04-08,email12106@domain.uk,2688,default,0
3316,2022-06-20,email170@domain.es,2960,default,0
2647,2021-12-31,email34798@domain.it,5138,automatic,0
418,2022-06-10,email7004@domain.uk,1193,default,0
8118,2021-12-10,email1544@domain.com,984,default,1
51,2022-03-16,email6298@domain.uk,2988,default,0
2691,2021-09-24,email10485@domain.com,212,default,0
7279,2022-02-12,email1388@domain.it,2290,default,0
8562,2021-11-10,email1471@domain.it,8078,default,0
668,2022-03-19,email10858@domain.es,1819,forced,1
8097,2021-08-01,email2424@domain.com,7480,automatic,0
6134,2021-08-01,email6955@domain.com,103,default,0
8249,2022-04-13,email1593@domain.uk,1840,default,0
6579,2021-10-05,email18850@domain.uk,3961,automatic,0
4652,2021-10-02,email411@domain.com,5891,automatic,0
5308,2021-12-21,email13291@domain.com,6866,default,1
1951,2022-05-19,email1910@domain.com,4692,forced,0
465,2021-12-21,email16838@domain.es,5890,forced,0
5153,2022-01-05,email2665@domain.uk,5862,default,0
8662,2022-01-22,email16168@domain.com,2330,default,0
7917,2021-10-20,email6242@domain.com,3507,default,0
7374,2021-10-29,email22838@domain.it,6516,default,0
4683,2021-11-24,email14960@domain.com,6880,default,0
9276,2022-02-26,email9144@domain.com,2387,default,0
8033,2021-07-04,email1504@domain.it,2904,default,0
9389,2022-04-22,email2164@domain.uk,5833,default,0
9977,2021-11-09,email9995@domain.it,2316,default,0
5924,2022-02-12,email4743@domain.com,527,default,0
701,2021-09-27,email10571@domain.es,7795,automatic,0
3642,2021-09-11,email1351@domain.it,4920,automatic,0
6890,2021-11-04,email5946@domain.it,2906,automatic,0
3294,2022-01-29,email32497@domain.com,1360,forced,0
5625,2021-08-08,email4218@domain.com,7925,default,0
3179,2022-05-07,email5468@domain.it,4783,default,0
1147,2022-02-26,email50224@domain.es,4191,default,0
2564,2021-11-14,email6947@domain.uk,1388,default,0
4058,2022-04-22,email37341@domain.uk,4644,default,0
5451,2022-05-24,email8508@domain.it,2297,automatic,0
1622,2021-07-27,email14533@domain.uk,2363,default,0
9721,2021-12-10,email5252@domain.com,8530,default,0
9071,2022-04-07,email9432@domain.it,1660,default,0
6022,2022-05-08,email199@domain.it,7284,automatic,0
7867,2021-09-11,email36934@domain.es,4353,default,0
4840,2021-07-27,email3336@domain.it,2069,default,0
454,2021-10-22,email15149@domain.uk,2761,forced,0
473,2021-08-16,email3937@domain.com,7177,default,0
732,2022-01-14,email83197@domain.uk,7268,default,0
7426,2022-03-10,email8759@domain.com,4485,automatic,0
552,2021-07-11,email11983@domain.es,234,default,0
3185,2022-04-27,email4166@domain.es,5442,automatic,0
2551,2021-09-11,email250@domain.com,753,default,0
9525,2022-05-31,email10061@domain.uk,4805,default,0
3459,2022-03-06,email7092@domain.es,5743,default,0
2810,2021-12-31,email914@domain.com,6711,default,0
168,2022-05-03,email2805@domain.com,2101,default,0
3125,2021-08-09,email1293@domain.com,1967,default,0
7545,2021-11-08,email38712@domain.com,6460,default,0
9571,2022-03-11,email1126@domain.uk,2660,default,0
7316,2021-08-12,email44@domain.com,7963,forced,0
1540,2022-01-06,email15671@domain.it,3239,automatic,0
3736,2022-05-31,email72@domain.com,2421,default,0
6770,2021-09-24,email1499@domain.it,7535,automatic,0
3098,2022-06-16,email3479@domain.it,1702,default,0
5583,2022-01-14,email27982@domain.com,2513,automatic,0
3536,2022-04-08,email12593@domain.it,76,automatic,0
4478,2022-04-04,email394@domain.uk,4868,default,0
1548,2022-02-09,email9040@domain.com,6339,default,0
6837,2021-09-01,email4443@domain.com,628,default,0
7621,2022-02-28,email28235@domain.it,3882,default,0
6640,2021-07-04,email3433@domain.es,3866,default,0
6650,2022-04-21,email14492@domain.it,8590,default,1
5838,2022-05-02,email8107@domain.uk,229,default,0
1969,2022-05-18,email5813@domain.it,1444,default,0
505,2022-01-08,email62233@domain.com,2919,default,0
1212,2021-08-15,email1706@domain.it,6440,default,0
661,2022-03-19,email9483@domain.com,6559,default,0
6177,2022-01-22,email7864@domain.es,4745,default,1
2880,2021-07-29,email8785@domain.com,3311,default,0
4634,2022-06-10,email500@domain.es,5409,default,0
5657,2021-12-24,email15650@domain.com,3050,default,0
5221,2021-11-26,email2237@domain.es,8364,default,0
296,2021-12-01,email7000@domain.com,5457,default,0
244,2021-08-09,email664@domain.it,4937,default,0
5241,2022-04-06,email24013@domain.com,6685,forced,0
4988,2021-08-22,email9209@domain.it,6665,automatic,0
6981,2021-10-13,email2934@domain.es,2874,default,0
2641,2021-07-25,email721@domain.uk,810,automatic,1
7342,2022-01-07,email4133@domain.com,6195,default,0
4234,2021-10-17,email3176@domain.it,1409,default,0
6554,2021-07-13,email30639@domain.com,5344,automatic,0
9072,2022-04-08,email6542@domain.it,1660,default,0
4467,2022-04-20,email5330@domain.com,3740,default,0
7639,2022-05-03,email37674@domain.com,5256,default,0
9391,2021-10-25,email5098@domain.com,4456,automatic,0
1966,2022-04-07,email12641@domain.it,965,default,0
7584,2022-04-18,email10319@domain.uk,8387,automatic,0
401,2022-04-14,email4284@domain.it,3128,default,0
8988,2022-04-24,email253@domain.it,8509,default,0
4421,2021-07-05,email23557@domain.uk,6909,default,0
132,2022-03-13,email15361@domain.it,2652,default,0
440,2021-12-11,email7187@domain.it,4362,default,0
6945,2022-01-10,email7509@domain.com,6734,default,0
4770,2021-09-02,email13459@domain.com,2518,automatic,0
34,2021-10-27,email11398@domain.com,4030,default,0
8057,2022-04-01,email36748@domain.es,1847,default,1
5361,2021-10-29,email395@domain.com,1656,default,0
4003,2022-03-01,email6608@domain.it,2197,default,0
710,2021-07-15,email339@domain.com,5413,default,0
5027,2022-01-12,email11398@domain.com,5604,default,0
7452,2021-07-18,email4565@domain.es,3630,default,1
2202,2021-11-18,email26218@domain.uk,1313,default,0
7764,2022-03-16,email687@domain.com,2766,default,0
577,2021-10-22,email1062@domain.it,8614,default,0
9119,2021-10-22,email2713@domain.com,5011,automatic,0
5312,2021-07-12,email32387@domain.uk,2848,forced,0
1169,2022-05-09,email7797@domain.uk,3687,default,1
5328,2022-06-01,email5351@domain.it,2133,default,0
8330,2021-12-04,email8204@domain.com,8221,automatic,0
8193,2022-01-13,email10860@domain.com,7345,default,0
5417,2021-11-04,email37071@domain.com,5952,default,0
4050,2022-04-04,email1590@domain.com,3872,default,0
9313,2022-04-10,email660@domain.it,2933,default,0
4635,2021-09-04,email17747@domain.es,4811,default,0
5941,2022-05-13,email4181@domain.com,611,automatic,0
1361,2021-07-25,email7940@domain.com,4845,automatic,0
6993,2021-12-25,email1978@domain.it,5068,default,0
9959,2022-05-23,email2746@domain.uk,512,default,0
8741,2022-05-04,email4087@domain.uk,2025,automatic,0
4012,2021-08-01,email16626@domain.com,1932,automatic,0
8996,2021-08-15,email26409@domain.com,2321,default,0
7031,2021-10-19,email14637@domain.es,8517,default,0
9018,2021-11-30,email112@domain.com,6943,default,1
8588,2022-05-06,email185@domain.com,1314,default,0
1642,2022-05-10,email20373@domain.it,2208,automatic,0
1750,2022-05-10,email4077@domain.es,1461,default,0
5207,2022-04-11,email44074@domain.com,1232,automatic,0
2911,2021-07-17,email3781@domain.it,3353,automatic,0
4855,2021-09-19,email14371@domain.es,1100,automatic,1
8904,2021-12-10,email3464@domain.com,5074,automatic,0
1636,2022-01-21,email1436@domain.uk,2809,default,0
8383,2021-07-17,email28748@domain.it,1693,default,1
9960,2021-07-16,email6777@domain.uk,3190,default,0
2225,2021-07-05,email37643@domain.uk,5841,default,0
7725,2021-10-31,email6298@domain.com,4500,forced,0
501,2021-10-26,email12475@domain.it,4478,default,0
447,2021-11-06,email4699@domain.it,7648,default,0
2794,2022-06-15,email16034@domain.com,1396,default,0
3431,2022-03-27,email8790@domain.it,3951,default,0
1857,2021-12-12,email17448@domain.com,5139,default,0
6350,2022-02-27,email14470@domain.uk,5079,default,0
2239,2022-02-04,email578@domain.uk,380,automatic,0
3013,2021-09-21,email16784@domain.com,1973,default,0
433,2022-03-04,email1100@domain.es,6061,automatic,1
3223,2022-04-30,email4136@domain.com,1750,default,0
8960,2021-08-09,email1047@domain.it,8150,default,1
9361,2021-09-05,email11302@domain.com,4398,default,0
3329,2022-06-01,email16389@domain.com,2691,default,0
3918,2021-11-02,email2995@domain.it,3264,forced,0
4565,2021-08-10,email8680@domain.com,1055,forced,0
4487,2021-11-06,email685@domain.com,6053,default,0
2860,2021-10-06,email5097@domain.com,5054,automatic,0
3108,2022-05-24,email15433@domain.com,2199,default,0
5117,2022-03-27,email4641@domain.it,991,default,0
1251,2021-09-03,email1041@domain.it,1665,automatic,0
8416,2022-04-17,email354@domain.com,11,automatic,0
2520,2021-11-30,email45283@domain.it,1715,default,0
8227,2022-02-20,email23649@domain.com,736,default,0
842,2022-06-09,email4722@domain.com,472,default,0
8461,2022-02-01,email2843@domain.com,5039,default,0
681,2022-05-11,email17212@domain.com,6323,default,0
3430,2022-03-27,email10551@domain.it,3951,automatic,0
1911,2021-11-21,email11027@domain.it,3282,automatic,0
7596,2021-09-06,email13755@domain.it,23,default,0
1410,2021-10-08,email16661@domain.com,7178,automatic,1
1266,2021-10-31,email63@domain.it,907,default,0
5147,2022-05-29,email13981@domain.com,451,default,0
4762,2021-07-07,email7121@domain.uk,7051,automatic,0
5987,2021-10-10,email39907@domain.uk,3660,automatic,0
2904,2021-09-30,email844@domain.it,4051,default,0
4357,2021-09-23,email9836@domain.com,3117,default,0
2723,2022-04-12,email9162@domain.uk,3614,default,0
3644,2022-06-03,email650@domain.es,3937,default,1
7770,2021-07-28,email4367@domain.com,6027,forced,0
1277,2022-03-05,email5931@domain.it,6132,default,0
1303,2021-07-19,email23956@domain.com,1784,automatic,1
6588,2021-10-07,email11953@domain.uk,2626,default,0
4205,2022-06-30,email6667@domain.it,4376,automatic,0
8524,2022-04-18,email6800@domain.com,1414,automatic,0
9506,2021-08-11,email14050@domain.com,6277,automatic,0
1041,2021-10-20,email22167@domain.com,3215,default,0
4783,2021-09-08,email8342@domain.com,2452,default,0
4191,2021-12-05,email17093@domain.uk,8248,default,0
6056,2022-01-29,email1157@domain.com,6448,default,0
3014,2022-01-18,email14044@domain.uk,3659,default,0
1000,2021-09-25,email2503@domain.com,4194,default,0
1877,2022-04-08,email5653@domain.uk,3383,default,0
1140,2022-06-10,email16416@domain.com,6993,automatic,0
8266,2021-12-29,email8306@domain.com,5492,forced,0
5659,2021-08-15,email39974@domain.com,1684,default,0
7557,2021-07-22,email2804@domain.com,5663,default,0
5591,2022-04-09,email13088@domain.it,442,default,0
4166,2021-11-11,email10122@domain.com,2520,default,0
5426,2022-05-08,email9574@domain.com,6606,default,0
8949,2021-08-15,email1767@domain.com,1586,default,0
2351,2022-05-15,email3504@domain.com,605,forced,0
8230,2021-11-05,email5538@domain.es,7266,automatic,0
3616,2021-10-11,email17873@domain.it,3108,default,0
7396,2022-05-08,email17604@domain.it,6314,default,0
7237,2021-11-05,email18166@domain.com,7346,automatic,0
5201,2022-03-20,email2292@domain.es,1781,default,0
2413,2022-03-04,email13036@domain.com,4551,forced,0
1138,2021-08-06,email11921@domain.it,2859,default,0
2146,2021-11-26,email14780@domain.it,8441,default,0
2054,2021-12-07,email15743@domain.com,7657,forced,0
5494,2022-01-14,email2205@domain.com,7814,forced,0
3018,2022-03-18,email6923@domain.com,5868,default,0
9496,2021-11-30,email232@domain.com,4770,default,1
799,2022-02-16,email12293@domain.com,7774,default,1
4152,2021-10-23,email8363@domain.it,6276,default,0
8743,2022-01-01,email13755@domain.it,4297,default,0
6901,2022-05-15,email2910@domain.com,2342,default,0
1452,2021-09-28,email7295@domain.it,5294,default,1
6019,2022-03-20,email5133@domain.com,7639,default,0
8308,2022-03-06,email31466@domain.uk,546,default,1
9268,2022-01-16,email21249@domain.it,4752,default,0
1306,2021-07-07,email6046@domain.com,1934,default,0
3293,2021-09-11,email1335@domain.es,6932,default,0
2134,2021-08-15,email12375@domain.es,2889,automatic,1
6006,2021-07-16,email17214@domain.com,1628,automatic,0
1139,2022-03-16,email2712@domain.es,5293,forced,0
2337,2021-11-21,email18099@domain.com,6640,forced,0
8307,2022-03-06,email4839@domain.uk,546,automatic,0
5324,2022-04-07,email2848@domain.com,3299,automatic,0
9372,2022-06-23,email660@domain.it,4364,default,0
6308,2021-11-21,email24140@domain.com,1662,default,0
1808,2021-12-09,email4915@domain.uk,7360,automatic,0
9477,2022-01-02,email8214@domain.uk,4520,default,1
2938,2022-02-12,email10979@domain.uk,7095,automatic,0
2544,2022-04-06,email7279@domain.com,7423,forced,0
6775,2021-10-31,email10290@domain.it,1905,default,0
1416,2022-02-18,email5037@domain.it,807,automatic,0
713,2021-11-04,email9928@domain.it,6164,default,0
1964,2021-09-11,email8456@domain.com,3854,forced,0
1445,2021-11-03,email732@domain.com,7390,default,0
9751,2022-01-14,email7173@domain.com,4830,default,0
1446,2021-07-23,email2464@domain.it,8154,default,1
9773,2021-10-21,email11796@domain.com,4674,forced,0
4458,2022-02-28,email25079@domain.com,2185,automatic,0
8818,2022-05-31,email582@domain.uk,2066,default,1
3626,2021-09-08,email1175@domain.com,1513,automatic,0
8237,2021-10-22,email2140@domain.com,770,default,0
9041,2022-04-19,email6099@domain.com,3649,default,0
530,2022-06-20,email128@domain.it,2487,default,1
9146,2021-10-28,email4542@domain.it,4443,default,0
9974,2022-01-23,email13042@domain.es,75,default,0
1834,2022-06-22,email3542@domain.it,5323,default,0
9874,2021-10-14,email18461@domain.uk,8432,automatic,0
4095,2021-08-22,email24224@domain.it,5041,automatic,0
67,2021-11-03,email8607@domain.it,7927,default,0
7104,2021-07-28,email4801@domain.com,1696,default,0
620,2021-07-13,email492@domain.it,528,default,0
6101,2021-09-21,email9296@domain.com,7770,default,0
5821,2021-08-05,email5559@domain.uk,5528,default,0
1950,2022-06-02,email3438@domain.com,4692,default,0
830,2021-10-31,email22470@domain.com,4848,default,0
5314,2021-11-24,email35086@domain.uk,8601,automatic,0
1544,2021-12-15,email6014@domain.com,7223,automatic,0
4505,2021-11-04,email981@domain.com,901,default,0
7107,2022-04-06,email6618@domain.uk,5123,default,0
9090,2022-06-08,email2962@domain.com,3072,default,0
8656,2022-01-02,email24796@domain.com,1218,automatic,0
3141,2021-09-22,email1927@domain.it,3695,automatic,0
5197,2022-05-20,email17328@domain.es,3020,default,0
2312,2021-10-03,email6583@domain.it,1576,default,0
8678,2022-04-11,email1725@domain.it,2611,automatic,1
7861,2022-06-05,email192@domain.uk,3433,automatic,0
3681,2022-04-09,email6283@domain.it,176,automatic,0
8681,2022-02-10,email4468@domain.es,4308,default,1
2178,2021-08-16,email29424@domain.uk,3153,automatic,1
996,2021-10-27,email301@domain.uk,5654,default,1
1733,2021-08-12,email11346@domain.com,7321,default,0
3594,2021-08-22,email11116@domain.it,4483,default,0
267,2022-04-14,email2284@domain.com,5376,forced,0
8501,2021-07-10,email29620@domain.com,1340,default,0
2845,2022-03-02,email6350@domain.es,6464,default,0
4001,2022-03-31,email14153@domain.it,4315,forced,0
6313,2021-11-27,email29074@domain.com,7943,automatic,0
6847,2022-03-08,email39104@domain.uk,717,automatic,0
889,2021-10-16,email22175@domain.com,4256,default,0
7088,2022-03-25,email6377@domain.es,7810,default,1
6496,2022-02-23,email889@domain.it,5804,default,0
7588,2021-12-03,email5198@domain.it,5359,default,0
1735,2022-04-13,email4886@domain.com,2870,default,0
1585,2021-09-23,email4135@domain.it,1890,default,0
3455,2022-06-03,email4448@domain.com,6544,automatic,0
885,2021-09-01,email5888@domain.com,2785,default,0
2022,2022-04-04,email1802@domain.uk,3393,default,0
4361,2022-03-13,email8984@domain.com,8370,default,0
2275,2021-07-01,email7989@domain.es,7965,default,0
6630,2022-05-09,email33169@domain.it,5547,default,0
7697,2022-01-06,email1870@domain.com,6597,default,0
2971,2021-10-04,email465@domain.es,1994,default,0
3449,2022-04-30,email1952@domain.es,3595,automatic,0
383,2022-04-07,email3515@domain.it,1786,default,0
7700,2022-04-11,email6444@domain.com,6698,default,0
6798,2022-03-03,email2757@domain.com,2291,default,0
9553,2021-07-22,email82@domain.it,3763,default,0
8056,2021-12-19,email753@domain.it,200,default,0
9371,2021-10-23,email19261@domain.es,4694,default,0
8885,2021-09-09,email2934@domain.it,3095,automatic,0
8601,2022-01-08,email1139@domain.it,763,forced,1
434,2021-10-06,email12833@domain.it,3021,default,0
1547,2021-08-21,email5643@domain.com,2044,automatic,0
9204,2021-12-04,email13182@domain.com,5968,default,1
7254,2021-10-06,email8143@domain.it,7417,default,0
8602,2022-01-09,email3240@domain.com,8469,default,0
484,2021-11-03,email36759@domain.com,6452,automatic,0
3651,2022-04-06,email17368@domain.it,1166,default,1
4944,2021-10-15,email44308@domain.com,3484,default,1
6902,2021-07-12,email2274@domain.it,3658,default,0
6470,2021-07-16,email27619@domain.com,6921,default,0
744,2022-05-31,email7491@domain.it,5083,default,1
6406,2022-03-24,email5596@domain.uk,110,automatic,0
8157,2021-12-13,email1474@domain.uk,7606,default,0
5527,2021-11-26,email6998@domain.es,2717,default,0
5413,2022-04-08,email10341@domain.es,2917,forced,0
6460,2021-07-17,email14172@domain.it,5195,default,0
2785,2022-02-03,email16060@domain.it,34,default,0
580,2021-09-02,email6214@domain.com,458,default,0
6541,2021-10-11,email15910@domain.com,2571,default,0
7401,2021-11-13,email1389@domain.it,6184,default,0
1618,2021-10-25,email12183@domain.com,1321,default,0
6072,2021-11-04,email909@domain.es,8413,default,0
2399,2021-12-04,email5517@domain.it,7981,default,0
7344,2021-12-15,email1732@domain.uk,6822,default,0
4915,2022-06-04,email7517@domain.com,231,automatic,1
7938,2021-07-16,email27622@domain.es,8386,default,0
9232,2022-03-29,email7821@domain.es,675,default,0
1168,2022-05-21,email2920@domain.es,3997,default,0
7652,2022-02-22,email24747@domain.com,1228,automatic,0
6027,2021-10-26,email17544@domain.com,2009,default,0
6595,2022-06-24,email4689@domain.com,7270,automatic,0
9500,2021-11-22,email7633@domain.com,4352,default,0
1241,2022-06-04,email4555@domain.com,7942,default,0
140,2021-09-06,email11897@domain.es,7400,default,0
8346,2022-04-06,email2508@domain.uk,1676,default,0
9799,2021-11-11,email20038@domain.it,7323,automatic,0
8084,2022-06-04,email29847@domain.es,1969,default,0
5475,2022-04-21,email3333@domain.uk,6020,automatic,0
4769,2021-07-29,email438@domain.com,438,default,0
716,2021-11-04,email7447@domain.it,8085,default,0
7117,2022-05-11,email3658@domain.es,4429,default,0
1062,2022-01-29,email6211@domain.com,5947,automatic,0
9579,2021-08-11,email4304@domain.uk,3975,default,0
7190,2021-10-08,email1636@domain.it,245,default,0
3753,2021-07-14,email10003@domain.it,706,default,0
2864,2022-05-20,email104@domain.it,5306,default,0
8722,2021-09-29,email1890@domain.uk,7248,default,0
6655,2022-05-10,email7681@domain.es,1588,default,0
3454,2022-05-15,email1821@domain.it,4467,automatic,0
2599,2021-11-10,email14476@domain.it,5523,default,0
3874,2022-03-27,email21361@domain.it,64,default,1
5486,2022-06-27,email1327@domain.it,7479,automatic,0
827,2022-03-20,email23501@domain.uk,1887,default,0
7137,2022-06-08,email3049@domain.it,1481,default,0
4649,2021-09-18,email6552@domain.com,270,automatic,0
6790,2021-09-01,email8001@domain.it,1900,automatic,0
2558,2021-07-09,email773@domain.com,1341,default,1
1170,2021-08-03,email4022@domain.es,7540,default,0
4403,2022-04-04,email5288@domain.it,741,default,0
9178,2022-05-11,email11125@domain.com,6321,automatic,0
8699,2022-01-21,email13771@domain.uk,2416,default,0
6210,2022-02-27,email37549@domain.es,3099,default,0
2416,2021-09-29,email5723@domain.uk,1475,default,0
426,2021-09-10,email4821@domain.com,7396,automatic,0
6774,2022-01-09,email24@domain.it,1732,default,1
6104,2021-09-01,email14765@domain.it,8438,default,0
6583,2021-10-26,email270@domain.com,3280,default,0
4313,2021-10-29,email3555@domain.com,7711,automatic,0
707,2021-11-15,email2388@domain.com,2364,default,0
5594,2021-07-22,email31439@domain.it,7149,forced,0
214,2021-11-26,email5513@domain.it,5062,default,0
9464,2021-07-06,email10009@domain.com,7929,default,0
3541,2022-01-07,email5331@domain.com,7742,forced,0
4372,2022-03-23,email65354@domain.es,6587,automatic,0
7264,2021-09-09,email2861@domain.es,302,default,0
8413,2022-03-01,email1482@domain.uk,6615,default,0
910,2022-01-15,email21014@domain.it,1747,default,0
212,2022-01-14,email78@domain.com,465,forced,0
9690,2022-04-06,email4405@domain.it,4716,automatic,0
1676,2022-01-23,email6795@domain.it,109,default,0
3665,2022-04-06,email9084@domain.it,640,automatic,1
4543,2022-04-08,email9681@domain.it,2507,default,0
9616,2022-06-07,email4151@domain.com,7368,default,0
6887,2021-07-19,email10237@domain.es,7769,default,0
3080,2021-07-13,email64466@domain.it,5000,default,0
9513,2022-05-17,email20673@domain.it,8036,automatic,0
3924,2021-07-12,email1679@domain.com,733,default,0
7440,2022-02-25,email26372@domain.it,5953,default,0
8439,2022-06-06,email32176@domain.com,1707,default,0
1833,2022-06-30,email36498@domain.it,3689,automatic,1
4501,2022-06-05,email938@domain.it,3840,default,0
5836,2022-05-17,email1638@domain.it,3477,default,0
1745,2021-11-22,email6073@domain.it,643,default,1
3344,2021-10-15,email30625@domain.es,2550,default,0
930,2021-07-19,email7422@domain.com,6579,automatic,0
9382,2022-02-07,email2101@domain.com,8305,automatic,1
6725,2021-09-10,email45538@domain.com,3283,default,1
5014,2021-07-25,email3408@domain.it,7680,automatic,0
8906,2022-04-01,email27037@domain.uk,490,default,0
3798,2021-12-29,email24714@domain.com,3913,automatic,0
3913,2022-04-30,email5622@domain.com,678,automatic,1
6388,2021-07-25,email18903@domain.it,6068,default,0
3219,2021-08-09,email3461@domain.it,7858,default,0
6715,2022-01-30,email21182@domain.uk,1365,default,0
8736,2022-05-19,email93@domain.uk,949,automatic,0
1762,2021-11-25,email32994@domain.it,5097,default,0
6481,2021-12-24,email9639@domain.uk,2203,automatic,1
9612,2021-11-20,email9011@domain.es,8110,forced,0
5492,2021-10-08,email8031@domain.com,1692,default,1
8888,2022-01-25,email5265@domain.it,2067,default,1
7523,2021-11-07,email106@domain.com,2092,default,1
5947,2022-04-01,email626@domain.uk,1482,default,0
9709,2022-05-08,email9265@domain.com,3837,default,0
7614,2021-07-18,email5962@domain.it,3824,default,0
5190,2022-04-25,email1671@domain.it,8585,default,0
2283,2022-04-08,email6731@domain.es,3139,default,0
8008,2021-07-11,email4187@domain.it,2993,default,0
3624,2022-02-14,email12455@domain.it,818,automatic,0
2725,2021-10-05,email20324@domain.it,855,default,0
8192,2022-01-26,email4163@domain.com,1245,forced,1
4081,2022-01-15,email3885@domain.it,379,default,0
2282,2021-08-05,email15462@domain.com,6673,default,0
9363,2022-04-06,email12130@domain.com,3135,automatic,0
3741,2022-01-08,email4447@domain.it,4341,default,0
8302,2022-03-14,email12742@domain.com,5941,automatic,0
6322,2021-08-25,email6294@domain.it,556,default,0
9359,2021-08-02,email4384@domain.com,4398,default,0
2446,2021-11-04,email20638@domain.uk,2294,default,0
4452,2022-02-06,email3926@domain.com,894,default,0
4802,2021-10-29,email12113@domain.com,3531,default,0
9967,2022-06-29,email3727@domain.it,522,default,0
3463,2022-04-24,email6341@domain.com,1295,default,0
1007,2022-01-06,email11794@domain.it,5326,automatic,1
1711,2021-11-25,email3650@domain.com,8065,default,0
6352,2021-10-13,email4882@domain.com,275,default,0
4835,2021-11-24,email2262@domain.es,2654,default,0
96,2021-09-17,email279@domain.es,4320,default,0
3248,2022-01-21,email3440@domain.uk,5637,default,0
6382,2021-08-24,email18285@domain.com,2578,default,0
9009,2022-01-27,email18819@domain.es,8288,default,0
8135,2022-02-28,email20246@domain.it,6852,default,0
7976,2021-08-04,email11820@domain.it,6937,forced,0
215,2022-01-08,email5838@domain.uk,8280,forced,1
7526,2021-09-08,email6366@domain.it,3259,default,0
1807,2021-10-01,email11191@domain.it,1062,forced,0
4314,2022-01-30,email853@domain.com,5689,default,0
5225,2021-09-02,email3581@domain.com,7195,default,0
1496,2021-10-09,email1774@domain.it,2053,default,0
2896,2022-06-20,email1872@domain.com,6859,default,1
2617,2022-06-12,email9100@domain.com,7547,forced,0
9770,2021-11-12,email5111@domain.com,8318,default,0
1314,2021-09-08,email2347@domain.uk,152,default,0
817,2022-01-12,email9083@domain.it,3122,default,0
1607,2021-10-20,email6547@domain.com,5534,default,0
6618,2021-10-21,email21931@domain.es,8034,automatic,0
179,2022-04-09,email1740@domain.uk,3848,default,0
438,2022-02-24,email6425@domain.com,2838,default,0
7128,2022-05-01,email2862@domain.com,4640,default,0
4096,2021-08-22,email12327@domain.it,5041,automatic,0
522,2022-03-16,email5152@domain.com,6938,forced,0
5325,2021-11-30,email10020@domain.es,2851,default,0
8088,2021-08-17,email6959@domain.es,5844,default,0
8099,2021-10-25,email813@domain.it,1182,default,0
3474,2022-04-08,email8846@domain.com,2099,default,0
6932,2022-02-11,email9380@domain.com,2603,automatic,0
2719,2022-03-27,email6454@domain.es,6949,automatic,1
3749,2021-12-31,email11306@domain.com,105,default,0
4700,2022-05-09,email1456@domain.es,2586,default,0
6413,2022-01-18,email8019@domain.it,6079,default,0
8254,2021-08-16,email1502@domain.com,1383,default,0
4983,2021-11-30,email3132@domain.uk,436,forced,0
5789,2022-01-23,email8145@domain.it,1096,automatic,0
8282,2021-08-15,email7803@domain.it,5038,default,0
1195,2022-05-05,email8961@domain.com,2100,default,0
8470,2022-06-03,email7386@domain.com,5733,default,0
5513,2021-10-27,email13914@domain.it,493,default,0
7883,2021-11-04,email9522@domain.it,2882,automatic,0
5346,2022-04-04,email28843@domain.it,6591,forced,0
5876,2022-02-28,email2645@domain.uk,8270,default,0
5206,2021-08-03,email31241@domain.com,1126,default,0
7010,2021-11-24,email308@domain.uk,7776,default,0
1816,2022-06-01,email1201@domain.es,3958,default,1
1455,2021-07-07,email18134@domain.com,4570,default,0
727,2022-04-30,email3239@domain.com,8395,default,0
7708,2021-12-31,email1335@domain.it,5260,default,0
3255,2021-07-18,email256@domain.it,4786,automatic,0
5473,2022-02-05,email10480@domain.es,274,automatic,0
5862,2022-03-02,email10271@domain.es,3421,forced,0
7301,2022-06-23,email2583@domain.uk,5572,default,1
5739,2022-03-06,email4803@domain.uk,1874,default,0
3161,2022-01-10,email13759@domain.it,8659,default,0
7141,2022-01-03,email622@domain.com,6306,automatic,0
5450,2021-07-27,email2086@domain.com,6525,automatic,0
1851,2021-07-31,email11868@domain.it,4981,forced,1
8549,2022-03-03,email1806@domain.com,98,default,0
7234,2022-03-02,email5711@domain.com,3900,default,0
8322,2021-07-29,email5474@domain.it,7916,default,0
7327,2021-12-15,email1688@domain.uk,8099,default,0
3989,2022-04-18,email21016@domain.uk,7245,automatic,0
9659,2022-04-18,email3583@domain.com,6871,default,0
1606,2022-04-06,email2036@domain.it,7221,default,1
4630,2022-05-12,email6809@domain.it,3092,default,0
665,2021-07-12,email31237@domain.es,1523,default,0
1885,2022-04-08,email1457@domain.com,5605,default,0
7212,2021-09-14,email840@domain.it,5690,default,0
4327,2021-11-19,email2652@domain.es,8568,automatic,0
4195,2022-05-23,email1148@domain.uk,7817,default,1
7084,2021-12-29,email17303@domain.com,6589,default,0
3392,2022-05-13,email3237@domain.com,968,default,0
4675,2022-06-21,email12309@domain.com,8054,default,0
4397,2022-04-02,email1413@domain.es,8252,default,0
386,2021-11-24,email1503@domain.com,6320,default,0
9602,2021-09-28,email6835@domain.it,4713,default,0
6279,2021-09-08,email7840@domain.com,14,default,0
3668,2021-11-17,email3765@domain.com,3538,default,0
5684,2021-10-26,email23481@domain.com,1883,forced,0
892,2021-08-12,email15195@domain.es,3503,default,0
3588,2021-10-17,email1228@domain.com,2121,default,0
7696,2021-09-05,email6070@domain.es,5121,default,0
4656,2022-06-09,email48294@domain.es,896,default,0
6705,2021-07-11,email1268@domain.uk,3227,default,0
591,2021-11-05,email1373@domain.com,5980,forced,1
2999,2022-01-03,email1799@domain.com,2148,default,0
4556,2021-08-15,email699@domain.com,1478,automatic,0
8945,2021-12-22,email906@domain.com,1743,default,0
1684,2021-09-24,email12225@domain.com,3996,default,1
221,2021-12-18,email10028@domain.uk,7941,automatic,0
7407,2022-02-11,email9366@domain.com,1077,automatic,0
6669,2022-02-10,email9042@domain.uk,3822,default,0
175,2021-12-03,email1087@domain.it,1492,default,0
9905,2021-11-27,email10622@domain.es,4098,forced,0
7295,2021-09-19,email5995@domain.com,7398,automatic,1
2281,2021-11-27,email1863@domain.it,8320,default,0
3007,2021-10-22,email5794@domain.uk,5854,automatic,0
5543,2021-10-31,email6344@domain.it,1387,default,0
310,2021-09-11,email8616@domain.com,2288,default,0
8294,2021-07-15,email41804@domain.it,4122,default,0
8435,2022-04-24,email3936@domain.uk,7484,default,0
4842,2021-11-17,email7735@domain.it,2376,default,0
6105,2021-12-28,email6478@domain.it,1910,automatic,0
1342,2021-10-24,email14711@domain.it,1066,forced,0
8493,2021-10-16,email3629@domain.uk,5077,default,0
9245,2022-06-06,email13284@domain.it,1180,automatic,1
7703,2022-02-21,email3982@domain.es,5163,default,0
4256,2021-11-18,email14622@domain.it,3308,default,0
9163,2021-12-28,email2601@domain.it,3462,default,0
2937,2022-05-19,email503@domain.com,5380,default,0
2089,2021-12-25,email6915@domain.com,4134,default,1
2623,2021-08-08,email17816@domain.it,615,automatic,0
6818,2021-09-22,email15568@domain.com,5884,automatic,0
8011,2021-12-23,email618@domain.it,5397,default,0
2267,2022-04-08,email2056@domain.com,4167,forced,1
5864,2021-08-31,email7512@domain.it,1490,forced,0
1171,2021-12-18,email18498@domain.com,3300,automatic,0
2804,2021-07-31,email42@domain.it,7836,automatic,0
5321,2021-08-18,email4931@domain.com,3511,default,0
558,2021-09-09,email23758@domain.com,2320,default,0
639,2022-06-18,email8719@domain.it,57,automatic,0
85,2021-12-28,email1519@domain.es,134,default,0
3078,2021-10-14,email19095@domain.com,4904,default,0
4307,2022-05-22,email6930@domain.com,5137,default,0
432,2021-12-15,email258@domain.it,6770,default,0
6031,2022-05-25,email10505@domain.it,159,default,0
7157,2021-08-01,email6042@domain.it,2284,forced,1
3450,2022-05-22,email3447@domain.com,5070,default,1
1561,2022-01-06,email42409@domain.it,7861,forced,0
9013,2022-06-22,email1772@domain.es,6951,default,0
3822,2021-08-08,email12225@domain.uk,1733,automatic,0
816,2022-01-13,email11839@domain.it,3122,default,0
8065,2021-09-09,email3779@domain.uk,7854,forced,0
5461,2021-07-14,email12489@domain.com,5623,default,1
9333,2021-10-07,email618@domain.it,6939,automatic,0
2818,2022-04-18,email11865@domain.com,1372,default,0
8763,2022-03-31,email3385@domain.it,5599,default,0
9417,2021-09-12,email14512@domain.it,6583,default,0
9,2022-03-06,email3684@domain.es,455,default,0
7613,2021-11-21,email31208@domain.com,331,automatic,0
3197,2022-05-22,email10790@domain.com,7442,default,0
7857,2022-01-07,email12447@domain.com,564,default,0
9954,2022-04-15,email8151@domain.com,7904,automatic,0
2855,2021-08-15,email407@domain.it,6400,default,0
5187,2021-08-18,email1570@domain.com,7595,automatic,1
9569,2022-04-08,email7656@domain.it,2467,default,0
4249,2021-10-01,email13456@domain.uk,6828,automatic,0
1043,2021-09-12,email29790@domain.it,3475,automatic,0
6028,2021-08-10,email3288@domain.it,7565,default,1
400,2021-12-10,email4090@domain.com,5156,default,0
9630,2022-04-11,email6077@domain.it,502,default,1
1520,2021-09-16,email965@domain.com,7997,forced,0
602,2022-01-27,email4940@domain.com,4310,forced,0
6975,2021-07-02,email3695@domain.com,5317,default,0
5476,2021-09-22,email8236@domain.com,6247,default,0
888,2021-10-26,email21257@domain.com,1292,forced,0
1692,2022-03-29,email14787@domain.com,3604,default,0
3848,2021-12-23,email11784@domain.es,7570,default,0
935,2021-12-10,email16679@domain.com,2232,default,0
2332,2021-09-10,email37503@domain.uk,2749,default,0
3043,2022-01-30,email23348@domain.com,7691,automatic,0
7565,2021-07-09,email9595@domain.com,6259,default,0
628,2022-01-30,email4399@domain.com,233,automatic,0
4716,2021-08-08,email3597@domain.it,3799,default,0
3021,2022-05-25,email3591@domain.com,3460,default,0
3520,2021-08-04,email7946@domain.com,4665,automatic,0
3527,2021-08-12,email2054@domain.it,8414,forced,0
1769,2022-03-01,email1846@domain.it,878,default,0
3675,2022-04-21,email9202@domain.it,4405,default,1
2306,2021-10-17,email2136@domain.it,1221,default,0
330,2022-06-19,email7545@domain.com,3459,default,1
8127,2021-10-24,email5810@domain.com,5036,automatic,0
4387,2021-10-02,email48780@domain.it,3977,default,0
6071,2022-02-24,email1256@domain.uk,6107,default,0
4225,2021-11-04,email9830@domain.com,4675,default,0
98,2022-04-07,email566@domain.com,1169,default,0
5318,2021-08-22,email705@domain.es,3739,default,0
4110,2022-01-07,email8300@domain.it,6754,default,0
1921,2022-04-06,email19635@domain.com,84,default,1
9298,2021-11-27,email12470@domain.it,4689,default,0
2456,2021-11-27,email1819@domain.uk,6788,default,0
8092,2021-10-28,email16291@domain.com,3420,default,0
9303,2021-09-08,email1251@domain.it,1581,default,0
3029,2021-09-22,email9117@domain.com,3944,default,1
6654,2022-04-25,email4123@domain.es,1588,default,0
5003,2022-04-08,email3507@domain.com,3636,default,0
5536,2021-10-29,email22633@domain.it,757,default,0
2618,2022-04-19,email38463@domain.com,7862,default,0
4999,2021-10-28,email11586@domain.com,4550,automatic,0
3814,2022-04-11,email9097@domain.com,1472,default,0
2322,2021-09-11,email17554@domain.com,4556,default,0
7054,2021-11-06,email13498@domain.it,1276,default,0
482,2021-10-19,email1236@domain.es,1154,default,0
3601,2022-01-28,email16367@domain.com,2327,automatic,0
273,2022-03-07,email3165@domain.it,3066,automatic,0
645,2021-12-18,email10463@domain.com,1459,default,0
5943,2022-01-19,email1150@domain.it,7259,default,0
9808,2021-09-09,email3754@domain.it,5002,automatic,0
4373,2021-10-10,email1560@domain.it,5983,automatic,0
4376,2021-11-14,email36768@domain.com,7655,default,0
9900,2021-09-30,email23481@domain.com,5082,automatic,0
8806,2022-01-17,email9849@domain.it,7843,default,0
7924,2021-08-09,email17040@domain.it,811,default,0
1399,2021-11-26,email17031@domain.com,1181,default,0
5505,2021-11-02,email33381@domain.it,2801,automatic,0
2575,2022-04-19,email25571@domain.com,1683,default,0
7873,2021-11-15,email18505@domain.com,8255,default,0
1863,2021-10-06,email3421@domain.it,2744,default,0
5999,2021-10-01,email8272@domain.com,246,default,0
9566,2022-04-09,email12129@domain.es,1075,default,0
8478,2021-08-22,email23167@domain.it,2903,automatic,0
4033,2021-11-03,email3813@domain.com,4967,default,0
1200,2021-10-21,email5551@domain.it,7322,forced,0
7055,2021-12-08,email57513@domain.com,1237,automatic,0
2062,2022-03-03,email826@domain.it,4814,automatic,0
1439,2021-12-23,email7356@domain.com,7267,default,0
7299,2021-10-22,email22280@domain.com,4760,default,0
8370,2021-11-14,email10174@domain.uk,3285,automatic,0
8809,2021-07-21,email42775@domain.com,1765,default,1
6536,2021-09-22,email11866@domain.com,7124,default,0
414,2021-11-03,email9503@domain.it,1269,forced,0
4474,2021-08-05,email11309@domain.it,6356,default,0
6652,2021-07-16,email3675@domain.com,4085,automatic,0
1641,2022-05-11,email14313@domain.it,2208,default,0
191,2021-11-12,email12407@domain.it,429,default,0
4500,2022-01-05,email4298@domain.uk,6563,default,0
3986,2022-05-06,email2536@domain.uk,7410,automatic,0
3935,2022-06-06,email2072@domain.it,539,automatic,0
7923,2022-06-22,email4113@domain.uk,787,default,0
485,2022-03-14,email1192@domain.it,3323,forced,0
2209,2021-09-15,email5645@domain.com,2249,default,0
7103,2022-04-25,email3149@domain.com,6833,default,0
700,2021-08-23,email6930@domain.uk,5932,automatic,0
4284,2022-03-01,email12492@domain.uk,1133,default,0
2158,2021-08-17,email7610@domain.com,2511,automatic,0
7102,2022-01-17,email11945@domain.es,4043,default,0
7089,2021-11-15,email1702@domain.it,2028,automatic,1
7922,2021-11-14,email2463@domain.uk,2949,default,0
4712,2022-03-06,email8517@domain.com,6463,default,0
1318,2021-12-18,email11563@domain.uk,6634,default,0
834,2021-09-12,email12862@domain.com,970,automatic,0
2162,2022-01-30,email14906@domain.it,8633,default,0
9485,2022-05-18,email2766@domain.it,5946,automatic,0
2893,2022-02-02,email30400@domain.uk,296,default,0
345,2022-05-19,email15085@domain.uk,1310,default,0
857,2022-04-07,email23551@domain.it,5971,default,0
1920,2021-12-11,email23012@domain.it,4743,default,0
7152,2022-05-13,email13817@domain.it,6328,default,0
7296,2021-07-16,email804@domain.com,5632,default,0
7178,2022-03-20,email2163@domain.com,2482,default,0
4705,2021-07-11,email2160@domain.it,7477,automatic,1
6193,2021-10-12,email1676@domain.it,6936,default,1
8705,2022-06-15,email1721@domain.it,3278,default,0
6543,2022-03-07,email2569@domain.com,4686,default,0
8882,2022-01-19,email11348@domain.com,370,default,0
1912,2021-08-06,email12884@domain.com,1950,default,0
9776,2022-01-17,email1538@domain.it,8296,default,0
7090,2022-01-07,email4811@domain.it,7507,default,0
9920,2021-08-02,email480@domain.es,3825,automatic,0
6289,2022-03-24,email28109@domain.com,2645,default,0
7147,2021-07-06,email19736@domain.com,809,default,0
4054,2022-04-22,email6526@domain.it,5364,automatic,0
6016,2022-06-03,email4609@domain.com,7771,default,0
6020,2022-01-29,email10429@domain.com,2073,default,0
750,2021-12-18,email1622@domain.com,431,automatic,0
4215,2021-12-10,email46235@domain.uk,1779,default,0
1493,2021-11-04,email5640@domain.com,910,automatic,0
6231,2022-04-19,email3279@domain.it,2057,forced,0
4060,2022-04-22,email25160@domain.uk,4644,default,0
9022,2022-03-21,email6556@domain.it,40,forced,0
7159,2021-07-25,email21566@domain.com,6373,default,0
9993,2022-05-24,email13526@domain.com,1054,default,0
6199,2021-11-27,email7759@domain.com,6875,default,0
8998,2021-11-19,email14741@domain.com,7458,default,0
170,2021-12-05,email30@domain.uk,1954,default,0
5368,2021-08-08,email6666@domain.it,5334,default,0
3795,2022-04-08,email18717@domain.es,5683,default,0
59,2021-09-29,email1892@domain.com,3443,automatic,0
1623,2021-09-30,email17581@domain.es,2711,default,1
2019,2021-09-14,email1839@domain.it,1247,automatic,0
960,2022-02-05,email357@domain.it,3026,default,0
4237,2021-10-24,email31679@domain.it,1409,default,0
4445,2021-10-06,email19361@domain.it,5348,default,0
5715,2021-10-26,email2485@domain.com,6900,forced,1
877,2022-03-18,email3596@domain.uk,7720,default,0
9593,2022-01-23,email997@domain.es,494,default,0
7835,2021-09-16,email15255@domain.it,5661,default,0
8554,2022-04-29,email949@domain.com,8023,forced,0
7567,2021-12-17,email17121@domain.com,7108,default,0
6711,2022-03-12,email4809@domain.it,7262,default,0
5418,2022-01-23,email5212@domain.it,3329,default,0
408,2021-08-27,email7125@domain.com,4828,default,0
3896,2021-08-31,email19533@domain.it,332,automatic,0
1067,2021-08-02,email176@domain.uk,4106,default,0
6518,2022-03-01,email23531@domain.com,211,default,0
946,2022-06-05,email992@domain.com,8139,default,0
3758,2022-01-29,email1553@domain.uk,4540,default,1
1679,2021-11-30,email11401@domain.es,7057,default,0
4104,2021-08-01,email4916@domain.com,491,default,0
544,2022-01-27,email23082@domain.it,8161,default,0
9024,2021-11-11,email2179@domain.com,3346,default,1
3494,2021-11-13,email237@domain.com,2059,default,0
255,2021-08-19,email3964@domain.it,7219,default,0
4093,2021-08-09,email16297@domain.es,5098,default,0
325,2022-01-28,email14198@domain.uk,8674,default,0
6689,2022-02-11,email7272@domain.it,7620,default,0
5844,2022-02-03,email5367@domain.com,286,default,1
8622,2021-11-06,email947@domain.com,7548,default,0
3897,2021-08-31,email2543@domain.it,332,default,0
4438,2022-03-25,email15932@domain.com,3892,forced,0
3308,2021-08-03,email1918@domain.com,6564,automatic,0
9316,2021-12-02,email12129@domain.it,6982,default,0
9645,2022-04-08,email31168@domain.com,2477,default,0
4616,2022-05-12,email14017@domain.com,2072,automatic,0
3524,2021-12-29,email7305@domain.it,3622,default,0
7140,2021-08-11,email4859@domain.it,8491,default,0
266,2021-08-12,email9156@domain.es,3829,default,0
6998,2021-10-01,email647@domain.uk,4935,automatic,0
4154,2022-04-08,email7564@domain.it,4118,automatic,0
3425,2021-10-05,email3785@domain.com,5567,default,0
3424,2021-10-06,email4589@domain.com,5567,automatic,0
6540,2021-10-16,email6582@domain.com,2571,default,0
2450,2021-10-10,email40025@domain.it,5846,default,0
9851,2022-03-06,email9062@domain.com,7971,default,0
4486,2021-11-06,email7856@domain.it,684,default,1
2898,2022-03-06,email2455@domain.es,3293,default,1
1031,2021-09-10,email36587@domain.es,6278,default,0
5125,2021-09-25,email15103@domain.es,2795,automatic,0
9414,2021-09-05,email14232@domain.it,6620,default,0
6033,2021-11-18,email45856@domain.uk,2822,automatic,0
4589,2021-08-21,email44017@domain.es,2286,default,0
413,2022-05-03,email7876@domain.com,6594,default,0
7214,2021-07-12,email39121@domain.it,6055,default,0
6191,2022-02-13,email15084@domain.com,3712,forced,0
653,2022-01-25,email14736@domain.it,1773,default,0
2873,2022-05-01,email35610@domain.uk,3064,default,0
9425,2021-10-03,email8336@domain.com,5800,automatic,0
9886,2022-01-29,email12999@domain.it,3152,default,0
5090,2022-06-05,email23168@domain.uk,6329,default,0
8186,2021-09-30,email527@domain.it,4293,default,0
6803,2022-05-28,email7261@domain.it,5427,forced,0
1107,2021-12-01,email16071@domain.it,8327,automatic,0
7987,2021-07-18,email12569@domain.com,4506,default,0
7163,2021-08-10,email8776@domain.com,1275,default,0
7840,2021-12-31,email7624@domain.com,339,default,1
463,2022-02-04,email5706@domain.it,2623,automatic,0
4992,2021-11-30,email8178@domain.com,2886,default,0
3423,2021-07-07,email14639@domain.com,2753,automatic,0
3437,2021-11-12,email18061@domain.it,8275,automatic,0
9457,2021-11-10,email1267@domain.com,8094,default,0
220,2022-06-03,email32339@domain.uk,3493,default,1
9813,2022-01-27,email2433@domain.uk,3616,automatic,0
4227,2021-10-28,email12238@domain.com,4675,default,0
2781,2022-05-13,email10469@domain.it,8107,default,0
2569,2021-08-19,email18287@domain.it,2240,default,0
1674,2022-06-10,email7344@domain.it,6512,default,0
7538,2021-08-05,email1536@domain.com,3089,automatic,1
2504,2021-08-01,email2106@domain.com,4107,default,1
5338,2021-09-30,email9560@domain.it,4963,automatic,0
5156,2021-11-15,email2773@domain.es,2348,default,0
8051,2021-08-12,email26942@domain.it,4881,automatic,0
7918,2021-09-03,email1360@domain.com,141,default,0
4923,2021-11-05,email5785@domain.it,5157,default,0
4053,2021-08-26,email1416@domain.com,17,automatic,0
5985,2022-01-19,email31582@domain.com,3017,default,0
922,2022-05-15,email2570@domain.es,7541,forced,0
8807,2022-04-06,email7911@domain.com,6101,default,0
2085,2021-07-21,email14139@domain.com,2004,default,0
3265,2022-06-20,email6867@domain.com,7489,forced,0
1724,2022-06-30,email6802@domain.com,5073,default,1
1874,2022-04-09,email9561@domain.es,8610,forced,0
7391,2022-05-01,email31256@domain.it,1198,default,1
8441,2022-04-06,email5661@domain.com,8138,default,0
1094,2022-02-12,email5057@domain.com,2462,default,1
2140,2022-03-25,email13979@domain.it,3724,default,0
7419,2021-09-14,email11192@domain.it,1828,default,0
7503,2022-05-23,email14806@domain.es,215,default,0
8408,2021-08-22,email8228@domain.it,4772,default,0
6183,2022-04-06,email3798@domain.com,1512,default,0
2438,2021-09-22,email976@domain.com,852,default,0
1542,2022-01-22,email6236@domain.com,2750,default,1
3241,2022-01-26,email4616@domain.com,8503,default,0
4657,2022-06-23,email1183@domain.es,8569,default,0
7126,2022-03-27,email7633@domain.it,777,automatic,0
3310,2021-07-02,email3573@domain.uk,4393,default,0
1625,2022-05-05,email11964@domain.uk,3541,default,0
1413,2022-06-17,email236@domain.com,1105,default,1
2189,2021-08-23,email45645@domain.it,5341,default,1
4131,2021-12-03,email800@domain.com,2817,default,0
8231,2022-02-02,email3898@domain.com,3016,default,0
3630,2022-06-28,email5378@domain.it,354,default,0
6794,2022-05-15,email3987@domain.it,4245,default,0
8737,2021-11-26,email1036@domain.uk,2349,automatic,0
6040,2021-12-16,email20705@domain.it,6763,default,1
3428,2021-07-23,email8303@domain.it,3853,automatic,1
5088,2021-11-03,email3908@domain.es,3593,forced,0
1998,2022-04-05,email24752@domain.com,8348,default,0
3608,2022-04-16,email25055@domain.com,3867,default,0
721,2021-10-24,email11757@domain.es,7520,default,0
2328,2022-02-02,email2848@domain.it,6349,default,0
4581,2022-04-06,email10144@domain.uk,407,default,0
9864,2022-02-28,email15123@domain.uk,3520,automatic,0
8449,2021-09-02,email3967@domain.com,5379,default,0
1300,2021-09-01,email36521@domain.es,1914,default,0
1359,2021-11-24,email26887@domain.it,4880,default,0
9666,2022-06-11,email875@domain.com,8242,default,0
4442,2022-06-10,email12262@domain.uk,574,forced,0
2578,2021-08-15,email4783@domain.it,6643,default,0
3883,2022-04-05,email2560@domain.it,1852,default,0
4076,2022-04-08,email2722@domain.uk,2688,default,0
9490,2022-03-10,email4756@domain.it,5069,default,0
541,2022-06-09,email38750@domain.com,5315,default,0
9930,2021-08-09,email3874@domain.it,1970,automatic,0
2168,2021-10-21,email4343@domain.com,4333,default,0
5098,2021-11-18,email9522@domain.es,6441,automatic,0
9459,2021-09-06,email17125@domain.es,7618,default,0
2219,2022-03-26,email283@domain.com,8582,forced,0
3679,2021-09-13,email729@domain.uk,815,default,0
8210,2021-09-03,email5920@domain.com,5234,default,0
770,2021-08-14,email6231@domain.com,5263,default,1
1282,2021-07-22,email8942@domain.com,7004,default,0
2583,2021-07-13,email518@domain.com,8211,automatic,0
4660,2022-01-16,email683@domain.uk,5147,forced,0
9454,2021-09-28,email21188@domain.uk,43,default,0
2936,2022-04-17,email24272@domain.com,1005,default,0
8137,2021-09-01,email4185@domain.it,7424,default,0
8006,2022-04-28,email4586@domain.com,6112,default,0
6759,2021-09-14,email3075@domain.com,3391,automatic,0
4876,2021-07-10,email894@domain.uk,6177,default,0
8675,2021-08-03,email7680@domain.es,4367,automatic,0
9066,2021-10-08,email5021@domain.it,4178,forced,0
6067,2022-01-09,email9565@domain.es,6722,default,0
8392,2021-11-10,email21835@domain.es,508,forced,1
3408,2021-10-01,email3229@domain.es,3654,default,0
6788,2021-07-11,email983@domain.com,6145,forced,0
9189,2021-07-13,email18160@domain.com,2504,automatic,0
5962,2022-04-17,email5166@domain.es,4258,default,0
7388,2021-10-21,email1386@domain.uk,4010,automatic,0
6717,2021-08-13,email12468@domain.it,2828,automatic,1
9020,2022-06-17,email19976@domain.com,441,automatic,0
9763,2021-08-18,email10027@domain.it,1833,default,0
7061,2021-12-21,email5231@domain.com,2840,default,0
2953,2021-10-19,email45879@domain.es,5141,automatic,0
4849,2021-08-08,email19675@domain.it,661,default,0
5026,2021-12-25,email14733@domain.it,6092,default,0
7164,2022-03-18,email12604@domain.com,7855,default,1
4926,2022-05-09,email10360@domain.uk,4332,default,0
2682,2021-12-11,email1332@domain.com,375,default,0
5854,2022-03-14,email31729@domain.com,6193,default,0
6739,2022-04-01,email6295@domain.com,192,default,0
3409,2022-01-29,email4103@domain.com,4569,forced,0
4641,2022-06-09,email7259@domain.com,780,default,0
2061,2021-12-09,email7903@domain.uk,1855,default,0
9683,2022-01-13,email10296@domain.com,1363,default,0
6628,2022-03-01,email5380@domain.it,5977,default,0
8291,2022-06-07,email6726@domain.it,4975,automatic,0
5732,2021-08-27,email1593@domain.com,7045,default,1
6985,2022-02-11,email5459@domain.es,3002,default,0
8460,2022-03-06,email9257@domain.it,5295,default,0
4602,2022-04-12,email21226@domain.uk,7821,default,0
6686,2022-02-17,email4108@domain.uk,742,automatic,0
2707,2021-09-12,email3774@domain.uk,5584,default,1
6710,2021-10-16,email1856@domain.uk,2972,default,1
731,2022-01-15,email2878@domain.uk,6240,automatic,0
5795,2021-10-18,email11691@domain.es,549,default,0
869,2022-03-02,email13835@domain.uk,5950,default,0
3680,2021-08-06,email13377@domain.com,2113,default,0
3478,2021-08-02,email18758@domain.es,96,automatic,0
8611,2022-05-29,email25784@domain.com,8583,forced,0
6925,2022-04-10,email12598@domain.uk,5089,default,1
4544,2022-04-08,email18485@domain.it,2507,automatic,0
3058,2021-08-16,email3823@domain.it,8519,automatic,0
5740,2022-03-09,email11114@domain.uk,1874,forced,0
5923,2022-04-21,email603@domain.com,1229,default,0
6466,2022-06-22,email2863@domain.it,4420,default,0
5224,2022-04-06,email15181@domain.com,4464,automatic,0
4539,2022-04-11,email21138@domain.com,196,default,0
4503,2021-10-23,email28@domain.it,1007,default,0
477,2021-09-05,email8225@domain.com,3606,forced,0
1918,2022-04-14,email7214@domain.com,7071,default,0
9532,2022-03-29,email3701@domain.it,6966,forced,0
8290,2022-04-18,email10468@domain.com,2301,default,0
5288,2022-04-08,email11598@domain.com,330,default,0
928,2021-09-23,email8513@domain.es,7444,default,0
4091,2022-06-08,email13769@domain.it,3985,default,0
4816,2021-11-25,email1032@domain.es,8310,default,0
5235,2021-10-12,email13282@domain.it,4684,default,0
3508,2021-08-18,email25574@domain.it,268,automatic,0
5877,2022-05-13,email4837@domain.com,3094,default,0
2970,2022-01-27,email31008@domain.com,7320,default,0
3952,2021-11-07,email40130@domain.com,7503,automatic,0
1202,2022-04-06,email472@domain.es,4056,forced,0
4724,2022-06-14,email12785@domain.it,6552,automatic,0
875,2021-08-13,email8031@domain.es,6043,default,0
5096,2021-07-14,email1224@domain.es,7999,default,0
5507,2021-09-11,email2720@domain.it,3960,default,0
2428,2022-05-14,email21150@domain.it,5883,default,0
6123,2021-07-19,email27790@domain.es,7609,default,0
5315,2021-09-01,email4334@domain.es,2665,forced,0
7784,2021-07-12,email2953@domain.com,3290,default,0
6221,2022-02-28,email10834@domain.com,8115,default,0
102,2022-04-26,email2895@domain.uk,4242,automatic,0
5613,2021-09-12,email1389@domain.es,893,default,0
6224,2021-08-12,email1567@domain.es,4720,default,0
4740,2021-11-08,email10537@domain.com,7752,default,0
1304,2022-02-08,email24063@domain.com,8425,default,0
3997,2022-02-12,email4664@domain.uk,4432,default,0
3349,2021-11-27,email10095@domain.com,2380,default,0
8387,2022-01-03,email3168@domain.es,816,default,0
6384,2022-06-16,email2368@domain.uk,3492,default,0
7810,2021-07-31,email9510@domain.com,7807,default,0
7792,2021-10-26,email59997@domain.it,5126,automatic,0
2740,2021-08-22,email7197@domain.com,1777,default,0
6000,2021-10-01,email8162@domain.com,246,automatic,0
7702,2022-04-10,email4188@domain.com,5240,default,0
7899,2021-08-03,email6710@domain.es,4642,default,1
2834,2021-11-19,email8120@domain.it,4986,automatic,0
844,2022-06-09,email9411@domain.uk,3986,default,0
711,2021-07-09,email6991@domain.com,5413,default,0
7369,2022-01-07,email573@domain.it,3730,default,0
3956,2021-09-01,email383@domain.com,5203,automatic,0
3165,2022-04-07,email8437@domain.uk,6351,default,0
138,2022-05-27,email1905@domain.com,4321,default,0
9526,2022-03-28,email10027@domain.uk,5403,automatic,0
7422,2022-01-14,email7202@domain.es,7081,default,0
3069,2021-11-17,email7898@domain.es,8083,default,0
5741,2021-10-04,email338@domain.es,662,default,0
9644,2022-04-06,email7488@domain.es,8246,default,0
2227,2021-11-26,email1134@domain.com,4717,default,0
5504,2022-05-11,email9315@domain.it,4895,forced,1
1695,2021-09-07,email3663@domain.com,2017,forced,0
4341,2021-08-19,email796@domain.es,1109,default,1
7726,2022-03-31,email14991@domain.com,1345,automatic,0
9307,2021-07-09,email10466@domain.com,8595,default,0
8472,2022-02-02,email1609@domain.es,8653,automatic,0
9285,2021-12-06,email12116@domain.com,1516,default,0
3672,2022-04-06,email1570@domain.com,5573,automatic,0
893,2022-04-06,email4333@domain.it,16,default,0
3259,2022-03-18,email3516@domain.es,1578,default,0
6269,2022-01-30,email5123@domain.it,3938,default,0
4038,2022-04-22,email3777@domain.it,7310,default,0
7902,2022-05-15,email13700@domain.es,6311,automatic,0
4561,2022-02-26,email13504@domain.uk,4543,default,0
2127,2021-10-07,email7605@domain.es,2437,forced,0
1534,2021-08-26,email12873@domain.es,4078,automatic,0
8704,2022-05-05,email43800@domain.com,1033,default,0
5892,2021-12-04,email4088@domain.it,2408,default,0
6502,2021-11-18,email2625@domain.it,124,forced,0
5239,2022-02-28,email646@domain.com,1943,default,0
4704,2022-02-19,email17363@domain.it,4438,default,0
4084,2022-04-08,email12038@domain.uk,3574,automatic,0
7442,2021-11-30,email25705@domain.it,2458,default,0
9334,2021-11-19,email6787@domain.com,4126,automatic,0
3076,2022-01-17,email4689@domain.it,1627,automatic,0
1025,2021-11-02,email1337@domain.it,649,default,0
5076,2021-11-05,email8619@domain.com,2884,default,0
2142,2022-01-25,email11654@domain.com,1807,default,0
4583,2021-10-08,email935@domain.com,1521,default,0
1378,2022-05-15,email14335@domain.es,8343,forced,0
4714,2021-11-26,email9122@domain.it,3522,forced,0
1330,2021-12-05,email11318@domain.it,3984,default,0
4028,2021-09-22,email8717@domain.com,7937,automatic,0
9198,2022-05-04,email3271@domain.com,1783,forced,1
288,2022-04-25,email6485@domain.uk,626,default,0
7158,2022-01-22,email31519@domain.uk,4528,default,0
858,2022-04-07,email42842@domain.it,5971,forced,0
3386,2022-04-09,email2543@domain.it,3090,default,0
4670,2022-03-08,email2920@domain.it,2592,default,0
7825,2022-06-28,email12458@domain.uk,7534,default,0
9998,2021-09-06,email4955@domain.com,3060,default,0
8835,2021-12-09,email27863@domain.it,5382,default,0
5951,2021-11-15,email1363@domain.com,1615,forced,0
6824,2021-08-13,email9849@domain.com,2224,default,0
3126,2021-12-28,email8453@domain.com,4691,automatic,0
4679,2021-07-22,email1337@domain.com,2012,default,0
449,2021-10-31,email2016@domain.it,7946,default,0
1931,2022-04-19,email1664@domain.com,310,default,0
6954,2021-11-27,email1755@domain.com,978,automatic,0
920,2021-07-18,email5492@domain.com,293,default,1
743,2021-09-10,email32142@domain.uk,8257,default,0
4778,2021-10-16,email12474@domain.com,2978,default,1
5304,2022-03-20,email15926@domain.com,3569,default,0
3936,2021-11-05,email2245@domain.es,6171,automatic,0
7235,2022-06-09,email7552@domain.it,8473,forced,0
6825,2021-08-19,email8021@domain.com,4734,automatic,0
5953,2022-04-14,email2684@domain.it,3946,default,0
5658,2022-06-16,email2437@domain.es,6935,forced,0
2681,2021-10-02,email16607@domain.uk,1740,default,0
5447,2022-01-07,email5589@domain.com,6212,default,0
5452,2021-12-24,email2094@domain.it,7290,default,0
6878,2021-08-02,email16283@domain.com,7381,forced,0
8671,2022-03-29,email8315@domain.es,1801,default,0
5438,2021-12-03,email11904@domain.com,3263,automatic,0
2049,2021-12-04,email10207@domain.com,1980,default,1
8878,2022-06-26,email3247@domain.com,3209,default,0
7143,2022-05-26,email36808@domain.com,6602,default,0
5219,2021-09-19,email6925@domain.it,6914,forced,0
4301,2022-01-22,email1669@domain.com,7684,default,0
8017,2021-11-30,email18193@domain.com,4964,default,0
3470,2021-12-22,email29@domain.it,78,default,0
4114,2022-03-19,email2369@domain.it,4311,default,0
5679,2021-08-03,email35656@domain.com,402,default,0
655,2022-01-25,email9841@domain.it,1773,default,0
52,2022-01-06,email15356@domain.it,2942,default,0
670,2022-04-06,email12739@domain.it,3557,forced,0
9908,2021-11-04,email4236@domain.it,3233,default,1
5769,2022-04-03,email9575@domain.com,4164,default,0
9621,2022-02-28,email15515@domain.it,2638,default,1
6651,2021-07-14,email20756@domain.com,4085,default,1
5252,2022-01-16,email120@domain.com,6056,forced,0
8625,2021-08-02,email4473@domain.com,8544,default,0
9339,2021-12-03,email22887@domain.it,56,default,0
5053,2021-11-10,email694@domain.it,6432,default,0
3147,2021-07-11,email18381@domain.com,5477,default,0
4545,2022-04-08,email4748@domain.it,2507,default,0
4643,2022-02-02,email26347@domain.com,2760,default,0
3231,2021-09-26,email11446@domain.uk,5536,default,0
6361,2021-08-27,email1523@domain.com,5401,forced,0
6735,2021-08-17,email6173@domain.es,2157,automatic,0
4136,2021-09-15,email8875@domain.com,2971,forced,0
2084,2021-08-24,email10178@domain.it,6837,default,0
8219,2021-10-27,email1740@domain.com,8175,forced,0
8458,2022-01-01,email24514@domain.uk,5707,automatic,0
2868,2021-11-07,email35738@domain.com,7077,default,0
6239,2021-10-27,email3971@domain.com,8293,default,0
1350,2021-08-01,email14142@domain.it,8219,default,0
730,2021-07-12,email1672@domain.uk,3998,default,0
1485,2021-09-25,email4253@domain.com,2902,automatic,0
3745,2022-06-28,email19482@domain.com,4233,default,0
9605,2022-01-25,email15003@domain.com,2532,default,0
3002,2021-08-08,email4169@domain.uk,8183,forced,0
7611,2021-10-20,email15366@domain.com,3849,default,0
6720,2022-06-16,email2865@domain.es,4995,default,0
1477,2021-11-12,email28581@domain.com,5954,default,0
4782,2022-04-06,email556@domain.it,479,forced,0
5404,2022-06-30,email61046@domain.it,1928,default,0
4846,2022-05-16,email7568@domain.uk,7397,automatic,0
9795,2021-08-19,email2600@domain.it,3910,forced,0
2186,2021-10-28,email1762@domain.it,728,forced,0
5111,2022-05-23,email9467@domain.uk,4452,default,1
5195,2022-01-28,email9153@domain.it,4931,default,0
4353,2021-07-23,email9154@domain.es,93,default,0
8992,2022-03-10,email16723@domain.com,8108,default,0
7297,2021-12-26,email18676@domain.it,616,default,0
9742,2022-03-21,email16832@domain.com,1006,default,1
1537,2021-08-16,email537@domain.uk,3384,automatic,0
2403,2022-06-23,email28448@domain.it,774,default,0
1908,2022-06-22,email10913@domain.com,4584,automatic,0
470,2021-08-04,email24352@domain.com,6934,default,0
2305,2021-09-01,email21161@domain.it,4266,forced,0
20,2022-04-28,email2251@domain.it,2159,automatic,0
4226,2021-10-22,email18906@domain.com,4675,default,0
7134,2022-01-04,email3960@domain.com,51,automatic,0
5940,2022-05-13,email5031@domain.com,611,automatic,0
4168,2021-10-29,email5169@domain.com,2520,default,1
7827,2022-05-27,email10193@domain.it,1205,default,0
863,2022-04-21,email51480@domain.uk,2622,automatic,1
7463,2021-12-26,email1938@domain.com,6128,default,0
7322,2021-11-02,email10233@domain.com,5926,default,0
6243,2022-01-31,email19553@domain.com,1710,automatic,0
5085,2022-06-28,email8295@domain.it,3851,forced,0
6477,2021-08-17,email4785@domain.com,4348,default,0
7895,2022-01-26,email9596@domain.uk,3852,default,0
4524,2021-07-04,email33180@domain.it,8147,default,0
6678,2021-09-05,email15854@domain.com,1382,default,0
6306,2021-07-20,email372@domain.it,2826,default,0
7242,2021-09-29,email2750@domain.it,1358,default,0
2069,2022-02-28,email14039@domain.uk,6241,default,0
8134,2022-02-23,email835@domain.com,6522,default,0
925,2022-05-10,email2442@domain.com,6796,default,0
2474,2021-09-08,email6031@domain.uk,5793,default,0
8982,2022-04-27,email9617@domain.uk,5765,default,0
5332,2021-09-21,email6343@domain.it,3960,default,0
6256,2022-04-08,email5712@domain.it,5280,automatic,0
8816,2022-03-09,email1627@domain.es,7635,default,0
4308,2022-05-02,email7693@domain.it,2577,automatic,0
9401,2022-02-28,email582@domain.es,7488,default,0
392,2021-11-04,email3000@domain.com,4857,default,1
819,2022-03-26,email557@domain.com,6696,default,0
6278,2022-04-04,email18919@domain.uk,7685,default,0
5307,2021-07-01,email14056@domain.es,5936,default,1
9746,2021-08-25,email11167@domain.it,8428,default,0
228,2021-07-14,email5695@domain.com,1822,default,0
7754,2021-12-24,email2456@domain.com,160,default,0
9075,2021-10-17,email750@domain.es,6059,default,0
9369,2022-04-22,email3352@domain.it,1072,default,0
1470,2022-06-10,email767@domain.it,4699,automatic,0
3718,2022-06-06,email17897@domain.uk,2606,automatic,1
911,2021-08-19,email30526@domain.com,4667,default,1
8395,2022-03-18,email5639@domain.es,1524,forced,0
3720,2021-10-31,email107@domain.com,137,forced,0
2969,2022-01-05,email611@domain.it,1175,default,0
1506,2021-09-06,email2216@domain.com,260,default,0
3369,2021-10-03,email10485@domain.it,7497,default,0
5102,2022-01-27,email4710@domain.uk,3428,automatic,0
7494,2022-05-13,email22381@domain.com,94,default,0
7311,2022-06-03,email3879@domain.it,7545,default,0
5918,2022-03-02,email7466@domain.it,6926,default,0
7539,2021-11-14,email3443@domain.com,6607,default,0
8303,2022-04-19,email6867@domain.it,6896,automatic,0
7673,2021-09-29,email10879@domain.com,1413,default,0
6990,2021-08-24,email2285@domain.es,6069,default,0
9065,2022-06-06,email2527@domain.com,3748,forced,0
6836,2021-08-19,email3650@domain.com,3136,default,0
6796,2022-05-10,email6166@domain.es,7614,default,0
7711,2021-12-15,email37510@domain.uk,7318,automatic,0
9149,2022-05-18,email9331@domain.uk,1336,default,0
9273,2022-04-21,email2320@domain.com,7208,automatic,0
5283,2022-04-04,email2377@domain.com,1136,default,0
3118,2021-08-20,email4602@domain.com,6520,forced,0
2731,2022-01-31,email15239@domain.uk,5476,default,1
4292,2022-06-17,email14553@domain.uk,3070,forced,0
6793,2022-04-14,email2224@domain.com,5509,default,0
2218,2021-12-10,email18458@domain.com,2312,automatic,0
8788,2021-10-27,email6219@domain.com,7930,default,0
8961,2021-09-25,email2933@domain.com,6652,default,0
6187,2022-05-11,email39206@domain.com,3204,default,0
1648,2022-03-31,email7467@domain.it,4183,default,0
755,2022-05-12,email5146@domain.com,7604,default,0
6438,2021-12-22,email19465@domain.uk,6484,automatic,0
1567,2022-05-06,email1610@domain.it,1441,forced,0
3757,2022-01-29,email18281@domain.uk,4540,default,0
845,2021-10-13,email33@domain.com,6495,automatic,0
1870,2022-05-02,email30626@domain.com,6419,automatic,0
1272,2022-01-02,email1323@domain.com,5988,default,0
2535,2022-06-07,email5294@domain.com,4796,default,0
9374,2022-05-31,email15678@domain.uk,8,forced,0
316,2021-08-22,email5021@domain.it,4966,default,0
9156,2021-12-15,email12401@domain.it,755,automatic,1
7213,2021-09-07,email5511@domain.it,7859,automatic,0
2055,2021-11-05,email11608@domain.it,5688,default,0
3390,2022-06-07,email871@domain.it,4643,default,0
3252,2021-11-08,email17269@domain.com,7640,automatic,0
7966,2022-04-08,email293@domain.com,591,default,1
3945,2021-09-02,email619@domain.es,3671,default,0
897,2021-08-04,email1878@domain.com,7575,default,0
3662,2021-12-14,email652@domain.it,6202,default,0
6165,2021-07-24,email8403@domain.it,948,default,0
9247,2021-12-03,email38610@domain.es,7809,default,0
1499,2022-01-27,email6882@domain.uk,3601,automatic,0
5635,2021-07-22,email7006@domain.it,4538,default,0
5874,2021-09-19,email4335@domain.com,6015,default,1
2262,2021-09-30,email757@domain.com,2207,default,0
4914,2022-06-04,email2124@domain.com,231,default,0
5184,2021-07-13,email8068@domain.it,334,forced,0
1225,2021-09-10,email976@domain.it,366,default,1
947,2022-04-06,email1719@domain.it,5538,forced,0
3191,2021-09-27,email1810@domain.it,4915,default,0
2892,2022-02-05,email1349@domain.uk,296,default,0
7926,2022-05-28,email14285@domain.it,3952,automatic,0
4757,2022-03-01,email1737@domain.it,5767,automatic,0
8761,2022-02-19,email8199@domain.it,3249,automatic,0
4542,2021-11-19,email15512@domain.com,2601,automatic,0
4892,2022-04-06,email28016@domain.com,7015,forced,0
6526,2022-02-08,email16506@domain.com,1549,default,0
7988,2021-11-11,email24679@domain.com,6325,default,0
5107,2022-06-08,email4373@domain.uk,7168,default,0
7971,2021-09-04,email40574@domain.com,2700,default,0
6453,2022-02-16,email9545@domain.com,6239,default,0
8080,2022-05-18,email11104@domain.com,4854,default,0
9141,2021-10-09,email823@domain.com,3830,default,0
7616,2022-04-15,email10452@domain.it,3785,automatic,0
6045,2021-10-31,email4431@domain.com,5746,forced,0
5887,2021-08-08,email10449@domain.it,1009,default,0
956,2021-12-16,email5538@domain.it,7125,automatic,0
7036,2021-11-17,email306@domain.uk,8399,default,0
7609,2022-06-18,email16514@domain.it,3243,automatic,1
4541,2022-04-12,email28995@domain.com,196,automatic,0
9017,2021-09-02,email23139@domain.com,5360,default,0
117,2021-11-30,email10099@domain.com,1423,forced,0
2238,2021-10-27,email20613@domain.com,1998,default,0
302,2021-10-28,email3225@domain.es,2503,forced,0
4034,2022-05-15,email10528@domain.com,1274,default,0
6111,2022-05-02,email27198@domain.it,4408,default,0
3787,2021-08-19,email6314@domain.it,1780,default,0
3891,2021-12-29,email8881@domain.com,2035,default,0
1125,2022-05-26,email11686@domain.es,2058,default,0
9601,2022-03-15,email27855@domain.com,7319,default,0
6440,2022-02-18,email9496@domain.com,7475,automatic,0
800,2022-06-29,email317@domain.uk,4158,default,0
4552,2021-11-05,email12493@domain.it,5088,automatic,0
4870,2022-01-06,email24883@domain.com,4728,default,0
2242,2022-06-06,email6672@domain.uk,6282,default,0
1349,2021-07-29,email9081@domain.com,5237,default,0
188,2021-11-03,email1313@domain.com,1102,automatic,0
5453,2021-10-26,email32272@domain.es,2261,default,0
9857,2022-05-11,email11948@domain.com,8125,default,1
6719,2022-04-13,email1506@domain.com,3711,forced,1
5397,2021-12-03,email9583@domain.uk,7212,default,0
740,2021-12-10,email41892@domain.com,3880,default,0
1123,2022-04-08,email4614@domain.it,2989,automatic,0
1351,2022-03-07,email8078@domain.es,2580,default,1
6617,2021-12-16,email25001@domain.com,1778,automatic,0
3254,2021-12-27,email247@domain.com,3144,default,0
5803,2022-01-03,email1202@domain.it,4260,default,0
355,2021-07-08,email23283@domain.com,368,default,0
7747,2022-04-02,email4234@domain.it,4836,default,0
856,2021-08-06,email5050@domain.it,1348,default,1
6144,2021-08-15,email4023@domain.it,15,automatic,0
7124,2022-01-19,email24994@domain.it,5855,default,0
3534,2022-04-08,email6111@domain.it,1167,default,0
1598,2022-01-14,email23298@domain.it,241,forced,0
1141,2021-12-21,email12673@domain.uk,1415,forced,0
5134,2022-02-03,email4400@domain.com,953,default,0
837,2021-12-27,email26055@domain.com,1896,forced,0
2836,2021-09-14,email2932@domain.it,7756,automatic,1
7766,2022-03-02,email18942@domain.com,2907,automatic,0
5518,2022-03-06,email922@domain.it,2395,default,0
5885,2022-06-15,email3215@domain.it,3303,default,0
997,2022-06-12,email1258@domain.es,6526,default,0
1777,2021-10-12,email1651@domain.com,8286,default,0
7207,2021-08-18,email19251@domain.it,1789,default,0
7791,2021-09-30,email1504@domain.it,6797,default,0
8745,2022-05-29,email24169@domain.it,1897,default,0
793,2022-05-31,email1724@domain.uk,6614,default,0
5977,2021-11-20,email8599@domain.it,7389,default,0
1473,2022-03-22,email2134@domain.com,1291,default,1
4344,2021-07-09,email21158@domain.it,5861,default,1
7255,2021-07-21,email10478@domain.it,267,default,0
1046,2022-04-07,email9336@domain.uk,2609,automatic,0
5760,2022-05-25,email2171@domain.it,4601,default,0
4562,2021-08-08,email287@domain.com,1055,default,0
849,2022-01-21,email10759@domain.com,6133,automatic,1
1133,2021-12-27,email7941@domain.it,4206,forced,0
3355,2021-12-17,email3375@domain.it,8434,automatic,0
1074,2022-02-19,email3897@domain.com,5450,default,0
1764,2022-03-12,email8241@domain.it,8064,automatic,0
4061,2022-04-06,email1160@domain.uk,6012,default,0
3094,2022-05-25,email1305@domain.com,3129,automatic,0
2277,2022-01-21,email403@domain.es,5042,default,0
268,2021-08-09,email6658@domain.com,8063,default,0
10000,2021-10-17,email1236@domain.it,1409,automatic,0
7534,2022-06-29,email948@domain.com,2602,default,0
8247,2022-05-09,email13270@domain.es,4177,default,0
6780,2021-07-04,email1248@domain.com,8134,default,0
6049,2021-07-02,email32186@domain.com,5613,default,0
1178,2022-03-29,email350@domain.com,344,forced,0
962,2021-10-28,email14653@domain.com,4985,default,0
9340,2022-04-12,email22910@domain.it,3044,default,0
5012,2022-06-01,email1722@domain.uk,22,default,1
2933,2021-08-18,email10289@domain.es,2048,automatic,0
4925,2022-06-07,email2934@domain.com,5130,default,0
6701,2021-09-17,email8463@domain.uk,4404,automatic,0
2173,2022-04-08,email5410@domain.es,4400,default,0
3633,2022-06-22,email342@domain.es,1060,default,0
1670,2021-08-10,email2951@domain.it,6863,default,0
9584,2021-09-18,email1731@domain.it,4480,automatic,0
7868,2021-09-24,email8662@domain.es,4353,default,0
9112,2022-04-03,email5060@domain.it,8169,default,0
7640,2022-01-18,email17980@domain.es,812,default,0
623,2021-12-16,email5400@domain.com,3148,automatic,0
3627,2021-08-02,email6394@domain.uk,1514,default,0
4231,2021-09-20,email22886@domain.it,1409,default,0
3759,2022-03-02,email1542@domain.it,4666,default,0
6893,2021-09-25,email8504@domain.com,7399,automatic,0
7763,2022-01-28,email30018@domain.com,1596,default,0
2185,2021-11-07,email4664@domain.it,728,forced,1
923,2021-12-08,email4566@domain.uk,2958,default,0
6846,2021-12-03,email2715@domain.it,5892,default,0
7093,2021-10-22,email1440@domain.com,1047,default,0
1057,2022-06-09,email13920@domain.it,2275,default,0
8876,2021-11-19,email2244@domain.es,6531,default,0
6184,2022-04-06,email1788@domain.com,1512,default,0
3183,2022-04-16,email1620@domain.es,1748,automatic,0
7162,2021-09-08,email6900@domain.es,6562,forced,0
403,2021-07-09,email15825@domain.com,6668,default,0
4961,2022-05-29,email20046@domain.it,5411,default,0
4026,2022-01-30,email3426@domain.com,5692,automatic,0
792,2021-10-23,email922@domain.com,3679,default,0
5253,2021-12-29,email9998@domain.com,6129,default,1
9304,2021-10-08,email44588@domain.es,5060,automatic,0
4159,2021-08-01,email1473@domain.it,1296,automatic,0
8498,2022-04-06,email28949@domain.it,3194,default,0
7996,2022-04-05,email23103@domain.es,760,default,1
6761,2021-09-24,email163@domain.it,6555,default,0
6623,2021-08-04,email1335@domain.com,7661,default,0
4791,2021-12-14,email4520@domain.com,3015,forced,0
79,2022-04-06,email1184@domain.com,1132,automatic,0
5234,2022-05-20,email7392@domain.es,8560,forced,0
4317,2022-06-09,email7702@domain.com,3080,forced,0
6946,2021-12-09,email17664@domain.uk,730,automatic,0
3799,2021-12-15,email2805@domain.com,3913,default,0
4931,2021-11-06,email29902@domain.com,7048,default,0
6266,2021-09-11,email6808@domain.com,7980,default,0
3284,2021-09-03,email2237@domain.it,7935,forced,0
6574,2022-01-12,email14278@domain.es,2247,default,0
5539,2021-10-29,email2447@domain.it,757,default,0
6809,2021-07-29,email9503@domain.it,7082,forced,0
9564,2021-11-18,email16326@domain.com,5808,default,0
6301,2022-03-09,email2593@domain.uk,1909,forced,0
9834,2021-11-10,email5977@domain.it,358,default,0
2223,2021-11-08,email6466@domain.com,5052,default,0
9069,2021-07-26,email192@domain.it,5785,default,0
4806,2021-08-24,email12101@domain.com,6901,default,1
3849,2022-05-12,email15796@domain.com,4331,default,0
3843,2022-05-02,email17442@domain.uk,2366,automatic,0
3158,2021-10-27,email1492@domain.com,3348,default,0
3109,2021-11-25,email4720@domain.com,7241,automatic,0
2350,2022-06-29,email10115@domain.uk,5517,default,0
7014,2021-11-04,email6606@domain.com,4877,default,0
9433,2021-11-06,email3588@domain.it,48,default,0
291,2021-09-02,email6274@domain.es,4977,default,0
8570,2022-01-15,email5943@domain.com,4774,default,0
6151,2022-01-07,email18804@domain.com,3519,automatic,0
6638,2022-02-18,email12576@domain.com,3564,default,0
908,2022-01-12,email6352@domain.it,1747,forced,1
7354,2022-04-01,email16520@domain.com,1672,default,0
4148,2021-11-09,email8668@domain.it,301,default,0
5574,2022-06-06,email28433@domain.it,7251,default,0
8774,2022-01-15,email2254@domain.com,7736,default,0
1639,2022-04-06,email3144@domain.com,4007,default,0
2702,2021-09-13,email1282@domain.uk,4497,automatic,0
4362,2021-07-23,email11305@domain.it,2763,default,0
9116,2021-10-22,email2483@domain.it,6029,default,0
1492,2022-05-11,email4631@domain.com,1612,automatic,0
5522,2022-02-26,email3740@domain.com,7329,default,0
9870,2022-05-23,email2652@domain.com,4244,default,0
4479,2021-08-16,email9048@domain.com,4894,default,0
4044,2022-04-25,email7679@domain.it,2219,default,0
609,2022-01-24,email5852@domain.es,5462,default,0
6209,2022-04-09,email8376@domain.it,3456,default,0
7921,2021-10-08,email17286@domain.uk,696,default,0
225,2022-04-30,email14839@domain.uk,1294,default,1
3566,2021-11-13,email48268@domain.uk,905,forced,0
7291,2021-12-04,email37248@domain.com,1568,forced,0
926,2022-03-21,email13509@domain.it,7452,default,0
6750,2022-05-05,email5956@domain.it,7940,default,1
2037,2022-04-08,email9857@domain.com,426,automatic,0
4804,2021-11-18,email929@domain.it,3643,default,0
4690,2022-01-25,email7860@domain.es,9,automatic,0
4281,2021-07-17,email10599@domain.it,5252,default,0
7862,2021-12-21,email27332@domain.it,8217,automatic,1
5073,2022-01-12,email21378@domain.es,2686,default,0
8932,2021-07-21,email53@domain.it,8551,default,0
1144,2021-10-20,email6884@domain.com,3468,default,0
1720,2021-11-18,email37291@domain.it,5798,default,0
9951,2022-04-03,email9848@domain.com,8113,default,0
4476,2021-08-05,email7476@domain.it,900,default,1
2874,2021-12-06,email5484@domain.it,6876,default,0
4553,2022-04-06,email5935@domain.com,1000,default,0
4599,2021-09-03,email30445@domain.it,4628,default,0
6982,2021-12-17,email5777@domain.uk,5272,default,0
222,2022-03-27,email7508@domain.it,6941,default,0
1552,2021-07-21,email12744@domain.it,46,default,0
3200,2021-08-02,email20465@domain.com,180,default,0
4454,2021-11-10,email13562@domain.es,8124,automatic,0
5260,2021-10-29,email9087@domain.com,4282,default,0
7410,2021-12-25,email3084@domain.it,1284,default,0
9918,2022-05-27,email2698@domain.it,7220,automatic,0
5306,2021-12-15,email15086@domain.com,1975,automatic,0
8540,2022-02-28,email4575@domain.com,8457,forced,0
1111,2021-10-24,email2598@domain.es,1552,default,0
5835,2021-12-04,email24449@domain.com,2460,automatic,0
7318,2022-04-30,email18602@domain.uk,7361,forced,0
9329,2021-09-17,email3270@domain.uk,4016,default,0
5466,2022-04-06,email938@domain.com,3450,default,1
4518,2022-04-05,email6234@domain.it,1248,default,0
3419,2022-01-28,email15618@domain.uk,6686,default,0
1704,2021-10-31,email17868@domain.it,3133,default,1
7767,2022-06-08,email6115@domain.it,6415,default,0
9735,2021-10-15,email8062@domain.com,8204,default,0
8914,2022-04-05,email11918@domain.com,2341,default,0
5881,2021-07-25,email7293@domain.com,4870,default,0
4047,2022-03-14,email7846@domain.it,3529,default,0
7325,2022-03-04,email20086@domain.it,1856,default,0
4040,2022-04-22,email10568@domain.uk,596,default,0
7887,2022-05-04,email5025@domain.it,7140,automatic,0
1235,2021-10-13,email1307@domain.com,6849,default,0
557,2022-04-04,email12553@domain.es,4928,automatic,0
1944,2022-04-02,email10090@domain.it,8640,forced,0
1826,2021-08-25,email31261@domain.com,242,default,0
811,2022-05-04,email19127@domain.it,2549,default,0
8728,2022-05-09,email4907@domain.com,7453,automatic,0
2123,2021-07-05,email2098@domain.com,8671,default,0
3442,2021-09-29,email415@domain.com,5951,automatic,0
5661,2021-08-02,email4660@domain.es,6301,automatic,0
7768,2021-11-25,email9701@domain.it,2105,automatic,0
6414,2022-04-09,email16280@domain.es,820,default,1
3854,2021-11-12,email3836@domain.com,5601,automatic,0
6529,2022-01-17,email12123@domain.it,7092,default,0
7622,2021-07-23,email15257@domain.com,1788,automatic,1
2979,2021-08-22,email1546@domain.it,668,automatic,0
641,2021-12-24,email2675@domain.com,6702,default,0
3793,2021-11-04,email1790@domain.uk,5864,default,0
6403,2021-10-21,email8637@domain.com,5055,forced,0
3855,2022-05-25,email2340@domain.com,6137,default,0
7266,2022-06-13,email29283@domain.com,4090,automatic,0
3063,2021-07-12,email29548@domain.com,7474,default,0
8794,2021-10-27,email6376@domain.it,2308,forced,0
2584,2022-02-01,email20627@domain.uk,6884,default,0
3041,2022-04-08,email20894@domain.it,4298,automatic,0
5083,2022-05-19,email3153@domain.com,3981,default,1
9265,2022-03-27,email3942@domain.it,4185,forced,1
6387,2022-02-04,email13380@domain.com,2918,default,0
6030,2021-07-05,email5567@domain.com,6618,default,0
5128,2021-11-25,email3867@domain.it,1172,default,0
728,2022-03-23,email2462@domain.it,4779,default,0
7245,2022-01-29,email5309@domain.uk,427,automatic,0
4838,2022-06-11,email4840@domain.it,4764,default,0
6254,2021-10-04,email2609@domain.com,7834,default,0
7558,2022-04-15,email14815@domain.com,6727,default,0
7970,2022-05-28,email23159@domain.com,577,default,0
4041,2021-11-20,email12@domain.uk,7852,forced,0
4851,2022-06-27,email1262@domain.com,6283,default,0
7912,2022-01-03,email4777@domain.com,255,automatic,0
145,2021-10-05,email3109@domain.it,1990,default,0
217,2021-11-30,email8582@domain.com,5628,automatic,1
2930,2022-04-28,email15373@domain.uk,3743,default,0
5667,2021-11-03,email6590@domain.com,7053,default,1
3189,2022-05-04,email1315@domain.com,4822,default,0
8740,2021-08-17,email2828@domain.it,5783,default,0
3840,2021-08-02,email14073@domain.com,646,default,0
3062,2022-06-05,email35279@domain.com,4815,automatic,0
2397,2022-03-24,email6833@domain.com,52,default,0
307,2021-07-11,email86@domain.it,2314,default,0
3815,2022-04-01,email7744@domain.com,1472,default,0
9591,2021-11-08,email11127@domain.com,739,default,0
3488,2022-02-21,email13074@domain.es,2639,default,0
6971,2021-07-09,email1738@domain.it,131,automatic,1
469,2022-04-06,email8924@domain.it,5340,default,1
5191,2022-02-03,email9801@domain.com,1097,default,0
8222,2021-10-28,email17052@domain.com,2748,default,0
4255,2022-05-25,email5082@domain.uk,1753,default,0
5066,2021-08-25,email4130@domain.it,5506,forced,0
5419,2022-03-23,email233@domain.com,790,default,0
9472,2021-12-11,email10355@domain.uk,3859,default,0
809,2021-12-03,email2710@domain.com,1658,default,0
112,2022-04-02,email16375@domain.it,2140,default,0
7537,2021-10-21,email1717@domain.it,588,default,1
4462,2022-02-09,email4427@domain.es,5876,automatic,0
6727,2021-08-25,email11918@domain.es,3841,default,0
2107,2022-03-29,email19122@domain.uk,4742,default,0
1069,2021-11-07,email13958@domain.com,7161,forced,0
3791,2021-09-07,email2924@domain.it,2558,automatic,0
8268,2021-11-28,email18852@domain.uk,2969,default,0
2378,2022-01-01,email30258@domain.it,5194,default,0
571,2021-07-20,email9803@domain.com,3774,default,0
1263,2022-06-06,email10596@domain.it,5956,default,0
6567,2021-11-22,email21543@domain.it,959,default,0
7932,2021-10-17,email11304@domain.it,4914,default,0
6685,2022-03-03,email4689@domain.uk,742,default,1
5480,2021-10-11,email19561@domain.com,2496,default,0
1876,2022-04-08,email16699@domain.uk,3383,forced,0
5192,2022-04-17,email4203@domain.uk,4374,automatic,0
1842,2021-12-09,email14287@domain.es,7559,default,1
4867,2022-01-18,email5053@domain.it,6778,default,0
19,2022-06-11,email155@domain.com,5909,default,0
3170,2021-11-15,email674@domain.it,7996,forced,0
2917,2021-12-24,email9892@domain.com,3583,forced,0
3769,2021-09-01,email7361@domain.uk,4212,forced,0
6539,2021-08-08,email8460@domain.it,4503,automatic,0
589,2021-12-16,email747@domain.com,1349,default,0
6390,2022-04-14,email879@domain.it,2253,automatic,1
5292,2021-09-03,email30736@domain.it,5617,default,0
6485,2021-08-11,email7698@domain.it,5004,default,0
5677,2022-04-30,email5704@domain.it,3617,default,0
9983,2022-02-19,email17555@domain.com,8666,default,0
3497,2022-02-28,email12455@domain.es,7613,default,0
3055,2022-04-25,email5107@domain.uk,3445,forced,0
87,2022-04-24,email3388@domain.uk,7764,default,0
961,2021-10-26,email13390@domain.com,4985,automatic,0
6195,2021-12-15,email199@domain.it,3871,default,0
4517,2021-10-22,email16491@domain.com,3199,default,0
9092,2021-10-20,email4957@domain.com,2186,default,0
6024,2021-07-25,email4180@domain.com,5782,default,0
2918,2021-10-19,email5447@domain.com,2023,default,0
5655,2022-03-24,email3041@domain.com,1761,automatic,0
3742,2022-03-23,email4598@domain.it,3589,default,0
709,2021-12-09,email9222@domain.com,700,default,0
8244,2022-04-06,email4749@domain.com,5937,default,0
5767,2021-07-21,email9@domain.com,3170,automatic,0
1442,2021-07-25,email18905@domain.com,8508,default,0
9980,2022-01-11,email1368@domain.com,7255,forced,0
6530,2021-07-14,email8605@domain.com,6257,default,0
8688,2021-12-01,email17117@domain.com,6167,default,0
2557,2022-04-22,email1386@domain.it,7034,default,0
2756,2021-10-29,email8338@domain.es,6381,default,0
7444,2021-12-03,email4556@domain.it,5233,default,1
7906,2021-10-27,email16701@domain.com,582,forced,0
3531,2021-10-22,email2500@domain.uk,5031,default,0
5124,2021-08-09,email144@domain.it,3478,default,0
4534,2021-10-19,email7622@domain.com,3331,default,0
1794,2022-03-29,email1178@domain.com,3714,default,0
5122,2021-09-08,email7213@domain.it,3478,default,0
176,2021-12-16,email13207@domain.it,7998,automatic,0
4125,2022-04-08,email2520@domain.it,935,automatic,0
2087,2022-02-05,email2714@domain.com,5762,default,0
6507,2021-12-29,email4864@domain.com,1322,default,0
3830,2021-10-06,email19897@domain.com,4956,default,0
7783,2022-05-08,email74152@domain.it,1527,automatic,0
5176,2021-10-20,email31744@domain.com,2037,default,0
9570,2022-03-07,email20850@domain.uk,2660,default,0
3331,2022-05-27,email2896@domain.uk,4296,default,0
794,2022-04-23,email2930@domain.com,467,default,0
3010,2021-10-14,email875@domain.uk,4676,automatic,0
3006,2022-04-11,email3491@domain.it,5649,default,0
7777,2021-10-26,email1474@domain.com,6635,default,0
2353,2021-10-23,email9130@domain.com,298,default,0
8558,2022-01-08,email742@domain.it,763,automatic,0
2229,2022-06-01,email427@domain.uk,5792,automatic,1
612,2021-08-26,email8776@domain.com,6488,default,0
378,2022-03-09,email388@domain.es,5670,automatic,0
9829,2022-03-13,email1726@domain.com,4688,automatic,0
5792,2022-03-19,email17958@domain.uk,6492,default,0
5319,2022-03-24,email3595@domain.uk,7261,default,0
8790,2021-08-27,email12894@domain.com,1467,default,0
8145,2021-12-25,email4559@domain.com,5589,default,0
8560,2021-09-13,email5308@domain.com,6891,default,0
271,2021-10-20,email1598@domain.uk,4560,default,0
6357,2021-08-18,email229@domain.it,197,default,0
9777,2022-01-16,email1298@domain.it,8296,forced,0
4573,2022-05-16,email403@domain.com,2566,automatic,0
9840,2022-01-22,email11015@domain.com,8474,default,0
4162,2021-12-25,email395@domain.it,6805,automatic,0
137,2022-02-24,email2109@domain.com,4958,automatic,0
8344,2021-09-06,email1489@domain.es,4430,default,0
1867,2021-12-14,email3861@domain.es,3727,automatic,0
9227,2022-01-18,email8566@domain.uk,7377,default,0
3731,2021-08-01,email14534@domain.es,6658,default,0
1245,2022-02-28,email14524@domain.com,5499,default,0
7661,2021-09-29,email1053@domain.com,5297,forced,0
3696,2022-04-08,email36265@domain.com,4852,automatic,0
3209,2021-08-07,email2238@domain.com,8020,automatic,0
8081,2022-05-23,email8123@domain.com,4854,automatic,0
1997,2021-11-10,email6785@domain.com,8397,automatic,0
2339,2021-08-14,email7445@domain.it,73,automatic,0
2619,2022-04-19,email19868@domain.com,7862,forced,0
7517,2021-11-02,email18177@domain.com,6013,default,0
1150,2021-08-16,email3604@domain.com,7200,default,0
6076,2021-07-13,email1018@domain.com,2475,automatic,1
6508,2021-11-18,email11765@domain.com,1151,automatic,0
6233,2022-03-27,email19240@domain.com,4800,automatic,0
7807,2022-02-02,email19161@domain.it,6010,forced,0
5957,2021-08-17,email6247@domain.com,5155,default,0
9868,2021-11-20,email458@domain.com,5870,default,0
8221,2021-10-28,email7839@domain.com,2748,default,0
8404,2022-01-13,email3207@domain.com,250,default,0
5728,2022-06-05,email1488@domain.it,5878,default,0
2221,2022-03-05,email29292@domain.uk,5162,automatic,0
622,2021-07-13,email15469@domain.it,528,automatic,0
1902,2021-07-26,email621@domain.es,1159,automatic,0
4606,2022-03-01,email159@domain.com,3313,default,1
6709,2021-09-04,email784@domain.com,1520,default,0
9875,2021-12-21,email14414@domain.it,5112,forced,0
319,2022-04-21,email3944@domain.com,5552,automatic,1
4797,2022-04-19,email9396@domain.it,5812,default,0
7585,2022-06-13,email1614@domain.com,5829,default,0
3575,2022-06-09,email21040@domain.it,1243,default,0
9674,2021-11-03,email16229@domain.com,7879,default,0
6116,2022-04-09,email9239@domain.com,7560,default,0
1576,2021-10-23,email2870@domain.com,2510,default,1
9737,2021-11-02,email29140@domain.com,5375,automatic,1
8495,2022-03-26,email85251@domain.it,5329,default,0
5503,2022-05-02,email21429@domain.it,4895,automatic,1
6673,2021-08-11,email5186@domain.uk,547,default,0
2944,2022-01-24,email2007@domain.uk,1357,default,0
2590,2021-12-13,email13728@domain.it,950,default,0
9095,2022-05-24,email11888@domain.it,7673,default,0
3825,2021-09-05,email16348@domain.com,1429,default,0
4587,2022-06-02,email5821@domain.com,1649,automatic,0
7632,2022-03-03,email12098@domain.com,4375,default,0
6395,2022-06-10,email1184@domain.com,3527,default,0
534,2021-07-04,email8350@domain.it,421,default,0
8324,2022-05-07,email9933@domain.com,3827,default,0
1782,2021-09-04,email23719@domain.com,7612,default,0
9740,2021-11-11,email6983@domain.uk,735,forced,0
7339,2021-08-11,email14884@domain.it,3624,default,0
2027,2022-06-04,email2224@domain.it,8230,default,0
7974,2021-12-18,email11875@domain.es,4639,default,0
6474,2021-09-04,email1899@domain.com,3949,default,1
8624,2022-03-29,email22183@domain.es,8301,automatic,0
9050,2022-04-17,email1152@domain.it,1195,forced,0
9006,2022-04-04,email154@domain.com,1746,default,0
5568,2021-08-22,email47211@domain.it,4346,automatic,0
2762,2021-11-10,email5287@domain.com,3794,forced,0
4325,2021-12-15,email3899@domain.es,3389,automatic,0
9990,2022-06-07,email7463@domain.it,689,default,0
6423,2022-02-11,email7773@domain.it,4947,automatic,1
3976,2021-07-22,email1659@domain.it,4751,forced,0
8384,2021-08-31,email1910@domain.it,660,default,0
367,2022-04-01,email16710@domain.com,4447,default,0
9988,2021-09-07,email11217@domain.it,6360,forced,0
262,2021-10-17,email4430@domain.it,5671,default,1
3036,2022-02-20,email8074@domain.it,6858,default,0
7072,2022-01-31,email1745@domain.it,2145,automatic,0
7367,2021-10-23,email12056@domain.it,6585,default,0
2331,2021-09-30,email2660@domain.com,5214,automatic,0
1730,2021-12-21,email2365@domain.com,791,default,0
9173,2021-12-11,email28631@domain.it,6362,default,0
6879,2022-02-28,email8606@domain.uk,3327,forced,0
1022,2021-08-17,email2972@domain.it,7928,default,0
8436,2021-11-01,email16980@domain.com,8043,forced,0
2005,2021-11-04,email4569@domain.uk,3018,default,0
1065,2021-11-24,email1624@domain.com,4592,default,0
4722,2022-04-09,email2678@domain.it,6397,default,0
3678,2021-07-24,email1830@domain.it,6033,default,0
5797,2021-11-23,email31545@domain.com,3857,default,0
6166,2022-01-16,email41659@domain.com,149,forced,0
4811,2022-01-20,email14646@domain.com,6153,forced,0
1787,2022-05-02,email12406@domain.com,4582,automatic,1
8234,2021-11-24,email2289@domain.com,3000,forced,1
2965,2021-10-08,email3978@domain.com,4379,default,0
8855,2021-10-04,email11263@domain.com,5434,default,0
5743,2021-10-07,email7043@domain.com,1995,default,0
6683,2022-04-06,email13140@domain.com,2430,default,0
1977,2022-04-04,email308@domain.es,1663,default,0
9842,2022-03-01,email2591@domain.com,5540,default,0
7273,2021-11-03,email471@domain.com,8292,default,0
9299,2021-08-04,email291@domain.uk,7968,default,0
4864,2022-03-07,email8062@domain.com,8592,default,1
58,2021-09-22,email3201@domain.it,7705,default,0
2870,2021-10-24,email26570@domain.es,4407,default,0
6200,2022-04-25,email6296@domain.it,1634,default,1
8038,2021-08-03,email18915@domain.es,5278,default,0
3613,2021-10-31,email957@domain.com,2567,default,0
1531,2022-05-06,email4697@domain.com,2422,automatic,0
9130,2022-03-13,email255@domain.com,6721,default,0
6192,2022-02-13,email1249@domain.com,3712,default,0
3729,2022-02-28,email6875@domain.es,7754,default,1
1875,2021-11-16,email9114@domain.uk,2263,default,1
7897,2022-04-08,email1642@domain.it,2062,default,0
7920,2021-07-27,email4752@domain.com,750,default,0
7738,2021-07-03,email13634@domain.com,3772,forced,1
9937,2022-06-11,email1460@domain.com,7875,default,0
2268,2022-04-08,email8691@domain.com,4167,default,0
8238,2021-09-24,email3362@domain.com,3341,automatic,0
7981,2022-06-17,email15643@domain.com,5815,default,0
256,2021-09-02,email1013@domain.com,3079,automatic,0
7188,2021-11-11,email23279@domain.com,3993,default,0
3295,2022-01-30,email1233@domain.com,8177,automatic,0
1337,2021-09-26,email4747@domain.com,7190,default,0
8962,2021-09-25,email2785@domain.com,6652,default,0
6566,2021-11-22,email26941@domain.it,959,default,0
5573,2021-11-08,email4809@domain.uk,6087,automatic,0
7982,2022-04-22,email5055@domain.com,5900,automatic,0
664,2022-06-09,email6768@domain.com,445,forced,0
5576,2021-07-11,email14370@domain.it,5385,default,0
3744,2022-02-14,email4007@domain.com,7847,default,0
8895,2021-07-12,email2309@domain.com,3549,default,0
135,2021-07-21,email2146@domain.it,6165,automatic,0
8298,2021-08-17,email434@domain.es,4748,automatic,0
4828,2021-10-07,email8329@domain.com,6646,forced,0
3143,2021-10-23,email24334@domain.uk,7761,automatic,0
7608,2022-04-18,email11716@domain.it,5597,default,0
9422,2021-12-21,email12747@domain.com,3501,forced,0
6443,2022-06-07,email8765@domain.es,6944,default,0
5620,2022-02-10,email3409@domain.es,3613,default,0
7326,2022-05-15,email7338@domain.it,2810,default,0
8188,2021-12-03,email9453@domain.es,1804,default,1
7405,2021-08-22,email8754@domain.it,6547,default,0
9885,2022-03-07,email12276@domain.es,7089,default,0
9784,2021-11-08,email33725@domain.com,6251,default,0
207,2022-05-03,email8989@domain.com,8021,default,0
3445,2021-10-26,email5877@domain.com,28,default,0
9689,2021-10-20,email15848@domain.it,1398,default,0
943,2021-12-08,email8446@domain.es,6762,default,0
1379,2022-06-06,email28940@domain.es,4808,automatic,0
7481,2021-12-07,email16104@domain.it,7085,default,0
8264,2022-04-13,email4570@domain.it,654,automatic,0
5839,2021-07-29,email6260@domain.uk,650,default,1
6682,2022-04-06,email8145@domain.com,2430,default,0
2058,2022-03-06,email21175@domain.it,79,default,0
9946,2022-06-29,email28913@domain.it,394,automatic,1
4020,2021-07-20,email5236@domain.com,2427,default,0
7206,2021-10-18,email42601@domain.it,31,automatic,0
4601,2021-10-07,email8344@domain.it,4195,default,0
1120,2021-07-08,email6605@domain.it,8490,default,0
2145,2022-05-15,email3585@domain.com,3667,forced,1
4596,2021-07-21,email12227@domain.com,2194,forced,1
1839,2021-07-01,email20882@domain.com,7773,default,0
2368,2022-04-08,email72342@domain.it,2573,default,0
850,2021-10-26,email5652@domain.it,1671,default,0
4612,2021-08-02,email16229@domain.com,3281,default,1
8513,2022-01-05,email18491@domain.com,1972,forced,0
9214,2021-09-24,email19369@domain.it,3925,default,0
7119,2022-06-15,email2229@domain.it,2548,default,0
124,2022-04-06,email5525@domain.it,879,automatic,0
8363,2021-10-06,email18372@domain.com,6284,default,0
9912,2022-05-11,email13342@domain.com,2134,default,0
5886,2021-08-05,email750@domain.it,1009,default,0
9199,2021-08-10,email6267@domain.com,4884,forced,0
2366,2022-04-08,email2133@domain.it,2573,default,0
8589,2022-01-04,email3436@domain.it,3292,default,1
771,2022-06-20,email14099@domain.es,4115,automatic,0
6589,2022-02-07,email4266@domain.com,6556,default,0
7466,2022-02-05,email12985@domain.es,4747,automatic,0
7892,2021-09-03,email34168@domain.uk,1135,automatic,0
1404,2021-09-30,email78@domain.it,4403,automatic,0
2919,2021-10-09,email17332@domain.com,5265,forced,0
5299,2021-09-17,email7146@domain.com,8472,default,0
9542,2022-03-11,email1747@domain.es,3205,automatic,0
2759,2022-02-28,email13183@domain.uk,4087,forced,0
4437,2021-07-21,email67@domain.it,3485,default,0
9453,2021-07-25,email8028@domain.uk,7667,default,0
7334,2021-11-26,email4420@domain.uk,6237,default,0
4232,2021-09-20,email406@domain.it,1409,automatic,0
8867,2021-11-15,email17651@domain.com,8541,automatic,1
2746,2022-02-28,email5334@domain.com,4653,forced,1
7850,2021-11-12,email5716@domain.uk,5715,default,0
952,2022-06-17,email2890@domain.it,4885,default,0
9376,2021-10-21,email17982@domain.it,519,default,0
824,2022-04-30,email9144@domain.it,213,default,0
8043,2021-07-17,email3358@domain.es,585,default,0
604,2021-10-18,email36752@domain.com,8337,default,0
2668,2021-09-04,email10714@domain.es,7753,default,0
4912,2021-07-18,email16591@domain.com,173,default,0
5389,2021-10-26,email15656@domain.uk,7029,forced,0
9675,2022-06-22,email2741@domain.it,7128,default,0
871,2022-01-05,email32316@domain.uk,8401,default,0
6182,2021-10-24,email3975@domain.uk,7794,default,0
361,2022-02-20,email14679@domain.it,3828,default,0
5072,2021-09-02,email19984@domain.com,3097,default,0
9317,2021-11-02,email185@domain.com,4035,automatic,0
1991,2021-07-18,email8468@domain.it,367,forced,0
42,2022-01-22,email1569@domain.uk,2515,default,0
5109,2022-05-05,email10980@domain.it,80,default,1
6961,2021-09-12,email8866@domain.es,7634,default,0
1821,2021-12-28,email378@domain.it,3784,default,0
3466,2022-01-09,email16253@domain.com,8170,forced,0
241,2022-02-07,email630@domain.com,1560,automatic,0
6096,2021-11-06,email17094@domain.es,2865,default,0
4626,2022-01-06,email3004@domain.uk,4577,default,1
2431,2022-04-27,email9032@domain.uk,6248,default,0
7348,2021-12-15,email9264@domain.com,300,default,0
9045,2021-12-10,email20790@domain.it,5993,automatic,0
8341,2021-08-15,email18311@domain.com,1706,default,0
7074,2022-02-02,email3166@domain.com,4740,default,0
6688,2022-06-16,email433@domain.com,4133,default,0
4014,2022-01-17,email4054@domain.com,4193,default,0
9264,2022-06-28,email23268@domain.com,3568,automatic,0
146,2021-07-05,email9930@domain.it,4284,default,1
1913,2021-08-08,email9799@domain.com,1950,default,0
2991,2022-06-29,email11627@domain.it,7602,default,1
8459,2021-09-01,email5526@domain.es,4081,automatic,0
584,2021-09-10,email15552@domain.com,2289,default,0
4037,2021-09-03,email28440@domain.com,6820,default,0
901,2022-02-02,email13448@domain.it,1250,default,0
6941,2021-08-22,email3178@domain.com,6818,default,0
4659,2021-11-11,email15303@domain.it,8482,default,0
4170,2022-01-15,email14393@domain.it,100,default,0
1514,2022-06-06,email5236@domain.es,71,default,0
7197,2021-08-01,email993@domain.com,4902,automatic,0
3138,2021-12-19,email4144@domain.com,7061,automatic,0
6505,2021-10-14,email8072@domain.it,7501,forced,0
3610,2022-03-29,email44884@domain.it,1988,forced,0
2582,2021-12-08,email3096@domain.it,4124,forced,0
1055,2021-10-22,email56@domain.com,5493,default,1
7425,2022-04-12,email7143@domain.uk,8027,default,0
1779,2022-02-25,email11517@domain.it,4489,default,0
8108,2021-07-02,email4497@domain.it,1287,default,0
4579,2022-04-06,email18618@domain.uk,407,default,0
3618,2021-12-02,email4919@domain.it,4179,default,0
6138,2022-06-13,email13313@domain.it,4587,automatic,0
1890,2021-10-23,email5028@domain.it,4161,forced,0
9952,2021-10-25,email9639@domain.uk,2951,default,0
9319,2022-02-17,email11432@domain.it,2975,default,1
9701,2022-04-12,email4308@domain.uk,1012,default,0
6939,2021-12-26,email4673@domain.it,7304,default,0
8651,2022-05-29,email59557@domain.com,4476,automatic,0
9215,2021-07-07,email9635@domain.it,397,default,0
6277,2021-09-27,email13626@domain.uk,4113,default,1
8903,2021-12-10,email14142@domain.com,5074,automatic,0
9665,2022-01-19,email1920@domain.com,2339,default,0
1980,2021-08-23,email30191@domain.es,7714,default,0
1846,2021-07-08,email5775@domain.uk,1904,automatic,0
9633,2021-08-27,email40979@domain.it,311,default,0
4853,2021-11-19,email3216@domain.com,2319,default,0
3580,2021-10-03,email10532@domain.es,6864,default,0
6885,2021-07-14,email9187@domain.com,7551,automatic,0
9622,2022-05-26,email11397@domain.it,617,forced,0
4019,2021-10-21,email3604@domain.uk,703,forced,0
300,2022-04-19,email2969@domain.uk,5172,default,0
9941,2021-09-17,email2800@domain.com,7838,automatic,0
6051,2022-02-11,email3977@domain.uk,6496,default,0
2255,2021-07-13,email7558@domain.it,8382,default,1
5001,2022-04-08,email1612@domain.com,3636,default,0
8637,2021-11-12,email4542@domain.uk,4882,forced,0
6996,2021-07-07,email27172@domain.com,3598,default,0
8105,2021-07-12,email256@domain.es,6915,default,0
9743,2022-06-20,email11800@domain.es,6883,automatic,0
2598,2022-01-22,email184@domain.es,363,default,1
814,2021-12-21,email18570@domain.com,369,default,0
5194,2022-01-28,email5323@domain.it,4931,default,0
7880,2022-02-13,email3932@domain.com,4970,default,0
2469,2021-11-03,email995@domain.it,599,default,1
2588,2021-10-01,email5651@domain.com,1087,forced,1
2673,2022-03-04,email923@domain.uk,4778,forced,0
6250,2021-08-08,email15328@domain.uk,1194,default,0
4086,2021-12-27,email33481@domain.it,2425,default,0
4075,2022-04-08,email3511@domain.uk,2688,default,0
7896,2022-04-08,email20040@domain.it,2062,default,0
173,2021-07-22,email25126@domain.uk,2536,default,0
6285,2022-03-07,email507@domain.it,2000,default,0
517,2022-06-15,email5043@domain.com,8316,forced,0
7814,2021-10-01,email4645@domain.com,188,default,1
9499,2021-10-24,email2915@domain.uk,4759,default,0
6992,2022-05-08,email10732@domain.es,8112,automatic,0
9718,2021-11-28,email17190@domain.es,657,forced,0
4706,2022-02-20,email7981@domain.com,2927,default,0
6083,2021-12-01,email15738@domain.it,4813,automatic,0
1343,2021-08-15,email1884@domain.it,4466,forced,0
4430,2021-07-16,email12923@domain.com,26,automatic,1
1978,2022-04-05,email44272@domain.es,1663,automatic,0
2387,2021-11-26,email8146@domain.es,8233,default,1
9619,2022-02-27,email17221@domain.it,6289,default,0
5371,2022-01-14,email9369@domain.uk,517,default,0
592,2021-11-29,email1568@domain.com,5049,default,0
3577,2022-01-10,email11348@domain.uk,7718,default,1
9015,2021-07-21,email3615@domain.uk,7482,default,0
9426,2021-11-05,email16204@domain.uk,5087,default,0
1659,2021-08-17,email4740@domain.com,7500,automatic,0
65,2022-03-01,email6047@domain.es,5444,default,0
8000,2021-10-06,email4070@domain.com,4547,default,0
3978,2022-05-02,email1720@domain.it,6123,default,0
3500,2021-12-08,email12122@domain.com,3623,default,0
597,2021-11-20,email13761@domain.com,1937,automatic,1
2290,2022-01-22,email36030@domain.uk,1390,default,0
4721,2021-07-18,email12558@domain.es,1122,forced,0
9576,2021-11-20,email15640@domain.com,2055,default,0
7627,2022-02-07,email841@domain.com,5,default,0
5047,2021-08-03,email8082@domain.it,1059,forced,1
8692,2021-10-06,email20931@domain.com,3219,default,1
6486,2021-09-09,email17241@domain.uk,3916,default,0
7706,2021-09-17,email9876@domain.com,579,default,0
7225,2021-12-16,email3103@domain.com,4972,default,0
7605,2021-10-18,email11852@domain.com,290,default,0
88,2022-04-07,email6336@domain.it,4184,default,0
8374,2021-10-06,email42968@domain.com,4712,default,0
2114,2021-12-07,email12648@domain.it,2065,default,0
4906,2022-01-06,email10402@domain.es,7857,default,0
5682,2021-08-18,email5208@domain.it,6469,default,0
8032,2021-07-04,email2822@domain.it,2904,default,0
5899,2021-09-06,email3472@domain.com,6150,default,0
8653,2021-12-23,email6765@domain.it,437,default,0
494,2022-05-02,email3924@domain.es,1532,default,0
854,2021-10-17,email18028@domain.it,7281,default,0
5060,2021-08-22,email10554@domain.it,4679,default,0
9055,2021-09-09,email288@domain.uk,6689,automatic,1
1880,2022-04-08,email21951@domain.uk,3383,default,1
2361,2021-10-15,email14189@domain.com,4657,default,0
1109,2021-10-29,email9106@domain.it,1601,automatic,0
8115,2022-02-20,email12882@domain.it,158,default,1
121,2021-07-25,email5314@domain.com,3735,forced,0
1526,2021-09-24,email11228@domain.com,3480,automatic,0
8607,2022-03-15,email978@domain.it,248,default,0
4566,2022-01-20,email7035@domain.uk,7039,forced,0
9586,2022-01-01,email2404@domain.com,4631,default,0
1987,2022-04-04,email3081@domain.uk,4749,default,0
7179,2022-02-12,email4529@domain.com,8371,default,0
3648,2022-06-02,email2357@domain.es,3937,default,0
9292,2022-04-01,email40233@domain.com,6178,default,1
6697,2021-11-06,email11054@domain.it,3225,default,1
9749,2021-11-08,email12036@domain.uk,1921,automatic,0
9367,2022-04-08,email2658@domain.com,5730,default,0
1820,2021-12-28,email7352@domain.it,3784,default,0
1551,2022-03-27,email10673@domain.it,7558,default,0
2099,2021-09-13,email841@domain.it,6905,default,0
3721,2021-10-11,email3359@domain.it,8165,default,0
1894,2022-02-23,email28568@domain.uk,2562,default,0
3558,2022-04-07,email956@domain.it,203,default,0
6653,2022-06-28,email2538@domain.com,1165,default,1
3385,2022-04-07,email7011@domain.uk,238,default,0
3205,2021-12-19,email1891@domain.com,5673,default,0
4262,2021-08-13,email1985@domain.com,5208,default,0
7303,2021-11-03,email6986@domain.com,3508,default,0
417,2021-12-27,email1717@domain.com,8271,default,0
4349,2021-10-22,email27010@domain.com,2992,automatic,0
954,2022-06-17,email9148@domain.it,4885,forced,1
957,2021-12-05,email24149@domain.uk,8580,default,0
9040,2022-05-08,email14988@domain.com,5708,automatic,1
4674,2022-05-04,email15308@domain.com,6111,default,0
7180,2021-12-09,email5383@domain.com,5970,default,0
9353,2022-03-27,email5667@domain.it,8095,default,0
6080,2021-11-25,email5442@domain.com,1957,default,0
9314,2021-09-17,email1054@domain.com,3875,default,0
37,2021-11-02,email25445@domain.es,2196,default,0
1354,2022-01-28,email8110@domain.com,3710,default,0
1811,2022-02-24,email93@domain.it,2792,automatic,0
4115,2021-12-08,email969@domain.it,7308,default,0
2992,2021-09-06,email6811@domain.it,1595,default,0
7851,2021-10-08,email5904@domain.es,4641,default,0
4520,2021-10-22,email3209@domain.com,4054,default,0
7787,2021-10-28,email997@domain.uk,6502,automatic,0
8280,2021-07-27,email5656@domain.com,4838,automatic,0
5,2022-06-28,email1088@domain.com,6598,forced,0
2872,2022-06-08,email15652@domain.uk,6576,default,1
6445,2022-06-01,email28286@domain.uk,389,default,0
862,2022-01-07,email133@domain.com,2344,default,0
1645,2021-12-21,email33455@domain.it,3442,default,0
2097,2022-04-21,email2696@domain.it,5583,default,0
6776,2022-03-04,email1667@domain.es,4555,default,0
6372,2021-11-04,email3212@domain.com,3608,default,0
6129,2021-09-19,email8640@domain.uk,6683,default,0
8874,2021-07-04,email8293@domain.it,1065,default,0
8646,2021-09-25,email5333@domain.uk,7681,default,0
674,2022-01-31,email27136@domain.com,8649,automatic,0
1806,2021-09-26,email20128@domain.it,1062,automatic,0
84,2021-12-14,email2180@domain.com,7538,automatic,0
696,2022-02-13,email14858@domain.uk,4991,default,0
8060,2021-10-20,email15160@domain.com,2239,default,0
2421,2021-09-14,email15413@domain.it,1651,default,0
6464,2022-06-20,email18156@domain.com,2096,default,0
6899,2021-07-25,email2139@domain.it,1570,default,0
8604,2021-09-26,email2026@domain.com,6874,automatic,0
5284,2021-09-15,email9457@domain.uk,4733,default,1
2525,2021-11-03,email11483@domain.com,7496,default,0
6503,2021-08-23,email24146@domain.com,7116,default,0
8832,2022-06-06,email5560@domain.com,4496,default,0
9906,2021-09-17,email6408@domain.uk,4680,default,0
9312,2022-04-23,email15665@domain.it,5228,default,0
3388,2021-12-10,email25103@domain.com,895,automatic,0
8423,2022-05-16,email9009@domain.com,5478,default,0
8260,2022-03-07,email225@domain.it,5345,default,0
1961,2021-08-27,email2733@domain.it,2410,automatic,0
6424,2022-04-08,email20644@domain.it,8045,default,1
3910,2021-10-06,email8447@domain.com,8100,automatic,0
8270,2021-09-09,email12182@domain.uk,4214,automatic,0
2006,2021-11-03,email20822@domain.uk,3018,default,0
4435,2021-09-30,email2808@domain.com,6779,default,1
8140,2022-01-28,email17337@domain.uk,509,default,0
1667,2021-11-06,email1305@domain.it,7225,default,0
6234,2022-02-25,email7206@domain.com,8626,automatic,1
9235,2022-05-15,email5044@domain.com,7525,forced,0
4451,2021-09-29,email25745@domain.it,8014,default,0
5633,2022-01-07,email7198@domain.it,898,default,0
7823,2021-07-11,email2533@domain.es,6352,automatic,0
6699,2021-07-13,email120@domain.uk,5549,default,0
1102,2021-08-06,email149@domain.es,8373,default,0
1406,2022-05-27,email8738@domain.it,3637,default,0
2881,2021-07-10,email6730@domain.com,4069,default,0
7796,2021-07-21,email13209@domain.it,5507,default,0
1565,2021-09-18,email960@domain.it,2295,automatic,0
7779,2021-07-26,email832@domain.es,5659,automatic,0
6434,2022-05-20,email3368@domain.es,8050,default,0
8986,2022-05-31,email23224@domain.uk,1106,default,0
3473,2021-08-12,email2427@domain.it,947,automatic,0
4493,2021-09-25,email5338@domain.com,3402,automatic,0
380,2022-02-28,email3234@domain.com,8281,automatic,0
5285,2022-06-09,email1542@domain.es,1163,default,0
528,2021-11-20,email6819@domain.com,2324,default,0
8310,2021-07-17,email6890@domain.uk,1290,automatic,0
3333,2021-12-29,email1497@domain.it,401,automatic,0
4639,2022-01-08,email9022@domain.com,5304,default,0
3694,2021-11-12,email296@domain.it,6143,automatic,0
8879,2021-11-03,email27947@domain.com,4649,default,1
937,2021-07-27,email6127@domain.com,3256,default,0
3194,2022-05-18,email21713@domain.it,7111,default,0
1716,2021-12-14,email1899@domain.com,2613,automatic,0
9765,2022-03-22,email28018@domain.com,6570,automatic,0
5759,2022-06-01,email1598@domain.com,5999,default,0
9306,2021-08-02,email2408@domain.com,1561,default,0
6506,2021-12-29,email17429@domain.com,1322,automatic,0
3082,2021-07-18,email664@domain.com,3416,automatic,0
6495,2021-11-16,email556@domain.it,4339,default,0
329,2022-04-04,email3516@domain.com,2438,default,1
3743,2022-01-10,email1467@domain.it,7147,default,0
1767,2022-02-28,email3962@domain.it,5357,forced,1
8026,2022-01-10,email15464@domain.com,1235,default,0
4157,2021-09-16,email7324@domain.es,20,default,0
4124,2022-02-11,email17411@domain.uk,6738,default,0
7690,2021-11-02,email22232@domain.es,6035,default,0
8267,2021-12-29,email3527@domain.com,5492,automatic,0
7819,2021-11-19,email4906@domain.com,4147,default,0
5826,2021-11-02,email13446@domain.com,7601,automatic,0
3482,2022-01-20,email13144@domain.it,4979,default,0
8446,2021-08-27,email8122@domain.com,7658,default,0
337,2021-11-08,email10680@domain.uk,754,default,0
4928,2021-08-03,email11052@domain.it,3907,default,0
2556,2021-07-20,email11011@domain.com,3978,default,0
3411,2022-04-08,email21439@domain.it,1485,default,0
2941,2021-11-24,email8917@domain.it,6902,forced,0
1296,2021-09-11,email37195@domain.uk,5378,forced,0
1953,2021-07-21,email5986@domain.com,2322,default,0
9697,2022-01-01,email1668@domain.uk,201,default,0
6249,2022-05-23,email153@domain.com,1982,default,0
9206,2021-09-11,email12307@domain.com,7686,default,0
1755,2021-10-19,email8183@domain.com,8265,automatic,0
7136,2021-12-15,email33670@domain.it,1081,default,1
8756,2021-09-24,email323@domain.com,2156,default,0
2931,2022-01-14,email15586@domain.com,8029,automatic,1
8391,2021-12-03,email11680@domain.com,7018,default,0
6471,2022-03-28,email17692@domain.com,1270,default,0
5108,2022-05-12,email5500@domain.it,80,automatic,0
5025,2021-09-08,email11809@domain.uk,1518,default,0
6068,2022-04-24,email1840@domain.it,7237,default,0
5585,2021-10-25,email9230@domain.com,3314,default,0
8171,2021-07-12,email31340@domain.es,7975,default,0
7893,2022-03-09,email1843@domain.uk,4300,default,1
936,2022-01-21,email10790@domain.com,4477,default,0
7125,2022-05-17,email23796@domain.com,903,default,0
4591,2021-10-26,email37962@domain.com,1545,default,0
2683,2022-04-07,email10854@domain.it,4794,default,0
238,2022-05-01,email3206@domain.it,7091,default,0
5964,2021-11-03,email19963@domain.com,8534,forced,0
189,2021-10-02,email16750@domain.it,8488,default,0
8068,2021-10-18,email31331@domain.com,1575,default,1
6815,2022-04-08,email14003@domain.com,1312,default,0
5986,2021-08-15,email9189@domain.it,5825,automatic,0
5872,2021-08-09,email1812@domain.es,3479,default,1
3275,2021-11-02,email30662@domain.it,5107,automatic,0
7595,2021-09-16,email7360@domain.it,23,default,0
2465,2021-07-14,email37@domain.com,2154,default,0
7671,2021-12-06,email1393@domain.com,6967,default,0
8133,2022-06-16,email13738@domain.com,4591,automatic,0
4955,2021-12-10,email42441@domain.com,5579,default,0
9396,2022-05-12,email12593@domain.it,3028,default,0
4360,2021-08-04,email6340@domain.com,6163,default,0
195,2022-02-28,email2555@domain.com,182,automatic,0
9254,2021-10-10,email21236@domain.it,5211,automatic,0
3805,2021-08-12,email839@domain.com,1723,default,0
6214,2021-08-08,email22651@domain.com,7571,default,0
2445,2022-01-01,email20296@domain.it,8088,forced,0
453,2022-06-06,email2760@domain.com,5483,default,0
7394,2021-08-26,email8075@domain.it,7529,automatic,0
6765,2022-06-22,email991@domain.it,6071,default,0
7837,2022-02-23,email26780@domain.it,1878,default,0
4594,2022-05-04,email21143@domain.it,6494,automatic,0
9115,2022-04-25,email876@domain.es,5881,default,0
8293,2022-03-13,email7411@domain.uk,1208,default,0
6552,2022-06-26,email23312@domain.uk,7887,default,0
8215,2021-10-15,email1801@domain.com,6119,default,0
7008,2021-08-31,email5281@domain.com,6651,forced,0
8161,2021-12-12,email11196@domain.uk,1507,default,0
8325,2021-08-02,email20006@domain.com,1328,automatic,0
6462,2021-10-21,email2955@domain.com,3147,default,0
7370,2021-07-24,email11809@domain.com,4200,automatic,0
3184,2022-03-09,email4221@domain.uk,154,forced,0
523,2021-09-14,email7899@domain.com,3422,default,1
8406,2022-06-21,email10083@domain.com,8306,default,0
4760,2022-01-26,email15513@domain.es,6593,default,0
9134,2022-06-07,email5054@domain.it,6223,forced,0
9007,2021-07-18,email2996@domain.com,5667,automatic,0
1183,2022-02-10,email1777@domain.com,3906,automatic,0
5688,2021-09-18,email9400@domain.uk,3708,default,0
6070,2022-01-19,email5714@domain.uk,8096,default,0
7132,2022-04-15,email16697@domain.it,3669,default,0
8714,2022-01-15,email12662@domain.it,3783,default,0
3438,2021-11-24,email3075@domain.it,7041,default,1
8629,2022-01-09,email19765@domain.it,4532,automatic,1
7618,2022-06-28,email18520@domain.uk,1648,default,0
6180,2022-02-21,email100@domain.es,7589,automatic,0
7644,2021-11-08,email8463@domain.it,2332,default,1
5093,2021-11-01,email7574@domain.com,403,forced,0
9856,2021-12-01,email7270@domain.it,6081,default,0
298,2021-09-29,email5229@domain.uk,3024,forced,0
8884,2021-10-10,email50@domain.es,5371,default,0
457,2022-06-04,email4658@domain.es,6558,default,0
5183,2021-07-13,email10651@domain.it,334,default,0
8205,2022-03-17,email19125@domain.it,1666,default,0
6353,2021-11-05,email1574@domain.com,5001,automatic,0
1558,2022-05-06,email1404@domain.com,2,default,0
2843,2022-04-06,email4178@domain.es,2117,default,0
5859,2021-07-22,email5761@domain.es,7772,default,0
9352,2021-08-03,email11402@domain.it,1124,default,0
2573,2021-09-08,email11367@domain.uk,2466,default,0
8608,2022-06-10,email53279@domain.com,5697,default,1
4481,2021-11-01,email17333@domain.it,684,default,0
9261,2021-12-23,email17766@domain.es,7152,forced,0
6168,2021-09-26,email11264@domain.com,5802,automatic,1
7281,2021-08-04,email47233@domain.it,4356,automatic,1
7949,2021-07-25,email1262@domain.it,3175,default,0
2950,2021-10-06,email976@domain.com,1213,default,0
504,2022-01-01,email10317@domain.com,5043,default,0
9328,2022-06-29,email14268@domain.com,2557,default,0
5266,2022-05-15,email8146@domain.it,3692,forced,0
9057,2021-07-25,email1438@domain.it,789,default,0
8828,2021-07-25,email142@domain.com,4718,forced,0
4795,2021-07-04,email4105@domain.com,795,automatic,0
5458,2022-04-19,email4715@domain.com,6538,default,1
1562,2022-04-08,email7444@domain.it,2225,default,0
1656,2022-04-06,email2739@domain.it,1739,forced,1
714,2022-05-13,email2047@domain.uk,592,default,0
8129,2022-01-17,email27642@domain.com,729,default,0
4891,2021-12-28,email10053@domain.com,6221,forced,0
7518,2021-09-30,email10756@domain.com,8335,forced,0
4824,2021-08-19,email9396@domain.it,7494,forced,0
3121,2022-05-06,email3791@domain.com,8606,default,1
6745,2021-08-15,email30893@domain.it,4121,default,0
9008,2021-07-18,email8247@domain.com,5667,default,0
7013,2022-04-22,email11555@domain.uk,3085,automatic,0
828,2021-10-02,email15557@domain.it,1079,automatic,0
9661,2022-01-28,email27606@domain.com,5957,default,0
4339,2021-11-30,email3462@domain.com,3251,default,0
5968,2022-04-08,email37@domain.es,2176,default,0
3053,2021-08-16,email6063@domain.it,423,default,0
4220,2022-04-06,email21157@domain.com,4112,automatic,0
2721,2022-01-15,email4858@domain.com,3823,default,0
2710,2022-03-31,email4793@domain.it,8383,default,0
9033,2022-05-05,email415@domain.com,4074,default,0
3135,2021-10-19,email8381@domain.com,6704,automatic,0
9519,2021-11-20,email3871@domain.com,892,forced,1
5526,2022-06-22,email10930@domain.com,1908,default,0
9973,2021-09-19,email5842@domain.es,240,default,0
5133,2022-02-03,email5520@domain.com,953,automatic,0
9136,2022-01-31,email4809@domain.com,6228,default,0
6907,2021-07-11,email4875@domain.it,5580,forced,0
4627,2021-09-08,email762@domain.com,7710,forced,0
4290,2021-07-04,email4748@domain.uk,4077,automatic,0
8894,2022-06-10,email33876@domain.uk,6105,default,1
5436,2021-07-11,email24349@domain.uk,2147,default,0
8900,2021-09-12,email14280@domain.com,2740,automatic,0
1568,2022-05-06,email414@domain.it,1441,default,0
1744,2021-12-09,email5072@domain.com,7837,default,0
9455,2021-08-10,email1144@domain.com,7351,automatic,0
5524,2022-03-26,email15330@domain.it,4876,default,0
1310,2021-07-11,email15675@domain.com,506,default,1
776,2021-11-17,email9326@domain.es,1814,default,0
9589,2022-01-26,email2701@domain.es,7607,automatic,0
4384,2022-03-14,email6385@domain.it,2891,default,0
6916,2021-08-12,email1243@domain.it,4059,forced,0
6037,2022-01-29,email26115@domain.com,5174,default,0
86,2022-04-14,email1489@domain.com,476,default,0
6997,2022-04-09,email23956@domain.it,7526,forced,0
9088,2022-03-26,email14441@domain.com,5791,automatic,0
6748,2021-08-23,email2106@domain.it,1857,default,0
6897,2022-04-06,email35850@domain.es,5515,default,0
737,2022-05-07,email4172@domain.it,5545,default,0
4924,2022-02-09,email6019@domain.com,8032,default,0
4123,2022-01-07,email8468@domain.it,891,default,1
147,2022-06-10,email908@domain.com,4753,default,0
9420,2021-08-13,email607@domain.uk,2472,default,0
4354,2021-11-15,email3598@domain.it,434,default,0
5230,2021-07-29,email9798@domain.uk,7454,default,0
6336,2021-12-04,email4780@domain.com,3254,default,0
5454,2021-07-30,email18413@domain.es,6179,default,0
7182,2021-08-13,email2627@domain.com,2250,default,1
9657,2021-11-27,email1884@domain.uk,7679,default,1
6779,2021-09-12,email8164@domain.com,715,default,1
8550,2022-03-03,email8464@domain.com,98,default,0
4574,2021-10-19,email1442@domain.uk,823,default,0
2716,2022-03-04,email13986@domain.uk,8625,forced,0
2434,2021-12-14,email1552@domain.es,2362,default,0
6321,2021-09-05,email40196@domain.es,4433,default,0
7635,2021-08-23,email11731@domain.it,3123,default,0
3079,2021-11-13,email15908@domain.com,6626,default,0
9180,2021-07-25,email28502@domain.it,6374,default,0
7485,2021-11-13,email19562@domain.com,6890,default,0
6455,2022-04-30,email8063@domain.es,6497,default,0
9324,2021-09-11,email1364@domain.com,235,default,0
9239,2022-05-19,email2703@domain.it,3969,default,0
1710,2021-09-11,email16238@domain.es,1604,forced,0
1093,2022-02-21,email7036@domain.com,2462,default,0
2616,2021-09-25,email7531@domain.com,7354,default,0
8735,2021-07-18,email4634@domain.com,3030,default,0
1803,2021-09-09,email9@domain.com,6962,automatic,0
4021,2021-10-06,email1170@domain.es,6025,default,0
160,2021-08-19,email16856@domain.it,5551,default,0
4331,2021-12-21,email5964@domain.uk,3661,forced,0
9037,2021-10-27,email8412@domain.com,8238,default,0
3886,2022-02-25,email13236@domain.com,885,default,0
301,2021-10-28,email8578@domain.es,2503,default,1
3687,2021-10-12,email44849@domain.it,1770,default,0
8545,2021-07-27,email4063@domain.it,5512,default,0
2109,2022-05-06,email453@domain.com,1939,default,0
149,2022-03-22,email17589@domain.es,8513,default,0
5958,2021-10-07,email1756@domain.com,383,default,0
4916,2021-11-14,email5000@domain.es,6656,forced,0
4105,2021-10-10,email2233@domain.it,3010,default,0
6813,2021-11-17,email16531@domain.uk,6621,default,1
2850,2021-07-15,email2298@domain.uk,7063,default,1
7524,2021-11-02,email2004@domain.com,2092,default,0
3800,2022-04-06,email6882@domain.com,6845,automatic,0
2180,2021-08-06,email8634@domain.com,8118,default,0
9970,2021-09-09,email7517@domain.com,4389,default,0
2212,2022-06-29,email9064@domain.com,6376,forced,0
3813,2021-07-21,email2561@domain.com,8578,automatic,0
7555,2022-04-06,email1538@domain.com,3683,automatic,0
546,2022-06-09,email7324@domain.com,5258,automatic,0
3405,2021-09-08,email4851@domain.it,3560,default,0
1809,2022-06-04,email6541@domain.com,845,default,0
8466,2021-08-08,email6776@domain.es,2546,default,1
1630,2022-02-27,email12726@domain.it,318,default,0
7261,2022-02-10,email5120@domain.it,5104,default,0
7184,2021-09-09,email3245@domain.com,2250,default,0
2720,2021-08-09,email68@domain.uk,1863,default,0
8911,2021-10-01,email65@domain.es,1787,default,0
4723,2021-09-04,email5739@domain.uk,7197,default,0
4424,2021-09-24,email13555@domain.uk,1285,default,0
3777,2022-04-07,email19415@domain.com,1810,automatic,0
6310,2022-01-29,email2934@domain.es,12,default,0
6989,2022-01-20,email15959@domain.uk,7485,default,0
3491,2022-04-22,email29639@domain.it,4941,default,0
6726,2022-05-08,email4168@domain.com,6970,automatic,0
4787,2021-09-24,email9144@domain.it,5923,default,0
4282,2021-08-26,email7631@domain.es,7183,automatic,0
8150,2021-08-08,email1236@domain.it,8127,default,1
1013,2022-01-09,email15051@domain.it,4347,default,0
8652,2022-05-31,email6298@domain.es,2590,default,0
8702,2022-06-22,email1252@domain.it,695,default,0
6914,2022-04-12,email4225@domain.com,4940,default,0
4765,2021-12-16,email19930@domain.it,6622,default,0
4507,2021-10-02,email24646@domain.com,8496,default,0
2940,2022-05-15,email17616@domain.uk,2528,default,0
6346,2021-11-18,email10715@domain.uk,5642,default,0
2066,2021-10-01,email1675@domain.es,8037,automatic,0
5921,2022-03-06,email42629@domain.it,1712,default,0
7630,2022-03-02,email38196@domain.uk,1775,default,0
6522,2022-05-10,email15750@domain.it,3947,default,0
8532,2022-02-05,email1745@domain.com,2390,forced,0
617,2022-06-29,email2808@domain.it,603,default,0
6125,2022-04-01,email5226@domain.es,7072,default,0
1218,2021-07-08,email11238@domain.com,3908,default,0
4813,2022-01-16,email24848@domain.uk,4545,default,0
8103,2021-11-13,email50120@domain.com,3372,default,0
6778,2022-06-07,email8327@domain.es,5417,default,0
9833,2021-07-21,email14335@domain.com,1305,automatic,0
1028,2021-12-03,email9782@domain.uk,794,forced,0
2276,2021-11-14,email11540@domain.it,8196,automatic,0
3277,2022-04-16,email4921@domain.es,5299,default,0
1893,2021-09-16,email14272@domain.it,7016,automatic,0
421,2022-01-09,email183@domain.it,2522,default,0
4790,2021-08-17,email5219@domain.com,1204,default,0
1205,2021-09-30,email2316@domain.com,5897,default,1
1498,2022-01-24,email8982@domain.uk,3601,automatic,0
7720,2022-03-21,email9096@domain.uk,3754,default,0
8005,2021-07-28,email6778@domain.it,5199,default,0
5771,2022-01-23,email16326@domain.es,8224,default,0
2789,2022-06-01,email8611@domain.es,7672,default,0
9826,2021-08-14,email17458@domain.it,1565,default,0
4937,2022-01-05,email4443@domain.it,7588,automatic,0
8976,2022-05-09,email1810@domain.uk,2205,default,0
8173,2022-06-06,email3642@domain.es,7785,default,0
7780,2022-03-17,email679@domain.it,7297,default,0
7097,2022-03-21,email4422@domain.es,1867,automatic,0
3947,2021-09-09,email1950@domain.com,4110,forced,0
2635,2022-04-07,email2510@domain.uk,1535,default,0
9849,2022-06-10,email9870@domain.es,4079,automatic,0
8929,2021-10-12,email1823@domain.it,5797,default,0
5479,2021-09-18,email3427@domain.com,3965,default,0
9132,2022-05-22,email1484@domain.it,8119,default,0
1287,2022-04-16,email2310@domain.it,832,default,0
6917,2021-10-17,email28147@domain.com,745,default,0
6419,2022-02-05,email7995@domain.com,945,automatic,0
2381,2021-07-11,email77@domain.it,3229,default,0
6145,2021-11-10,email298@domain.com,1351,default,0
1131,2021-07-11,email27283@domain.com,7169,default,0
1103,2021-10-28,email47405@domain.com,634,default,0
8868,2021-09-15,email57@domain.it,8548,default,0
3504,2021-11-20,email16331@domain.com,7708,default,0
3173,2022-01-14,email118@domain.uk,6296,default,0
4251,2022-04-07,email2085@domain.it,470,default,0
9889,2022-01-06,email13179@domain.uk,1608,automatic,1
3781,2022-06-03,email18365@domain.es,4645,default,0
3110,2021-10-01,email484@domain.uk,6322,default,0
7243,2021-07-02,email61@domain.it,837,default,0
3821,2021-09-28,email5477@domain.it,4068,default,0
3985,2021-11-05,email26816@domain.it,1631,default,0
8796,2022-01-27,email1046@domain.uk,5445,default,0
1191,2021-10-03,email33055@domain.it,1728,forced,0
1267,2022-01-26,email1725@domain.uk,1764,forced,0
475,2021-07-09,email20132@domain.uk,6811,default,0
7566,2022-06-24,email7757@domain.com,7327,default,0
4294,2022-06-26,email4527@domain.com,7741,default,0
9347,2022-04-10,email2080@domain.es,5305,default,0
9470,2022-06-03,email35@domain.uk,4898,default,0
9897,2021-08-15,email28039@domain.com,4285,default,0
356,2021-12-10,email28689@domain.com,419,default,0
1260,2021-11-27,email13128@domain.it,333,default,0
4843,2022-05-04,email19754@domain.uk,4349,automatic,0
5042,2022-01-22,email18777@domain.com,7210,automatic,1
658,2021-07-12,email31994@domain.uk,890,default,0
3400,2022-02-28,email4441@domain.es,8670,automatic,0
2129,2021-08-12,email5320@domain.it,1542,default,0
4318,2021-12-10,email26271@domain.com,2335,automatic,0
8042,2021-07-17,email9135@domain.es,585,default,0
7536,2021-10-07,email7736@domain.uk,6927,automatic,0
4302,2022-04-22,email775@domain.com,5106,default,0
3448,2022-03-25,email1677@domain.it,3820,automatic,0
5354,2021-07-27,email20707@domain.it,174,default,0
6124,2022-06-29,email14369@domain.com,6784,default,1
3650,2022-04-06,email3194@domain.it,1166,forced,0
3595,2021-10-23,email10828@domain.com,944,default,0
60,2022-01-21,email7474@domain.com,6980,default,0
4669,2021-09-11,email7690@domain.uk,1518,default,1
9311,2021-08-26,email1924@domain.com,6695,automatic,0
8074,2021-08-31,email84@domain.com,3343,automatic,1
9021,2021-08-01,email8521@domain.com,3565,default,0
3785,2021-09-18,email517@domain.com,1768,forced,1
1662,2022-05-11,email10815@domain.es,2315,default,0
8964,2022-01-31,email15041@domain.uk,1400,default,0
7364,2021-08-24,email12009@domain.it,6757,default,0
5960,2022-04-26,email5040@domain.uk,5429,automatic,0
3563,2022-01-20,email2575@domain.uk,7699,automatic,0
748,2021-10-29,email12987@domain.com,1685,default,0
2783,2022-04-25,email9422@domain.es,8340,default,0
2559,2022-01-14,email87@domain.it,8157,forced,0
6772,2022-06-07,email11631@domain.it,3597,automatic,0
2377,2022-06-13,email1523@domain.uk,5710,default,0
6385,2022-04-08,email2432@domain.es,3113,default,0
7265,2022-01-13,email14147@domain.com,862,default,0
7304,2021-09-16,email19282@domain.it,2016,default,0
2820,2021-11-24,email9322@domain.com,7569,default,0
2672,2022-05-17,email8051@domain.com,41,automatic,1
5145,2022-05-11,email15037@domain.it,5832,default,0
8605,2021-08-12,email355@domain.com,1691,default,1
7127,2021-10-25,email22285@domain.es,3252,automatic,1
9445,2022-02-10,email4278@domain.it,6667,automatic,0
9289,2022-06-06,email19089@domain.it,919,default,0
5919,2022-06-06,email35332@domain.es,6019,default,0
4401,2021-08-22,email886@domain.com,2346,default,0
8793,2022-04-06,email10027@domain.uk,8634,default,0
2614,2022-01-28,email5405@domain.com,819,automatic,0
3904,2022-03-08,email16464@domain.it,1389,default,0
5030,2021-09-26,email18124@domain.com,6506,default,0
3605,2021-10-27,email12620@domain.it,3423,default,0
9790,2021-09-05,email1275@domain.it,7017,default,0
412,2022-04-04,email24780@domain.it,4549,automatic,0
3999,2022-05-12,email378@domain.it,1438,default,0
1198,2021-11-16,email16462@domain.it,4418,default,0
582,2022-01-10,email10046@domain.it,6697,default,0
796,2022-06-18,email35283@domain.com,35,default,0
7012,2021-08-08,email8938@domain.com,6739,default,0
9876,2022-05-19,email7454@domain.com,6401,default,0
1522,2021-12-29,email15715@domain.it,5114,default,0
9914,2022-05-17,email63554@domain.com,595,default,1
8469,2022-05-15,email5265@domain.com,3212,forced,0
1699,2021-12-07,email2478@domain.es,1741,forced,0
4547,2022-03-14,email2132@domain.uk,1971,default,0
1335,2021-10-21,email7002@domain.it,1825,automatic,1
1860,2021-10-28,email6519@domain.uk,994,default,0
2806,2022-03-08,email28691@domain.it,4794,default,0
1029,2022-02-07,email5580@domain.com,3717,default,0
8782,2022-02-05,email13882@domain.it,8072,default,0
6987,2022-06-30,email40091@domain.it,5420,default,0
1573,2021-10-26,email23364@domain.it,3573,default,0
9710,2021-11-03,email1213@domain.it,2106,default,0
7631,2021-11-19,email1040@domain.com,6159,forced,0
2208,2021-08-13,email6154@domain.it,4141,default,0
4004,2022-05-27,email6205@domain.com,8272,default,0
4144,2022-04-06,email7198@domain.es,5269,default,0
5471,2022-04-18,email7319@domain.es,1731,default,0
638,2022-01-10,email13292@domain.it,7151,default,0
7586,2021-09-04,email8669@domain.it,7886,automatic,0
6447,2022-04-04,email2535@domain.com,969,automatic,0
3436,2022-04-06,email7713@domain.es,7603,automatic,0
3282,2021-09-09,email5828@domain.uk,1453,default,1
1461,2022-04-16,email26350@domain.it,4619,default,0
2098,2022-04-03,email5852@domain.it,1714,default,0
5024,2021-09-11,email6229@domain.uk,1518,default,0
9975,2021-10-02,email4820@domain.com,5789,default,0
3370,2021-09-15,email9882@domain.it,1629,default,1
7067,2022-01-18,email14095@domain.com,6513,automatic,0
1973,2021-09-02,email21488@domain.com,4765,default,0
7302,2021-11-12,email24543@domain.it,6950,default,0
1605,2021-09-30,email13178@domain.it,966,default,0
2376,2021-11-25,email11294@domain.it,8158,default,0
9309,2021-12-20,email3463@domain.es,6616,default,0
2751,2021-11-21,email3041@domain.com,7917,default,0
5141,2021-08-04,email5334@domain.es,6732,default,0
3882,2022-04-05,email1328@domain.it,1852,default,0
1227,2021-11-20,email28244@domain.com,4048,default,0
8896,2021-11-11,email29685@domain.com,1559,default,0
8967,2022-01-17,email170@domain.com,1817,default,1
3136,2022-02-09,email4166@domain.com,3863,default,0
8147,2022-04-14,email8043@domain.com,7955,automatic,0
5714,2021-10-15,email6232@domain.com,6900,automatic,0
587,2021-12-16,email5296@domain.com,1349,default,0
4088,2021-10-09,email26126@domain.com,7343,automatic,0
8535,2022-02-28,email5427@domain.com,2796,default,1
8020,2022-02-23,email4072@domain.uk,3779,default,0
1823,2022-01-23,email19740@domain.com,1139,default,0
9373,2022-05-31,email4599@domain.uk,8,default,0
699,2022-01-05,email24656@domain.com,5455,automatic,0
8163,2021-11-28,email1198@domain.it,5920,default,0
387,2022-02-11,email1124@domain.es,4524,forced,0
394,2021-08-23,email16998@domain.com,7907,automatic,1
2688,2022-04-05,email5311@domain.com,1540,default,0
4576,2021-10-08,email9906@domain.it,3357,default,0
7820,2021-08-06,email30007@domain.it,4817,default,0
2032,2021-07-25,email9456@domain.uk,4512,default,0
1837,2022-03-18,email12223@domain.uk,946,automatic,0
1555,2022-06-10,email15216@domain.com,8025,default,0
276,2022-01-21,email10535@domain.it,5384,default,0
7185,2021-11-12,email39341@domain.it,6519,default,1
7231,2021-09-23,email22772@domain.uk,4232,automatic,0
8369,2021-12-04,email5690@domain.it,685,default,0
6437,2021-08-19,email3710@domain.uk,7977,default,0
1800,2021-07-05,email371@domain.it,2307,default,0
7743,2022-01-20,email15730@domain.it,1410,default,0
4970,2022-04-22,email18081@domain.com,3191,automatic,0
362,2022-05-15,email3744@domain.com,3585,default,0
2687,2022-04-05,email8373@domain.com,1540,default,0
128,2021-08-02,email27275@domain.com,2742,default,0
5708,2022-03-06,email12984@domain.uk,2932,default,1
4185,2022-05-28,email25335@domain.it,4906,default,0
2432,2022-03-09,email17997@domain.it,1774,default,0
9892,2021-10-12,email6817@domain.uk,2181,default,0
83,2022-05-26,email29851@domain.it,161,default,0
1395,2021-09-29,email29677@domain.com,6391,forced,0
7479,2022-03-02,email20443@domain.com,3486,default,0
7628,2022-02-07,email4360@domain.com,5,default,1
9104,2022-06-09,email10942@domain.uk,299,forced,0
8516,2021-11-02,email5317@domain.com,5587,default,0
8954,2021-09-25,email63665@domain.com,5422,default,0
4972,2022-04-08,email742@domain.it,4630,default,0
752,2021-11-25,email22910@domain.com,817,default,0
5326,2021-08-24,email4365@domain.it,2333,default,0
9366,2021-10-15,email3081@domain.com,4168,default,0
5974,2022-06-24,email1731@domain.es,4259,forced,0
7443,2021-10-25,email16784@domain.it,1709,default,0
5830,2021-09-03,email14420@domain.com,5865,default,0
6636,2021-12-02,email5371@domain.it,1369,automatic,0
1375,2021-08-23,email7353@domain.com,6036,default,0
1247,2021-11-25,email4238@domain.com,6720,default,0
7069,2021-08-18,email41720@domain.it,7828,automatic,0
2024,2021-12-19,email5595@domain.com,6749,default,0
2042,2021-07-27,email17569@domain.com,7363,default,0
8958,2021-09-02,email2083@domain.es,7960,default,0
462,2021-08-23,email6449@domain.com,1399,default,0
8934,2022-06-06,email33147@domain.it,2852,default,0
5718,2021-09-22,email5421@domain.com,3959,default,0
3838,2021-09-30,email13298@domain.it,37,default,0
7599,2021-11-20,email23257@domain.uk,5728,default,0
7848,2022-02-16,email11718@domain.uk,6580,default,0
4620,2021-07-10,email175@domain.uk,6478,default,0
7525,2022-03-08,email1396@domain.it,5687,default,0
3268,2022-05-08,email2286@domain.com,6418,automatic,0
8104,2021-08-06,email42492@domain.it,4475,forced,0
9248,2022-01-25,email7639@domain.com,2489,default,0
1812,2022-01-07,email13605@domain.com,7019,automatic,0
9365,2022-04-06,email6278@domain.com,7687,default,0
1541,2021-12-03,email453@domain.it,5809,default,0
5643,2021-10-11,email4474@domain.it,8061,automatic,0
2747,2022-04-09,email4585@domain.com,6708,default,1
8919,2021-07-26,email13468@domain.com,4487,default,0
8973,2022-05-18,email12254@domain.com,5981,default,0
9769,2022-06-21,email10899@domain.com,3245,automatic,1
5008,2021-11-11,email1840@domain.it,2051,default,0
6872,2021-07-02,email9903@domain.es,5702,default,1
5006,2021-11-23,email10213@domain.com,3883,default,0
2039,2022-04-08,email8801@domain.com,426,default,0
4377,2021-11-24,email4788@domain.es,1259,forced,0
5367,2021-10-26,email23229@domain.it,8090,default,0
626,2021-08-26,email31455@domain.it,875,default,0
7047,2022-04-03,email2578@domain.com,8467,default,0
7276,2021-09-12,email4476@domain.com,7932,default,0
9302,2021-09-08,email1918@domain.it,1581,default,1
17,2021-07-23,email21554@domain.it,4874,default,0
2213,2022-01-24,email7420@domain.com,8225,forced,0
3711,2022-05-29,email911@domain.com,281,default,0
9450,2021-07-12,email2956@domain.es,8141,default,0
2717,2022-06-11,email11713@domain.com,1299,automatic,0
6703,2022-05-06,email4915@domain.it,2252,default,0
5983,2022-01-07,email12424@domain.es,764,automatic,0
9803,2021-08-03,email6164@domain.com,8504,default,0
9687,2022-02-13,email5889@domain.uk,7292,default,0
6807,2022-06-21,email13039@domain.it,8393,default,0
3465,2022-02-28,email10680@domain.es,3086,automatic,0
6514,2021-12-21,email20484@domain.es,7338,default,0
4540,2022-04-12,email12044@domain.com,196,default,0
1076,2021-09-30,email5455@domain.uk,5596,automatic,0
318,2022-01-19,email9994@domain.com,3057,default,0
6601,2021-10-31,email1490@domain.es,4558,default,0
3969,2021-10-14,email11880@domain.it,8299,default,0
8744,2022-01-08,email18977@domain.it,2166,automatic,0
9042,2022-01-26,email6170@domain.com,7164,automatic,0
1081,2022-04-18,email12764@domain.com,4672,default,0
6921,2022-01-19,email9073@domain.it,5834,automatic,0
6451,2021-12-23,email23619@domain.com,6152,automatic,0
9212,2021-11-18,email9782@domain.es,7881,default,0
9142,2022-06-11,email197@domain.it,3200,default,0
4270,2021-11-03,email30789@domain.com,1119,default,0
7189,2021-10-15,email13522@domain.es,5220,default,0
6906,2021-09-09,email6617@domain.com,4612,default,0
2659,2021-09-10,email11512@domain.es,3201,default,0
1194,2021-10-09,email2128@domain.uk,6648,default,1
3980,2021-10-10,email42493@domain.com,8208,default,0
7112,2022-03-15,email18728@domain.com,3818,default,0
8925,2021-08-31,email5200@domain.es,1531,default,0
6582,2021-09-06,email6461@domain.uk,8106,forced,0
8829,2021-07-29,email5543@domain.com,4718,automatic,0
5273,2022-06-11,email2957@domain.it,3802,default,0
1583,2022-01-15,email26810@domain.it,2236,default,0
4935,2022-01-10,email12436@domain.it,1039,default,0
4819,2022-04-06,email7854@domain.com,5998,default,0
6571,2022-05-14,email1238@domain.uk,244,default,0
5586,2021-11-28,email20215@domain.com,1366,default,0
2547,2021-07-27,email709@domain.com,535,default,1
5236,2022-04-23,email10681@domain.uk,1703,default,0
4776,2022-02-17,email16018@domain.es,8436,forced,0
601,2022-02-19,email24353@domain.com,2841,automatic,0
3829,2021-07-30,email4470@domain.uk,8168,forced,0
718,2021-11-04,email7932@domain.it,8321,automatic,0
1256,2021-12-03,email3796@domain.com,1371,default,1
1658,2022-04-04,email2440@domain.uk,6493,forced,0
8087,2021-11-10,email1735@domain.it,3192,default,0
826,2022-03-16,email1887@domain.uk,1887,default,0
3846,2022-04-01,email29249@domain.com,4343,automatic,1
3768,2021-10-04,email2220@domain.com,6814,automatic,0
2048,2021-12-04,email4850@domain.com,1980,default,0
8071,2022-04-14,email10484@domain.uk,4421,forced,0
5978,2022-03-16,email4130@domain.es,7344,automatic,0
9267,2021-12-08,email1877@domain.uk,1705,default,0
6602,2021-09-30,email8774@domain.es,4558,default,0
7456,2021-09-08,email6219@domain.com,7204,automatic,0
1420,2022-01-16,email12780@domain.com,3600,default,0
6113,2022-04-04,email25052@domain.es,2544,automatic,0
5911,2022-05-25,email20049@domain.com,3954,automatic,0
481,2021-10-18,email2478@domain.es,1154,default,0
6063,2022-06-21,email2866@domain.it,121,default,0
2067,2022-05-20,email5606@domain.com,2079,forced,0
1773,2021-12-01,email1958@domain.it,7274,default,1
277,2022-03-08,email29321@domain.uk,7989,automatic,1
7685,2022-03-24,email4898@domain.it,4656,default,0
4951,2021-07-09,email9061@domain.it,940,default,0
5223,2021-08-01,email34624@domain.uk,3888,default,0
5086,2021-08-25,email1796@domain.com,6718,automatic,0
2310,2021-09-17,email4835@domain.com,4117,default,0
3071,2022-04-07,email28660@domain.uk,3707,forced,0
2729,2021-11-18,email2705@domain.it,4163,default,0
8836,2021-07-28,email2302@domain.com,5239,default,0
1797,2022-04-07,email10843@domain.uk,7269,automatic,0
2883,2021-09-30,email16462@domain.it,2193,default,0
6742,2021-07-13,email8208@domain.it,254,default,0
4383,2022-01-16,email5232@domain.com,3950,default,0
6131,2022-06-01,email6520@domain.com,8049,automatic,0
6515,2021-10-27,email507@domain.com,1320,forced,0
759,2022-04-08,email7733@domain.it,583,default,0
3705,2021-11-17,email12007@domain.it,3410,default,0
2611,2021-09-09,email8349@domain.it,4248,default,1
4203,2021-08-21,email10247@domain.it,6174,automatic,0
2249,2022-04-06,email4666@domain.com,1189,default,0
3190,2021-11-08,email19214@domain.it,414,default,0
3659,2021-08-25,email179@domain.com,6885,forced,0
9101,2021-08-15,email14929@domain.uk,3235,default,0
9226,2022-03-11,email21907@domain.it,5261,automatic,0
9126,2021-12-22,email8243@domain.com,5243,default,0
6603,2021-12-12,email4023@domain.it,4865,default,0
2795,2022-03-15,email22997@domain.es,2259,automatic,0
2001,2022-03-05,email7271@domain.com,6344,default,0
8208,2021-08-21,email526@domain.com,8623,default,0
5278,2021-07-21,email9696@domain.com,7199,default,0
4399,2022-06-04,email40420@domain.com,2709,default,0
2920,2021-10-09,email2604@domain.com,5265,default,0
2984,2021-12-04,email12874@domain.it,1929,default,0
6296,2022-03-03,email1097@domain.it,2372,default,1
7877,2022-03-10,email29840@domain.uk,6856,default,0
9664,2021-12-28,email2739@domain.com,5254,automatic,0
1854,2021-10-22,email1905@domain.com,3498,default,0
5927,2021-08-15,email10286@domain.uk,4246,default,0
1293,2022-05-05,email4101@domain.it,2935,default,0
3784,2022-01-29,email22671@domain.it,1260,default,0
8739,2021-09-15,email8926@domain.com,7209,automatic,0
8778,2022-04-06,email1264@domain.it,2228,default,1
6944,2022-02-24,email5447@domain.com,4530,automatic,0
7662,2021-09-29,email4872@domain.com,5297,default,0
7936,2022-03-07,email5113@domain.uk,8249,automatic,0
4035,2021-08-01,email909@domain.com,500,default,0
5868,2022-03-04,email29521@domain.com,4089,default,0
8379,2022-06-19,email1397@domain.com,4080,automatic,1
7750,2021-10-13,email18823@domain.com,1605,automatic,0
9320,2022-06-20,email14035@domain.com,1866,automatic,0
8636,2022-03-07,email5470@domain.com,2415,default,1
5564,2021-08-27,email8106@domain.es,2306,default,0
9879,2022-03-14,email11914@domain.com,3160,default,0
3441,2022-04-08,email840@domain.com,7693,default,0
9398,2021-07-05,email3438@domain.com,5735,forced,0
7349,2022-04-20,email10961@domain.it,1498,default,0
2739,2021-08-22,email6778@domain.com,1777,automatic,0
4351,2021-07-31,email2363@domain.es,7513,default,0
9807,2021-12-21,email34150@domain.com,4119,default,0
978,2021-10-25,email859@domain.it,7459,default,0
2849,2021-11-11,email8299@domain.it,3491,forced,0
1815,2022-02-03,email3460@domain.it,6023,default,0
977,2022-04-29,email19315@domain.com,962,default,0
8689,2022-05-10,email27534@domain.com,224,default,1
1274,2021-12-06,email1426@domain.es,8122,default,0
4082,2022-01-07,email3534@domain.it,379,default,1
1976,2021-12-24,email4241@domain.it,8423,default,0
9387,2021-10-28,email31191@domain.com,5635,forced,0
6280,2021-09-08,email14916@domain.com,14,default,0
5392,2022-03-11,email5854@domain.es,3962,automatic,0
5901,2021-12-12,email703@domain.uk,8521,forced,0
673,2022-01-16,email9563@domain.uk,2726,default,0
761,2022-04-05,email11965@domain.it,583,default,0
4286,2021-08-23,email327@domain.it,7457,default,0
3262,2021-07-19,email370@domain.com,6404,automatic,0
8151,2022-06-16,email13305@domain.uk,4559,default,0
4549,2021-10-22,email15290@domain.it,1805,default,0
9242,2022-04-12,email7067@domain.com,117,default,1
7387,2021-10-22,email5847@domain.com,8200,automatic,0
295,2021-07-25,email10128@domain.com,4762,default,1
4535,2022-04-27,email12640@domain.it,1279,default,0
5009,2021-08-22,email1727@domain.com,5866,automatic,0
41,2022-03-03,email4@domain.com,544,default,0
9968,2022-02-02,email6142@domain.com,3789,default,0
1631,2022-02-26,email6442@domain.it,318,default,0
287,2022-04-11,email9683@domain.uk,626,automatic,0
9596,2021-09-15,email2348@domain.uk,5758,default,0
6023,2021-09-04,email144@domain.es,6294,default,0
1216,2021-12-15,email5403@domain.es,8439,default,0
8228,2022-06-08,email4289@domain.com,2355,default,0
6984,2022-06-01,email22374@domain.uk,6903,forced,0
2741,2021-09-20,email10668@domain.com,4238,automatic,0
7198,2021-10-29,email4880@domain.uk,2725,automatic,0
4614,2021-09-13,email2289@domain.com,3073,default,0
3513,2022-04-06,email15836@domain.it,637,default,0
6426,2022-01-14,email856@domain.es,4218,automatic,0
3654,2021-07-05,email1696@domain.uk,2497,default,1
2528,2021-07-04,email19175@domain.com,623,default,0
9741,2022-01-05,email1212@domain.uk,883,default,0
8548,2022-04-01,email7460@domain.com,904,default,0
7656,2021-10-07,email6352@domain.it,2456,automatic,0
3761,2022-01-26,email5587@domain.it,1923,automatic,0
9966,2022-02-03,email3182@domain.it,658,default,1
2096,2021-09-17,email27304@domain.it,5650,default,0
6546,2021-08-01,email5881@domain.it,5574,default,0
4756,2021-08-10,email10569@domain.com,5598,default,0
6337,2021-10-17,email8125@domain.uk,6140,forced,0
8371,2022-03-28,email5891@domain.it,7042,default,0
8644,2022-03-24,email22662@domain.es,5835,default,0
2296,2022-04-01,email23929@domain.it,7767,default,0
2475,2022-03-09,email14692@domain.com,6717,default,0
9216,2021-07-07,email16745@domain.it,397,default,0
6064,2021-08-10,email2997@domain.uk,642,default,0
7340,2022-05-09,email472@domain.uk,7700,default,0
2718,2022-01-07,email3203@domain.com,3808,default,0
2680,2022-06-15,email2151@domain.es,4223,forced,1
3739,2022-03-16,email2154@domain.it,2908,default,0
9362,2022-04-06,email31164@domain.com,3135,forced,0
6408,2022-03-28,email3155@domain.it,3896,default,0
4094,2021-12-22,email23036@domain.uk,8615,default,0
4780,2021-10-28,email12986@domain.com,3054,default,0
3540,2022-04-08,email14428@domain.it,76,default,0
5638,2022-03-16,email21705@domain.es,8336,forced,0
8569,2021-12-05,email5628@domain.com,4706,forced,0
8918,2021-07-20,email15013@domain.it,4856,default,0
9423,2021-08-01,email27814@domain.it,2911,default,0
2015,2022-01-06,email1064@domain.com,6361,automatic,0
5762,2022-06-14,email1488@domain.com,767,default,0
5588,2021-08-16,email160@domain.com,7797,default,0
6512,2021-07-19,email13748@domain.es,6952,default,0
8783,2021-10-06,email3557@domain.com,6236,default,0
4333,2022-05-11,email2425@domain.com,1623,default,0
6065,2022-05-16,email11239@domain.com,1148,default,0
7607,2021-07-17,email5379@domain.it,4758,default,0
6876,2022-01-24,email18537@domain.com,8452,default,0
1261,2021-12-07,email5678@domain.it,5343,forced,0
3816,2022-03-22,email7679@domain.com,228,automatic,0
1960,2021-08-27,email9040@domain.it,2410,default,0
3025,2021-08-04,email4225@domain.es,1224,default,0
9722,2021-11-17,email10198@domain.com,5895,default,0
608,2021-08-31,email909@domain.com,3248,default,0
120,2021-07-25,email614@domain.com,3735,default,0
6043,2022-06-27,email10373@domain.com,7945,default,0
1891,2022-06-13,email3509@domain.it,2128,default,0
7350,2021-07-11,email39@domain.it,3174,default,0
2627,2021-09-30,email9408@domain.uk,7385,automatic,0
1259,2022-03-17,email1141@domain.com,2807,automatic,1
9498,2022-04-12,email8240@domain.com,7796,forced,0
6359,2022-04-26,email2761@domain.uk,4534,default,0
5929,2022-04-04,email2713@domain.es,5701,automatic,0
8720,2021-09-30,email4703@domain.es,4726,default,0
7909,2021-12-09,email2370@domain.com,6854,automatic,0
9632,2021-09-06,email8347@domain.it,311,default,0
4624,2022-03-02,email6373@domain.it,2868,default,0
5662,2021-10-28,email23019@domain.es,1997,automatic,0
8685,2022-04-23,email550@domain.com,6040,default,0
9465,2022-06-23,email7894@domain.uk,958,default,0
2982,2021-09-23,email1192@domain.com,1064,default,1
6509,2021-08-09,email20581@domain.it,2876,automatic,0
9911,2022-03-28,email17906@domain.uk,6354,forced,0
5263,2022-02-25,email3169@domain.com,3158,default,0
1156,2021-10-17,email22791@domain.es,5562,default,0
246,2022-01-01,email23778@domain.it,1907,forced,0
5616,2021-07-23,email670@domain.uk,6599,automatic,0
1268,2021-09-30,email12451@domain.com,1494,default,0
5642,2021-11-06,email4027@domain.com,1222,default,0
2215,2021-10-13,email7434@domain.es,699,automatic,0
455,2021-07-17,email9923@domain.uk,7206,default,0
3714,2022-01-20,email4956@domain.it,775,automatic,1
4449,2021-09-12,email57@domain.it,4960,default,0
8197,2022-04-18,email49851@domain.com,357,automatic,0
4803,2021-11-14,email21130@domain.it,3643,default,0
5567,2021-11-11,email9486@domain.com,1030,default,0
1010,2022-04-08,email2280@domain.it,2930,default,0
1507,2022-03-10,email4507@domain.it,3116,automatic,0
3833,2022-05-02,email26963@domain.it,3741,default,0
18,2021-07-23,email31786@domain.it,4874,default,0
7221,2021-09-29,email2074@domain.com,4337,default,0
7397,2021-09-10,email3902@domain.com,5997,default,1
6153,2021-11-01,email32842@domain.uk,5096,default,0
1045,2022-04-07,email10134@domain.uk,2609,default,0
7192,2022-04-19,email4947@domain.uk,3931,default,0
1927,2022-02-12,email2217@domain.com,3446,automatic,0
1844,2022-06-02,email15037@domain.com,3429,default,0
5414,2021-07-18,email12050@domain.com,3266,default,0
5734,2021-07-21,email5572@domain.com,1496,automatic,0
5327,2022-06-02,email1723@domain.com,7401,automatic,0
6613,2022-06-15,email14464@domain.com,3902,default,0
8287,2021-08-02,email4437@domain.it,2812,default,0
2166,2021-09-24,email2986@domain.es,4203,default,0
2303,2021-11-13,email449@domain.com,341,default,0
5444,2022-05-22,email2870@domain.it,8178,default,0
6667,2022-05-29,email5582@domain.it,3056,default,0
338,2021-11-30,email4568@domain.com,1452,default,0
689,2021-07-08,email11360@domain.com,798,default,0
3443,2021-09-15,email12761@domain.es,8282,automatic,0
402,2021-08-12,email4304@domain.com,5006,default,0
6763,2022-04-16,email282@domain.com,4401,default,0
3216,2021-12-22,email3781@domain.com,3032,default,0
9080,2022-04-06,email3071@domain.uk,6899,default,0
8281,2022-06-22,email5696@domain.it,8137,default,0
8866,2021-07-14,email10025@domain.com,7882,default,0
7133,2022-06-09,email2636@domain.com,6358,automatic,0
430,2022-03-27,email4801@domain.com,8378,automatic,0
6371,2022-03-26,email10148@domain.it,8114,automatic,0
6843,2021-09-11,email29@domain.uk,3352,automatic,0
1939,2021-09-06,email43568@domain.it,4307,default,0
6401,2022-04-20,email1052@domain.com,2449,default,0
5603,2021-12-08,email6824@domain.com,8003,automatic,0
3979,2021-10-06,email3262@domain.it,3879,default,0
8048,2021-08-27,email21183@domain.com,1701,default,0
2877,2022-05-08,email1789@domain.com,957,forced,0
4241,2022-06-21,email10670@domain.it,909,default,0
5366,2022-01-23,email2638@domain.com,5588,default,0
2660,2022-03-16,email747@domain.es,7273,default,0
7916,2021-10-20,email21534@domain.com,3507,automatic,0
6369,2022-04-06,email2292@domain.es,5859,default,0
3523,2021-10-28,email21506@domain.it,7587,default,0
342,2022-03-03,email512@domain.es,1827,automatic,1
5578,2021-08-08,email16080@domain.es,2149,default,0
2833,2022-02-28,email11776@domain.it,938,default,0
1502,2021-09-13,email2297@domain.uk,2423,forced,0
4568,2022-04-06,email27130@domain.uk,4264,default,0
2017,2021-12-13,email6170@domain.it,4165,default,0
666,2022-05-06,email1457@domain.com,848,default,0
8975,2021-12-07,email7154@domain.it,2732,forced,1
5719,2022-01-13,email2022@domain.com,4863,default,0
2790,2022-04-21,email661@domain.com,2146,default,0
1869,2022-03-25,email19100@domain.com,6741,default,0
583,2021-08-11,email2279@domain.uk,7719,default,0
471,2022-04-08,email27589@domain.it,6255,default,0
1228,2021-11-03,email15899@domain.com,362,default,0
2442,2021-12-22,email787@domain.it,2627,default,0
6100,2021-07-09,email17416@domain.com,6327,default,0
3655,2021-07-25,email15213@domain.uk,2497,default,0
2384,2022-01-09,email1411@domain.es,3759,default,0
8296,2021-08-17,email28727@domain.es,4748,default,1
7649,2021-11-30,email5776@domain.com,166,default,0
3637,2022-06-30,email17478@domain.com,1477,default,0
1613,2021-12-07,email5313@domain.com,273,forced,0
6635,2022-05-07,email647@domain.it,3483,default,0
9108,2021-09-29,email12765@domain.es,1449,forced,0
7884,2022-01-16,email5818@domain.it,7100,default,0
5861,2022-03-20,email25524@domain.es,3421,forced,0
3737,2021-12-07,email4878@domain.it,4548,default,0
1187,2021-10-19,email21620@domain.com,7289,default,0
9676,2021-12-16,email336@domain.it,6677,default,0
9123,2021-07-26,email8526@domain.it,1916,automatic,0
691,2021-07-20,email6723@domain.com,7181,default,0
8024,2021-07-22,email4138@domain.it,4539,forced,0
2466,2021-07-05,email5061@domain.com,8193,default,0
2927,2021-12-18,email8402@domain.com,2010,default,0
5601,2021-09-01,email11945@domain.com,3381,default,0
2738,2021-08-22,email842@domain.com,1777,automatic,0
4367,2021-09-03,email34570@domain.uk,2861,default,0
3551,2021-11-06,email176@domain.es,672,forced,0
1754,2021-08-24,email5316@domain.com,492,default,0
5061,2021-08-17,email4342@domain.it,4679,default,0
1362,2022-01-03,email463@domain.uk,5171,default,0
2507,2022-03-23,email1509@domain.it,1955,forced,0
1597,2022-05-24,email283@domain.uk,2082,default,0
6853,2022-01-07,email31594@domain.es,1808,automatic,0
2655,2022-03-15,email2948@domain.it,7615,default,0
2265,2022-04-06,email26147@domain.com,6730,default,0
5038,2022-04-08,email1690@domain.es,713,automatic,0
8853,2021-10-28,email310@domain.uk,8298,default,0
7869,2021-09-12,email7654@domain.uk,3927,forced,1
5896,2021-10-14,email15873@domain.it,1266,forced,0
2025,2021-12-11,email4222@domain.com,8188,default,1
62,2021-08-10,email35491@domain.com,2095,default,0
6152,2021-07-17,email655@domain.com,1236,default,0
5733,2021-12-16,email3160@domain.it,1241,forced,1
6532,2021-12-01,email1351@domain.it,1315,automatic,0
6241,2021-12-26,email1135@domain.it,4835,default,1
9726,2021-10-03,email11588@domain.com,1993,automatic,0
8241,2021-11-21,email3342@domain.it,323,automatic,0
7202,2021-12-27,email8074@domain.com,2642,automatic,0
2562,2022-02-27,email47@domain.com,2821,forced,0
1460,2021-08-09,email6592@domain.it,6348,default,0
5810,2022-01-20,email9659@domain.com,6310,default,0
9221,2022-06-15,email7154@domain.uk,6592,forced,0
6476,2022-04-30,email8649@domain.it,7883,automatic,0
1594,2021-12-19,email3619@domain.it,6487,default,0
7562,2022-04-07,email5277@domain.it,5529,forced,1
6007,2021-11-23,email3541@domain.it,3746,default,0
3272,2022-04-21,email4989@domain.uk,825,default,0
4888,2022-01-12,email11129@domain.com,4033,automatic,0
6922,2021-10-12,email3067@domain.com,8639,default,0
8479,2022-01-23,email70582@domain.com,2516,default,0
1766,2021-11-29,email4351@domain.com,7827,automatic,0
4815,2021-12-01,email720@domain.com,3558,default,0
2484,2021-09-02,email9024@domain.com,863,default,0
1884,2021-10-22,email2707@domain.it,2616,default,0
3042,2022-04-08,email21373@domain.it,4298,default,0
5516,2022-04-26,email1246@domain.com,8642,default,0
196,2022-02-28,email970@domain.com,182,automatic,0
4976,2021-09-28,email14286@domain.it,4647,automatic,0
6281,2022-05-23,email18769@domain.it,6774,default,0
9097,2021-10-06,email23365@domain.es,8251,default,0
9935,2021-11-11,email4270@domain.com,7278,default,0
5729,2022-05-21,email14157@domain.it,4368,default,0
2057,2021-10-13,email2272@domain.uk,1794,automatic,0
6328,2021-11-10,email39236@domain.com,3905,automatic,1
7833,2022-06-01,email14461@domain.com,1244,automatic,0
4328,2021-08-17,email5105@domain.it,3363,default,0
5926,2021-08-15,email10300@domain.uk,4246,default,0
6253,2021-12-03,email222@domain.uk,7779,default,0
3154,2021-09-19,email12675@domain.es,3288,default,0
4414,2021-12-28,email8665@domain.it,1895,default,0
5510,2022-02-27,email3729@domain.es,2704,default,0
9931,2021-12-05,email11709@domain.it,3076,default,0
2454,2022-05-02,email5620@domain.com,1641,default,0
281,2021-07-07,email12504@domain.it,1811,automatic,0
8606,2021-09-06,email6842@domain.com,5976,default,0
3074,2021-08-03,email280@domain.it,6968,default,0
7043,2021-12-08,email3139@domain.com,3914,automatic,0
4158,2021-10-13,email7317@domain.com,3696,forced,0
4410,2022-01-10,email4271@domain.es,2089,default,0
9787,2021-07-22,email2952@domain.it,567,default,0
5781,2022-01-14,email24591@domain.com,8599,automatic,1
2645,2021-09-30,email29270@domain.it,8291,default,0
8851,2022-05-25,email16558@domain.com,4634,default,0
1135,2022-01-24,email17162@domain.com,5143,default,1
5825,2021-08-14,email2523@domain.com,2765,default,0
2560,2021-08-03,email8703@domain.com,6297,default,0
3280,2021-11-08,email6008@domain.it,2265,forced,0
8142,2022-03-02,email720@domain.uk,6772,default,0
7454,2021-10-09,email16464@domain.uk,4982,default,0
1915,2021-09-01,email6403@domain.com,1306,automatic,0
9825,2021-08-14,email5519@domain.it,1565,default,0
5664,2022-04-09,email3718@domain.uk,2967,default,0
2459,2022-03-08,email2230@domain.com,2952,default,0
9049,2022-06-03,email14556@domain.uk,3580,default,0
753,2022-05-29,email7919@domain.com,4437,default,0
3477,2022-02-04,email2681@domain.com,5828,default,0
1796,2021-12-21,email1011@domain.it,2543,automatic,0
5054,2021-08-03,email1257@domain.com,3801,default,0
446,2021-12-22,email9194@domain.it,4495,default,0
5157,2022-04-07,email3682@domain.com,3298,default,1
7654,2022-06-10,email7611@domain.com,2802,automatic,0
4395,2022-01-21,email6942@domain.com,2559,default,0
6386,2021-10-07,email5778@domain.uk,3715,default,0
4727,2022-03-17,email22131@domain.it,3093,default,0
2398,2022-03-24,email7228@domain.com,52,default,0
3403,2021-12-25,email18100@domain.com,1687,default,0
7300,2022-02-02,email8044@domain.com,218,default,0
8107,2022-05-29,email10650@domain.com,5703,default,0
2765,2021-08-20,email4354@domain.it,8000,forced,0
2859,2021-09-12,email2803@domain.uk,3918,automatic,0
1928,2022-02-12,email13381@domain.com,3446,default,0
4595,2021-07-20,email21078@domain.com,2194,automatic,0
9811,2021-11-25,email1706@domain.it,1942,automatic,1
6431,2021-12-01,email5589@domain.com,5276,automatic,0
4667,2021-07-29,email18200@domain.com,4417,default,0
4111,2022-05-01,email7044@domain.com,1530,automatic,0
9164,2021-12-14,email2927@domain.it,3462,default,0
3717,2022-05-13,email14545@domain.com,4486,default,0
4904,2021-11-13,email964@domain.it,4097,default,0
4746,2022-04-06,email2721@domain.it,3165,default,0
2875,2021-10-10,email17611@domain.com,7104,automatic,0
9427,2021-11-30,email488@domain.es,1227,default,0
5181,2022-06-09,email2915@domain.com,4253,forced,0
245,2021-10-06,email6695@domain.com,7408,default,0
4051,2022-04-04,email3937@domain.com,3872,default,0
9894,2022-06-14,email4342@domain.it,865,default,0
5290,2021-10-09,email2291@domain.uk,4511,default,0
1881,2022-04-08,email6685@domain.uk,3383,default,0
8924,2022-01-02,email12004@domain.com,4932,automatic,0
5303,2021-09-18,email28407@domain.com,1986,automatic,0
7675,2022-06-13,email4079@domain.com,4593,forced,0
1422,2021-11-27,email20976@domain.com,7694,default,0
1441,2021-12-29,email1548@domain.com,1282,automatic,1
9816,2021-09-01,email513@domain.com,1860,default,0
2924,2021-07-27,email9713@domain.com,928,default,0
6219,2021-07-26,email7627@domain.com,4210,default,1
4065,2021-10-08,email1822@domain.it,7198,default,0
2543,2022-05-03,email12127@domain.com,3798,default,0
7561,2021-10-10,email3359@domain.com,181,default,0
3548,2021-08-19,email17839@domain.it,8620,default,0
5399,2022-01-05,email1604@domain.uk,6694,default,0
3828,2022-04-15,email12720@domain.com,3530,forced,0
5992,2021-11-01,email14799@domain.uk,5414,default,0
3824,2021-08-08,email2962@domain.uk,1733,default,0
3664,2022-06-12,email4282@domain.com,6715,automatic,0
5126,2022-01-19,email94@domain.it,8628,default,0
5432,2021-12-29,email3810@domain.uk,424,forced,0
5569,2022-03-24,email23116@domain.it,2530,automatic,0
5697,2022-04-06,email20867@domain.uk,8214,default,0
8225,2022-04-13,email10444@domain.es,8602,default,1
5609,2022-01-08,email13470@domain.uk,1694,default,0
2511,2022-04-07,email2415@domain.it,7978,default,0
8553,2021-10-21,email1323@domain.com,2178,default,0
5440,2021-10-22,email6909@domain.com,5467,forced,0
1437,2021-12-16,email9255@domain.uk,194,default,0
1207,2021-11-30,email3245@domain.com,5029,default,0
6590,2022-03-19,email6001@domain.it,8575,forced,0
6340,2021-12-28,email21612@domain.com,7921,automatic,0
7989,2021-12-06,email7933@domain.com,5333,forced,0
8471,2021-08-10,email1018@domain.com,381,default,0
5869,2022-01-29,email6116@domain.it,2080,forced,0
6800,2021-10-29,email29084@domain.com,4721,default,0
8938,2022-06-22,email2482@domain.com,444,default,0
5701,2021-11-05,email5226@domain.com,988,default,0
2633,2022-04-08,email9890@domain.uk,1535,default,0
7939,2021-09-13,email7763@domain.it,581,automatic,0
9402,2021-12-01,email6666@domain.it,2823,default,0
8892,2022-01-08,email33226@domain.it,7850,default,0
7475,2021-12-09,email6268@domain.uk,5664,default,0
9888,2022-01-14,email13279@domain.uk,1330,default,0
1275,2022-04-19,email4999@domain.com,7032,automatic,0
8050,2021-07-30,email276@domain.com,1331,default,0
3188,2022-05-12,email12634@domain.es,5065,default,0
486,2022-04-29,email14606@domain.it,3323,default,0
3921,2021-10-06,email3491@domain.uk,5773,default,0
2890,2021-11-13,email6235@domain.it,1582,automatic,0
7889,2021-09-13,email8348@domain.it,5019,default,0
9358,2021-09-05,email158@domain.com,4398,default,0
5819,2022-04-06,email4267@domain.com,413,forced,0
7473,2022-02-19,email20173@domain.it,532,default,0
1610,2021-08-05,email8589@domain.it,2747,default,0
8597,2021-10-27,email22749@domain.uk,7094,default,0
3509,2022-02-12,email5549@domain.com,2353,default,0
2961,2021-07-07,email7043@domain.com,4583,automatic,0
8592,2021-07-27,email8575@domain.es,1736,automatic,0
4607,2022-06-14,email21615@domain.com,1170,default,0
6542,2022-03-06,email9507@domain.com,2358,default,0
586,2021-12-16,email10509@domain.com,1349,default,0
8519,2022-06-24,email14784@domain.it,1297,default,0
240,2022-05-09,email1674@domain.it,7395,default,0
1237,2021-07-04,email28803@domain.es,6586,default,0
2232,2022-05-08,email27954@domain.es,5351,automatic,0
6205,2022-05-25,email5883@domain.es,5488,default,0
5989,2022-01-09,email9904@domain.com,5230,default,0
1084,2021-07-11,email11809@domain.it,6253,default,0
1269,2021-07-12,email2921@domain.it,5428,forced,0
7094,2022-04-11,email8680@domain.it,6882,default,0
7464,2021-10-03,email19032@domain.it,1499,default,1
9554,2022-05-14,email10498@domain.com,4925,default,0
6609,2022-03-15,email13507@domain.uk,3295,default,1
5351,2021-12-29,email1504@domain.it,6800,default,0
2813,2021-07-25,email11582@domain.com,1074,forced,1
1838,2021-07-24,email689@domain.com,726,default,0
1185,2021-10-23,email3787@domain.it,1421,default,0
2523,2021-11-18,email16440@domain.com,8317,default,0
1553,2021-07-03,email4542@domain.uk,2371,default,0
7114,2021-08-23,email14665@domain.it,5544,forced,0
2033,2022-04-07,email12866@domain.com,2650,automatic,0
5520,2021-08-08,email20883@domain.it,2687,default,0
8316,2021-08-18,email1373@domain.com,3324,default,0
7204,2021-10-15,email1969@domain.com,3850,default,0
5148,2022-02-07,email8651@domain.es,5563,default,0
181,2021-10-23,email16996@domain.it,6663,default,0
5316,2021-09-01,email4668@domain.es,2665,default,0
1346,2021-12-21,email5210@domain.it,5624,default,0
8250,2021-09-05,email3263@domain.com,1580,automatic,0
5547,2022-04-01,email4117@domain.com,4659,automatic,0
8101,2022-06-10,email2823@domain.it,208,default,0
5359,2021-08-02,email3830@domain.com,1329,default,0
4698,2021-11-04,email2501@domain.com,8480,default,0
7694,2022-01-10,email3003@domain.com,7228,automatic,0
8697,2022-04-25,email30922@domain.uk,8632,default,0
1510,2022-01-11,email4206@domain.it,7783,default,0
1515,2021-09-14,email5642@domain.com,3674,default,0
3514,2022-04-06,email22335@domain.it,637,default,0
2913,2022-04-08,email25897@domain.uk,778,automatic,0
5000,2021-10-28,email11035@domain.com,4550,automatic,0
5843,2021-09-05,email3216@domain.com,5075,forced,0
611,2022-02-25,email6917@domain.it,6274,forced,0
6762,2021-11-12,email7855@domain.com,3685,default,0
8023,2021-10-26,email14621@domain.es,5527,default,0
9461,2021-12-16,email411@domain.it,4267,default,0
4428,2022-06-03,email1492@domain.it,4108,default,0
5721,2021-12-14,email5493@domain.it,6746,default,0
1756,2021-10-18,email7159@domain.es,373,default,0
3324,2021-09-04,email6010@domain.it,7167,default,0
6637,2022-02-03,email1405@domain.com,3564,automatic,0
6646,2021-12-03,email374@domain.it,589,automatic,0
6973,2022-05-17,email5592@domain.uk,8641,default,0
6137,2022-03-03,email1946@domain.com,2773,automatic,0
1409,2021-10-06,email7739@domain.com,6442,forced,0
5897,2021-11-10,email5272@domain.it,2608,default,1
3609,2021-08-02,email23644@domain.it,710,default,0
4235,2021-10-11,email21106@domain.it,1409,default,0
7078,2022-01-03,email249@domain.uk,7291,default,1
2141,2022-01-03,email1395@domain.com,1807,default,0
5556,2021-12-14,email4630@domain.com,4216,default,0
7985,2021-12-17,email5317@domain.it,5316,default,0
8070,2022-03-27,email15072@domain.uk,4421,default,0
6156,2021-11-04,email26220@domain.it,4252,default,0
2237,2022-05-05,email4784@domain.com,7467,default,1
5905,2022-06-30,email4136@domain.es,1037,default,0
1196,2021-10-25,email11800@domain.it,2047,automatic,0
1714,2022-02-28,email16075@domain.es,6723,default,0
1243,2021-10-17,email5203@domain.it,8464,default,0
6937,2021-11-13,email27463@domain.it,7671,automatic,1
8693,2022-05-31,email24811@domain.com,6390,default,0
1011,2022-04-08,email13806@domain.it,2930,forced,0
6169,2022-04-02,email13439@domain.it,2800,default,0
317,2021-09-06,email7061@domain.uk,2883,automatic,0
2775,2021-12-31,email3142@domain.it,6006,default,0
6286,2021-11-03,email7041@domain.it,1301,default,0
6564,2021-07-29,email9591@domain.uk,4100,default,0
9843,2022-06-06,email12228@domain.com,8253,automatic,1
2135,2021-08-15,email5793@domain.es,2889,default,0
2165,2021-10-10,email3389@domain.it,7214,automatic,0
8295,2021-08-25,email7659@domain.it,4557,default,0
8768,2022-05-22,email16572@domain.com,8576,default,0
2829,2022-06-02,email2811@domain.es,906,default,0
965,2022-01-27,email2363@domain.com,1378,automatic,0
8755,2022-01-15,email12338@domain.com,1880,default,0
3139,2021-09-17,email4155@domain.it,2011,forced,0
4470,2021-07-19,email10027@domain.es,6088,default,0
6488,2022-01-17,email323@domain.com,8220,default,0
3873,2022-01-23,email7869@domain.it,2595,default,0
2726,2021-09-26,email3220@domain.com,4338,automatic,0
4871,2022-01-20,email608@domain.com,8167,automatic,0
7678,2022-02-07,email12495@domain.es,1548,automatic,1
8102,2021-10-23,email4772@domain.es,3810,default,1
1935,2022-01-15,email2688@domain.com,4777,automatic,0
4991,2021-09-04,email1010@domain.it,2551,default,0
1453,2021-10-21,email7227@domain.com,8584,default,0
6598,2021-11-05,email27569@domain.com,5595,default,0
3676,2022-04-07,email7816@domain.com,2137,automatic,0
801,2021-08-11,email10984@domain.com,3979,automatic,1
1917,2021-11-01,email6600@domain.com,1606,forced,0
891,2021-08-09,email4066@domain.com,5887,default,1
1203,2022-04-06,email7028@domain.es,4056,default,0
6133,2022-01-24,email12230@domain.com,8189,default,0
4268,2021-09-22,email268@domain.uk,3301,automatic,1
7459,2022-05-02,email881@domain.com,5686,automatic,0
4882,2021-11-10,email22931@domain.it,143,default,0
8837,2021-08-14,email20423@domain.it,3257,automatic,0
167,2022-05-02,email9856@domain.com,2101,default,0
2837,2021-10-10,email2014@domain.it,2361,default,0
5309,2022-04-23,email8534@domain.uk,2400,default,0
6325,2021-11-14,email58284@domain.com,8002,default,0
4933,2022-04-19,email485@domain.com,5985,default,0
8751,2021-10-06,email5839@domain.com,5471,default,0
8386,2021-08-10,email419@domain.es,6561,default,0
6839,2021-12-07,email16131@domain.com,1242,default,0
6411,2022-01-13,email9151@domain.com,1350,default,0
7684,2022-01-12,email4022@domain.com,1273,default,0
6469,2021-08-23,email1156@domain.com,3453,default,1
7641,2022-05-07,email4697@domain.es,4594,default,0
2184,2021-08-31,email19645@domain.it,6666,default,1
720,2021-09-05,email7858@domain.es,5586,default,0
9684,2022-06-06,email14832@domain.com,3063,default,0
4250,2022-04-08,email4302@domain.it,470,automatic,0
8263,2022-04-30,email1797@domain.it,1919,automatic,0
9277,2022-05-16,email6397@domain.it,1433,automatic,0
9062,2022-03-16,email16402@domain.com,7236,default,1
116,2021-09-10,email8842@domain.es,7367,default,0
3414,2021-07-20,email27004@domain.com,5296,default,0
1209,2021-08-05,email10050@domain.uk,877,automatic,0
4087,2022-04-05,email19253@domain.it,6971,forced,1
9855,2022-01-12,email13414@domain.com,3217,default,0
6632,2021-07-20,email10918@domain.es,1134,forced,0
2016,2021-09-26,email27349@domain.it,5419,default,0
751,2021-12-18,email5854@domain.com,431,default,0
7944,2021-10-03,email116@domain.com,447,default,0
4730,2022-05-18,email7968@domain.com,6365,automatic,0
4947,2021-07-28,email2054@domain.es,3448,default,0
6362,2021-09-01,email8911@domain.es,5726,default,0
139,2022-05-27,email4868@domain.com,4321,default,0
6047,2021-09-20,email3@domain.es,1023,forced,0
7038,2022-01-20,email50@domain.com,6979,default,0
8539,2021-07-11,email23507@domain.uk,5399,default,0
3807,2021-12-19,email28097@domain.it,3764,default,0
1932,2021-07-16,email15896@domain.it,1616,automatic,1
913,2022-03-08,email362@domain.com,6996,default,0
6312,2021-12-23,email9826@domain.it,4416,automatic,0
1859,2021-11-18,email4145@domain.uk,994,default,0
3767,2022-04-19,email20276@domain.it,3590,forced,0
7332,2022-02-18,email2010@domain.it,1964,automatic,1
783,2021-10-21,email6946@domain.com,6595,default,0
6114,2022-04-04,email10234@domain.es,2544,forced,1
7493,2021-08-04,email12174@domain.uk,2018,default,0
9053,2022-01-21,email14006@domain.com,7028,default,0
985,2022-06-03,email10315@domain.uk,70,default,0
2865,2021-10-29,email16603@domain.com,5922,default,0
2342,2022-05-02,email8220@domain.it,4705,default,0
4206,2022-06-15,email32578@domain.com,5497,default,0
1503,2021-12-29,email1598@domain.it,4660,default,0
7148,2022-04-15,email4667@domain.com,7194,automatic,0
293,2021-12-28,email3432@domain.com,4156,default,0
9844,2022-06-27,email5445@domain.com,2832,forced,0
3176,2022-04-13,email3887@domain.com,6699,default,0
1068,2021-09-04,email23625@domain.it,3915,default,0
2380,2021-10-02,email2167@domain.com,5479,forced,0
7890,2021-11-17,email6509@domain.it,5676,default,0
2782,2021-11-03,email3660@domain.uk,3409,default,0
8854,2022-01-28,email3564@domain.com,1347,default,0
4165,2022-03-01,email7697@domain.it,6206,default,0
5339,2021-07-29,email879@domain.uk,5447,default,0
8804,2022-03-01,email3666@domain.com,4515,automatic,0
8510,2022-04-09,email30019@domain.uk,3571,default,1
6276,2021-07-25,email751@domain.it,2620,default,1
810,2021-12-18,email1487@domain.com,1658,default,0
7713,2021-08-24,email2887@domain.com,727,default,0
8027,2022-06-30,email14363@domain.com,3182,default,0
5751,2021-12-31,email24188@domain.uk,7370,default,0
1996,2021-10-18,email379@domain.it,5634,default,0
8349,2022-04-06,email18078@domain.uk,1676,default,0
7052,2022-01-03,email13020@domain.it,230,default,0
9823,2021-08-26,email5355@domain.it,3083,automatic,0
9213,2021-12-18,email274@domain.it,8004,automatic,0
1579,2021-10-12,email3690@domain.com,4565,automatic,0
4074,2022-03-14,email342@domain.it,4271,default,0
3561,2022-02-21,email3284@domain.es,3464,default,0
9866,2022-05-13,email1771@domain.com,6341,default,0
4420,2021-10-28,email1179@domain.com,8017,default,0
3944,2022-06-05,email1795@domain.it,1083,default,0
2389,2021-11-06,email4211@domain.es,7701,default,0
5158,2021-10-08,email3726@domain.com,8031,default,0
1627,2021-11-21,email19612@domain.uk,779,default,0
5032,2021-09-24,email21320@domain.it,8066,default,0
4099,2022-04-05,email9071@domain.it,177,default,0
4901,2021-10-23,email3333@domain.uk,4887,forced,0
6482,2021-08-27,email24509@domain.es,2538,default,0
989,2021-08-13,email32619@domain.com,6217,default,0
9835,2021-12-25,email2734@domain.es,3333,default,0
101,2021-07-18,email2148@domain.uk,6385,default,0
4969,2021-10-16,email5034@domain.es,4450,forced,0
8940,2022-05-29,email6564@domain.com,7743,default,0
2284,2021-08-26,email25994@domain.it,6410,default,0
1795,2021-12-04,email14432@domain.it,2853,forced,1
4177,2021-08-06,email1321@domain.it,3877,automatic,0
3950,2022-06-13,email4920@domain.com,3788,default,0
3533,2022-04-08,email2729@domain.it,1167,automatic,0
8887,2022-01-01,email30888@domain.it,3797,default,0
2101,2021-08-12,email7382@domain.it,3973,automatic,0
5322,2022-04-08,email45593@domain.com,3700,automatic,0
9852,2021-08-11,email8035@domain.com,4402,forced,1
2113,2022-05-31,email12060@domain.it,6775,default,0
4332,2022-03-08,email26081@domain.com,5456,automatic,1
7705,2021-09-20,email2098@domain.it,1562,default,0
3922,2022-06-05,email16653@domain.uk,3765,default,1
80,2021-09-10,email7189@domain.com,5146,default,0
5460,2022-01-18,email20730@domain.com,5120,automatic,0
573,2022-03-13,email6784@domain.it,3795,default,0
6212,2022-04-06,email12436@domain.com,6672,default,0
2844,2022-06-11,email28192@domain.it,6332,forced,0
3383,2022-04-07,email13038@domain.uk,238,default,0
3003,2021-10-27,email6247@domain.uk,6051,forced,0
1344,2021-10-25,email47683@domain.com,8210,default,0
686,2021-07-04,email13980@domain.it,4049,default,0
1925,2021-09-09,email3115@domain.es,8489,default,0
9582,2022-04-22,email27237@domain.uk,5754,default,0
7288,2021-10-18,email1619@domain.com,3909,forced,1
5780,2021-11-13,email5820@domain.it,6315,default,0
4447,2022-03-07,email169@domain.it,2854,automatic,0
1320,2022-04-08,email12510@domain.uk,797,default,0
3453,2021-11-08,email2050@domain.com,4890,default,0
7269,2021-09-22,email29711@domain.it,8262,automatic,0
9322,2021-08-10,email8993@domain.com,4750,default,0
2318,2022-02-24,email4300@domain.it,263,default,0
1288,2021-10-12,email20379@domain.it,2965,forced,0
5488,2021-08-01,email11176@domain.es,1210,automatic,0
5784,2021-07-02,email367@domain.com,2811,forced,0
4863,2021-08-04,email1014@domain.it,8510,default,0
7824,2021-09-18,email521@domain.com,2329,default,0
3090,2022-04-01,email3932@domain.uk,5408,default,0
9617,2022-05-07,email4430@domain.it,395,default,0
1353,2022-02-14,email31@domain.com,2019,default,0
2002,2022-02-23,email18618@domain.com,3316,default,1
2770,2021-07-04,email5678@domain.com,450,default,0
384,2022-04-07,email14370@domain.it,1786,forced,0
3927,2021-10-10,email13842@domain.com,593,default,1
8474,2021-11-10,email19312@domain.com,4187,default,0
371,2021-10-03,email8992@domain.com,5621,forced,0
6230,2022-06-22,email49843@domain.it,2057,automatic,0
5489,2022-05-13,email14117@domain.com,5181,default,0
3202,2022-02-10,email8259@domain.es,1632,default,0
476,2021-07-17,email49186@domain.it,7706,default,1
1345,2021-11-07,email1958@domain.com,2776,default,0
5188,2022-06-25,email5642@domain.it,2163,default,0
6894,2022-06-15,email8589@domain.it,4837,default,0
8826,2021-10-16,email8188@domain.com,8427,default,0
7404,2021-11-03,email13183@domain.it,8075,default,0
5208,2022-04-06,email4178@domain.com,1232,default,0
4002,2021-11-19,email22855@domain.es,4505,default,0
2294,2021-11-04,email478@domain.uk,4031,default,0
3376,2022-05-10,email236@domain.com,77,default,0
406,2021-10-07,email14346@domain.com,6649,automatic,0
497,2022-01-27,email12282@domain.com,269,forced,0
999,2021-09-02,email6297@domain.it,5472,default,0
3070,2021-12-26,email17767@domain.com,5432,default,0
9957,2021-10-06,email1169@domain.com,3736,default,0
4930,2022-03-15,email3357@domain.com,3338,default,0
2508,2021-08-08,email6767@domain.com,5091,forced,0
3292,2022-01-06,email27750@domain.com,1223,automatic,0
3880,2021-11-17,email53339@domain.com,2539,default,0
1954,2022-03-08,email15691@domain.it,5424,default,1
24,2022-04-29,email26023@domain.it,2159,automatic,0
7250,2021-08-25,email9815@domain.it,8172,automatic,0
2278,2022-01-22,email15154@domain.es,5042,automatic,0
7723,2022-05-27,email1932@domain.uk,3929,default,0
3994,2021-08-23,email4841@domain.it,4313,forced,0
1879,2022-04-08,email11417@domain.uk,3383,default,0
7826,2022-04-19,email6953@domain.uk,4181,automatic,0
9771,2022-03-23,email3254@domain.it,1820,automatic,0
3765,2021-08-14,email1154@domain.it,5819,default,0
8947,2022-02-28,email1012@domain.com,2743,default,0
1513,2022-04-30,email3311@domain.com,7600,default,0
1905,2021-11-06,email8806@domain.uk,805,default,1
9581,2021-08-27,email13276@domain.com,8314,forced,0
2861,2021-11-11,email16577@domain.es,4738,automatic,0
4212,2021-09-09,email545@domain.uk,1776,automatic,0
6272,2022-06-11,email44@domain.es,252,automatic,0
6883,2022-01-14,email9106@domain.com,5367,default,0
9573,2021-11-19,email5275@domain.es,1303,default,0
2230,2021-11-15,email9053@domain.uk,3563,automatic,1
161,2021-08-19,email247@domain.com,1230,default,0
7953,2022-03-04,email2662@domain.com,6242,forced,0
7781,2021-10-03,email947@domain.it,428,automatic,0
2514,2022-06-14,email2290@domain.com,3904,default,0
7752,2022-04-10,email11104@domain.uk,2299,automatic,0
8687,2021-07-08,email7799@domain.it,7605,default,0
3621,2021-11-04,email33528@domain.com,6017,automatic,1
2090,2022-01-27,email13514@domain.com,6209,default,0
5981,2022-04-12,email2024@domain.it,4998,default,0
8941,2021-09-28,email4253@domain.com,3012,default,1
1677,2022-01-23,email36730@domain.it,109,default,0
1085,2021-10-14,email15320@domain.com,2600,default,0
8067,2021-10-05,email23690@domain.com,6507,default,0
3871,2022-03-09,email919@domain.com,7046,automatic,0
4784,2021-09-08,email7894@domain.com,2452,default,0
6290,2021-11-24,email2931@domain.it,4063,automatic,0
3038,2022-03-01,email16554@domain.it,1142,default,1
6398,2022-05-24,email2824@domain.com,184,default,0
7597,2021-09-12,email3202@domain.it,23,forced,0
3914,2021-08-11,email2413@domain.es,2509,default,0
5400,2021-12-16,email1290@domain.com,6706,default,0
9919,2022-04-11,email7708@domain.com,5611,automatic,0
4391,2022-01-05,email8674@domain.com,2131,automatic,0
6731,2021-10-09,email9941@domain.it,1031,default,0
5358,2021-09-29,email3117@domain.it,1432,automatic,0
2491,2021-11-03,email42634@domain.it,8069,default,0
2068,2022-03-20,email18939@domain.com,6838,default,1
5866,2022-03-10,email12246@domain.com,2270,default,0
5933,2022-01-06,email18261@domain.uk,1851,default,0
803,2022-03-01,email13206@domain.es,1813,default,0
9995,2021-10-25,email931@domain.com,6842,default,0
4113,2022-05-15,email7853@domain.uk,7860,default,0
9940,2022-05-06,email9956@domain.com,4319,automatic,0
4490,2021-08-15,email2178@domain.es,4392,default,1
2972,2021-12-01,email3494@domain.it,3033,default,0
2760,2022-05-02,email23544@domain.it,5030,automatic,0
5051,2022-05-06,email13443@domain.com,2484,default,0
9671,2022-01-14,email14368@domain.es,1635,default,0
2954,2022-04-07,email9370@domain.uk,2118,default,0
4917,2022-04-18,email5226@domain.com,4172,default,0
5113,2021-08-11,email9830@domain.com,6100,automatic,0
9588,2021-09-13,email10559@domain.com,2336,automatic,0
1323,2022-04-08,email11286@domain.uk,797,default,0
4966,2021-09-04,email739@domain.uk,5600,automatic,0
3230,2022-06-04,email6693@domain.it,1501,forced,0
4080,2022-06-21,email6414@domain.es,7232,default,0
4841,2022-06-07,email2975@domain.it,3953,default,0
9105,2021-07-04,email16041@domain.es,6060,default,0
2650,2021-07-22,email3388@domain.com,4202,default,0
4726,2022-03-19,email1286@domain.it,4655,default,0
2319,2022-03-12,email32048@domain.it,5856,default,0
8785,2022-05-19,email2187@domain.com,5426,default,0
6164,2021-07-24,email10658@domain.it,948,default,0
3698,2021-09-09,email10975@domain.uk,1912,automatic,0
6119,2021-07-12,email6673@domain.it,5662,default,0
7580,2021-09-18,email6658@domain.com,3082,default,0
9185,2021-12-20,email8120@domain.com,1240,default,0
8991,2021-09-05,email8958@domain.com,861,default,0
2352,2022-05-15,email37070@domain.com,605,default,0
722,2021-07-17,email11486@domain.es,1050,default,0
6248,2021-10-07,email25379@domain.it,7189,default,1
3278,2021-09-02,email7002@domain.com,2126,automatic,0
3589,2021-07-10,email2740@domain.it,5906,default,0
5280,2022-05-07,email5352@domain.it,8143,forced,0
4436,2021-09-30,email22751@domain.com,6779,automatic,0
4974,2021-08-22,email718@domain.es,8398,automatic,0
3870,2021-10-09,email5038@domain.com,2827,forced,0
7571,2021-10-01,email1600@domain.com,1049,default,0
5420,2022-02-27,email19925@domain.com,253,default,0
1569,2021-11-17,email569@domain.es,7846,default,1
6702,2022-04-07,email43201@domain.uk,4482,forced,0
5320,2021-10-07,email4266@domain.uk,2625,default,0
1952,2022-01-27,email16720@domain.com,8405,default,0
7343,2021-08-02,email11597@domain.es,4395,default,0
4016,2021-08-15,email4605@domain.es,6645,default,0
3420,2021-10-18,email15388@domain.uk,3286,default,0
1841,2022-04-10,email5219@domain.uk,849,default,0
3597,2021-08-21,email3649@domain.uk,6430,automatic,0
1482,2022-01-20,email2348@domain.com,4445,default,0
1650,2022-04-12,email15758@domain.com,1695,default,0
3181,2022-04-01,email2102@domain.es,5886,default,0
1201,2021-07-23,email19546@domain.com,8535,default,0
2374,2022-03-22,email2584@domain.com,6750,default,0
8085,2021-08-16,email19275@domain.es,1543,default,0
3752,2021-07-14,email10862@domain.it,706,default,0
7786,2022-02-10,email3769@domain.it,5160,automatic,0
5805,2021-07-19,email5778@domain.it,4501,automatic,0
7507,2021-10-10,email8793@domain.com,4262,automatic,0
6416,2022-04-09,email7825@domain.es,820,default,0
5846,2022-03-28,email3083@domain.uk,1364,default,0
1197,2022-06-27,email11301@domain.es,3845,default,0
8390,2021-08-07,email6929@domain.com,3928,forced,0
8113,2022-03-10,email1087@domain.es,2359,default,1
1431,2021-11-18,email2438@domain.it,3437,default,0
7603,2021-10-08,email1426@domain.uk,1925,default,1
9761,2021-08-11,email1952@domain.it,443,automatic,0
2825,2021-08-06,email1058@domain.com,4687,forced,1
9734,2021-12-25,email16165@domain.es,3956,default,1
8773,2022-03-16,email5359@domain.it,4519,default,0
1322,2022-04-08,email15509@domain.uk,797,default,0
756,2021-10-26,email14402@domain.it,5643,default,1
8957,2021-11-07,email5044@domain.es,1566,default,0
4825,2021-11-19,email18527@domain.com,6231,default,0
581,2021-10-08,email3617@domain.com,458,forced,1
6378,2021-10-28,email17029@domain.it,4382,default,0
2211,2021-10-28,email3978@domain.com,7574,default,0
5931,2021-12-29,email8002@domain.es,3141,default,0
5132,2021-09-02,email52222@domain.es,4211,default,0
6379,2022-05-27,email16421@domain.com,6518,default,0
5075,2021-11-04,email8308@domain.com,6109,default,0
9497,2021-10-16,email1338@domain.it,6295,automatic,0
3287,2021-10-10,email23769@domain.it,2779,default,0
9158,2022-01-16,email1685@domain.it,3645,default,0
153,2021-09-24,email17298@domain.es,3394,default,0
9192,2022-03-24,email10916@domain.com,4766,automatic,0
5029,2021-08-25,email10777@domain.com,7724,default,0
346,2021-09-26,email3895@domain.com,6269,default,0
4748,2021-10-25,email11684@domain.com,393,default,0
7579,2021-08-22,email7461@domain.com,4523,default,0
941,2021-07-29,email3617@domain.it,983,default,0
1290,2021-12-22,email36400@domain.com,3861,automatic,0
2429,2022-06-04,email10122@domain.it,5883,default,1
7455,2021-09-13,email13574@domain.it,425,default,0
4243,2022-04-14,email12158@domain.it,4929,default,0
2595,2021-08-03,email564@domain.com,6222,default,0
2051,2021-12-21,email8231@domain.com,2723,default,0
1590,2021-12-10,email49@domain.com,3440,forced,0
948,2022-04-08,email5363@domain.it,5538,default,0
502,2022-02-04,email7695@domain.com,4196,automatic,0
5279,2021-08-13,email656@domain.it,7868,automatic,0
7782,2022-04-26,email2480@domain.it,2347,default,0
7100,2021-11-10,email11439@domain.uk,1876,default,0
8351,2021-09-19,email21301@domain.es,2285,default,0
9048,2021-12-08,email10501@domain.com,3701,forced,0
8100,2021-08-24,email764@domain.com,6853,default,0
7471,2021-11-30,email149@domain.com,5737,automatic,0
8172,2021-10-19,email15189@domain.com,1147,automatic,1
3810,2021-09-03,email11653@domain.es,5361,automatic,0
239,2021-11-04,email4519@domain.com,3847,default,1
8034,2022-04-12,email10739@domain.es,2533,default,1
3906,2021-10-07,email11241@domain.com,5012,default,0
3307,2021-09-02,email4451@domain.uk,4385,automatic,0
7811,2022-04-06,email151@domain.uk,7426,default,0
456,2021-12-05,email23777@domain.com,111,default,0
9637,2022-04-14,email4848@domain.uk,2394,default,0
7771,2021-11-20,email6963@domain.com,8542,default,0
766,2021-09-02,email5467@domain.com,6855,default,0
8585,2021-11-25,email19401@domain.com,2377,default,0
5908,2021-09-12,email1934@domain.uk,7013,default,0
7271,2022-03-07,email9242@domain.it,3582,default,0
8942,2021-07-31,email7513@domain.es,923,default,0
3447,2021-07-12,email9587@domain.it,5873,automatic,0
3506,2022-01-12,email1136@domain.it,2296,forced,0
3856,2022-03-16,email1388@domain.uk,7315,default,0
7041,2021-07-09,email18887@domain.com,1200,default,0
5689,2021-10-27,email10717@domain.uk,3708,forced,0
3336,2022-03-05,email5176@domain.com,4454,default,0
4820,2022-02-28,email3224@domain.it,399,automatic,0
4378,2021-12-07,email3296@domain.es,1259,forced,0
3951,2022-02-24,email7705@domain.it,6461,automatic,0
7489,2021-09-28,email29609@domain.com,2418,automatic,0
3402,2021-08-26,email16019@domain.uk,1187,default,0
9001,2022-06-22,email12945@domain.it,7451,default,1
9135,2021-08-06,email2315@domain.com,5113,default,0
2008,2021-08-24,email3640@domain.com,6500,default,0
198,2021-11-03,email3526@domain.com,674,default,0
8561,2022-05-06,email27661@domain.com,4531,default,1
969,2022-01-08,email372@domain.com,4757,default,0
2287,2021-10-20,email18867@domain.uk,8409,automatic,1
5445,2022-04-20,email2879@domain.com,7131,default,1
9412,2021-10-25,email3563@domain.es,7218,default,1
1529,2021-09-18,email33890@domain.com,1755,automatic,0
404,2022-06-23,email6066@domain.com,5776,forced,0
3885,2021-09-01,email27297@domain.com,1992,forced,0
5952,2021-08-23,email14404@domain.it,5811,default,0
1785,2022-06-04,email5743@domain.uk,1901,default,0
3568,2021-11-13,email12431@domain.uk,905,default,0
6991,2022-02-28,email3834@domain.it,112,default,0
1619,2021-08-13,email12930@domain.es,3930,default,0
1372,2022-04-08,email5394@domain.com,633,forced,1
3666,2022-01-05,email7421@domain.uk,3246,default,1
9757,2022-01-17,email3072@domain.it,2672,default,0
8989,2021-12-10,email7501@domain.com,2694,automatic,0
69,2021-09-30,email3393@domain.es,3405,default,0
6811,2021-10-09,email5931@domain.com,2393,default,0
3606,2021-10-27,email1772@domain.it,3423,default,0
4196,2022-04-04,email10741@domain.com,3029,default,0
8489,2022-03-14,email2547@domain.uk,8008,default,0
9256,2022-02-28,email709@domain.es,5700,forced,0
1549,2022-02-26,email3239@domain.com,6339,default,0
2518,2022-01-02,email6969@domain.com,2961,default,0
8354,2022-04-06,email24445@domain.com,7185,default,0
7828,2022-05-28,email3499@domain.it,1205,default,0
8393,2021-11-10,email24507@domain.es,508,default,0
4768,2021-09-17,email1153@domain.uk,2863,default,0
9932,2021-07-21,email13003@domain.uk,4095,default,0
4193,2021-09-30,email408@domain.es,933,default,0
3700,2022-02-24,email11607@domain.uk,5309,default,0
1119,2021-10-31,email2410@domain.it,1899,automatic,0
9915,2022-06-18,email13431@domain.com,7703,default,0
680,2021-07-11,email3632@domain.it,847,default,0
6575,2022-05-04,email9816@domain.com,8290,default,0
2150,2021-09-02,email13678@domain.com,5033,default,0
9218,2021-11-11,email11383@domain.com,2374,default,0
3196,2021-11-26,email3342@domain.com,5848,automatic,0
9111,2022-06-21,email5254@domain.com,7050,automatic,0
8738,2021-08-12,email7689@domain.com,2597,forced,0
4954,2022-04-08,email13465@domain.com,8011,default,0
4171,2022-01-15,email1199@domain.it,100,automatic,0
650,2022-05-23,email3019@domain.it,7201,default,0
5551,2021-08-21,email2834@domain.es,2634,default,0
9159,2022-01-08,email33120@domain.com,911,default,0
9467,2022-02-25,email3168@domain.uk,1614,default,0
1363,2021-07-23,email24090@domain.es,6767,default,0
1707,2021-12-13,email5125@domain.it,2842,default,1
6150,2021-09-17,email8041@domain.com,7486,forced,0
9928,2021-07-01,email18315@domain.com,3425,default,0
1159,2022-02-02,email141@domain.it,6551,forced,1
6855,2022-01-16,email8017@domain.es,6978,default,0
5938,2022-02-11,email4875@domain.uk,6479,default,0
4868,2022-03-21,email4947@domain.it,3396,forced,0
3168,2021-09-23,email5510@domain.com,2830,automatic,0
5772,2022-05-15,email742@domain.it,3477,default,0
4411,2021-08-05,email13582@domain.com,2040,automatic,0
8781,2022-02-05,email10027@domain.it,8072,automatic,0
2224,2022-05-29,email6250@domain.it,7967,automatic,0
6868,2022-03-18,email7312@domain.com,6913,automatic,1
4731,2022-02-28,email9130@domain.com,7347,forced,0
5374,2022-03-01,email11759@domain.uk,8604,default,1
3156,2021-07-15,email1504@domain.uk,6126,default,0
396,2021-07-02,email3180@domain.com,7908,default,0
7246,2021-12-07,email11505@domain.com,4773,default,0
9194,2022-03-17,email5411@domain.uk,4797,automatic,0
1054,2021-10-22,email5586@domain.com,5493,default,1
9474,2021-11-08,email14538@domain.it,6455,default,0
1892,2022-01-03,email1905@domain.it,6331,automatic,1
974,2021-09-08,email5953@domain.it,5128,default,0
3556,2021-12-24,email20292@domain.uk,8226,automatic,0
2104,2022-04-06,email40606@domain.es,1862,default,0
7373,2021-11-18,email36543@domain.it,7676,default,0
6298,2022-04-04,email14334@domain.com,7305,automatic,0
8180,2021-09-09,email7266@domain.it,4174,default,0
6634,2021-11-01,email11566@domain.com,8294,default,0
2340,2021-09-24,email20034@domain.it,73,forced,1
4108,2021-08-18,email6274@domain.com,3972,forced,0
7838,2021-08-09,email23748@domain.it,5183,default,0
8492,2021-09-25,email9320@domain.uk,8463,default,0
7548,2022-01-07,email603@domain.com,5532,default,0
6633,2021-09-02,email33575@domain.es,8607,automatic,0
9356,2021-10-31,email10903@domain.com,2722,default,0
9504,2022-05-08,email2935@domain.com,6956,default,0
1402,2021-08-23,email7650@domain.it,711,default,0
9638,2022-03-19,email9372@domain.uk,2394,default,0
1533,2021-11-09,email1067@domain.it,8516,default,0
9240,2021-09-27,email18895@domain.it,6945,default,0
6769,2021-08-17,email22643@domain.it,6931,automatic,0
3362,2022-04-12,email14075@domain.com,2788,automatic,0
7978,2022-01-19,email8096@domain.uk,1619,default,1
6639,2022-05-22,email6795@domain.com,3306,default,0
2607,2021-10-06,email1422@domain.com,4614,default,0
9176,2022-03-18,email11506@domain.com,8324,default,1
1219,2021-11-08,email12394@domain.it,5705,default,0
1572,2022-04-27,email9523@domain.com,497,default,0
6918,2021-10-17,email1660@domain.com,745,default,0
6190,2022-04-16,email8811@domain.com,4616,automatic,0
4725,2022-05-08,email7679@domain.it,1058,default,0
8090,2021-08-27,email66096@domain.it,5491,default,0
443,2021-09-03,email9507@domain.com,4658,automatic,0
6884,2022-04-20,email6208@domain.com,7702,default,0
7317,2022-02-27,email578@domain.com,6548,default,0
7960,2022-04-08,email2784@domain.uk,1772,default,0
1995,2021-10-18,email7292@domain.it,5634,default,1
4761,2021-07-04,email1894@domain.uk,7051,default,0
2423,2022-01-06,email5657@domain.uk,667,default,0
4772,2021-11-13,email21741@domain.com,2680,automatic,0
3842,2021-11-13,email24853@domain.it,1392,default,0
9705,2021-11-25,email9016@domain.com,4465,default,0
1006,2022-02-22,email2261@domain.uk,7750,default,0
4676,2021-11-04,email8891@domain.com,2640,default,0
3030,2021-09-22,email19132@domain.com,3944,default,0
2496,2021-07-17,email5076@domain.com,5150,forced,0
6611,2021-09-03,email6414@domain.com,3019,default,0
5811,2022-03-04,email21890@domain.com,1858,default,0
322,2022-04-08,email915@domain.com,4900,default,0
4260,2022-02-09,email22943@domain.com,4939,automatic,0
8061,2021-09-08,email23609@domain.com,3697,automatic,0
3894,2021-11-15,email5115@domain.uk,2243,default,0
3587,2021-10-17,email5020@domain.com,2121,forced,0
4077,2022-04-08,email2741@domain.uk,2688,default,0
5394,2021-09-26,email11996@domain.es,2572,default,0
5624,2021-12-22,email8494@domain.it,7427,default,0
7183,2021-08-13,email15873@domain.com,2250,default,0
4788,2022-04-06,email918@domain.es,4574,default,0
5910,2022-02-20,email3559@domain.it,5568,default,0
1790,2021-07-11,email792@domain.com,4502,automatic,0
6211,2022-04-17,email7723@domain.es,4258,automatic,0
1114,2022-05-18,email3503@domain.it,5570,automatic,0
6374,2021-10-05,email12504@domain.es,2386,automatic,0
4257,2022-06-10,email45252@domain.com,4272,default,0
1703,2021-10-15,email1880@domain.com,7253,default,0
297,2022-04-26,email2014@domain.uk,7856,default,1
6909,2022-05-21,email8985@domain.com,1174,automatic,1
3319,2021-10-29,email30576@domain.com,868,default,0
5152,2022-06-16,email9313@domain.it,343,default,0
1813,2021-09-30,email6452@domain.com,7906,default,0
4977,2022-03-16,email15077@domain.it,1249,default,0
6405,2021-09-01,email2315@domain.com,806,default,0
9774,2021-09-17,email35443@domain.it,708,automatic,0
9677,2022-03-01,email20357@domain.com,8668,default,0
7033,2022-05-04,email5402@domain.com,6550,forced,0
6773,2022-01-14,email16414@domain.com,4864,default,0
8164,2021-12-08,email15399@domain.com,1842,default,0
9936,2022-03-13,email16640@domain.es,6316,default,0
6293,2022-03-17,email4778@domain.com,8261,default,0
9653,2021-07-25,email7607@domain.uk,1014,default,0
3955,2021-12-23,email53701@domain.it,1103,default,0
5706,2022-04-09,email7431@domain.uk,400,default,0
7650,2021-10-06,email10559@domain.es,4361,default,0
1824,2021-07-16,email6621@domain.com,5185,automatic,0
6584,2022-04-26,email3366@domain.com,1206,default,0
5649,2021-10-12,email8848@domain.uk,2501,default,1
2425,2022-04-09,email13284@domain.it,4608,default,0
6242,2022-04-14,email2067@domain.it,6232,default,1
9025,2022-02-18,email845@domain.it,3742,default,0
3023,2021-09-15,email9661@domain.it,1342,default,0
89,2022-04-01,email3661@domain.it,4184,default,1
1257,2021-12-03,email16451@domain.com,1371,default,0
6143,2021-07-28,email45593@domain.it,5622,default,0
4304,2022-04-27,email3774@domain.com,772,default,0
8367,2022-03-02,email8772@domain.it,4719,automatic,0
261,2021-10-17,email18810@domain.it,5671,default,0
9992,2021-11-05,email1984@domain.uk,162,default,0
2478,2021-10-18,email49949@domain.com,2499,default,0
1712,2022-06-15,email3200@domain.com,8350,default,0
1048,2022-04-04,email10725@domain.it,4840,default,0
5084,2022-06-27,email2630@domain.it,3851,default,1
2480,2021-07-04,email140@domain.com,1551,default,0
6320,2021-11-30,email29725@domain.it,4479,default,0
527,2022-05-17,email2997@domain.com,6725,default,0
3468,2022-03-03,email22643@domain.com,2087,automatic,0
4279,2022-03-09,email19749@domain.it,2985,default,0
6752,2021-11-13,email10211@domain.it,8266,default,0
4485,2021-11-06,email1586@domain.it,684,default,0
165,2021-11-25,email20715@domain.com,5346,automatic,1
3965,2021-07-13,email559@domain.uk,1455,forced,0
9933,2021-12-11,email20837@domain.it,681,default,0
8627,2021-07-05,email16684@domain.it,3670,default,0
7772,2021-11-05,email1922@domain.com,7674,automatic,0
7169,2021-10-26,email13149@domain.com,157,default,1
4052,2021-07-19,email6097@domain.uk,4873,default,0
7977,2021-09-17,email3962@domain.uk,3146,default,0
9122,2021-11-10,email7046@domain.uk,6771,default,0
6058,2022-01-07,email9250@domain.it,8511,default,0
9083,2022-01-13,email730@domain.com,4008,default,0
7017,2021-08-13,email31770@domain.it,7707,default,1
7408,2021-12-10,email5957@domain.es,4410,default,0
955,2022-06-17,email4080@domain.it,4885,default,1
4498,2021-08-11,email7975@domain.es,7949,default,0
4597,2021-09-04,email7237@domain.it,6146,default,1
1316,2022-03-17,email1527@domain.uk,6475,automatic,0
980,2022-02-06,email14228@domain.com,2213,default,0
6789,2021-11-03,email10816@domain.com,5823,default,0
1584,2022-04-04,email6714@domain.uk,7775,automatic,1
9411,2022-06-02,email38552@domain.es,1517,default,0
8464,2021-09-22,email29622@domain.com,3575,default,1
9610,2022-05-07,email3449@domain.uk,412,default,0
9947,2021-12-16,email4827@domain.it,8443,default,1
2094,2021-10-28,email10384@domain.com,1150,default,0
6648,2022-04-23,email6354@domain.uk,8419,default,0
5904,2022-02-06,email2031@domain.it,1941,default,0
2734,2021-07-11,email11340@domain.it,3644,automatic,0
1099,2022-06-13,email2609@domain.uk,6806,default,0
8353,2022-04-08,email7198@domain.com,7185,default,0
7759,2022-03-29,email2170@domain.com,3466,default,0
6700,2022-01-20,email8338@domain.com,185,default,0
7174,2022-04-19,email44952@domain.com,3451,automatic,0
2576,2022-01-08,email3851@domain.com,4723,default,0
7753,2022-04-05,email9860@domain.es,8363,default,0
7077,2021-09-23,email8123@domain.com,1463,default,1
114,2022-04-09,email17416@domain.uk,5564,default,0
7446,2021-12-15,email6452@domain.uk,6156,default,0
7011,2022-03-06,email2035@domain.es,5314,default,0
8401,2021-07-11,email2292@domain.com,8339,default,0
2921,2021-11-22,email758@domain.it,1316,default,0
9820,2021-07-19,email18927@domain.it,531,forced,0
8717,2021-11-26,email2746@domain.it,2684,default,0
5654,2021-09-17,email5470@domain.es,1402,default,0
8347,2022-04-06,email38376@domain.uk,1676,default,0
529,2022-04-24,email4561@domain.it,6731,default,0
2455,2022-01-20,email1070@domain.com,1289,default,0
7217,2021-11-24,email17572@domain.com,7356,forced,1
5464,2022-03-08,email27768@domain.com,6048,default,0
9681,2021-11-29,email1779@domain.it,6994,default,0
1014,2022-03-17,email16137@domain.it,6836,default,0
7490,2022-01-09,email6605@domain.uk,3001,automatic,0
4059,2022-04-21,email7631@domain.uk,4644,automatic,0
8359,2022-04-25,email325@domain.com,5576,default,0
7251,2021-08-25,email9851@domain.it,8172,automatic,0
3361,2022-04-06,email11892@domain.com,2788,default,0
5600,2022-05-31,email19221@domain.com,90,default,1
7224,2021-11-22,email2040@domain.com,8166,default,0
4622,2021-07-27,email4102@domain.uk,435,forced,0
2567,2021-09-03,email528@domain.com,3351,automatic,0
5144,2021-11-20,email3185@domain.it,3268,default,0
2130,2021-08-12,email9325@domain.it,1542,default,0
8993,2021-12-15,email2192@domain.com,3473,automatic,0
2479,2021-10-24,email3011@domain.uk,7566,default,0
1603,2022-02-28,email1442@domain.it,2947,default,0
1725,2021-07-30,email5971@domain.es,2856,default,1
4854,2022-04-05,email7359@domain.it,5178,default,0
5722,2022-04-12,email102@domain.com,1368,default,0
8329,2021-10-31,email6266@domain.es,4944,automatic,0
9714,2021-08-12,email9747@domain.uk,5213,default,0
8204,2021-12-28,email14939@domain.it,2463,default,0
8194,2022-02-04,email31918@domain.it,3439,automatic,0
7045,2022-03-13,email23999@domain.it,6379,default,0
4986,2021-11-05,email5592@domain.es,2168,default,0
8196,2021-07-18,email2204@domain.es,8402,forced,0
506,2022-03-16,email2811@domain.uk,7064,default,0
313,2021-07-25,email9682@domain.it,265,default,0
232,2021-09-20,email13208@domain.com,411,automatic,0
6252,2022-03-15,email6060@domain.uk,42,forced,0
7528,2022-05-20,email515@domain.es,1679,automatic,0
2847,2021-11-03,email2681@domain.com,7121,automatic,0
5261,2022-06-23,email7906@domain.it,7870,default,0
3,2022-04-08,email6232@domain.es,2269,default,0
269,2022-06-10,email4074@domain.es,4146,default,0
6283,2022-04-11,email13421@domain.it,6744,forced,0
9545,2022-01-24,email10566@domain.it,1751,default,0
953,2022-06-20,email21036@domain.it,4885,default,0
450,2022-02-12,email19698@domain.com,2244,default,0
370,2021-10-08,email11313@domain.com,7512,default,0
1732,2022-06-08,email1338@domain.uk,422,default,0
8405,2021-11-16,email3710@domain.uk,283,forced,0
2715,2021-11-28,email9064@domain.com,8263,automatic,0
6203,2021-11-30,email4471@domain.com,3360,default,0
6247,2021-09-11,email6130@domain.uk,1255,default,0
3178,2021-07-08,email1703@domain.it,7386,default,0
8530,2022-01-07,email20840@domain.uk,4700,default,0
729,2022-01-07,email1559@domain.it,870,automatic,0
6087,2022-06-23,email13808@domain.com,2754,default,0
6427,2021-10-07,email33950@domain.com,4034,default,0
5828,2021-07-21,email16025@domain.com,6204,forced,0
8309,2021-09-03,email6039@domain.uk,8311,forced,0
8965,2021-12-11,email13174@domain.es,5675,automatic,0
9200,2021-07-03,email4831@domain.it,1440,default,0
2962,2021-08-27,email678@domain.com,5100,default,0
8860,2021-09-05,email7580@domain.com,2357,automatic,0
4202,2021-09-29,email1148@domain.es,4537,default,1
7115,2022-01-17,email872@domain.uk,7393,forced,0
3571,2022-05-21,email32588@domain.com,4474,default,0
5172,2021-12-16,email12333@domain.com,6848,default,0
8912,2021-12-23,email7934@domain.uk,4525,default,1
2620,2022-04-13,email687@domain.com,2670,default,0
6483,2021-10-29,email11719@domain.it,7896,default,0
6668,2022-01-23,email259@domain.es,139,forced,0
4488,2021-12-22,email701@domain.com,1735,default,0
8850,2022-03-08,email2687@domain.com,533,default,0
5707,2021-11-06,email2298@domain.it,4101,default,0
7515,2022-05-12,email2793@domain.com,6254,default,0
1848,2022-04-19,email8856@domain.uk,2875,automatic,0
2500,2022-06-29,email9588@domain.com,3832,default,0
7441,2022-04-22,email4317@domain.com,1045,default,0
7142,2022-01-03,email4301@domain.com,6306,default,0
9494,2021-10-27,email2554@domain.uk,5771,default,0
5948,2021-09-30,email340@domain.it,7175,default,0
7620,2022-04-17,email115@domain.com,814,default,0
2302,2021-11-14,email11241@domain.com,341,default,0
5300,2021-08-16,email12628@domain.com,4775,automatic,0
7346,2021-11-10,email2631@domain.it,1145,default,0
5410,2022-04-16,email45129@domain.uk,25,default,0
185,2022-04-11,email9234@domain.it,7415,default,0
8365,2022-02-16,email686@domain.it,4892,automatic,0
9738,2022-02-25,email7122@domain.es,3009,forced,0
278,2022-04-30,email159@domain.uk,7839,default,1
1033,2021-08-17,email2843@domain.es,5831,default,0
706,2021-07-22,email31918@domain.it,536,default,0
3953,2021-10-08,email12062@domain.it,5745,forced,0
2200,2021-09-11,email23682@domain.it,7924,default,0
4741,2021-12-03,email9763@domain.it,6581,default,0
894,2022-04-06,email5131@domain.it,16,default,0
6442,2021-10-28,email6164@domain.it,4144,default,0
7323,2021-11-07,email969@domain.it,7784,default,0
2347,2021-07-05,email6519@domain.it,6568,automatic,1
9559,2021-12-21,email11372@domain.com,2815,default,0
5822,2021-12-08,email28308@domain.com,690,default,0
6799,2021-11-19,email83@domain.it,3096,default,0
6556,2022-01-16,email3493@domain.com,5699,default,0
1153,2022-02-10,email5070@domain.it,163,default,0
5774,2021-12-29,email14494@domain.com,768,default,0
818,2021-09-10,email838@domain.com,39,automatic,0
5169,2021-11-06,email14619@domain.it,6363,automatic,0
2231,2021-12-07,email2826@domain.it,1539,default,0
7465,2022-05-01,email3219@domain.com,2248,default,0
8673,2021-08-14,email5921@domain.it,7984,default,0
1883,2021-10-29,email17321@domain.com,1655,automatic,0
1224,2021-10-01,email17439@domain.com,6459,default,0
6923,2021-10-27,email20002@domain.es,4304,default,0
108,2021-12-10,email3908@domain.it,2855,automatic,0
1118,2022-06-06,email2752@domain.es,3633,default,0
8082,2022-03-24,email8170@domain.uk,7109,automatic,0
7699,2021-12-11,email11213@domain.es,1981,default,0
4147,2022-03-03,email4943@domain.com,6168,automatic,1
5880,2022-06-15,email4133@domain.it,1111,forced,0
967,2022-04-06,email5870@domain.com,2657,default,0
4457,2022-02-20,email19459@domain.com,2185,default,0
9424,2021-08-07,email1839@domain.it,758,default,0
7248,2021-08-26,email4719@domain.es,7845,default,0
5485,2021-08-12,email17433@domain.com,6127,default,0
662,2022-06-08,email17864@domain.com,445,automatic,0
2038,2022-04-08,email18603@domain.com,426,default,0
4827,2021-09-22,email9636@domain.com,6646,default,0
556,2022-04-13,email2664@domain.it,5553,default,0
253,2021-11-23,email4751@domain.com,2481,forced,0
3203,2022-02-26,email1845@domain.com,3176,forced,0
4603,2022-01-29,email4277@domain.uk,4926,automatic,0
6875,2021-12-13,email1784@domain.es,7112,automatic,0
35,2021-10-27,email3827@domain.com,4030,default,0
5693,2022-04-04,email3409@domain.com,2535,default,0
6499,2021-07-01,email8270@domain.com,1734,default,0
8716,2021-07-18,email1041@domain.com,1602,automatic,0
7357,2021-08-27,email10581@domain.com,3104,forced,0
3962,2021-10-17,email20473@domain.com,8376,default,0
4673,2021-11-03,email22408@domain.com,2775,default,0
7312,2022-03-22,email9154@domain.com,1729,default,0
6597,2022-06-16,email4173@domain.it,7637,default,0
8955,2022-05-01,email16962@domain.uk,4824,automatic,0
5395,2021-10-13,email9810@domain.com,1356,forced,0
9014,2021-10-11,email1251@domain.com,8449,automatic,1
7954,2021-12-29,email3130@domain.com,2846,default,0
6576,2022-05-02,email1296@domain.com,8506,automatic,0
3387,2021-12-10,email4849@domain.com,895,default,0
1560,2022-01-14,email28108@domain.uk,3780,default,0
4750,2022-04-30,email24057@domain.it,8543,default,0
5499,2021-07-22,email3783@domain.it,5274,default,0
2686,2022-03-03,email13438@domain.es,3418,default,0
7345,2022-05-09,email8269@domain.com,8499,automatic,0
9486,2022-05-18,email27415@domain.it,5946,default,0
572,2022-03-01,email16774@domain.it,3795,default,1
6236,2022-03-15,email16833@domain.com,2303,default,1
9283,2021-07-07,email5033@domain.com,7872,default,0
820,2022-04-15,email10035@domain.com,6696,default,0
6173,2021-12-14,email7538@domain.it,5740,default,0
5139,2022-04-07,email40514@domain.it,1544,default,0
8463,2022-02-19,email1616@domain.com,6399,default,0
8515,2021-09-28,email5561@domain.com,3452,default,0
8216,2022-05-25,email2908@domain.it,8018,default,0
9557,2021-11-21,email5413@domain.it,3004,default,0
9058,2021-11-27,email10701@domain.com,3776,forced,0
2241,2022-02-28,email2574@domain.com,6066,automatic,0
6097,2022-04-03,email3180@domain.com,4295,automatic,0
9174,2022-01-23,email11095@domain.com,756,default,0
5711,2022-04-06,email9043@domain.com,6426,default,0
3770,2021-08-11,email13010@domain.uk,4212,default,0
606,2022-01-15,email1814@domain.com,4789,default,0
6862,2022-06-07,email12178@domain.com,19,automatic,0
3426,2021-09-08,email2633@domain.com,6245,automatic,0
1895,2022-04-17,email3292@domain.it,4841,default,0
690,2022-02-01,email10095@domain.it,8422,default,0
8223,2021-10-07,email9913@domain.it,2772,automatic,0
6849,2021-12-16,email77798@domain.es,1113,default,0
5666,2021-07-11,email9693@domain.it,8385,automatic,0
7955,2021-07-19,email17322@domain.es,2030,default,0
2788,2022-05-28,email7455@domain.es,1233,default,0
8822,2021-07-29,email8069@domain.com,7123,default,0
4584,2022-01-23,email2766@domain.es,6897,automatic,0
4918,2021-12-28,email19634@domain.it,1476,default,0
4707,2022-06-03,email3426@domain.it,7435,forced,0
2798,2022-03-06,email2772@domain.com,7293,default,0
1112,2021-11-19,email14479@domain.es,1552,default,0
9658,2021-10-11,email75@domain.com,3379,default,0
8343,2021-09-13,email20720@domain.es,4430,default,0
5425,2022-04-19,email813@domain.com,7035,default,0
4211,2021-12-11,email12748@domain.es,5514,default,0
9103,2021-09-30,email8235@domain.it,5531,automatic,0
785,2022-02-24,email4065@domain.it,2783,default,0
9727,2021-10-15,email11811@domain.com,5007,default,1
1632,2021-10-03,email5861@domain.it,2414,default,0
5254,2021-12-12,email11220@domain.it,3319,forced,0
1566,2022-03-13,email28768@domain.com,624,default,0
9548,2021-11-18,email5209@domain.com,1795,default,0
1023,2022-04-10,email10918@domain.com,4589,automatic,0
5402,2021-07-29,email9883@domain.it,3870,default,0
5481,2021-12-09,email1252@domain.com,2897,default,0
9397,2022-03-15,email859@domain.com,7222,automatic,0
1440,2021-10-16,email14000@domain.it,557,default,1
3045,2021-11-19,email766@domain.uk,7958,default,0
4910,2021-07-21,email6705@domain.com,173,default,0
5610,2022-05-29,email5788@domain.com,5935,automatic,0
3119,2021-08-20,email11965@domain.com,6520,default,0
2597,2022-01-19,email18330@domain.it,800,default,0
364,2022-04-16,email30027@domain.uk,3370,default,0
2612,2022-04-09,email29153@domain.com,716,default,0
8621,2021-11-24,email22155@domain.it,5061,default,0
669,2022-03-17,email366@domain.es,1819,default,0
5756,2021-09-11,email2480@domain.es,3336,default,0
7257,2022-01-12,email19323@domain.es,7373,forced,0
2286,2021-11-13,email16445@domain.it,3723,default,0
480,2022-06-05,email6892@domain.com,324,default,0
8869,2022-06-22,email44357@domain.it,6557,default,0
7495,2021-10-28,email41013@domain.com,719,default,0
4623,2021-09-03,email2547@domain.com,7599,default,0
831,2021-11-27,email3662@domain.com,1053,default,0
1942,2021-12-03,email13666@domain.uk,3790,forced,0
883,2022-04-24,email10532@domain.uk,4359,automatic,1
2476,2022-05-15,email3983@domain.com,7668,automatic,0
4884,2022-04-08,email936@domain.it,1877,forced,0
4818,2022-04-06,email7746@domain.com,5998,automatic,0
5375,2022-01-08,email4443@domain.com,597,default,1
2613,2022-04-09,email8535@domain.com,716,default,0
6132,2022-05-24,email1138@domain.uk,5285,automatic,0
2453,2021-09-26,email17074@domain.it,656,default,0
6570,2022-05-07,email21313@domain.uk,244,automatic,0
564,2021-11-25,email7315@domain.es,2237,forced,0
1151,2021-11-24,email6117@domain.uk,5255,forced,0
8313,2021-08-27,email363@domain.com,2180,default,0
2485,2022-04-06,email3678@domain.es,5356,default,0
5793,2022-05-03,email14022@domain.it,5795,automatic,0
2799,2022-02-03,email1810@domain.com,702,default,0
7361,2022-03-08,email6120@domain.uk,1704,default,0
3582,2021-09-30,email1515@domain.es,115,default,1
3949,2022-02-28,email12784@domain.com,6062,default,0
6869,2021-11-10,email12824@domain.com,701,default,0
4611,2022-01-06,email429@domain.com,4820,default,0
4495,2021-10-08,email573@domain.com,985,default,0
1967,2022-04-07,email855@domain.it,965,automatic,0
3684,2022-02-16,email19529@domain.it,2595,default,0
6605,2022-06-15,email24720@domain.uk,8015,default,1
9899,2021-10-21,email13345@domain.uk,4829,default,0
6666,2022-03-27,email10283@domain.com,7371,automatic,0
6073,2022-01-09,email893@domain.it,4968,default,1
5597,2021-07-12,email33092@domain.it,2674,forced,0
5242,2021-09-20,email90@domain.com,4025,default,0
352,2021-10-15,email6311@domain.com,5990,default,0
1246,2021-11-25,email16668@domain.com,6720,default,0
8667,2021-09-14,email1556@domain.it,1152,default,0
2698,2021-08-06,email5023@domain.com,6113,default,0
7653,2021-10-10,email6096@domain.es,5616,default,0
2678,2021-07-15,email4081@domain.it,1920,automatic,0
873,2022-05-03,email5290@domain.uk,6045,default,0
7997,2021-07-07,email5140@domain.com,8129,forced,0
249,2021-09-07,email10364@domain.uk,5641,forced,0
7091,2021-08-12,email5062@domain.com,4137,default,0
2060,2022-03-06,email4781@domain.it,79,automatic,0
8256,2022-03-04,email14402@domain.it,6571,default,0
5396,2021-10-13,email8415@domain.com,1356,automatic,0
7619,2022-01-09,email10146@domain.it,7133,default,0
3973,2021-11-08,email6075@domain.com,5751,default,0
4073,2021-07-06,email9300@domain.com,8444,default,0
4269,2022-05-29,email10189@domain.it,4241,default,0
9639,2022-03-22,email8437@domain.uk,2394,automatic,0
9580,2022-06-06,email5849@domain.es,7689,default,0
6075,2021-08-11,email8763@domain.com,7285,forced,0
4045,2021-08-10,email1869@domain.it,7171,default,0
8923,2021-07-04,email13181@domain.com,8460,automatic,0
9860,2021-09-02,email382@domain.it,6728,default,0
2839,2021-10-25,email5890@domain.it,824,default,0
6972,2022-06-13,email13442@domain.com,4220,default,1
2609,2022-04-09,email10952@domain.com,6076,default,0
2133,2021-10-16,email30237@domain.it,3694,automatic,0
4625,2022-03-02,email1471@domain.it,2868,default,1
9668,2021-07-27,email3731@domain.com,5383,default,0
2373,2021-08-16,email4886@domain.it,1489,default,0
1871,2022-04-08,email8856@domain.com,3457,automatic,0
5212,2021-09-17,email2294@domain.uk,1155,default,1
5203,2022-01-16,email2747@domain.com,3640,default,0
9039,2022-03-19,email10914@domain.it,7235,default,0
9736,2021-08-19,email19456@domain.com,8044,forced,0
4276,2021-08-21,email8076@domain.it,7301,default,0
6162,2021-11-09,email11935@domain.com,6710,automatic,0
7433,2022-02-06,email3559@domain.it,8375,default,1
5553,2021-07-21,email1691@domain.it,2165,automatic,1
1830,2021-11-19,email5954@domain.com,6575,default,0
5437,2021-08-05,email1362@domain.com,1443,automatic,0
5956,2021-11-15,email5522@domain.com,1497,default,1
2030,2022-01-26,email14150@domain.it,1782,default,0
4150,2021-10-15,email5795@domain.it,301,forced,0
4648,2022-05-22,email6307@domain.com,1026,default,0
7875,2022-05-10,email22419@domain.com,5090,default,0
1136,2022-03-10,email12190@domain.com,3635,default,0
9038,2022-03-26,email1214@domain.it,7202,default,0
4678,2021-11-27,email7766@domain.it,4012,default,0
7499,2022-04-27,email6158@domain.uk,1946,forced,1
613,2021-11-28,email11610@domain.it,6680,default,0
1609,2021-11-04,email8154@domain.com,3043,automatic,0
2727,2021-09-25,email1391@domain.com,4338,default,0
5493,2022-05-03,email1261@domain.it,7012,default,0
8935,2022-03-13,email1467@domain.uk,612,default,0
8372,2022-04-09,email14068@domain.it,5216,forced,0
8138,2021-09-16,email3316@domain.it,7424,default,0
2341,2021-11-11,email3297@domain.it,4727,default,0
495,2021-11-03,email272@domain.uk,1841,forced,0
6510,2021-08-05,email48060@domain.it,2876,automatic,0
9884,2022-03-17,email23870@domain.es,7089,automatic,0
4069,2022-05-23,email7031@domain.es,6700,forced,0
4569,2022-04-06,email12371@domain.uk,4264,default,0
5123,2021-09-05,email9923@domain.it,3478,default,0
9590,2021-12-03,email28840@domain.com,739,default,0
9144,2022-01-22,email25979@domain.it,1479,default,0
9801,2021-09-13,email17613@domain.uk,5221,default,0
8288,2022-03-20,email10571@domain.it,5339,default,0
6936,2021-08-17,email16715@domain.it,6103,forced,1
4981,2021-07-18,email19436@domain.it,7592,default,0
5814,2021-08-17,email37544@domain.com,3523,automatic,0
5189,2021-09-04,email17754@domain.com,2715,automatic,1
2787,2022-02-02,email20363@domain.uk,3693,automatic,0
2903,2022-01-05,email3478@domain.uk,1882,default,0
2642,2021-10-26,email30284@domain.com,4166,default,0
8830,2021-09-12,email7876@domain.it,1533,automatic,0
8166,2022-03-01,email8755@domain.com,3230,default,0
2386,2021-08-26,email1856@domain.es,2029,default,0
4852,2022-05-07,email30680@domain.es,132,automatic,0
1615,2021-09-17,email21557@domain.com,7242,automatic,0
6275,2021-07-28,email12694@domain.it,2620,automatic,0
8110,2022-05-19,email3028@domain.uk,7840,default,0
6422,2021-12-05,email4617@domain.it,7052,default,0
9473,2021-09-08,email12004@domain.com,2008,default,1
8195,2022-06-20,email10859@domain.it,4504,default,0
5680,2021-09-07,email11003@domain.it,1456,default,0
7275,2021-11-27,email4396@domain.com,8056,default,0
9594,2021-07-28,email2082@domain.com,4114,default,0
8311,2022-01-23,email15373@domain.com,4370,default,0
5535,2022-04-06,email2530@domain.uk,7006,default,0
4320,2021-12-19,email7856@domain.it,853,default,0
9703,2022-04-21,email2487@domain.com,4650,default,0
7913,2021-11-25,email7764@domain.uk,8055,default,0
7415,2021-09-30,email3776@domain.com,7543,default,1
8297,2021-08-17,email225@domain.es,4748,default,0
3084,2021-12-01,email26969@domain.com,2804,default,1
1060,2022-06-03,email18133@domain.uk,1711,default,0
2701,2021-07-15,email1221@domain.it,6815,automatic,0
3496,2022-04-26,email35465@domain.com,872,default,0
507,2021-12-12,email5476@domain.it,5925,automatic,0
4699,2021-08-02,email6491@domain.it,6844,forced,0
5344,2022-06-28,email1388@domain.com,3112,automatic,0
6557,2021-12-03,email311@domain.com,1391,default,0
8396,2022-03-27,email7639@domain.es,559,automatic,0
5295,2021-08-17,email7707@domain.com,648,default,0
3586,2022-04-13,email19262@domain.it,5388,default,0
4090,2021-10-14,email12006@domain.it,692,default,0
3146,2021-09-08,email18228@domain.com,6299,default,0
8486,2021-11-06,email224@domain.com,1067,default,0
2311,2021-08-25,email14207@domain.it,8404,default,0
8148,2021-10-20,email2081@domain.it,3119,default,0
6889,2021-09-23,email12595@domain.com,1141,automatic,0
6826,2022-04-04,email15967@domain.com,2068,default,0
8339,2021-11-03,email1711@domain.it,606,default,1
9375,2022-01-19,email25068@domain.com,7153,default,0
7998,2021-10-23,email1103@domain.com,8309,default,0
1238,2022-03-21,email3788@domain.com,7556,default,0
5653,2021-09-15,email4677@domain.es,1402,forced,0
5848,2021-10-31,email5365@domain.it,8424,forced,0
5809,2021-09-09,email4210@domain.es,8556,default,0
802,2021-10-16,email33072@domain.com,8038,default,0
3772,2022-02-24,email4741@domain.it,3334,automatic,0
8304,2021-11-14,email336@domain.it,4239,automatic,0
4862,2021-11-05,email7333@domain.com,7472,default,0
6672,2022-03-31,email64014@domain.es,3838,default,0
1132,2021-11-04,email8949@domain.com,1762,default,0
4980,2021-11-21,email16801@domain.it,2996,default,0
898,2021-08-05,email14089@domain.com,7575,default,0
6841,2021-07-08,email3613@domain.it,6989,default,0
833,2021-08-27,email7249@domain.com,970,default,0
921,2021-11-03,email4910@domain.uk,4365,automatic,0
754,2022-01-10,email20481@domain.com,430,automatic,0
6025,2022-04-11,email359@domain.com,4060,forced,0
8557,2021-08-18,email61161@domain.com,237,default,1
8729,2022-06-27,email13777@domain.uk,5840,default,0
2258,2022-05-21,email4119@domain.it,4360,automatic,0
5748,2022-03-28,email29405@domain.com,7651,automatic,1
3546,2022-05-29,email1407@domain.uk,8502,default,0
8319,2022-01-19,email17560@domain.es,769,default,0
5078,2021-09-04,email4665@domain.com,5416,automatic,0
5131,2022-06-09,email9522@domain.com,1903,default,0
5005,2021-07-20,email34304@domain.com,4186,automatic,1
3850,2022-01-31,email9059@domain.it,2435,default,0
2541,2022-05-05,email6381@domain.es,2692,automatic,0
9713,2021-09-07,email49524@domain.com,8549,default,0
5672,2022-04-01,email292@domain.it,53,default,0
9910,2021-10-24,email12587@domain.com,2945,default,1
1512,2021-09-24,email252@domain.it,495,default,0
2679,2022-04-06,email2215@domain.uk,5655,default,0
2013,2021-07-16,email3609@domain.uk,5525,default,0
2392,2021-10-15,email14610@domain.com,1384,automatic,0
2422,2021-09-14,email19358@domain.it,1651,automatic,0
2552,2021-09-24,email1659@domain.com,753,automatic,0
2675,2021-09-04,email4177@domain.it,2877,automatic,0
7830,2022-02-13,email9714@domain.es,4517,automatic,0
2122,2021-08-31,email6384@domain.com,6889,default,0
1949,2021-10-17,email12835@domain.com,3813,forced,0
2289,2021-08-11,email3935@domain.it,1493,default,0
6974,2022-05-22,email8899@domain.com,5753,automatic,1
1505,2021-08-21,email9030@domain.uk,3521,default,0
3320,2022-05-23,email38026@domain.com,4236,forced,0
4324,2021-10-09,email2517@domain.com,461,default,0
5465,2022-02-28,email7368@domain.com,584,default,0
9186,2022-04-28,email19552@domain.com,7430,default,1
1291,2022-04-01,email4413@domain.it,2924,default,1
40,2021-12-18,email3661@domain.com,908,default,0
3762,2022-01-30,email3089@domain.com,5602,default,0
823,2022-04-30,email13353@domain.it,213,default,0
1401,2022-05-14,email451@domain.it,5967,default,0
4288,2021-10-15,email8734@domain.it,7919,default,1
9981,2021-11-12,email1623@domain.com,5880,default,0
1105,2022-05-06,email24132@domain.com,4604,default,0
474,2021-09-14,email15043@domain.it,7715,default,0
1308,2021-07-14,email19071@domain.it,7621,default,0
3011,2022-06-04,email1936@domain.com,873,default,0
6736,2021-10-19,email16010@domain.it,5874,default,0
8672,2022-04-08,email12539@domain.es,1801,default,0
8528,2022-04-13,email6044@domain.uk,4201,automatic,0
6044,2021-08-18,email11976@domain.it,6491,default,0
5549,2022-04-04,email25321@domain.com,4659,default,0
8529,2021-07-07,email33276@domain.com,2699,default,0
3031,2021-09-05,email9931@domain.com,170,default,0
5135,2021-11-16,email12396@domain.es,833,default,0
525,2021-10-13,email5941@domain.it,721,automatic,0
6850,2022-01-12,email252@domain.it,2056,default,0
2974,2021-07-15,email15921@domain.it,4283,default,0
9079,2022-04-06,email354@domain.uk,6899,default,0
4877,2022-01-01,email1515@domain.it,1547,default,0
4559,2022-05-12,email4201@domain.com,2524,default,0
2649,2021-09-12,email1846@domain.it,6187,default,0
6957,2021-08-24,email30816@domain.it,5665,forced,1
7911,2021-09-06,email34650@domain.uk,6024,default,1
3970,2021-10-14,email27252@domain.it,5893,automatic,0
3519,2022-03-01,email35333@domain.com,3247,automatic,0
3543,2021-09-29,email3996@domain.com,7584,default,0
3051,2021-10-13,email22687@domain.it,8643,default,0
5179,2022-01-26,email13805@domain.com,2575,default,1
5873,2021-09-09,email12332@domain.com,3101,default,0
3422,2022-04-18,email14691@domain.it,7119,automatic,0
8690,2021-12-23,email1740@domain.es,1149,default,0
8039,2021-08-03,email1999@domain.es,5278,default,0
5067,2021-12-10,email3826@domain.it,3796,default,0
3823,2021-08-08,email6755@domain.uk,1733,automatic,0
2648,2022-01-07,email9070@domain.com,997,automatic,0
9054,2021-09-01,email138@domain.it,4651,automatic,0
4298,2022-03-06,email15274@domain.uk,1090,default,0
807,2021-11-30,email347@domain.com,1117,default,0
959,2021-11-28,email17686@domain.com,4978,default,1
2091,2022-01-08,email8552@domain.it,5863,default,1
8336,2021-09-05,email4779@domain.it,7037,default,0
784,2021-09-24,email4970@domain.com,7418,default,0
1693,2022-04-08,email2192@domain.es,5511,automatic,0
9270,2021-09-01,email11292@domain.com,5332,automatic,0
7,2022-03-04,email2276@domain.es,455,forced,0
5645,2021-12-14,email10666@domain.com,1812,default,0
2897,2022-03-08,email18016@domain.it,4984,forced,0
1486,2021-10-22,email8826@domain.it,990,default,1
5301,2022-03-10,email6389@domain.com,6603,default,0
8417,2021-09-05,email1033@domain.com,505,default,1
1137,2022-04-01,email6804@domain.com,5681,automatic,0
1016,2022-02-07,email24279@domain.com,6194,default,1
332,2021-12-08,email1656@domain.it,5192,default,0
8841,2021-07-20,email4403@domain.it,7670,default,0
4116,2021-09-23,email14766@domain.com,7380,default,0
5095,2021-11-01,email4736@domain.com,403,automatic,0
2427,2022-03-18,email17217@domain.uk,3069,default,0
7193,2022-04-05,email7940@domain.com,5720,default,1
2329,2021-12-24,email13439@domain.es,8658,default,0
1053,2021-12-07,email10687@domain.it,3382,default,0
2594,2021-11-07,email3412@domain.es,6082,default,0
3677,2021-10-23,email27601@domain.it,6033,default,0
4900,2022-04-06,email8260@domain.it,6286,default,0
7450,2021-11-11,email2571@domain.it,918,default,0
6399,2022-06-20,email25519@domain.es,4507,default,1
4386,2022-05-11,email609@domain.com,278,default,0
5850,2021-08-01,email5922@domain.com,3258,default,0
4146,2021-11-03,email4265@domain.uk,7300,default,0
3892,2022-04-06,email3340@domain.com,4104,forced,1
1018,2021-07-27,email7007@domain.com,2021,default,0
3590,2022-06-18,email4269@domain.com,1040,default,0
211,2022-02-10,email9887@domain.uk,2027,automatic,0
1696,2021-09-10,email8648@domain.com,2017,default,0
2041,2021-07-27,email797@domain.com,7363,default,0
6877,2021-08-02,email344@domain.com,7381,default,0
6857,2021-11-09,email985@domain.com,7303,default,0
8121,2022-05-03,email4275@domain.it,7851,forced,0
9168,2021-07-18,email7832@domain.com,5872,default,0
3373,2021-12-09,email1615@domain.it,5176,forced,0
6690,2022-02-11,email10154@domain.it,7620,automatic,0
4085,2021-09-22,email27203@domain.it,7233,default,1
4775,2021-09-15,email12270@domain.it,8033,default,1
7760,2022-01-31,email10958@domain.com,2403,default,0
9608,2021-12-23,email15212@domain.com,3553,forced,0
6880,2022-02-16,email15618@domain.uk,3327,default,0
4766,2021-08-22,email7197@domain.com,610,automatic,1
49,2021-11-07,email9445@domain.com,5533,automatic,0
6830,2021-10-27,email11344@domain.com,8089,default,0
7940,2021-11-29,email2955@domain.es,718,default,0
5246,2021-08-15,email42@domain.es,1436,default,1
1866,2022-04-06,email13546@domain.uk,1618,default,0
4369,2022-03-07,email592@domain.it,1759,default,0
5043,2021-11-12,email19603@domain.com,1987,default,0
6226,2021-10-29,email2276@domain.com,1317,default,1
4400,2021-08-22,email9542@domain.com,2346,default,0
6029,2021-07-13,email21020@domain.it,2981,default,0
6456,2022-04-20,email1173@domain.it,2136,default,0
3001,2021-08-04,email16151@domain.com,5894,default,0
3375,2022-05-10,email3535@domain.com,77,default,0
548,2021-10-17,email8525@domain.com,576,default,0
520,2022-03-03,email11449@domain.uk,4732,automatic,1
9558,2021-09-08,email8032@domain.it,2351,default,0
7395,2022-06-01,email10405@domain.com,1550,default,0
472,2021-10-26,email3313@domain.it,7352,automatic,0
1229,2021-11-03,email13248@domain.com,362,default,0
9432,2022-05-06,email26786@domain.com,326,default,0
5296,2022-01-29,email3309@domain.uk,3244,default,0
68,2021-09-09,email2230@domain.es,7536,default,1
5820,2022-04-06,email15865@domain.com,413,default,0
6771,2021-11-10,email4319@domain.it,7926,forced,0
8520,2022-06-24,email5640@domain.it,1297,automatic,0
6808,2021-09-17,email4129@domain.com,2407,default,0
8638,2021-12-04,email2777@domain.uk,3397,default,0
2190,2022-06-01,email138@domain.com,6742,default,0
1471,2022-04-19,email9087@domain.it,8407,default,0
6694,2021-10-27,email18567@domain.com,6983,default,0
2952,2022-03-01,email14757@domain.com,6508,default,1
9831,2021-12-07,email25334@domain.uk,7302,default,0
8355,2022-04-06,email23530@domain.es,6317,default,0
5683,2021-12-20,email4965@domain.com,5591,default,0
5435,2021-11-15,email7031@domain.com,4652,automatic,1
8936,2022-04-04,email9686@domain.com,8312,automatic,0
9715,2022-05-10,email5950@domain.it,2751,default,0
8350,2022-01-06,email7129@domain.it,1471,default,0
8352,2022-04-04,email9279@domain.com,7185,default,0
5185,2021-07-13,email3651@domain.it,334,default,0
3803,2021-08-17,email13610@domain.com,3566,default,1
1415,2022-02-23,email16563@domain.it,807,automatic,0
5222,2021-11-24,email5615@domain.com,999,default,0
2622,2022-05-20,email10624@domain.com,5353,default,0
2483,2021-09-09,email10487@domain.com,863,automatic,0
9893,2021-11-03,email11512@domain.it,3552,default,0
1836,2022-03-10,email22862@domain.it,5298,default,0
1524,2021-09-14,email17036@domain.es,5386,automatic,0
5632,2022-04-06,email10640@domain.uk,2447,default,0
3663,2021-07-01,email31490@domain.it,3496,automatic,0
8201,2021-07-19,email838@domain.uk,8627,forced,0
9102,2021-07-09,email20703@domain.com,3648,default,0
7655,2021-10-07,email4749@domain.it,2456,forced,1
5570,2022-05-02,email7602@domain.it,2814,forced,0
8075,2021-12-31,email13925@domain.com,3856,default,0
5988,2021-09-09,email6484@domain.com,2311,default,1
1861,2022-05-16,email3977@domain.com,4498,default,0
9106,2022-03-03,email3139@domain.es,140,default,0
9882,2021-09-16,email10013@domain.com,256,default,0
9449,2021-08-07,email6623@domain.com,1839,automatic,0
8913,2021-11-22,email9037@domain.com,4938,default,0
7553,2021-12-11,email3098@domain.it,8007,default,0
7411,2022-01-03,email21001@domain.it,3184,default,0
4745,2022-04-04,email2362@domain.it,3165,default,0
933,2021-08-18,email8654@domain.com,7135,forced,0
4315,2021-07-20,email21775@domain.com,3046,default,0
4083,2022-01-20,email28286@domain.com,2074,automatic,0
7505,2021-10-16,email11822@domain.it,7264,default,0
2076,2022-01-27,email198@domain.com,1567,default,0
2313,2022-03-08,email3599@domain.it,3964,default,1
4837,2021-09-24,email3469@domain.com,4990,default,0
3399,2021-09-17,email3407@domain.com,130,default,0
1418,2021-12-16,email14276@domain.com,8566,default,0
3926,2021-10-27,email3979@domain.com,2929,default,0
4839,2022-06-02,email13540@domain.it,4764,automatic,0
2994,2022-06-27,email30719@domain.uk,1192,default,0
3012,2021-09-26,email1416@domain.com,3126,default,0
8465,2021-11-17,email7807@domain.es,1025,default,0
3304,2021-11-17,email13314@domain.it,677,default,0
6052,2021-08-21,email1443@domain.it,2405,default,0
1336,2022-05-09,email14985@domain.com,1968,automatic,0
3359,2022-04-06,email7218@domain.com,2788,default,0
5871,2022-02-10,email17345@domain.com,8572,default,0
4248,2021-08-18,email3823@domain.it,8329,automatic,0
5180,2021-08-11,email986@domain.com,3665,default,0
8824,2021-12-21,email826@domain.it,2217,automatic,0
4509,2021-11-10,email592@domain.uk,2491,automatic,0
7695,2021-12-23,email10236@domain.com,2471,automatic,0
3348,2021-11-19,email11717@domain.com,499,default,0
5433,2022-05-05,email582@domain.uk,2304,forced,0
7497,2021-10-24,email5110@domain.it,4804,forced,0
9585,2022-05-28,email630@domain.it,6034,default,0
931,2022-03-10,email9013@domain.com,4303,default,0
8246,2022-04-06,email35770@domain.com,5937,default,0
7027,2022-01-13,email4638@domain.com,2064,automatic,0
5552,2022-03-29,email14165@domain.uk,8024,default,0
5286,2022-06-15,email9362@domain.es,1163,forced,0
8079,2021-08-06,email13479@domain.com,7337,forced,0
5744,2021-10-07,email1165@domain.com,5313,default,0
6077,2021-07-07,email3169@domain.com,2475,default,0
8766,2021-07-22,email10493@domain.uk,8477,forced,1
7335,2021-09-01,email9614@domain.com,6611,default,0
8069,2021-12-24,email400@domain.com,7434,automatic,0
6927,2022-03-07,email3076@domain.com,4788,default,0
6345,2021-08-19,email12517@domain.it,5288,default,1
9537,2021-09-18,email3498@domain.it,6291,default,0
5412,2021-11-14,email3628@domain.com,887,forced,0
3396,2022-06-06,email7527@domain.com,3332,default,0
5742,2022-06-07,email7274@domain.it,1577,automatic,0
4742,2022-01-21,email5365@domain.com,7055,default,0
7171,2021-07-10,email1314@domain.com,5267,default,0
3427,2022-04-13,email3303@domain.com,6014,automatic,0
6827,2022-04-08,email2031@domain.com,2068,default,0
2537,2022-02-17,email3605@domain.com,734,default,0
6903,2021-07-19,email10205@domain.it,3658,default,0
3091,2021-11-28,email4077@domain.es,4974,default,0
5566,2021-12-09,email5908@domain.com,3805,default,0
3525,2021-12-29,email5996@domain.it,3622,default,0
4865,2021-12-28,email4804@domain.es,5396,default,0
1240,2022-05-05,email3551@domain.com,3516,automatic,0
6082,2021-09-01,email7969@domain.it,3983,default,0
9300,2021-10-21,email26221@domain.es,119,automatic,1
3549,2022-05-24,email21253@domain.com,8207,forced,0
2884,2022-01-14,email2230@domain.com,1361,default,0
4588,2021-11-11,email21965@domain.com,8322,default,0
1491,2021-11-13,email4781@domain.it,2730,default,0
7238,2022-04-11,email6540@domain.com,1960,default,0
1301,2021-12-04,email37@domain.com,4451,default,0
3747,2021-08-08,email2723@domain.it,3214,default,0
7366,2022-02-17,email7082@domain.it,2588,default,0
1358,2022-05-19,email21070@domain.uk,6234,default,1
5116,2022-05-23,email8810@domain.it,7286,default,0
9028,2022-02-27,email29494@domain.com,3206,forced,0
3988,2022-01-21,email25597@domain.uk,3812,automatic,0
1248,2021-09-19,email31774@domain.uk,5903,default,1
3483,2022-02-28,email17960@domain.it,5119,default,0
8978,2021-10-22,email5235@domain.it,1940,default,0
3193,2022-02-20,email19945@domain.com,1949,default,0
769,2021-08-27,email1437@domain.com,1799,default,0
2910,2022-06-15,email2535@domain.com,996,default,0
2288,2021-10-08,email1503@domain.es,1625,forced,0
2004,2022-04-06,email1805@domain.it,2229,default,0
4671,2022-02-02,email871@domain.com,1824,default,0
9791,2021-11-03,email10793@domain.com,6953,forced,0
4859,2021-08-25,email32172@domain.it,452,default,0
8377,2022-06-07,email11838@domain.it,6305,default,0
43,2022-01-22,email2325@domain.uk,2515,default,1
1728,2021-08-16,email5159@domain.it,3596,automatic,0
4771,2022-04-17,email51316@domain.com,8411,default,0
3792,2021-10-29,email2732@domain.uk,5864,default,1
5071,2021-12-27,email9354@domain.it,4139,default,0
7030,2022-01-16,email5334@domain.es,4834,default,0
6562,2022-05-26,email13465@domain.com,7951,default,0
625,2021-10-05,email8851@domain.com,8174,default,0
2654,2022-03-04,email4397@domain.es,7597,default,0
9252,2021-07-25,email467@domain.com,5311,default,0
8645,2022-02-25,email8772@domain.com,3680,automatic,0
3460,2022-01-24,email38156@domain.uk,5660,default,0
3186,2021-07-31,email9775@domain.com,6904,default,0
8073,2021-07-18,email467@domain.com,7306,default,0
9468,2021-12-14,email27344@domain.com,2187,forced,0
2915,2022-06-29,email4905@domain.uk,2192,automatic,0
2252,2021-10-13,email2843@domain.com,5867,default,0
4822,2022-01-16,email2604@domain.it,1511,automatic,0
1986,2022-03-02,email15734@domain.it,4436,default,0
6368,2021-12-01,email16044@domain.es,6480,default,0
2606,2021-07-08,email4281@domain.es,7880,default,0
8721,2021-10-03,email2827@domain.es,4222,default,0
6002,2021-12-10,email2073@domain.com,8053,automatic,0
1678,2022-06-29,email5234@domain.com,4005,default,0
3218,2022-04-21,email14070@domain.it,6383,default,0
6910,2022-06-14,email11140@domain.com,7873,default,0
4523,2021-09-14,email17821@domain.it,204,forced,0
5690,2021-10-27,email4708@domain.uk,3708,default,0
8361,2021-12-16,email29724@domain.es,95,forced,0
3934,2022-04-18,email11027@domain.com,3,default,0
8508,2021-12-01,email22725@domain.com,8346,default,0
5671,2022-04-05,email2199@domain.it,53,default,0
4677,2021-11-04,email8769@domain.com,2640,automatic,0
1539,2022-01-06,email6908@domain.it,3239,default,0
7986,2022-04-01,email7143@domain.uk,740,forced,1
2773,2021-09-03,email28938@domain.it,8354,automatic,0
4894,2021-09-04,email4230@domain.com,4600,default,0
990,2021-12-21,email1636@domain.com,2183,default,0
6756,2022-02-19,email9690@domain.com,7539,default,0
2291,2022-05-02,email8401@domain.com,396,default,0
7315,2021-09-06,email7796@domain.it,356,default,0
2214,2021-08-21,email960@domain.es,699,default,0
1089,2022-05-16,email19624@domain.com,2644,default,0
8453,2021-08-14,email503@domain.it,8079,automatic,0
2634,2022-04-08,email13628@domain.uk,1535,default,0
9043,2021-10-23,email6046@domain.it,7806,automatic,0
4190,2021-08-05,email11895@domain.com,7325,automatic,0
6521,2021-09-29,email3949@domain.it,514,forced,0
376,2022-01-13,email22327@domain.com,5969,automatic,0
2335,2022-03-02,email1383@domain.uk,2741,forced,0
48,2022-06-03,email27608@domain.es,284,default,0
2603,2022-04-14,email14439@domain.uk,4878,forced,0
8315,2021-10-27,email2199@domain.uk,3195,default,0
7392,2022-06-15,email833@domain.com,4380,default,0
3195,2021-11-25,email15442@domain.com,6985,default,0
5628,2021-10-24,email29292@domain.it,842,forced,0
1154,2021-07-12,email2776@domain.it,2002,default,0
6866,2021-11-07,email6910@domain.it,1797,default,0
7085,2022-02-25,email14731@domain.it,2026,default,0
7797,2022-04-08,email4819@domain.com,792,default,0
2533,2021-10-24,email2634@domain.es,4099,default,0
9563,2022-02-11,email1023@domain.it,3891,default,0
9530,2022-02-03,email27252@domain.es,7653,default,1
2304,2021-11-08,email4681@domain.com,341,automatic,0
2020,2021-11-14,email14247@domain.com,4173,default,0
1462,2022-06-03,email2297@domain.com,5813,default,0
3352,2022-03-07,email2377@domain.es,2669,default,0
6795,2022-05-23,email1001@domain.it,3228,default,0
2967,2022-03-03,email6567@domain.it,3232,default,0
5016,2021-09-18,email4245@domain.com,7033,default,0
8357,2021-11-11,email2494@domain.com,2591,automatic,0
2574,2022-01-13,email2048@domain.uk,1806,default,0
3075,2022-06-19,email3706@domain.com,3081,default,1
4619,2021-10-01,email11282@domain.com,537,default,0
2693,2022-04-06,email64402@domain.com,251,default,0
9217,2021-10-31,email6739@domain.it,7193,automatic,0
7469,2022-06-02,email536@domain.com,8527,default,0
4441,2022-06-07,email8038@domain.uk,574,default,0
9913,2022-03-15,email175@domain.it,4335,default,0
6560,2022-06-04,email3374@domain.it,4120,default,0
9249,2021-09-23,email2732@domain.com,6760,default,1
1321,2022-04-07,email18458@domain.uk,797,default,0
8921,2022-04-07,email764@domain.it,986,automatic,0
9436,2022-03-25,email65@domain.it,3151,default,0
2663,2021-07-20,email2470@domain.it,7626,default,0
4192,2021-11-13,email2963@domain.com,4018,default,0
5521,2022-04-06,email655@domain.uk,5619,default,0
3281,2021-09-05,email3012@domain.com,6827,default,0
9060,2022-03-08,email6115@domain.uk,7139,default,0
8388,2022-01-10,email10968@domain.it,6477,forced,0
4881,2021-12-31,email5235@domain.com,4698,default,0
2771,2021-08-02,email3941@domain.com,3878,default,0
8674,2021-10-31,email5479@domain.uk,3398,default,0
1459,2022-01-08,email11236@domain.it,8608,default,0
1385,2021-09-24,email5002@domain.es,7464,automatic,0
3657,2021-10-25,email17670@domain.com,1300,default,0
9540,2022-02-02,email3680@domain.it,6347,default,0
416,2021-07-05,email1395@domain.it,216,automatic,0
6511,2021-08-09,email1871@domain.it,2876,default,0
9458,2021-09-04,email3417@domain.uk,4488,default,0
3267,2022-02-05,email1134@domain.com,2222,default,0
7108,2021-08-02,email4702@domain.com,5530,default,0
5847,2022-04-20,email6030@domain.it,3676,forced,0
7871,2022-05-27,email14095@domain.it,2758,default,0
3820,2021-08-27,email616@domain.com,3337,default,0
7856,2021-08-02,email390@domain.it,2440,automatic,1
1729,2022-04-05,email5723@domain.com,1487,forced,0
6102,2021-07-13,email20038@domain.uk,116,automatic,0
3948,2022-04-21,email31645@domain.uk,6608,forced,0
4057,2021-07-30,email1236@domain.es,4455,default,0
3907,2022-04-08,email2850@domain.com,7074,default,0
1825,2021-07-18,email9621@domain.com,5496,default,0
5129,2022-05-10,email2626@domain.uk,7903,automatic,0
3537,2022-04-08,email8142@domain.it,76,default,0
3725,2021-09-20,email9744@domain.com,6104,default,1
2745,2022-04-08,email12333@domain.it,644,automatic,0
2824,2021-08-06,email5341@domain.com,4687,default,0
405,2021-11-03,email21720@domain.it,2212,default,0
3889,2022-04-09,email5239@domain.uk,2631,default,0
1021,2022-03-07,email15635@domain.it,8624,forced,1
982,2021-07-06,email40140@domain.com,2506,default,0
1058,2021-07-04,email14538@domain.com,6501,default,0
3228,2022-02-01,email3351@domain.es,2485,default,1
3089,2021-11-18,email9686@domain.it,8675,default,0
6084,2022-05-24,email8850@domain.it,8426,default,0
5883,2022-03-13,email5612@domain.com,1013,default,0
3868,2021-08-14,email4604@domain.it,1004,default,0
2640,2022-03-15,email12272@domain.it,7641,default,0
5700,2021-10-27,email3146@domain.com,988,forced,0
78,2022-04-15,email26374@domain.it,4273,default,0
1629,2021-10-01,email4905@domain.es,2135,default,0
8985,2021-09-02,email5158@domain.com,2628,automatic,0
7458,2021-11-11,email1980@domain.com,2662,default,0
7277,2021-11-27,email8510@domain.com,4192,default,0
3857,2022-03-19,email15857@domain.com,8071,default,0
1781,2022-05-26,email26621@domain.es,5510,default,0
2983,2021-12-04,email31642@domain.it,1929,default,0
127,2021-08-25,email3122@domain.uk,926,forced,0
1231,2021-10-27,email40591@domain.uk,7869,default,0
6158,2021-08-24,email3924@domain.it,2469,default,0
111,2021-11-24,email6659@domain.it,2855,default,0
7990,2022-03-25,email1417@domain.com,7805,automatic,0
1411,2021-08-11,email15832@domain.uk,1262,automatic,0
2657,2022-05-19,email9181@domain.com,6498,default,0
4393,2021-09-08,email2670@domain.it,7020,default,0
7860,2022-04-08,email1871@domain.com,4228,default,1
2271,2021-09-30,email10575@domain.es,1697,automatic,0
8984,2021-10-12,email2763@domain.com,844,default,0
9510,2021-12-14,email2213@domain.es,3831,automatic,0
2449,2022-04-07,email1457@domain.com,1758,automatic,0
8648,2022-04-18,email9641@domain.com,8453,default,0
4779,2022-03-29,email22169@domain.com,1226,default,0
8772,2022-04-02,email14746@domain.it,4519,default,0
4296,2022-04-08,email5380@domain.it,446,default,0
6327,2022-01-15,email2793@domain.com,4889,default,0
8886,2021-12-19,email20023@domain.com,6264,default,0
3271,2021-11-30,email26881@domain.com,2097,default,1
6264,2021-08-25,email11707@domain.es,510,forced,0
8211,2021-08-25,email3257@domain.it,5625,forced,0
1334,2021-12-04,email5720@domain.com,3150,default,0
4427,2022-03-02,email4848@domain.com,5982,default,0
2300,2021-10-14,email3557@domain.uk,7583,default,0
407,2021-08-09,email9588@domain.it,5944,default,0
6330,2021-12-15,email9645@domain.it,1495,default,0
5581,2022-04-09,email5006@domain.uk,8663,default,0
7168,2021-09-17,email13730@domain.com,7158,default,0
2359,2021-10-23,email741@domain.it,8478,default,0
3357,2021-08-12,email12233@domain.uk,5312,default,0
9606,2021-10-04,email4639@domain.it,307,default,1
6465,2021-08-04,email4162@domain.uk,4274,default,0
4729,2021-07-27,email468@domain.es,7901,forced,0
4735,2022-01-17,email3763@domain.it,3528,default,1
9280,2022-01-20,email960@domain.it,5796,default,0
2177,2022-05-15,email2376@domain.com,7166,automatic,0
66,2022-05-22,email233@domain.es,7811,default,0
8577,2022-06-30,email7534@domain.com,2529,default,0
9562,2021-07-09,email9642@domain.it,7564,default,0
4312,2022-04-29,email11053@domain.it,2681,default,0
4461,2022-05-26,email13935@domain.com,1068,default,0
5791,2022-02-10,email11989@domain.com,2892,default,0
9809,2022-03-11,email8268@domain.uk,1367,default,0
1357,2021-07-07,email18843@domain.es,5842,default,1
9789,2021-11-03,email4714@domain.it,4564,default,0
46,2022-01-09,email3619@domain.it,2793,forced,0
3740,2021-11-14,email13057@domain.uk,1156,default,1
3035,2022-02-17,email178@domain.it,6858,default,0
5674,2022-03-27,email620@domain.it,53,default,0
6090,2021-09-13,email23127@domain.es,1359,default,0
735,2021-07-01,email17265@domain.it,5996,default,0
9944,2022-06-03,email38560@domain.uk,4188,default,0
3291,2022-04-28,email2400@domain.es,3982,automatic,0
542,2021-08-13,email1844@domain.it,3106,automatic,0
6786,2022-01-16,email26498@domain.es,7456,automatic,0
6661,2021-10-09,email12454@domain.com,1636,default,0
4805,2021-10-04,email9080@domain.uk,8554,default,0
9720,2021-12-12,email6846@domain.com,6832,forced,0
9434,2022-01-10,email6560@domain.it,5108,default,0
987,2021-09-09,email3314@domain.com,4449,default,0
3958,2022-01-26,email15114@domain.com,840,default,0
1737,2021-09-20,email55222@domain.it,3702,default,0
6344,2021-10-02,email28092@domain.es,6724,automatic,0
5765,2021-10-15,email2523@domain.com,8215,default,0
1364,2021-12-29,email1815@domain.es,3207,automatic,0
6612,2022-03-07,email9217@domain.com,5048,default,0
1087,2021-12-10,email3516@domain.com,6565,default,0
5036,2022-04-08,email17076@domain.es,713,default,1
9699,2021-11-06,email4146@domain.es,3291,default,0
9360,2021-08-21,email1866@domain.com,4398,automatic,0
3300,2021-09-09,email8995@domain.uk,5717,default,0
7131,2021-09-10,email665@domain.it,7433,default,0
1488,2021-08-13,email25101@domain.it,4988,default,0
5737,2021-08-13,email5914@domain.it,6453,forced,0
3875,2022-04-19,email713@domain.com,7581,default,0
2812,2021-11-21,email11784@domain.it,4846,default,0
5439,2021-12-03,email7919@domain.com,3263,automatic,0
9704,2022-04-08,email2636@domain.com,4650,default,0
3836,2021-12-21,email13080@domain.uk,5487,default,0
642,2022-04-04,email626@domain.uk,466,default,0
7881,2022-05-12,email653@domain.com,7561,automatic,0
6348,2022-04-30,email15106@domain.es,761,automatic,0
4798,2022-01-03,email4427@domain.com,7521,default,0
4958,2022-03-20,email2789@domain.uk,4933,default,0
5542,2021-10-14,email1169@domain.it,1387,default,0
2467,2022-06-24,email5078@domain.com,5238,default,0
3783,2022-02-07,email3691@domain.com,6471,default,0
9541,2021-11-21,email3575@domain.it,1484,default,0
3878,2021-11-19,email1744@domain.com,1590,default,0
531,2021-08-24,email7959@domain.com,1898,default,1
3211,2022-06-17,email3852@domain.com,7244,automatic,1
2823,2022-01-01,email262@domain.it,1922,default,0
224,2022-06-16,email22032@domain.uk,511,default,1
4184,2021-10-09,email1149@domain.it,7633,default,0
3755,2021-12-24,email14237@domain.com,2110,forced,1
1586,2022-05-20,email6535@domain.uk,6439,forced,0
3669,2022-05-08,email2757@domain.uk,315,default,0
3222,2021-07-08,email616@domain.it,8121,default,0
2457,2022-05-31,email4104@domain.com,3504,automatic,0
614,2021-07-22,email7219@domain.com,4578,default,0
360,2021-07-01,email12459@domain.com,6545,default,0
6698,2021-11-05,email5188@domain.it,3225,default,0
3413,2021-07-20,email6432@domain.com,5296,default,0
1765,2022-05-15,email13568@domain.es,3559,automatic,1
1602,2022-05-06,email431@domain.it,10,default,0
9383,2021-07-17,email25125@domain.com,457,forced,0
3760,2022-02-17,email9748@domain.com,4571,default,0
4063,2021-08-08,email5595@domain.com,2648,default,0
1685,2021-07-29,email867@domain.com,4893,default,0
5468,2021-12-02,email17879@domain.com,8182,default,0
5755,2021-09-21,email22257@domain.es,3336,default,1
3661,2021-09-07,email28055@domain.it,8635,automatic,0
6967,2022-05-26,email147@domain.com,8087,automatic,0
7742,2021-10-02,email31918@domain.it,5719,default,0
9068,2021-11-06,email989@domain.it,3874,default,0
4515,2022-05-23,email35863@domain.es,1724,automatic,0
4236,2021-10-25,email13419@domain.it,1409,default,0
3501,2022-02-14,email11908@domain.com,6785,default,0
7716,2021-12-15,email5102@domain.com,6022,default,0
2315,2022-01-12,email20310@domain.com,6074,default,0
6354,2021-11-15,email3922@domain.es,3272,default,0
944,2021-10-16,email6572@domain.it,1302,default,1
5115,2021-08-31,email18214@domain.uk,6619,automatic,0
4808,2021-07-29,email870@domain.com,572,default,0
7533,2022-06-30,email5748@domain.com,2602,default,0
9023,2021-07-31,email6515@domain.com,6976,automatic,0
7736,2021-08-10,email8938@domain.it,8557,default,0
8517,2021-08-04,email5036@domain.it,7481,default,0
3646,2022-05-16,email22396@domain.es,3937,default,0
3612,2021-10-31,email4437@domain.com,2567,default,1
9491,2021-07-13,email10009@domain.com,6624,default,0
1389,2021-08-12,email622@domain.it,3111,default,0
1164,2022-04-01,email585@domain.it,5760,automatic,0
172,2021-12-05,email9091@domain.uk,1954,default,0
5455,2021-08-17,email4263@domain.it,707,default,0
8368,2021-09-09,email11930@domain.it,6151,forced,0
113,2021-07-11,email20390@domain.it,304,default,0
6810,2022-03-13,email3816@domain.es,8237,default,0
7891,2021-10-06,email14208@domain.uk,1135,automatic,1
4695,2021-08-10,email1746@domain.it,7437,automatic,0
4982,2021-11-27,email4954@domain.it,913,forced,0
6060,2021-07-25,email3656@domain.com,5559,default,0
8380,2022-05-02,email5588@domain.com,1952,default,0
7000,2022-01-28,email4292@domain.it,4286,default,0
970,2022-01-08,email6498@domain.com,4757,default,0
2285,2022-01-14,email7762@domain.com,1534,default,0
3495,2021-10-09,email377@domain.es,1802,default,1
5037,2022-04-08,email2033@domain.es,713,default,0
9350,2021-07-22,email4207@domain.com,2745,default,0
1408,2021-09-09,email17214@domain.it,3169,default,0
2750,2022-06-06,email14113@domain.it,2675,default,0
3213,2021-10-25,email2799@domain.it,6386,default,0
4419,2021-09-29,email1325@domain.it,4371,default,0
6500,2021-07-07,email2734@domain.it,2693,automatic,0
4359,2022-02-17,email4410@domain.com,1793,default,0
4858,2021-09-02,email12638@domain.es,3506,default,1
723,2021-07-09,email4147@domain.com,5127,automatic,0
9471,2022-04-02,email10417@domain.uk,8040,default,0
7087,2021-11-10,email10253@domain.com,7557,default,0
2593,2021-09-14,email3136@domain.uk,6219,default,0
9723,2022-04-04,email5985@domain.it,4152,default,0
9035,2021-11-13,email4599@domain.it,8359,default,0
3983,2021-11-09,email11170@domain.es,3587,default,1
5056,2021-09-06,email7702@domain.uk,8528,automatic,1
2887,2022-04-08,email47089@domain.es,3545,default,0
511,2022-03-03,email53409@domain.com,5209,automatic,1
1175,2021-10-19,email17793@domain.it,4040,default,0
2737,2022-06-14,email3537@domain.it,2195,default,0
749,2021-10-27,email4728@domain.com,1685,default,0
9408,2022-05-31,email16177@domain.com,609,default,0
7855,2021-10-10,email5340@domain.com,3164,default,0
3518,2021-12-22,email41841@domain.com,8380,default,0
3159,2021-07-11,email6868@domain.com,6058,forced,0
333,2022-05-23,email6419@domain.it,2847,default,0
3374,2021-11-07,email15700@domain.com,3216,default,1
9575,2021-09-28,email10461@domain.es,8009,default,0
7330,2021-11-02,email10468@domain.com,5524,default,1
133,2022-06-21,email23602@domain.it,282,default,0
2188,2021-07-15,email8671@domain.it,5292,default,1
4773,2022-01-14,email2974@domain.it,1010,default,0
8616,2022-01-06,email1491@domain.com,5560,forced,0
1426,2021-11-27,email8085@domain.it,4440,default,0
3114,2021-07-23,email30560@domain.com,1510,automatic,0
5255,2021-11-10,email13934@domain.com,1011,default,1
929,2021-09-23,email2992@domain.es,7444,default,0
4686,2022-04-27,email5863@domain.uk,5224,default,0
6188,2021-07-17,email13743@domain.com,7793,default,0
2832,2021-08-25,email1991@domain.com,4677,default,0
6832,2021-11-06,email15503@domain.com,3865,default,0
5660,2022-04-07,email8583@domain.com,7911,default,0
5200,2021-11-16,email473@domain.com,2112,automatic,0
9222,2021-07-20,email1756@domain.es,1892,default,0
3322,2022-04-06,email45947@domain.uk,8180,default,0
9483,2022-04-15,email1109@domain.es,2818,default,0
5004,2021-12-16,email260@domain.it,1689,automatic,0
2808,2021-10-03,email1446@domain.it,3267,default,0
5663,2022-04-08,email20767@domain.uk,2967,automatic,0
6079,2022-04-29,email1351@domain.com,834,default,0
7448,2021-08-02,email184@domain.com,5508,automatic,0
1536,2021-08-16,email11484@domain.uk,3384,automatic,0
2862,2022-01-14,email9299@domain.com,5136,default,0
9012,2022-04-16,email20366@domain.com,998,default,0
3905,2021-10-07,email16530@domain.com,5012,automatic,0
7434,2022-01-30,email10440@domain.uk,3500,default,0
3274,2021-11-02,email810@domain.it,5107,default,0
5998,2021-11-06,email1762@domain.com,1873,default,0
2838,2022-04-18,email15098@domain.com,7966,forced,1
1374,2022-04-08,email6249@domain.com,633,default,0
9004,2021-10-05,email65@domain.it,6867,automatic,0
9788,2021-10-23,email13955@domain.uk,7831,default,0
8568,2022-03-14,email22806@domain.it,4469,automatic,0
4267,2021-12-25,email40123@domain.uk,6574,default,0
5202,2022-01-05,email11@domain.com,3640,default,0
9511,2021-11-04,email7342@domain.com,3027,default,0
698,2022-03-25,email833@domain.com,7594,default,0
694,2021-11-01,email7298@domain.com,3988,default,0
9691,2021-10-26,email7032@domain.uk,3237,default,0
8926,2021-12-09,email56@domain.com,6474,forced,0
1366,2022-06-10,email825@domain.it,4624,default,0
6415,2022-04-09,email3922@domain.es,820,default,0
1024,2022-01-10,email10029@domain.uk,5412,default,0
9301,2022-05-24,email13647@domain.com,2786,default,0
8789,2022-01-25,email657@domain.com,3087,default,0
5550,2022-04-01,email11910@domain.com,4659,automatic,0
5519,2021-07-13,email23885@domain.it,2210,default,0
912,2022-06-24,email12119@domain.it,725,default,0
1922,2022-04-06,email4146@domain.com,84,default,0
3748,2022-03-03,email17315@domain.es,2759,default,0
9854,2021-12-31,email20524@domain.com,3526,default,0
8857,2021-10-26,email1638@domain.uk,613,default,0
4530,2022-02-28,email1160@domain.it,7760,default,0
9343,2022-06-27,email1157@domain.com,2887,automatic,0
8178,2022-01-04,email10247@domain.com,7498,default,0
2724,2022-06-03,email1596@domain.uk,1938,forced,0
4899,2021-12-12,email3592@domain.com,6370,default,1
9561,2022-01-13,email11083@domain.it,6629,default,1
1424,2021-09-10,email3376@domain.es,4663,default,1
9344,2022-06-23,email21632@domain.it,2326,default,0
4107,2022-04-11,email10521@domain.com,4527,automatic,0
3378,2021-08-08,email3124@domain.com,2724,default,0
29,2021-09-11,email25193@domain.com,2667,forced,0
3128,2021-08-12,email994@domain.com,4867,automatic,1
6615,2021-08-09,email9411@domain.com,2142,default,0
5967,2021-07-04,email5931@domain.com,1790,automatic,0
5002,2022-04-08,email4327@domain.com,3636,default,0
7793,2021-10-03,email1468@domain.es,4795,default,0
6732,2021-09-28,email5145@domain.it,1031,default,1
7905,2022-03-04,email714@domain.it,1756,default,0
1903,2021-09-17,email16255@domain.com,548,default,0
6172,2021-07-24,email26272@domain.com,1277,default,0
896,2022-06-20,email22553@domain.it,6458,automatic,0
159,2022-03-31,email10047@domain.uk,1265,default,0
6548,2021-10-29,email14871@domain.com,1769,default,0
5233,2022-04-04,email3248@domain.es,5188,default,0
9502,2022-02-22,email975@domain.it,2839,default,1
9824,2022-01-29,email475@domain.com,6916,default,0
9869,2021-11-22,email732@domain.com,5870,default,0
3775,2022-04-05,email17835@domain.com,1810,default,0
968,2021-11-14,email4467@domain.com,8149,automatic,0
5916,2022-06-19,email414@domain.com,1001,automatic,0
9924,2021-09-04,email915@domain.com,6798,default,0
3440,2021-11-24,email13255@domain.com,8048,default,0
3908,2022-01-29,email3070@domain.it,1574,automatic,0
8742,2022-04-04,email19832@domain.it,4020,default,0
3061,2021-10-20,email384@domain.com,2770,default,1
7436,2022-06-09,email10583@domain.es,4334,default,1
4940,2021-10-05,email6708@domain.com,1028,default,0
3532,2021-09-14,email538@domain.uk,5542,default,1
8603,2021-10-07,email4673@domain.uk,24,default,1
8893,2021-07-14,email6299@domain.it,7314,default,0
8410,2021-12-03,email5349@domain.it,1638,default,0
7196,2022-06-15,email2449@domain.com,3463,default,0
264,2022-05-14,email12045@domain.com,392,default,0
7048,2021-09-14,email2203@domain.es,8466,default,0
3576,2021-10-06,email7527@domain.es,5395,default,0
1654,2022-04-06,email11628@domain.it,1739,default,0
3574,2021-12-07,email17174@domain.it,2088,default,1
861,2021-08-24,email4107@domain.com,8164,forced,0
6614,2022-05-31,email18158@domain.uk,3804,automatic,0
1713,2022-03-31,email44576@domain.com,8461,automatic,0
2482,2021-10-13,email790@domain.com,4962,default,1
6587,2022-05-14,email1299@domain.uk,2661,default,0
7956,2021-08-18,email4568@domain.com,4426,default,0
5596,2022-03-24,email13484@domain.uk,4015,default,0
7626,2022-02-07,email7448@domain.com,5,default,0
1012,2022-03-07,email19522@domain.uk,6613,forced,0
7292,2021-08-17,email51994@domain.com,6840,default,0
123,2022-04-06,email881@domain.it,879,default,0
2448,2022-04-07,email4879@domain.com,1758,default,0
1723,2022-06-20,email7560@domain.it,92,default,0
6282,2022-03-20,email8955@domain.com,6539,automatic,1
2207,2022-05-17,email1862@domain.uk,6413,default,0
7338,2021-10-25,email5574@domain.it,8126,default,1
646,2021-07-19,email3299@domain.com,2006,default,1
8009,2022-03-16,email596@domain.it,5410,automatic,0
3703,2022-05-03,email3787@domain.com,1726,default,0
1682,2022-02-04,email40018@domain.uk,2268,automatic,0
3486,2022-03-28,email1578@domain.com,4943,default,0
4512,2021-08-09,email5976@domain.es,8455,default,0
3704,2021-11-06,email20778@domain.com,4243,automatic,0
2031,2021-07-21,email16110@domain.com,3035,default,0
6142,2022-01-27,email3507@domain.uk,6707,default,0
9753,2021-09-18,email4794@domain.it,2093,automatic,0
1500,2022-01-27,email8009@domain.uk,3601,automatic,0
6331,2022-03-17,email580@domain.com,6639,automatic,0
305,2021-09-17,email1716@domain.com,8636,default,0
7256,2022-04-07,email120@domain.es,1335,default,0
8445,2021-10-10,email6862@domain.com,4160,forced,0
6163,2022-01-11,email944@domain.it,5197,forced,0
3811,2021-09-01,email10410@domain.it,8080,automatic,0
6202,2021-11-09,email7576@domain.com,5930,forced,0
9846,2022-06-17,email706@domain.es,1798,default,0
836,2021-07-08,email975@domain.uk,91,default,0
6924,2022-01-09,email6431@domain.com,7126,default,0
5745,2021-07-19,email28722@domain.it,5047,default,0
5902,2022-06-03,email5527@domain.com,3631,default,0
5182,2021-09-03,email32361@domain.es,7366,forced,0
6517,2021-10-18,email28237@domain.com,1320,automatic,0
6816,2022-01-13,email304@domain.com,4381,automatic,0
9355,2021-12-29,email4435@domain.it,7735,default,0
5336,2022-06-07,email554@domain.it,5391,automatic,0
4216,2022-02-05,email22307@domain.uk,2604,automatic,0
6537,2022-02-23,email1359@domain.it,7816,default,0
9745,2022-05-23,email5214@domain.com,8630,default,0
4759,2021-08-09,email7998@domain.it,4993,automatic,0
2554,2021-10-02,email22684@domain.it,1,default,1
1265,2022-05-14,email245@domain.it,4358,forced,0
5340,2021-07-29,email2478@domain.uk,5447,default,0
8733,2021-10-12,email4052@domain.it,1505,default,1
8440,2022-05-06,email26460@domain.it,5781,forced,0
4708,2022-05-02,email27292@domain.com,3641,default,0
7167,2021-12-03,email27093@domain.com,3309,automatic,0
3959,2021-11-26,email3136@domain.com,8005,default,0
9442,2021-09-18,email7551@domain.es,2762,automatic,0
8591,2021-09-02,email216@domain.com,1114,forced,0
3591,2022-04-16,email2000@domain.it,4190,automatic,0
6341,2021-09-19,email3990@domain.com,4636,default,0
4230,2022-01-15,email19390@domain.uk,8295,default,0
4356,2022-03-28,email3943@domain.com,3793,default,0
4258,2022-04-04,email13302@domain.com,6235,default,0
6707,2021-10-14,email5047@domain.es,6657,automatic,0
363,2022-04-11,email10931@domain.uk,3370,automatic,0
3167,2022-05-24,email10733@domain.it,5639,default,0
2411,2021-11-24,email13881@domain.uk,8366,automatic,0
9166,2022-02-24,email926@domain.com,8598,default,0
6586,2022-02-21,email2271@domain.uk,6560,automatic,0
7513,2021-09-03,email1380@domain.it,8222,default,0
8083,2022-05-13,email20873@domain.es,1969,forced,0
9604,2021-11-12,email5554@domain.it,6605,automatic,0
9403,2021-09-15,email6149@domain.com,1465,default,0
1760,2022-03-28,email4583@domain.uk,2552,automatic,0
2261,2021-11-07,email4997@domain.uk,6465,forced,0
1600,2021-11-08,email9726@domain.it,5246,forced,0
3858,2021-10-14,email6083@domain.com,619,default,0
5119,2022-05-13,email9812@domain.com,3844,default,0
5747,2022-05-17,email7467@domain.com,4731,default,0
7122,2021-07-29,email13662@domain.com,353,default,0
5852,2021-11-07,email4511@domain.uk,322,default,0
6758,2021-07-12,email4403@domain.com,2860,default,0
9345,2021-08-15,email1732@domain.uk,5978,default,0
2639,2022-05-24,email29460@domain.com,7420,forced,0
6088,2021-08-20,email1936@domain.com,5017,automatic,0
4246,2021-09-24,email370@domain.it,1653,default,0
3526,2022-02-07,email9282@domain.com,1609,default,0
7689,2022-01-21,email15478@domain.it,2806,forced,0
2801,2021-12-04,email20215@domain.com,6736,default,0
3943,2022-04-05,email2218@domain.es,2531,default,0
8770,2022-05-14,email141@domain.com,1127,default,0
6819,2022-03-27,email6571@domain.uk,4378,forced,0
2600,2021-07-15,email3457@domain.es,8199,automatic,0
778,2021-11-11,email21115@domain.it,4681,automatic,0
3285,2022-01-20,email511@domain.it,3400,automatic,0
4927,2021-07-22,email4207@domain.it,3907,default,0
4070,2021-10-23,email5994@domain.it,4617,default,1
9719,2021-12-19,email17068@domain.es,657,default,0
4160,2021-11-07,email10004@domain.com,8672,automatic,0
1064,2021-07-23,email26301@domain.uk,4279,automatic,0
1331,2021-11-28,email10209@domain.it,69,default,0
2891,2022-04-05,email2193@domain.com,8487,default,0
6127,2021-09-02,email1612@domain.com,5095,automatic,0
2417,2021-08-15,email12565@domain.it,6752,default,0
8983,2022-06-13,email2886@domain.com,171,automatic,0
3101,2021-09-13,email6925@domain.es,7729,automatic,0
5229,2022-03-06,email1691@domain.it,529,default,0
6421,2021-11-15,email256@domain.com,6054,automatic,0
9694,2022-03-09,email1032@domain.uk,7803,default,0
3693,2022-01-01,email13420@domain.com,7483,default,0
3481,2021-10-14,email5069@domain.it,5222,forced,0
4207,2022-01-08,email16912@domain.com,8660,default,0
3790,2022-06-29,email3832@domain.com,222,default,0
1527,2021-10-26,email20245@domain.com,7443,automatic,0
9475,2021-07-12,email14937@domain.es,5015,default,0
8547,2021-11-24,email29675@domain.es,6687,automatic,0
8491,2021-08-06,email1448@domain.it,4291,default,0
6729,2022-03-15,email9636@domain.it,2997,default,1
742,2021-10-29,email2848@domain.uk,5354,forced,0
6681,2022-04-06,email2725@domain.com,2430,default,0
3162,2022-05-13,email20145@domain.com,2280,default,0
7670,2021-10-26,email5260@domain.com,6052,automatic,0
7964,2021-11-01,email26508@domain.it,5372,default,0
8116,2021-11-13,email2286@domain.com,1944,automatic,0
5644,2022-02-28,email8408@domain.es,2388,default,0
6942,2021-11-14,email20357@domain.com,2385,default,0
8018,2022-06-29,email4506@domain.it,6200,default,0
6629,2021-12-09,email6335@domain.uk,4294,default,0
9533,2022-03-23,email1052@domain.com,6654,forced,0
7309,2021-10-27,email7623@domain.it,2663,automatic,0
428,2021-10-08,email8973@domain.com,1095,default,1
4680,2022-02-01,email10282@domain.com,963,default,0
5636,2021-07-29,email2507@domain.it,4538,default,0
8767,2021-12-07,email10962@domain.com,3544,default,0
3458,2021-10-09,email8453@domain.com,7900,default,0
649,2022-05-09,email25577@domain.it,8562,automatic,0
2314,2022-01-12,email3825@domain.com,6074,default,0
5720,2021-12-22,email5319@domain.it,6746,default,0
2571,2022-05-18,email15566@domain.it,6920,default,0
3326,2022-04-08,email5644@domain.es,1593,default,0
7756,2021-09-21,email23492@domain.uk,346,default,0
2526,2022-03-31,email1967@domain.com,107,default,1
2243,2022-01-21,email27435@domain.es,850,default,0
7898,2021-08-01,email1070@domain.es,6091,automatic,0
5167,2021-12-08,email1609@domain.com,5480,forced,0
5629,2022-04-09,email16230@domain.it,6907,default,0
6147,2022-04-04,email633@domain.com,5165,forced,0
9655,2022-05-28,email20917@domain.es,8656,default,0
4239,2021-10-17,email10225@domain.it,1409,automatic,0
4631,2022-05-12,email11800@domain.it,3092,default,0
143,2021-07-03,email1890@domain.com,4787,default,0
2299,2021-07-12,email2613@domain.it,5003,default,0
2644,2022-04-30,email7574@domain.it,6893,default,0
1799,2022-03-15,email10912@domain.it,8570,default,0
76,2021-12-04,email6478@domain.uk,418,automatic,0
2115,2021-12-07,email9753@domain.it,2065,default,0
1746,2022-05-06,email2549@domain.es,5175,forced,0
9626,2022-02-13,email18615@domain.it,6281,forced,0
7667,2022-02-04,email12479@domain.uk,2944,default,0
7915,2022-03-01,email3760@domain.uk,5368,default,0
1233,2021-12-14,email1787@domain.it,7463,default,0
5592,2022-02-18,email23627@domain.com,5201,default,0
1283,2022-06-02,email4945@domain.com,2171,automatic,0
2256,2022-02-04,email2448@domain.com,7829,automatic,1
5237,2022-02-02,email33292@domain.com,6270,default,0
1924,2022-02-21,email6292@domain.com,1406,default,0
6955,2021-08-07,email13996@domain.com,6954,default,0
5975,2022-01-03,email1894@domain.uk,2843,default,0
349,2021-12-25,email13563@domain.com,4606,automatic,0
8012,2022-01-12,email10340@domain.com,2201,default,0
8040,2021-07-17,email23477@domain.es,585,automatic,0
3040,2022-03-20,email3691@domain.com,5103,default,0
4337,2021-12-12,email8245@domain.es,5738,automatic,0
9782,2022-04-02,email1848@domain.it,4289,default,0
3391,2021-08-13,email7600@domain.it,1215,automatic,0
1188,2021-08-01,email3615@domain.it,2733,forced,0
2179,2021-08-23,email21@domain.com,6396,default,0
1356,2021-10-19,email14227@domain.com,8077,default,0
6658,2021-12-22,email1259@domain.es,7765,default,0
3872,2021-12-11,email27580@domain.it,59,default,0
7961,2022-04-08,email15383@domain.uk,1772,default,0
7073,2021-11-22,email2723@domain.com,5898,default,0
5269,2022-04-15,email7208@domain.com,7328,default,0
9456,2022-06-11,email19760@domain.it,7979,default,0
9388,2022-06-24,email23323@domain.it,6540,default,0
5704,2022-04-09,email8792@domain.uk,400,forced,0
9670,2021-08-09,email163@domain.com,7250,default,0
4796,2021-07-05,email11982@domain.com,795,default,0
7511,2021-08-02,email7931@domain.com,2479,default,0
1182,2021-11-13,email2480@domain.com,3906,default,0
1705,2022-01-10,email31516@domain.it,205,default,0
1297,2022-03-12,email22530@domain.com,4001,forced,0
7888,2021-07-11,email7154@domain.it,463,default,0
3839,2021-09-08,email24996@domain.uk,7056,default,0
8633,2022-01-06,email4869@domain.com,4844,default,0
904,2021-10-09,email15710@domain.es,2780,default,0
4297,2022-04-08,email23080@domain.it,446,automatic,1
5046,2022-04-18,email1643@domain.it,1246,default,1
7409,2022-01-08,email5733@domain.uk,1809,automatic,0
9625,2022-02-13,email9471@domain.it,6281,default,0
8727,2022-03-10,email42596@domain.it,1796,default,0
7815,2021-10-01,email14592@domain.com,188,forced,0
2628,2021-10-08,email1607@domain.es,8213,default,0
3845,2021-09-29,email8583@domain.uk,7994,default,1
7930,2022-04-26,email37613@domain.com,2220,default,0
1127,2022-06-06,email2108@domain.uk,3646,automatic,0
9925,2021-09-29,email4951@domain.com,4453,automatic,0
8928,2022-02-28,email2329@domain.com,4858,default,0
1945,2021-07-14,email16536@domain.com,6481,default,0
7508,2021-12-03,email6102@domain.com,7022,default,0
5213,2022-05-20,email25133@domain.com,6773,default,1
8746,2021-11-19,email15636@domain.it,7898,automatic,0
5079,2022-06-05,email13337@domain.it,3652,default,0
9730,2022-03-15,email320@domain.it,520,forced,0
4600,2021-09-04,email1238@domain.it,4628,default,1
6189,2021-09-01,email1629@domain.uk,7120,default,0
8723,2022-04-06,email11270@domain.uk,8531,default,0
5558,2021-08-02,email3581@domain.com,4709,automatic,0
2375,2021-08-13,email2330@domain.com,3253,default,0
1501,2022-06-06,email6429@domain.it,6423,default,0
284,2021-09-22,email838@domain.com,106,default,0
5178,2021-12-16,email3340@domain.com,7279,default,0
7381,2022-06-14,email256@domain.it,5250,default,0
6934,2021-11-14,email6696@domain.it,129,automatic,0
4271,2022-05-29,email50004@domain.com,8579,default,0
2228,2021-10-18,email15943@domain.com,4006,default,0
5749,2021-10-19,email10753@domain.com,4209,default,0
1889,2021-10-23,email31074@domain.it,4161,default,0
3315,2022-05-25,email2940@domain.it,6125,default,0
1347,2022-04-21,email1967@domain.com,7611,default,0
5478,2022-04-26,email21753@domain.it,4397,default,0
9110,2021-09-01,email17180@domain.it,1417,default,0
3544,2021-11-29,email4707@domain.it,1599,default,0
1671,2022-01-15,email1386@domain.it,1721,automatic,1
4688,2021-11-11,email3625@domain.it,5849,automatic,0
773,2021-09-22,email8967@domain.it,8136,default,0
9898,2021-12-24,email1748@domain.com,1293,default,0
2324,2022-06-02,email2050@domain.com,6604,default,0
8861,2021-10-23,email15472@domain.com,3584,default,1
9865,2021-09-08,email18805@domain.uk,7717,forced,0
7559,2021-10-08,email25126@domain.es,6431,default,0
4554,2022-04-06,email9930@domain.com,1000,default,0
7121,2021-07-29,email9049@domain.com,353,default,0
10,2022-03-06,email4384@domain.es,455,default,0
75,2022-01-15,email177@domain.uk,5805,default,0
9660,2022-06-12,email4665@domain.it,7129,default,0
4592,2021-08-22,email6833@domain.uk,3628,default,0
4098,2022-05-29,email26008@domain.com,6394,default,0
5149,2022-05-05,email6197@domain.com,3221,automatic,0
3528,2021-07-26,email1235@domain.it,2345,automatic,0
5882,2022-03-18,email4004@domain.com,7625,automatic,0
6516,2021-10-23,email4037@domain.com,1320,default,0
200,2021-07-09,email2605@domain.uk,1962,automatic,0
4092,2022-06-08,email2945@domain.it,3985,automatic,0
3660,2022-04-22,email2217@domain.com,857,default,0
5832,2021-10-21,email33759@domain.it,3342,automatic,0
8279,2021-07-27,email4284@domain.com,4838,default,0
9036,2022-03-22,email6123@domain.it,7207,default,0
6744,2021-12-29,email10818@domain.com,5057,default,1
2325,2021-09-11,email16596@domain.it,513,automatic,0
851,2021-10-28,email7842@domain.it,1671,default,0
4738,2022-04-06,email33754@domain.uk,880,default,0
5214,2021-11-28,email3215@domain.it,1991,default,0
9073,2022-04-07,email17348@domain.it,1660,default,0
976,2021-08-12,email14923@domain.com,2260,default,0
3180,2021-10-23,email8855@domain.uk,7132,automatic,0
4252,2022-04-07,email33641@domain.it,470,default,0
1581,2021-12-14,email7392@domain.com,4613,default,0
1213,2022-03-16,email2769@domain.uk,5468,forced,0
7691,2022-04-19,email5113@domain.it,4155,automatic,0
2498,2022-01-02,email9181@domain.uk,8451,automatic,0
2990,2021-08-24,email2095@domain.it,4605,default,1
6207,2021-10-14,email12090@domain.es,4579,forced,0
3187,2022-03-17,email79@domain.it,172,default,0
8543,2022-06-03,email10860@domain.es,5826,default,0
9649,2022-03-13,email14359@domain.com,802,automatic,0
9667,2021-08-20,email1456@domain.uk,785,default,0
8321,2021-09-10,email1213@domain.com,2934,automatic,0
1483,2022-04-19,email9830@domain.com,5200,automatic,0
2510,2021-08-09,email1300@domain.uk,7090,default,0
5917,2021-09-05,email4689@domain.es,3731,automatic,0
5855,2021-07-07,email4443@domain.com,6543,automatic,0
9478,2021-11-04,email8262@domain.com,2292,default,1
9191,2021-08-12,email3209@domain.com,3766,forced,0
4072,2021-12-21,email18476@domain.com,8507,automatic,0
7384,2021-12-17,email32259@domain.com,6737,automatic,0
5580,2022-05-15,email1107@domain.com,6554,default,0
7718,2022-04-04,email11534@domain.uk,74,default,0
9281,2022-05-16,email11554@domain.com,319,default,0
7002,2022-01-06,email8176@domain.com,6271,forced,0
6259,2021-07-07,email1268@domain.it,113,default,0
9806,2022-04-25,email6410@domain.it,5438,default,1
1382,2022-01-31,email3996@domain.com,4171,default,0
2545,2021-10-14,email4894@domain.com,7114,automatic,0
2317,2021-08-20,email5525@domain.it,8396,default,0
8277,2021-12-06,email2603@domain.com,8408,automatic,0
578,2021-09-02,email24455@domain.com,458,default,1
2579,2022-03-23,email15695@domain.it,5799,default,0
3171,2021-12-26,email1354@domain.com,142,automatic,0
3065,2022-02-21,email14873@domain.es,2939,default,1
2742,2021-07-06,email1000@domain.uk,264,default,0
7506,2021-10-17,email7571@domain.uk,5668,automatic,0
1497,2021-10-06,email48@domain.uk,1121,default,0
5537,2021-10-29,email2458@domain.it,757,default,0
7358,2021-12-04,email578@domain.com,4263,default,0
9099,2021-07-22,email11192@domain.es,6280,forced,0
2752,2021-11-06,email5563@domain.com,7759,forced,0
1143,2021-10-20,email11428@domain.com,3468,default,0
9125,2021-12-21,email13423@domain.com,5546,default,0
8425,2022-01-15,email12764@domain.it,7555,default,0
3273,2022-03-29,email36870@domain.es,4888,default,0
3142,2021-12-22,email13444@domain.it,5644,default,1
5511,2022-02-27,email1943@domain.es,2704,default,1
47,2022-06-01,email8865@domain.com,7173,default,0
6014,2021-08-11,email16510@domain.it,5102,default,0
6267,2021-09-15,email3522@domain.com,2920,default,0
8694,2022-05-22,email28257@domain.com,6975,default,0
2636,2021-10-29,email4200@domain.com,7060,default,0
7808,2021-10-22,email13641@domain.com,4910,forced,0
8696,2022-05-28,email46335@domain.uk,841,default,0
7919,2021-09-02,email3914@domain.com,7309,automatic,0
1423,2021-09-15,email45377@domain.es,4663,default,0
8890,2022-03-04,email10273@domain.com,6835,default,0
5509,2022-03-27,email7052@domain.com,5253,default,0
5350,2021-12-08,email12924@domain.it,5965,default,0
1770,2021-11-22,email2448@domain.com,5678,default,0
9225,2022-03-25,email2814@domain.com,4948,default,1
6208,2021-07-28,email2557@domain.com,8445,default,0
8226,2022-02-20,email6948@domain.com,736,default,0
1608,2022-02-28,email2882@domain.com,2139,automatic,0
4996,2021-11-12,email34499@domain.com,540,default,0
5097,2021-11-08,email9660@domain.es,6441,default,0
2587,2021-11-21,email11751@domain.com,7187,default,1
8078,2021-09-08,email4418@domain.es,5013,default,0
6804,2022-06-12,email2212@domain.uk,5929,default,0
7789,2022-02-01,email16311@domain.com,3786,default,0
4175,2021-10-06,email2551@domain.com,133,default,0
169,2022-05-03,email1319@domain.com,2101,automatic,0
3112,2022-02-16,email6016@domain.es,4798,forced,0
9114,2022-02-04,email2487@domain.it,4028,default,0
4338,2021-12-21,email5933@domain.com,2273,default,0
795,2022-06-18,email146@domain.com,35,automatic,0
8299,2022-03-02,email8281@domain.com,917,default,0
1775,2021-12-11,email31207@domain.it,4276,default,0
6708,2022-02-02,email25650@domain.uk,6841,default,0
1104,2022-05-01,email1665@domain.uk,6333,default,0
797,2021-12-02,email3212@domain.com,7084,automatic,0
7687,2021-07-23,email22787@domain.com,1930,default,0
2125,2022-04-07,email17572@domain.com,2987,forced,0
7028,2022-01-13,email4741@domain.com,2064,default,0
8053,2022-05-05,email3072@domain.com,1022,forced,0
3940,2021-12-12,email180@domain.uk,3577,default,0
7832,2022-06-01,email39698@domain.com,1244,default,0
441,2021-11-25,email23386@domain.com,4625,default,1
886,2021-09-03,email5907@domain.com,2785,default,0
8259,2021-12-03,email4124@domain.uk,1644,automatic,0
6859,2022-02-20,email9272@domain.es,2937,default,0
8052,2021-08-02,email6672@domain.uk,5020,default,0
3416,2021-12-03,email2155@domain.uk,2974,default,0
6149,2022-06-12,email23151@domain.com,3572,forced,0
4718,2021-12-14,email16911@domain.it,2276,default,0
8972,2022-01-19,email151@domain.it,4344,automatic,0
1270,2022-03-20,email7105@domain.es,5684,default,0
1391,2021-12-05,email3656@domain.com,1231,default,0
9750,2022-03-02,email26611@domain.it,3142,automatic,0
9652,2021-09-29,email12078@domain.com,799,automatic,0
5341,2021-07-29,email9482@domain.uk,5447,default,1
5423,2021-10-12,email32978@domain.es,1099,default,0
1004,2022-04-02,email965@domain.uk,2111,default,0
9514,2022-01-07,email8861@domain.com,4861,default,0
8376,2021-08-12,email22401@domain.com,618,forced,0
6911,2022-04-28,email29725@domain.uk,3374,default,0
5605,2022-03-31,email12650@domain.com,7490,default,1
5969,2022-04-08,email3816@domain.es,2176,forced,0
566,2022-06-25,email410@domain.it,5406,default,0
4348,2022-06-03,email29649@domain.es,3705,default,1
5528,2022-01-02,email3071@domain.it,5787,default,0
7209,2022-04-07,email1125@domain.it,1337,default,0
8881,2022-03-13,email5886@domain.uk,2370,default,0
6806,2021-10-24,email10440@domain.uk,8603,default,1
1090,2021-08-09,email4522@domain.it,6214,default,0
5538,2021-10-26,email3873@domain.it,757,default,0
8910,2021-11-01,email5814@domain.com,8104,default,0
4754,2022-01-19,email389@domain.it,1431,automatic,0
3097,2022-04-06,email14877@domain.com,942,default,0
4709,2022-04-07,email744@domain.uk,4205,default,0
1186,2021-08-10,email1186@domain.com,4961,default,0
7336,2022-04-11,email13197@domain.com,3312,automatic,0
3339,2022-05-16,email7545@domain.com,4623,default,0
1906,2021-10-20,email3800@domain.it,5780,default,1
7267,2022-02-05,email3965@domain.uk,3040,default,0
7215,2022-03-07,email3184@domain.es,4037,default,0
309,2021-07-04,email13786@domain.com,2266,default,0
7910,2021-10-09,email6568@domain.es,5347,default,0
6383,2021-07-09,email2870@domain.uk,3492,default,0
2757,2022-01-03,email6369@domain.uk,1791,forced,0
1646,2021-12-19,email392@domain.it,3442,default,0
1367,2022-05-25,email35376@domain.com,6759,default,0
5630,2022-04-09,email6564@domain.it,6907,automatic,0
9148,2022-06-13,email2176@domain.uk,1336,default,0
3603,2022-03-22,email20768@domain.com,2081,default,0
5890,2022-06-20,email13445@domain.it,7528,forced,0
8111,2021-11-01,email5@domain.uk,1393,automatic,0
1427,2021-12-25,email30460@domain.com,2789,forced,0
8312,2021-08-03,email1118@domain.com,7296,forced,0
7283,2021-08-14,email3428@domain.it,2697,automatic,0
9965,2022-05-02,email2721@domain.com,8357,default,1
3844,2021-11-24,email16025@domain.it,8341,default,0
9476,2022-06-30,email14067@domain.com,3750,automatic,0
6559,2021-08-16,email79@domain.es,7340,automatic,0
3467,2021-12-22,email24707@domain.uk,4802,default,0
8243,2022-01-19,email3866@domain.com,4825,automatic,0
8862,2021-07-13,email6126@domain.com,8319,default,0
1326,2022-04-06,email3330@domain.com,2001,default,0
6402,2021-09-08,email4378@domain.it,4125,automatic,0
2973,2022-03-15,email3346@domain.com,3968,default,0
621,2021-07-13,email9201@domain.it,528,default,0
5851,2021-10-24,email12858@domain.com,4306,default,0
458,2021-07-11,email9984@domain.it,314,default,0
4525,2021-08-22,email9868@domain.it,4219,default,0
864,2022-04-21,email44719@domain.uk,2622,default,0
5227,2022-01-01,email2197@domain.es,5441,automatic,0
8873,2022-03-06,email6627@domain.com,6517,default,0
5393,2021-08-26,email29815@domain.it,7275,default,0
3372,2021-08-23,email8863@domain.it,2508,automatic,0
8630,2021-07-13,email897@domain.uk,2083,automatic,0
8202,2021-07-06,email1837@domain.com,6955,forced,0
9220,2021-08-05,email6768@domain.es,7065,default,0
3565,2021-07-10,email25208@domain.it,8326,default,0
5894,2022-05-02,email1310@domain.uk,3120,forced,0
7352,2022-04-08,email2049@domain.uk,526,default,0
9805,2021-07-16,email6657@domain.it,4695,default,0
510,2022-01-07,email19311@domain.com,355,forced,0
4807,2022-03-16,email5874@domain.it,6529,default,0
8731,2022-05-03,email201@domain.com,8621,default,0
8438,2022-03-15,email2487@domain.com,5949,default,1
3358,2022-04-06,email3603@domain.it,8546,automatic,0
2309,2021-09-30,email20843@domain.com,128,default,0
492,2021-08-20,email19241@domain.es,2767,default,0
7500,2021-11-18,email4424@domain.es,4821,default,1
1070,2022-01-25,email623@domain.it,2878,forced,0
461,2021-08-22,email26066@domain.com,1399,automatic,0
7724,2021-11-07,email99845@domain.it,7669,default,1
7486,2021-07-14,email9214@domain.com,5161,default,0
5049,2022-04-07,email29603@domain.it,5513,default,0
2692,2022-04-06,email12308@domain.com,251,default,0
3289,2021-07-14,email6879@domain.com,5744,default,0
1601,2021-08-22,email2053@domain.it,6964,default,0
5294,2021-08-18,email6189@domain.com,648,automatic,0
6964,2021-07-22,email13216@domain.com,4831,default,0
2857,2022-06-13,email6755@domain.com,6789,default,0
7056,2021-11-05,email29829@domain.com,3145,default,0
6528,2021-08-18,email13512@domain.com,6420,default,0
781,2021-10-03,email21191@domain.es,4257,default,0
7118,2021-10-31,email3102@domain.es,7645,forced,0
1783,2022-01-30,email9787@domain.com,5118,default,0
1545,2021-10-08,email9045@domain.com,2565,forced,0
1664,2021-09-01,email7140@domain.uk,2278,default,0
1617,2021-12-05,email2671@domain.com,4226,default,0
1753,2021-08-12,email10424@domain.it,5784,automatic,0
3877,2021-11-19,email4048@domain.com,1590,automatic,0
2034,2022-04-07,email5442@domain.com,2650,default,0
906,2022-04-10,email2641@domain.it,6287,default,0
3674,2022-02-26,email69@domain.com,3834,automatic,0
5457,2021-09-28,email1866@domain.it,4073,default,0
1435,2022-01-24,email9066@domain.it,8216,automatic,1
790,2021-08-26,email7254@domain.com,4215,default,0
9084,2021-12-28,email27347@domain.com,4008,automatic,0
1479,2021-08-23,email1359@domain.com,4490,forced,0
1294,2021-07-04,email11743@domain.com,1725,default,0
8003,2021-09-03,email81338@domain.com,3109,default,0
8320,2021-10-18,email36763@domain.it,4521,default,0
2901,2022-01-04,email12923@domain.com,8552,default,0
5456,2021-12-08,email7105@domain.com,5262,forced,0
63,2022-06-20,email4642@domain.uk,6537,default,0
150,2021-07-03,email9991@domain.it,5680,default,0
1,2022-04-08,email29472@domain.com,2914,default,0
3649,2022-06-06,email20005@domain.es,3937,default,0
5378,2021-11-17,email3655@domain.com,7744,forced,0
8323,2021-10-25,email1415@domain.it,4388,default,0
9258,2022-04-08,email8297@domain.uk,801,automatic,0
6338,2022-04-06,email4360@domain.com,3550,default,0
9848,2022-02-28,email3133@domain.es,6596,default,0
1975,2021-12-14,email533@domain.uk,1469,default,0
5429,2021-09-08,email389@domain.it,5056,default,0
3019,2021-12-29,email320@domain.it,5816,default,0
6960,2021-12-22,email12088@domain.com,5005,default,0
9139,2022-06-23,email9684@domain.it,765,default,1
3244,2021-09-02,email10953@domain.com,4812,default,0
7968,2021-10-01,email6761@domain.uk,7745,default,0
8332,2022-02-23,email365@domain.it,6957,default,0
9067,2021-10-21,email5866@domain.com,5822,default,1
1122,2022-04-08,email809@domain.it,2989,forced,0
7310,2022-06-21,email574@domain.com,4992,default,0
1941,2021-11-30,email18766@domain.com,5081,automatic,0
1254,2021-12-04,email19078@domain.com,1844,default,0
6013,2022-01-03,email2810@domain.it,5102,forced,0
2515,2021-08-02,email16053@domain.com,827,forced,0
9949,2022-03-06,email2353@domain.it,7892,default,0
9059,2021-11-27,email12513@domain.com,3776,default,0
9887,2021-10-09,email5707@domain.it,3226,default,0
5034,2022-05-04,email5320@domain.it,4390,default,0
6722,2022-04-24,email4106@domain.uk,7429,default,0
5431,2021-12-29,email3914@domain.uk,424,automatic,0
4817,2022-04-05,email5440@domain.com,666,default,0
7416,2021-10-09,email10265@domain.it,3811,default,1
7412,2021-08-26,email27363@domain.com,2015,default,0
182,2022-04-18,email5436@domain.it,3971,default,0
9223,2022-04-06,email9451@domain.uk,1283,default,0
7886,2021-11-28,email374@domain.it,5788,automatic,0
687,2021-10-12,email24598@domain.uk,147,default,0
1484,2022-04-24,email1006@domain.com,5200,forced,0
2766,2021-09-02,email793@domain.it,7299,default,0
1872,2022-04-30,email2072@domain.com,2428,default,0
373,2022-06-15,email14131@domain.uk,1767,default,0
4792,2022-03-19,email1243@domain.com,6429,default,0
8362,2021-10-15,email2014@domain.it,8669,default,0
5186,2022-04-20,email184@domain.es,6124,default,0
7066,2022-02-25,email7404@domain.it,7047,default,0
8579,2021-12-11,email24852@domain.it,2256,default,0
7980,2022-05-02,email4345@domain.es,7324,default,0
2553,2021-11-24,email6844@domain.com,4590,default,0
7809,2022-01-26,email846@domain.uk,2834,default,0
643,2022-04-04,email8913@domain.uk,466,forced,0
3220,2022-01-16,email325@domain.uk,6411,default,0
2197,2021-10-19,email3914@domain.it,2808,default,0
695,2021-10-19,email10033@domain.com,4076,default,0
3547,2022-01-21,email876@domain.com,752,default,0
2488,2022-01-24,email11415@domain.it,3618,automatic,0
3020,2022-05-25,email12126@domain.com,3460,default,0
7672,2021-08-12,email34826@domain.it,6030,automatic,0
3046,2021-10-07,email7647@domain.it,7505,default,0
950,2021-09-10,email7677@domain.it,5464,default,0
5833,2021-08-15,email2397@domain.es,3751,default,0
1652,2022-04-06,email1031@domain.it,1739,automatic,0
9939,2022-04-18,email2639@domain.it,4516,default,0
705,2021-07-19,email2833@domain.it,536,automatic,0
1993,2021-09-29,email214@domain.uk,6422,automatic,0
7591,2021-11-18,email19214@domain.com,1563,default,0
1077,2021-08-05,email5872@domain.com,3638,default,1
6436,2022-06-04,email16023@domain.it,3775,automatic,0
9342,2021-11-04,email3784@domain.uk,6577,automatic,0
5276,2022-01-24,email5746@domain.it,5648,automatic,0
4713,2021-08-13,email2235@domain.it,3321,default,0
2548,2022-02-07,email2498@domain.es,8435,default,0
2247,2021-10-27,email961@domain.it,2938,default,0
1959,2022-05-10,email3930@domain.uk,5330,default,0
1285,2021-09-05,email10861@domain.es,5117,default,0
5502,2021-08-17,email36965@domain.com,2279,default,1
9836,2022-03-09,email436@domain.uk,705,default,0
1273,2022-04-28,email5869@domain.uk,2798,default,1
3966,2021-11-27,email861@domain.uk,651,default,0
2947,2022-02-26,email2970@domain.com,5939,default,1
7331,2021-10-18,email3833@domain.it,4599,default,0
1383,2021-10-08,email4947@domain.es,2419,default,0
5379,2022-06-04,email26934@domain.com,7813,default,0
314,2022-05-08,email26633@domain.es,7263,default,0
1546,2022-03-07,email2763@domain.it,3177,default,0
9016,2021-09-29,email8095@domain.com,4724,default,0
3653,2021-08-07,email886@domain.it,723,default,0
6627,2021-09-19,email36668@domain.com,4460,default,0
9113,2022-01-04,email347@domain.es,1754,default,0
9747,2021-11-25,email5153@domain.com,5022,default,0
2157,2021-10-31,email393@domain.com,146,default,0
9682,2021-10-05,email5674@domain.com,5731,default,0
2153,2021-10-29,email26060@domain.it,6830,default,0
2095,2021-08-03,email11861@domain.it,4064,automatic,0
7866,2022-06-21,email8166@domain.com,6995,automatic,1
9138,2021-09-29,email4011@domain.com,7781,default,0
6315,2021-09-17,email5544@domain.es,1422,default,0
2899,2021-08-07,email21743@domain.com,4568,default,0
704,2021-08-12,email21580@domain.it,3762,forced,1
5033,2022-04-27,email30113@domain.com,1554,automatic,0
331,2021-10-06,email5292@domain.com,3481,default,0
6459,2021-10-12,email1222@domain.es,2104,automatic,1
1578,2022-06-09,email4074@domain.es,1763,automatic,0
257,2021-09-02,email6714@domain.com,3079,forced,0
5218,2022-06-23,email6188@domain.it,2605,default,0
4567,2021-12-21,email14879@domain.com,3003,default,1
775,2022-05-23,email16524@domain.it,7749,default,1
7612,2021-11-21,email4565@domain.com,331,default,0
9171,2021-12-07,email22266@domain.uk,4536,default,0
1979,2022-05-17,email16533@domain.it,3270,default,0
4640,2021-11-19,email5297@domain.es,3757,default,0
5391,2021-08-01,email7672@domain.it,8470,automatic,1
9516,2021-09-22,email3116@domain.com,2721,default,0
6593,2022-01-12,email23955@domain.it,8616,automatic,0
6220,2021-08-03,email9910@domain.it,4199,default,0
496,2021-11-14,email3019@domain.es,4697,default,0
4049,2022-03-24,email7353@domain.com,8638,default,0
7359,2022-04-10,email6549@domain.com,2880,default,0
8276,2022-02-27,email812@domain.com,1974,default,0
7226,2021-07-08,email24242@domain.es,8325,default,1
5845,2021-11-07,email31657@domain.es,8060,default,0
2083,2021-11-06,email8225@domain.uk,4446,default,0
6186,2021-12-28,email10261@domain.it,38,automatic,0
9127,2021-10-31,email831@domain.uk,7848,default,0
5193,2021-11-03,email8022@domain.it,376,automatic,0
1989,2021-11-26,email16705@domain.com,297,default,0
6498,2022-01-07,email2489@domain.it,6898,default,0
5474,2021-09-03,email21582@domain.com,5046,default,1
5348,2021-10-05,email7500@domain.it,3934,default,0
4651,2022-05-10,email1891@domain.es,3236,default,1
6375,2022-01-07,email33093@domain.com,5461,forced,0
8257,2021-10-09,email146@domain.it,6918,default,0
3406,2021-09-08,email11413@domain.es,3654,default,0
6491,2022-04-08,email9113@domain.es,5610,default,1
7101,2021-07-16,email9736@domain.uk,8525,default,0
9193,2021-08-31,email27586@domain.es,7554,default,0
2689,2022-04-05,email3871@domain.com,1540,default,0
7006,2022-03-14,email6648@domain.uk,6887,automatic,0
1199,2021-08-04,email30876@domain.com,6155,automatic,1
1315,2021-09-14,email7893@domain.uk,152,automatic,0
3261,2022-02-02,email1867@domain.uk,410,default,0
3982,2022-06-29,email15831@domain.it,8026,automatic,0
543,2022-01-15,email19723@domain.uk,5398,forced,0
4832,2021-11-30,email11363@domain.it,4053,default,0
1433,2022-04-04,email1524@domain.es,3515,default,0
5787,2022-04-07,email9011@domain.uk,1353,default,0
9922,2021-12-01,email31389@domain.it,3224,default,0
4275,2021-09-01,email29948@domain.com,2143,default,0
1115,2022-04-29,email28947@domain.it,4457,default,0
6919,2021-08-18,email5725@domain.com,1646,automatic,0
2486,2022-04-06,email6918@domain.es,5356,default,0
3890,2022-04-09,email19883@domain.uk,2631,default,0
725,2021-07-21,email15222@domain.es,5053,default,0
2935,2022-03-05,email659@domain.uk,5910,automatic,0
3286,2021-08-04,email11710@domain.es,5116,default,1
237,2021-08-09,email2413@domain.es,5394,default,0
7195,2022-03-03,email327@domain.it,1600,forced,0
5313,2021-07-17,email3536@domain.uk,2848,automatic,0
6425,2021-07-25,email9569@domain.com,3065,automatic,0
2822,2021-09-10,email3105@domain.uk,4103,default,0
1276,2021-11-13,email3952@domain.com,3755,default,1
5232,2021-10-20,email2555@domain.it,1639,forced,0
8183,2021-07-16,email22481@domain.com,227,default,0
3398,2021-09-16,email1637@domain.com,130,automatic,0
4801,2022-05-09,email4233@domain.it,5916,default,0
5035,2021-09-05,email2111@domain.it,8195,default,0
579,2021-09-02,email5504@domain.com,458,default,0
757,2022-04-06,email2409@domain.it,583,default,0
4368,2021-10-14,email3289@domain.com,2953,forced,0
9295,2022-01-13,email12687@domain.es,7217,automatic,1
9878,2022-04-26,email7941@domain.uk,3320,default,0
4161,2021-07-13,email9739@domain.com,4544,automatic,0
767,2021-07-15,email6407@domain.com,7777,default,1
3917,2021-07-07,email6545@domain.com,6973,automatic,0
9435,2021-09-10,email948@domain.es,1178,forced,0
3290,2022-06-12,email1405@domain.uk,5991,default,1
3087,2021-11-28,email4042@domain.com,6085,default,0
7799,2022-04-06,email11676@domain.it,5135,automatic,0
8229,2022-01-30,email2060@domain.uk,3375,default,0
8865,2021-10-06,email2362@domain.com,5543,default,0
2003,2022-04-08,email4824@domain.com,5389,default,0
8007,2021-09-27,email6289@domain.it,8117,default,0
9117,2021-09-03,email884@domain.com,8352,default,0
654,2022-01-27,email5176@domain.it,1773,default,0
508,2022-01-18,email14504@domain.uk,2218,default,0
3972,2021-11-12,email3799@domain.es,6748,default,0
8803,2021-07-27,email12377@domain.com,1123,default,0
2401,2022-02-17,email16515@domain.es,1016,default,0
493,2021-09-04,email5379@domain.es,5992,automatic,0
8130,2022-01-16,email2864@domain.com,729,default,0
6659,2022-03-07,email10983@domain.it,5037,default,0
8663,2022-01-22,email8971@domain.com,2330,default,0
8963,2021-12-29,email1804@domain.uk,1400,default,0
5151,2022-04-18,email9186@domain.uk,3210,default,0
6848,2022-05-28,email8091@domain.com,941,default,0
746,2022-04-07,email6142@domain.com,3340,default,0
4217,2022-04-26,email3478@domain.com,2432,default,0
7005,2022-03-20,email12022@domain.it,2397,default,0
7556,2022-04-25,email17471@domain.com,932,forced,0
3779,2021-07-14,email5095@domain.es,1325,default,0
5365,2022-01-24,email955@domain.com,5588,automatic,0
2664,2022-03-21,email164@domain.it,5231,default,0
7268,2021-08-21,email14576@domain.es,5232,default,0
7576,2021-12-08,email6116@domain.com,7118,default,0
7176,2021-08-01,email716@domain.com,5034,forced,0
5298,2022-04-20,email3225@domain.com,13,default,0
1394,2021-07-27,email440@domain.com,6644,default,0
9754,2022-06-06,email574@domain.it,118,default,0
8915,2021-10-13,email7009@domain.it,6892,default,0
9976,2022-01-19,email9332@domain.com,6098,default,0
512,2022-05-01,email5995@domain.it,2313,default,0
2126,2021-10-07,email23327@domain.es,2437,default,0
2946,2022-06-15,email4729@domain.com,5040,default,0
4392,2022-01-02,email18012@domain.com,2131,default,0
2888,2021-10-21,email20901@domain.it,1209,default,0
2929,2021-11-26,email3619@domain.it,3642,forced,0
6563,2021-11-19,email3489@domain.com,3454,default,0
688,2021-10-16,email5678@domain.com,4350,default,0
9439,2022-04-06,email553@domain.it,4406,automatic,0
2463,2021-12-28,email10770@domain.it,4952,default,0
9131,2022-02-05,email19701@domain.uk,8130,forced,0
6258,2021-10-10,email5441@domain.it,6097,default,0
2391,2021-11-06,email2981@domain.com,2787,default,0
2492,2021-09-10,email8059@domain.com,3833,automatic,0
8647,2021-11-04,email4671@domain.es,3542,default,0
8123,2021-10-05,email6280@domain.com,5955,forced,0
2462,2022-04-12,email626@domain.it,6313,forced,1
9238,2022-05-19,email4446@domain.it,3969,default,0
9349,2022-04-11,email19247@domain.es,8302,automatic,0
9118,2021-09-06,email1380@domain.com,8352,default,0
4024,2021-09-26,email692@domain.com,5322,automatic,0
5750,2021-12-17,email3452@domain.uk,971,default,0
6861,2022-04-28,email16050@domain.it,2169,automatic,0
6098,2021-10-29,email4091@domain.com,309,default,0
5607,2021-09-17,email3484@domain.com,5908,forced,0
6712,2022-03-20,email1207@domain.it,8227,default,0
6754,2022-06-30,email10758@domain.com,6831,default,0
3221,2022-03-10,email4162@domain.it,1115,default,0
374,2021-09-01,email2226@domain.es,3817,default,0
3919,2021-11-06,email48295@domain.it,6,forced,0
1088,2022-01-26,email2769@domain.es,5709,default,0
1223,2021-08-18,email19236@domain.com,6260,forced,0
7728,2021-07-25,email14063@domain.uk,2191,default,0
9305,2022-02-25,email1936@domain.com,8201,default,0
7776,2021-10-13,email5763@domain.it,3137,default,0
7298,2021-07-07,email9016@domain.com,4022,forced,0
6036,2022-03-07,email8000@domain.com,3349,automatic,0
5618,2022-03-06,email4740@domain.it,5495,default,0
6086,2022-03-07,email22485@domain.com,652,default,0
6677,2021-09-05,email50417@domain.com,1382,forced,0
733,2022-04-17,email1216@domain.it,4473,default,0
3381,2022-06-13,email20271@domain.es,3271,default,1
5166,2021-08-24,email17629@domain.com,4002,automatic,0
6695,2021-10-27,email5163@domain.com,6983,default,0
4874,2022-02-05,email17687@domain.it,1716,default,0
5264,2021-12-03,email597@domain.uk,3684,default,0
4355,2021-11-15,email1459@domain.it,434,default,0
377,2022-04-06,email1163@domain.es,5670,automatic,0
8514,2022-01-29,email3321@domain.com,2424,automatic,0
6988,2021-11-14,email660@domain.com,4714,default,0
992,2021-08-31,email7702@domain.it,8559,default,0
8177,2022-04-18,email15498@domain.com,1713,default,1
3382,2022-05-02,email2196@domain.es,3271,default,0
6400,2022-01-09,email3695@domain.it,5284,automatic,0
7211,2022-04-07,email15713@domain.it,1337,automatic,0
4747,2022-04-06,email11319@domain.it,3165,forced,0
9698,2021-09-01,email9533@domain.com,7642,default,0
5231,2022-04-04,email3403@domain.it,7471,default,0
8174,2021-09-11,email2280@domain.com,6037,default,0
7541,2022-05-19,email25228@domain.com,3721,default,0
1940,2022-03-23,email8519@domain.com,1425,default,0
3417,2021-12-03,email152@domain.uk,2974,automatic,0
5590,2021-10-19,email3882@domain.es,2453,forced,0
627,2021-08-10,email7011@domain.it,5500,automatic,1
4737,2022-01-26,email1329@domain.it,4945,default,0
1559,2022-01-06,email20348@domain.es,4849,default,0
2118,2021-07-06,email7863@domain.com,6676,default,0
6757,2021-09-22,email7030@domain.com,8410,automatic,0
8165,2021-12-17,email13476@domain.es,3632,forced,0
2499,2022-04-04,email579@domain.it,3458,default,0
8433,2021-07-11,email4120@domain.com,7675,default,0
2629,2021-08-01,email4706@domain.com,6733,forced,0
8345,2021-10-05,email5819@domain.es,4430,default,0
439,2021-10-23,email13107@domain.es,680,automatic,0
1258,2021-07-31,email12525@domain.com,4638,default,0
7488,2022-01-06,email5659@domain.it,1869,forced,0
9405,2022-04-18,email7786@domain.es,7215,default,0
8505,2022-04-06,email2488@domain.com,3629,default,0
5561,2022-03-16,email5676@domain.com,3726,default,0
514,2022-03-01,email27665@domain.it,8353,default,0
4504,2021-10-17,email1768@domain.es,8486,default,1
7788,2022-03-07,email21901@domain.com,3691,default,0
3570,2022-04-25,email6343@domain.com,4474,default,0
9413,2021-09-19,email6245@domain.com,5658,default,0
657,2021-07-09,email2317@domain.uk,890,default,0
9167,2021-10-14,email18208@domain.it,1416,default,1
5673,2022-04-03,email12957@domain.it,53,default,0
6185,2022-04-06,email3479@domain.com,1512,default,0
5668,2021-09-30,email1870@domain.uk,2940,forced,1
4067,2021-11-20,email289@domain.uk,7079,automatic,0
9310,2021-12-15,email12151@domain.it,1129,forced,0
1392,2022-04-24,email23879@domain.it,7191,automatic,1
2658,2021-09-19,email2966@domain.com,3162,default,0
9381,2022-05-02,email17378@domain.com,7271,forced,1
7484,2021-07-15,email9219@domain.it,8447,default,0
4145,2021-10-23,email9497@domain.uk,7300,default,0
9733,2022-05-26,email20956@domain.com,7704,default,0
8494,2022-05-28,email1428@domain.com,2894,default,0
6295,2022-05-05,email246@domain.it,7665,automatic,0
3920,2021-08-09,email5990@domain.uk,5415,default,1
6915,2021-08-15,email7648@domain.com,7818,default,0
8848,2021-12-07,email44765@domain.uk,4189,automatic,0
5062,2021-09-21,email2232@domain.es,4314,default,0
2867,2021-11-07,email6992@domain.com,3716,default,0
6433,2022-05-20,email2329@domain.es,8050,automatic,0
1027,2021-10-26,email4065@domain.com,8187,default,0
8162,2021-11-05,email14538@domain.com,3395,default,0
1002,2022-05-18,email3151@domain.it,6011,default,0
3788,2021-08-19,email15608@domain.it,1780,default,0
5559,2021-09-24,email7129@domain.it,2703,default,0
6053,2021-08-24,email6632@domain.it,2405,default,0
4764,2021-11-12,email5658@domain.com,1657,forced,0
6181,2021-10-24,email709@domain.uk,7794,default,0
7341,2022-03-17,email32649@domain.com,1630,default,0
226,2021-10-06,email7956@domain.com,3476,default,0
1963,2021-09-01,email7762@domain.it,2410,automatic,0
5997,2021-11-17,email11034@domain.com,1873,default,0
5091,2021-07-12,email6989@domain.it,3881,automatic,0
2360,2021-08-19,email7266@domain.es,453,automatic,0
9503,2021-07-16,email6928@domain.com,5943,default,0
8880,2021-11-18,email13442@domain.it,2431,default,0
3809,2021-07-30,email13241@domain.com,3289,default,0
2585,2021-09-01,email14326@domain.it,5168,default,1
6235,2022-03-22,email1768@domain.com,2303,default,0
6599,2022-01-07,email25068@domain.it,5016,forced,0
2108,2022-05-16,email35023@domain.uk,7280,default,0
3995,2022-04-25,email251@domain.com,4363,default,0
8849,2022-04-25,email763@domain.es,6609,default,1
7547,2021-10-23,email38@domain.com,1158,automatic,0
6054,2021-12-26,email111@domain.uk,4936,automatic,0
636,2021-10-20,email1720@domain.com,3098,default,0
7414,2021-08-15,email23640@domain.es,6476,default,0
7210,2022-04-07,email13648@domain.it,1337,default,0
489,2022-03-09,email5624@domain.it,3800,default,0
7813,2022-05-15,email1582@domain.it,1202,default,0
4919,2021-12-26,email13761@domain.it,1476,default,0
7646,2021-11-08,email2068@domain.it,1395,default,0
5057,2022-02-28,email17472@domain.es,6986,default,0
1757,2021-07-07,email4830@domain.it,2412,default,1
2563,2022-03-02,email20196@domain.uk,5302,default,0
2248,2022-04-06,email25943@domain.com,1189,default,0
8245,2022-04-06,email8241@domain.com,5937,default,0
5081,2021-09-21,email19960@domain.com,1088,default,1
2345,2022-04-08,email243@domain.it,5711,default,0
2320,2022-03-15,email1009@domain.es,4176,forced,0
4463,2022-05-24,email27171@domain.uk,7257,default,0
7161,2021-11-06,email11441@domain.com,2241,forced,0
7951,2021-10-24,email540@domain.com,989,default,0
7083,2021-11-01,email15971@domain.es,3436,automatic,0
6647,2022-01-01,email10446@domain.com,7890,default,0
435,2022-03-07,email16294@domain.it,7265,default,0
422,2021-09-12,email6847@domain.es,8267,default,0
379,2022-03-09,email3767@domain.es,5670,default,0
15,2022-03-13,email2329@domain.it,1474,default,0
2926,2021-07-04,email22885@domain.com,6141,default,0
5990,2022-02-27,email1247@domain.uk,5173,default,0
3207,2021-12-08,email22197@domain.uk,2898,default,0
9814,2021-09-14,email22848@domain.es,3121,forced,0
9269,2021-09-08,email2213@domain.com,5332,default,0
6487,2021-12-09,email2346@domain.es,3441,default,1
1621,2022-05-15,email3479@domain.com,4552,default,0
3685,2022-02-16,email2673@domain.it,2595,default,0
5959,2021-07-21,email5508@domain.it,7622,default,0
2882,2021-09-05,email3622@domain.it,6008,default,1
5565,2021-07-18,email19100@domain.es,2306,forced,0
610,2021-12-07,email2461@domain.com,2547,automatic,0
4938,2022-05-18,email14062@domain.es,2442,default,0
4311,2022-01-30,email23532@domain.com,6895,default,1
932,2021-08-14,email50251@domain.com,2587,automatic,0
6420,2022-02-03,email5127@domain.com,945,default,0
8093,2022-06-20,email2958@domain.it,348,automatic,0
1298,2021-10-21,email2161@domain.it,8415,default,0
876,2022-05-18,email3711@domain.it,2188,default,0
882,2022-05-21,email14590@domain.it,5647,default,0
9522,2021-12-31,email1403@domain.it,7778,default,0
3713,2022-03-25,email6626@domain.uk,3512,automatic,0
2605,2022-03-25,email16545@domain.it,4357,default,0
4913,2022-06-04,email3850@domain.com,231,default,0
7812,2021-07-13,email14@domain.it,6395,default,0
5150,2022-02-01,email6862@domain.it,669,automatic,0
9643,2021-09-25,email204@domain.it,7524,default,0
91,2021-11-12,email4679@domain.com,1107,default,0
4011,2021-07-16,email6653@domain.com,1932,default,0
7666,2021-09-23,email349@domain.it,4127,default,0
4605,2022-03-03,email3057@domain.uk,4661,default,0
6791,2021-07-19,email1427@domain.it,3678,forced,0
7800,2021-10-23,email16581@domain.it,4105,default,0
6801,2021-12-02,email17715@domain.com,6601,default,0
7587,2021-07-02,email20209@domain.uk,6065,automatic,0
8917,2021-08-15,email4090@domain.es,3208,default,1
6928,2022-06-02,email5857@domain.uk,5072,forced,0
2007,2022-02-11,email55@domain.es,6870,default,0
1681,2021-08-01,email11352@domain.uk,1926,default,0
2274,2022-01-05,email3181@domain.com,7893,default,0
9177,2022-04-08,email4936@domain.com,5919,default,0
8394,2021-12-03,email3600@domain.com,1875,automatic,0
3052,2021-08-16,email852@domain.it,423,automatic,0
2592,2022-03-16,email18934@domain.it,8039,forced,0
2784,2021-11-10,email59209@domain.it,7365,automatic,0
560,2022-06-03,email5225@domain.es,5801,default,0
3706,2022-03-01,email18217@domain.uk,3539,automatic,0
2110,2022-05-05,email29875@domain.com,1939,default,0
5104,2021-11-11,email33433@domain.it,1112,default,0
1899,2021-09-02,email137@domain.it,18,default,0
4719,2021-12-09,email9735@domain.uk,6839,default,0
7039,2022-03-03,email703@domain.it,6911,default,1
1038,2021-10-21,email14985@domain.it,2690,default,1
5614,2022-01-20,email2439@domain.it,6038,default,0
7165,2022-01-09,email694@domain.it,3240,default,0
8262,2022-04-20,email5@domain.it,6181,default,0
8022,2022-04-27,email14137@domain.com,4739,default,0
3902,2022-04-01,email1191@domain.it,7455,default,0
1421,2022-01-14,email11091@domain.com,3532,default,0
1948,2021-09-17,email284@domain.es,4907,default,0
7943,2022-05-23,email785@domain.com,2003,automatic,0
2192,2022-04-11,email7675@domain.es,3284,automatic,0
391,2022-04-23,email7721@domain.it,8203,forced,0
8883,2022-01-13,email672@domain.es,6582,default,0
275,2022-01-14,email4751@domain.it,5384,forced,1
4907,2021-12-22,email3337@domain.it,2444,default,0
4151,2021-11-03,email2453@domain.it,6276,default,0
4295,2021-12-14,email4606@domain.com,2476,default,0
5168,2021-09-11,email1676@domain.it,3008,default,0
1397,2022-04-01,email28843@domain.it,5827,automatic,1
8825,2021-12-21,email1149@domain.it,2217,default,0
9034,2021-09-14,email1225@domain.com,2075,automatic,0
6501,2021-07-13,email5867@domain.it,2693,default,0
2220,2021-07-13,email10917@domain.uk,732,automatic,0
12,2022-06-22,email1871@domain.it,1752,default,0
7321,2021-11-02,email10298@domain.com,5926,default,0
9725,2021-09-02,email1728@domain.it,3815,default,0
5634,2021-07-29,email20488@domain.it,4538,automatic,1
4834,2022-04-11,email5397@domain.com,5430,default,1
6244,2022-01-09,email38525@domain.com,8389,default,0
3756,2022-05-25,email4401@domain.com,3603,default,1
6008,2022-06-21,email61@domain.com,8120,default,0
8030,2022-05-21,email28213@domain.es,7961,automatic,0
734,2021-08-22,email10109@domain.it,5777,default,0
8700,2021-11-30,email13460@domain.com,7372,default,0
940,2021-07-29,email7870@domain.it,983,automatic,0
6377,2021-07-25,email1461@domain.com,4710,default,0
949,2021-09-26,email33951@domain.es,3157,default,0
9278,2022-06-17,email9194@domain.com,3417,default,0
109,2021-11-24,email15100@domain.it,2855,default,0
533,2022-01-02,email19546@domain.com,3362,default,1
8252,2022-04-12,email3955@domain.com,6402,forced,0
1898,2021-07-07,email2727@domain.it,8485,automatic,0
3077,2021-10-14,email50172@domain.com,4904,default,0
4965,2022-03-08,email4142@domain.com,3546,automatic,0
2160,2021-10-24,email1854@domain.uk,4448,default,0
1152,2022-05-23,email6355@domain.uk,3467,default,0
3579,2022-03-04,email11469@domain.uk,6388,default,0
3635,2022-06-11,email236@domain.com,7446,default,0
599,2021-12-11,email3517@domain.com,3196,default,0
3444,2021-08-14,email2159@domain.it,3213,default,0
9567,2022-04-09,email10664@domain.es,1075,default,0
3629,2022-06-28,email12260@domain.it,354,default,0
5582,2022-05-09,email16943@domain.com,2360,default,1
1108,2021-10-27,email2492@domain.it,600,default,0
4101,2021-11-05,email7171@domain.com,961,default,0
3925,2022-01-22,email652@domain.uk,329,automatic,0
4163,2022-06-26,email1486@domain.it,125,default,0
6171,2021-08-01,email7428@domain.com,8123,automatic,0
8805,2022-02-12,email7358@domain.com,7918,default,1
1994,2021-10-09,email4883@domain.es,1460,forced,0
6978,2022-06-21,email28186@domain.com,5027,default,0
1717,2022-04-21,email22227@domain.uk,972,default,0
1736,2021-11-02,email11736@domain.com,4761,default,0
286,2021-07-16,email7962@domain.it,3719,automatic,0
532,2022-01-02,email9478@domain.com,3362,default,0
3480,2021-08-02,email2608@domain.es,96,default,0
2669,2022-04-21,email1300@domain.it,4290,automatic,0
5770,2021-09-12,email5147@domain.it,6028,forced,0
365,2022-06-11,email3721@domain.com,5321,automatic,0
9693,2021-07-17,email13136@domain.it,1953,default,0
7991,2022-02-14,email18825@domain.es,1434,default,0
5483,2021-07-22,email9091@domain.com,2957,default,1
6284,2022-06-13,email2351@domain.com,8074,default,0
9707,2022-01-20,email2650@domain.com,5196,automatic,0
9871,2022-04-21,email679@domain.com,3855,automatic,0
1052,2021-08-05,email10914@domain.es,1051,default,0
5449,2021-07-27,email766@domain.com,6525,default,0
652,2021-07-28,email4267@domain.com,525,default,0
2355,2021-08-21,email4709@domain.com,1052,default,0
7598,2021-12-28,email1150@domain.com,2474,default,0
8156,2022-04-30,email9845@domain.com,5439,default,0
5110,2022-05-11,email14277@domain.it,80,automatic,1
9395,2021-10-16,email8288@domain.com,6703,default,0
7712,2021-07-28,email536@domain.it,788,default,0
3567,2021-11-13,email22014@domain.uk,905,default,0
2866,2022-04-08,email10697@domain.es,3545,default,0
1142,2021-12-29,email3479@domain.es,3770,automatic,0
9155,2021-12-03,email34879@domain.com,5032,default,0
585,2022-03-13,email480@domain.uk,1682,forced,0
1888,2022-01-31,email7608@domain.uk,1029,automatic,0
9325,2021-09-08,email32498@domain.com,1256,default,1
7263,2021-12-16,email1550@domain.com,2568,automatic,0
7831,2022-04-11,email36277@domain.com,1597,default,0
600,2022-01-09,email5808@domain.com,3196,default,0
171,2021-12-05,email703@domain.uk,1954,automatic,0
8831,2021-09-12,email2765@domain.it,1533,default,0
9955,2021-11-25,email13476@domain.com,4278,default,0
8623,2022-04-19,email15261@domain.com,3576,default,0
3283,2021-09-27,email5681@domain.com,4563,automatic,0
6265,2022-06-21,email2196@domain.com,3562,default,0
5611,2021-09-12,email10042@domain.es,893,default,0
1802,2021-12-07,email1456@domain.com,4061,default,0
6179,2022-02-21,email26417@domain.es,7589,default,0
6304,2021-07-03,email15001@domain.es,7243,default,0
3060,2022-05-07,email6573@domain.com,5752,automatic,0
2764,2021-11-06,email15797@domain.com,5504,forced,0
9953,2021-08-16,email30658@domain.com,1886,default,0
2470,2021-11-01,email1429@domain.it,599,default,0
2604,2022-01-17,email1742@domain.com,6924,default,0
8411,2021-10-09,email12068@domain.uk,8313,default,0
1675,2022-06-17,email195@domain.com,1458,forced,0
9716,2021-07-12,email594@domain.it,5558,default,1
6206,2021-11-24,email6821@domain.uk,7406,default,0
2879,2022-04-15,email7697@domain.com,2223,forced,0
7755,2022-06-27,email1153@domain.uk,5606,forced,0
7058,2022-04-11,email608@domain.it,5218,automatic,0
7173,2021-08-26,email13707@domain.es,8086,default,0
2886,2022-04-30,email5747@domain.com,1868,automatic,0
1508,2021-09-06,email4942@domain.com,7995,default,0
9357,2021-11-26,email813@domain.com,7182,default,0
3057,2021-09-02,email4363@domain.es,6000,default,0
2444,2022-06-06,email4607@domain.com,5806,forced,0
4903,2022-05-24,email8234@domain.es,1437,default,1
865,2022-03-31,email24009@domain.uk,89,forced,0
1752,2021-07-16,email1120@domain.uk,6345,default,0
7383,2021-11-09,email34326@domain.uk,7713,default,1
1019,2022-04-07,email34352@domain.es,3699,default,0
4293,2022-06-14,email2208@domain.com,6530,default,0
6520,2022-06-18,email4435@domain.uk,3862,automatic,0
8112,2021-10-12,email1236@domain.com,4225,default,0
6783,2021-12-09,email5644@domain.com,3371,default,1
4303,2022-03-09,email8461@domain.com,6786,default,0
9150,2022-01-14,email711@domain.com,1385,forced,0
3232,2022-02-28,email5693@domain.com,838,forced,1
1864,2021-10-05,email5054@domain.it,2744,default,0
270,2022-03-29,email17563@domain.es,4622,default,0
2697,2022-06-14,email12484@domain.com,7511,default,0
9137,2021-07-07,email256@domain.com,6263,forced,0
3226,2021-11-04,email6748@domain.uk,6940,automatic,0
7504,2021-11-29,email3380@domain.es,6026,default,0
8659,2022-05-28,email74@domain.com,1984,default,0
9798,2022-01-05,email1111@domain.com,5755,default,0
3911,2022-05-19,email6070@domain.com,4875,default,0
3395,2022-06-06,email3632@domain.com,3332,default,0
890,2021-12-03,email375@domain.com,7014,default,0
1299,2021-07-03,email10502@domain.it,5830,default,0
4889,2022-03-01,email1391@domain.it,1034,default,0
8810,2022-03-18,email4039@domain.com,2649,default,0
390,2021-10-05,email8156@domain.it,6678,default,0
8798,2022-01-12,email13891@domain.com,7552,default,0
7417,2021-11-21,email2786@domain.es,5289,default,0
7116,2022-05-27,email4408@domain.com,5014,default,0
7693,2021-09-19,email16042@domain.it,7388,default,0
8551,2021-08-26,email21656@domain.com,6745,default,0
4240,2021-08-23,email272@domain.com,3289,default,0
9614,2021-12-18,email11277@domain.it,2022,default,0
5944,2021-08-22,email601@domain.uk,7144,forced,0
9680,2021-11-25,email9075@domain.uk,6712,default,0
5353,2022-03-12,email18202@domain.com,6268,default,1
2684,2022-03-03,email3257@domain.es,3418,default,0
8143,2022-06-16,email8228@domain.com,3156,automatic,0
5575,2021-07-19,email769@domain.it,3318,forced,0
6851,2021-07-03,email5221@domain.com,1956,default,0
5777,2022-02-10,email7144@domain.es,1430,default,0
6106,2021-12-21,email406@domain.it,1910,automatic,1
7774,2021-10-09,email12255@domain.com,8223,automatic,0
7449,2022-05-24,email35141@domain.uk,6948,default,0
7347,2022-01-07,email6975@domain.com,8190,automatic,0
4245,2021-09-22,email11544@domain.com,5904,default,0
2538,2021-07-29,email5582@domain.com,6047,default,0
5270,2022-02-25,email23099@domain.com,5204,automatic,0
9861,2022-05-07,email16448@domain.com,2060,forced,0
5994,2022-03-07,email3917@domain.com,67,forced,0
6704,2021-12-26,email2947@domain.it,5555,default,0
676,2022-04-06,email7906@domain.com,7954,forced,0
2167,2021-08-12,email9154@domain.it,2077,automatic,1
8905,2021-09-29,email11448@domain.uk,4508,default,0
9873,2022-03-22,email461@domain.com,7409,default,0
1373,2022-04-08,email407@domain.com,633,default,0
559,2022-03-03,email703@domain.it,3677,default,0
4396,2021-08-09,email753@domain.it,7596,default,0
7337,2021-07-26,email73497@domain.uk,3231,automatic,0
2878,2022-05-25,email52@domain.com,6207,default,0
162,2021-09-23,email33157@domain.it,2085,forced,0
1244,2021-11-07,email8670@domain.es,5465,default,0
6196,2021-11-05,email8471@domain.it,3871,default,0
3397,2021-08-16,email9192@domain.it,3686,forced,0
4866,2021-07-22,email8597@domain.uk,4355,default,0
4739,2021-08-26,email1054@domain.com,4735,default,0
8182,2021-07-16,email15880@domain.com,227,default,0
2082,2022-06-08,email3861@domain.com,6661,automatic,0
5717,2021-11-25,email439@domain.com,7751,default,0
321,2021-12-01,email4272@domain.it,4771,default,0
3699,2022-05-14,email7530@domain.com,6387,default,0
6216,2022-05-05,email22220@domain.es,3470,default,0
2128,2021-10-09,email23389@domain.it,3537,default,0
4164,2022-05-19,email8990@domain.es,8092,automatic,0
5274,2021-09-29,email699@domain.com,6154,default,0
4749,2021-09-29,email4957@domain.uk,3242,default,0
54,2022-04-06,email5236@domain.com,1830,forced,0
9188,2022-02-28,email15909@domain.uk,3698,automatic,0
872,2021-07-14,email12385@domain.uk,6001,default,0
7822,2021-10-16,email11856@domain.com,4859,forced,0
6439,2021-09-26,email5471@domain.com,8468,default,0
3239,2021-09-26,email17449@domain.com,974,default,1
4247,2021-09-05,email2227@domain.com,992,default,0
5841,2022-06-30,email2302@domain.com,2103,default,0
3309,2022-01-23,email18538@domain.uk,8391,default,0
5331,2022-06-08,email22503@domain.com,2455,default,1
9030,2022-03-15,email7484@domain.com,5857,automatic,1
9315,2022-05-03,email1033@domain.com,6679,forced,0
2722,2021-11-30,email55537@domain.it,8105,automatic,0
7858,2021-11-04,email13691@domain.com,5503,default,0
1438,2022-01-30,email16567@domain.com,4157,default,1
6664,2021-10-06,email9773@domain.com,1675,default,0
1850,2022-05-22,email9112@domain.it,3344,default,0
6009,2022-02-24,email1136@domain.com,7005,automatic,0
9444,2022-03-08,email23802@domain.uk,3690,default,0
8709,2022-01-30,email19859@domain.uk,982,default,0
2070,2022-01-28,email3510@domain.uk,4946,default,0
8364,2022-03-14,email2@domain.uk,4071,forced,0
5842,2021-09-06,email3264@domain.com,7992,default,0
8852,2022-03-04,email298@domain.com,8323,forced,0
7950,2022-05-15,email5187@domain.uk,4618,default,0
516,2021-09-01,email11286@domain.es,704,default,0
7806,2021-10-12,email123@domain.it,8372,automatic,0
3702,2021-11-21,email17854@domain.com,5869,default,0
327,2022-01-29,email842@domain.com,5734,forced,0
9880,2022-04-04,email25@domain.com,6692,default,0
3789,2022-02-23,email16004@domain.it,4670,default,0
9731,2022-04-26,email1005@domain.es,8191,default,0
9724,2021-10-27,email9726@domain.es,1153,default,0
9337,2021-11-28,email9914@domain.com,3639,default,0
8253,2021-08-16,email1096@domain.com,1383,default,0
4340,2021-08-19,email9695@domain.es,1109,default,0
1494,2021-09-23,email3935@domain.uk,7439,default,0
8483,2021-07-11,email7193@domain.it,2794,automatic,0
8575,2022-01-03,email3802@domain.com,2450,automatic,0
6089,2021-09-20,email16361@domain.es,1359,forced,0
164,2021-10-20,email1043@domain.it,7953,default,0
1563,2021-10-01,email19206@domain.it,2295,forced,0
9635,2021-09-02,email5421@domain.com,7146,default,0
594,2022-01-14,email29734@domain.com,6612,default,1
8062,2022-01-13,email992@domain.it,5817,default,0
4228,2021-09-13,email5595@domain.com,4399,default,0
3009,2021-09-08,email3721@domain.es,571,automatic,0
8725,2022-05-12,email9077@domain.com,1838,automatic,1
3379,2021-08-08,email17959@domain.com,2724,default,0
9076,2021-08-24,email7034@domain.it,5729,forced,0
2513,2022-04-15,email9150@domain.com,8581,default,1
1478,2021-12-28,email9636@domain.com,2977,default,0
8273,2021-09-12,email23364@domain.es,7333,automatic,0
9863,2022-02-28,email5883@domain.uk,3520,default,0
5215,2022-06-16,email1767@domain.it,8430,forced,0
1798,2022-01-06,email4680@domain.it,7740,automatic,0
7153,2022-01-28,email5644@domain.it,7832,default,0
4342,2022-03-09,email13491@domain.it,5142,forced,0
7554,2022-04-06,email9079@domain.com,3683,default,0
5837,2021-12-09,email36251@domain.uk,504,default,0
4685,2022-04-25,email14262@domain.uk,5224,default,0
9950,2022-01-05,email6628@domain.com,4664,automatic,0
5907,2021-08-09,email65273@domain.uk,6096,automatic,0
1731,2021-08-18,email8710@domain.it,2486,default,0
5369,2022-05-18,email26330@domain.com,5852,default,0
6120,2021-07-27,email545@domain.com,3672,default,0
1965,2022-04-19,email34343@domain.com,2161,default,0
9972,2021-07-03,email5373@domain.com,5259,default,0
5317,2021-09-01,email1731@domain.es,3739,default,0
1476,2021-08-09,email2464@domain.it,1073,default,0
464,2022-03-24,email19470@domain.com,2658,default,0
6531,2022-05-23,email6086@domain.it,3733,default,0
9695,2022-01-27,email7489@domain.it,1924,default,0
2093,2022-04-16,email1521@domain.es,2305,automatic,0
5900,2022-01-19,email7993@domain.it,199,forced,1
7701,2021-12-19,email10445@domain.it,3657,default,0
6864,2021-11-05,email3258@domain.it,1797,automatic,0
2529,2022-05-03,email538@domain.com,2392,default,0
7727,2022-03-31,email20969@domain.com,1345,default,0
1034,2022-04-25,email7331@domain.com,3791,default,0
3786,2021-08-19,email8113@domain.it,1780,default,0
7035,2021-07-12,email9479@domain.it,2204,default,0
4786,2022-05-27,email528@domain.com,4324,forced,0
8049,2021-07-11,email6558@domain.it,7553,default,0
4922,2021-09-25,email2814@domain.com,6817,default,0
9415,2021-08-04,email1083@domain.com,7024,default,0
2876,2022-05-08,email246@domain.com,957,default,0
7205,2022-03-11,email1598@domain.com,5989,default,0
7624,2022-04-24,email12206@domain.es,3275,default,0
2420,2021-08-09,email10619@domain.com,2512,default,0
6873,2022-02-23,email30690@domain.uk,2668,default,0
9624,2022-01-08,email1743@domain.com,4871,default,0
8126,2021-12-13,email4888@domain.com,7160,forced,0
4182,2022-01-19,email3802@domain.es,7240,default,0
808,2021-07-29,email71579@domain.com,6486,default,0
8340,2021-08-02,email11614@domain.com,7141,default,0
6835,2021-08-19,email1809@domain.com,3136,automatic,0
1653,2022-04-06,email12562@domain.it,1739,forced,0
5210,2022-05-01,email13820@domain.com,2617,default,0
9488,2021-08-06,email12612@domain.it,44,default,0
5650,2021-10-14,email1611@domain.uk,2501,default,0
9128,2021-08-16,email34644@domain.com,81,default,0
6222,2022-06-01,email12864@domain.uk,6041,default,0
9195,2021-09-20,email15324@domain.com,4330,automatic,0
4664,2021-10-14,email34635@domain.it,4913,default,1
3909,2022-04-07,email446@domain.it,8347,default,0
8838,2021-12-20,email947@domain.it,8205,automatic,0
1708,2021-11-10,email2315@domain.com,8264,automatic,0
2473,2022-03-31,email14063@domain.uk,2728,default,0
2464,2021-09-30,email652@domain.it,7350,default,0
7155,2021-12-01,email21957@domain.it,2777,default,0
14,2022-03-02,email890@domain.uk,6942,automatic,0
8864,2022-05-31,email2315@domain.com,4959,default,0
9081,2021-10-05,email6917@domain.it,8091,default,0
4370,2022-04-20,email1575@domain.com,1404,automatic,0
1165,2022-01-14,email6913@domain.com,4317,default,0
7324,2021-08-25,email26201@domain.com,897,default,0
791,2021-10-24,email13751@domain.com,3679,default,0
274,2022-03-07,email12154@domain.it,3066,default,0
2440,2022-05-31,email2980@domain.com,3426,automatic,0
3688,2022-06-16,email902@domain.uk,6713,forced,1
3105,2021-09-21,email9421@domain.es,1219,forced,0
366,2022-05-27,email2330@domain.it,1419,default,0
6863,2021-10-21,email52890@domain.it,1797,default,0
372,2021-09-27,email5796@domain.com,5621,default,0
2840,2022-04-16,email6044@domain.it,5167,default,0
6441,2021-07-19,email8206@domain.uk,6881,default,0
4645,2021-07-26,email36816@domain.it,2258,default,0
4890,2022-05-16,email1755@domain.com,4912,automatic,0
4336,2021-09-29,email1017@domain.com,468,default,0
7233,2022-03-02,email563@domain.com,3900,automatic,0
5637,2022-06-01,email6099@domain.it,1071,default,0
7365,2021-10-15,email8716@domain.it,4138,default,0
6854,2021-12-12,email8255@domain.com,8483,default,0
3971,2021-07-13,email1412@domain.com,4703,default,1
7372,2022-01-28,email7533@domain.com,6647,default,0
7270,2021-10-21,email5101@domain.uk,3787,default,0
4023,2021-08-08,email19415@domain.com,2417,forced,0
8399,2021-10-03,email5452@domain.it,4329,default,0
1230,2021-07-25,email15385@domain.com,7068,default,1
3172,2021-10-19,email7519@domain.uk,2302,automatic,0
1380,2021-08-19,email5074@domain.it,5694,default,0
7676,2021-09-14,email1780@domain.it,7502,default,0
8922,2021-08-26,email1542@domain.com,7986,automatic,0
1673,2021-10-08,email13178@domain.com,7617,default,0
9828,2021-11-29,email53@domain.com,5101,forced,0
6999,2022-03-06,email4256@domain.uk,5818,automatic,0
4426,2021-12-29,email3193@domain.com,4396,default,0
5703,2022-04-09,email17167@domain.uk,400,default,0
1589,2021-11-17,email376@domain.com,3440,automatic,0
8125,2022-01-16,email1190@domain.com,6182,default,0
6871,2021-12-10,email23380@domain.com,1091,default,0
736,2021-12-08,email7458@domain.es,7964,default,0
6467,2022-06-28,email3671@domain.it,6823,default,0
8066,2021-10-13,email4139@domain.it,7099,automatic,1
323,2022-04-11,email1667@domain.com,4900,default,0
263,2022-05-14,email7370@domain.com,392,default,0
4119,2022-05-15,email1241@domain.com,5725,default,0
5470,2021-12-07,email2200@domain.com,6511,automatic,0
9986,2022-05-12,email7941@domain.it,5318,automatic,0
6066,2021-10-18,email5084@domain.es,899,default,0
847,2022-03-06,email2077@domain.uk,6225,automatic,0
9098,2021-11-13,email839@domain.it,5698,automatic,0
9583,2021-08-01,email15723@domain.com,7790,automatic,0
3418,2021-10-29,email23619@domain.es,4905,default,0
6968,2021-09-29,email771@domain.it,831,default,0
5525,2022-06-22,email26834@domain.com,1908,default,0
5059,2021-10-04,email466@domain.com,1699,default,0
6802,2021-08-01,email2780@domain.it,6472,default,0
8839,2021-10-13,email4513@domain.it,3898,default,1
4030,2021-11-23,email25223@domain.uk,5110,default,1
7470,2022-01-02,email19617@domain.com,951,automatic,1
8251,2022-02-04,email13406@domain.it,5486,default,0
7741,2021-08-14,email7510@domain.com,4997,forced,0
6055,2022-04-06,email16200@domain.it,336,automatic,0
2608,2021-07-07,email1296@domain.it,2251,forced,0
1683,2021-12-18,email8535@domain.com,5837,default,0
7847,2021-11-06,email10587@domain.it,2774,default,0
563,2021-09-09,email601@domain.it,7878,automatic,0
2568,2021-08-19,email1815@domain.it,2240,default,0
918,2022-06-14,email9718@domain.it,2899,forced,0
8578,2021-11-03,email1340@domain.it,1502,default,0
5015,2022-02-09,email827@domain.it,636,default,0
7802,2021-10-15,email2035@domain.es,4685,default,0
2144,2021-11-25,email14535@domain.com,3358,default,0
5678,2021-08-03,email16651@domain.com,402,default,0
5070,2022-04-18,email14467@domain.uk,6981,default,0
5427,2021-11-13,email901@domain.com,2429,automatic,1
7467,2021-08-18,email14032@domain.es,916,forced,0
8160,2021-10-29,email17657@domain.com,239,default,0
4572,2021-09-02,email5851@domain.com,4886,default,0
6544,2022-05-29,email14705@domain.it,49,forced,0
3771,2021-09-02,email3604@domain.uk,4212,default,0
9208,2022-05-18,email11567@domain.com,4744,default,0
1066,2021-11-24,email2836@domain.com,4592,default,0
3313,2022-06-18,email6125@domain.com,2636,default,0
152,2021-07-21,email5029@domain.com,2968,automatic,0
3157,2021-07-04,email23962@domain.it,3188,default,0
8655,2022-06-09,email2116@domain.it,4567,default,1
3249,2021-08-05,email15909@domain.es,5301,default,0
388,2021-10-26,email2650@domain.uk,981,automatic,0
7804,2022-01-29,email1661@domain.com,5009,default,0
8668,2021-08-11,email3112@domain.com,7544,default,0
251,2021-09-12,email4393@domain.com,3183,default,0
4180,2021-12-21,email388@domain.es,2401,automatic,0
1160,2022-03-07,email4420@domain.com,8287,default,0
5484,2022-05-07,email542@domain.it,1849,default,0
8909,2022-04-06,email4120@domain.com,6173,default,0
8712,2021-07-21,email2996@domain.es,7155,default,0
3351,2021-07-21,email6228@domain.com,3656,default,0
5812,2022-01-19,email29228@domain.com,1858,default,0
2709,2021-09-04,email6664@domain.com,5125,automatic,0
1376,2022-05-22,email12025@domain.com,2963,default,1
6409,2021-08-16,email2768@domain.it,1843,default,0
1518,2021-12-03,email3682@domain.uk,3873,default,0
1204,2022-04-06,email12029@domain.es,4056,automatic,0
5337,2021-10-22,email4150@domain.com,501,automatic,0
1759,2021-08-15,email13308@domain.uk,2152,forced,0
9800,2021-10-28,email10689@domain.es,5131,default,0
8581,2022-01-23,email13573@domain.com,2352,default,0
5333,2022-02-28,email6619@domain.it,1951,default,0
499,2022-03-26,email23537@domain.it,5821,default,1
3977,2021-11-16,email966@domain.it,6714,forced,0
607,2021-09-19,email4459@domain.com,3992,default,0
7385,2021-09-11,email1284@domain.uk,4954,default,0
7032,2021-11-11,email8197@domain.com,4170,automatic,0
2443,2021-11-13,email4584@domain.it,4509,automatic,0
7983,2022-04-06,email12223@domain.it,4424,default,0
3852,2021-11-30,email18107@domain.com,3893,default,0
2451,2021-12-01,email15804@domain.it,7798,default,0
2749,2021-09-10,email13807@domain.com,294,default,0
1719,2021-09-07,email6993@domain.it,6764,automatic,0
9600,2021-12-31,email6427@domain.com,686,default,0
8631,2022-04-08,email8250@domain.uk,3305,default,0
5545,2021-10-08,email10370@domain.com,2879,forced,1
1853,2021-08-15,email2298@domain.com,7040,default,0
2817,2022-03-27,email15263@domain.es,5858,default,0
2301,2021-10-20,email9103@domain.es,7049,default,1
8536,2021-09-01,email6390@domain.es,3887,automatic,1
8920,2021-10-15,email1586@domain.com,6292,forced,0
9891,2022-05-25,email1918@domain.com,6424,default,0
3981,2022-04-08,email8442@domain.uk,6262,default,0
4179,2022-04-01,email12838@domain.com,1323,default,0
2316,2021-08-08,email2662@domain.com,712,automatic,0
2102,2022-04-06,email23899@domain.es,1862,default,0
1843,2022-01-20,email7534@domain.uk,7643,default,1
7111,2022-04-25,email1856@domain.com,521,default,0
6938,2022-01-29,email36096@domain.it,5994,default,0
640,2022-05-05,email12351@domain.com,8657,default,0
8871,2022-03-09,email6127@domain.it,2716,default,0
7329,2021-08-31,email6506@domain.com,6186,default,0
4350,2021-08-01,email8661@domain.es,7513,default,0
9094,2021-09-07,email21051@domain.com,7294,default,0
637,2021-12-04,email19060@domain.com,4044,default,1
4221,2021-07-19,email9686@domain.it,5764,automatic,0
4173,2021-08-02,email1326@domain.it,6958,default,1
3072,2022-03-27,email13224@domain.com,856,default,0
6624,2022-03-07,email2351@domain.com,7662,default,0
3229,2022-03-09,email2891@domain.com,7619,forced,0
8808,2021-10-31,email15092@domain.com,5933,automatic,0
2925,2021-07-04,email12735@domain.com,6141,automatic,0
5175,2021-10-17,email34927@domain.it,5067,default,0
2763,2021-11-11,email13405@domain.com,5504,default,0
4502,2022-02-28,email12917@domain.com,6205,default,0
5159,2021-12-24,email6595@domain.com,2350,default,0
4402,2022-06-10,email9507@domain.com,6005,default,0
8626,2021-11-14,email1116@domain.it,6638,default,0
719,2022-01-05,email9738@domain.es,4221,default,0
9063,2021-07-04,email3047@domain.it,2433,default,0
9338,2022-03-09,email4591@domain.it,3038,default,1
8481,2021-12-26,email6716@domain.com,6392,automatic,0
5534,2022-05-03,email6923@domain.it,1503,default,0
7239,2022-02-26,email19784@domain.com,7298,forced,0
2626,2022-01-12,email18326@domain.it,4621,automatic,0
7606,2021-09-05,email7486@domain.com,8561,default,0
1647,2021-12-19,email25038@domain.it,3442,default,0
3516,2021-11-27,email1003@domain.es,6338,default,0
1982,2021-10-20,email3264@domain.es,1603,forced,0
6227,2021-09-01,email1967@domain.it,1253,automatic,0
2292,2021-11-02,email11056@domain.it,7205,default,0
8544,2022-03-06,email7940@domain.uk,864,forced,0
3899,2021-07-21,email5796@domain.com,2468,default,0
8503,2022-05-09,email13338@domain.uk,2262,automatic,0
5170,2022-01-02,email2118@domain.com,33,default,0
9587,2021-08-26,email28010@domain.com,6090,automatic,0
3243,2022-06-23,email13310@domain.uk,1948,default,1
4734,2021-10-20,email6351@domain.com,6375,default,0
1327,2022-04-06,email15004@domain.com,2001,automatic,0
8168,2022-06-07,email2853@domain.it,2381,automatic,0
3895,2021-12-11,email10893@domain.uk,2243,automatic,0
2028,2022-03-08,email1051@domain.com,6335,default,0
8397,2021-12-16,email18025@domain.com,1592,default,0
1628,2021-10-27,email6621@domain.uk,779,default,0
4374,2022-02-03,email14559@domain.uk,3514,default,0
4529,2021-08-08,email1448@domain.it,2271,forced,0
4836,2022-01-24,email33467@domain.com,7993,default,0
5776,2021-11-05,email28319@domain.es,5342,default,0
3104,2022-04-11,email984@domain.it,4354,default,0
1614,2021-11-11,email103@domain.it,7073,default,0
1990,2022-04-07,email29529@domain.com,869,forced,0
3236,2022-01-24,email25153@domain.uk,4149,default,0
328,2022-04-21,email10614@domain.com,2438,automatic,1
8209,2022-03-05,email427@domain.com,8349,automatic,1
4323,2022-03-10,email1575@domain.com,4693,default,0
3826,2022-05-23,email1341@domain.uk,5431,forced,0
9290,2022-05-29,email17593@domain.uk,2781,default,0
8120,2022-03-02,email10797@domain.es,62,default,0
478,2021-11-27,email6450@domain.it,943,default,0
868,2022-03-15,email606@domain.it,3586,automatic,0
1962,2021-08-27,email4021@domain.it,2410,default,0
5424,2021-12-26,email38@domain.it,4136,default,0
6831,2021-12-26,email9920@domain.com,5086,default,0
9046,2021-10-07,email251@domain.com,2872,forced,0
8658,2021-12-19,email21604@domain.it,6436,default,1
576,2021-11-27,email5193@domain.it,29,default,1
5761,2021-10-23,email161@domain.uk,7801,automatic,0
2632,2021-09-27,email14453@domain.com,285,default,0
4031,2021-11-24,email4523@domain.uk,5110,default,0
8642,2021-11-10,email12121@domain.com,7172,default,0
7129,2022-05-15,email2997@domain.com,698,forced,0
2601,2021-12-29,email22043@domain.it,4725,automatic,1
57,2021-10-06,email3782@domain.uk,3115,automatic,0
1701,2022-03-09,email9437@domain.it,7973,default,1
1635,2022-04-25,email6505@domain.com,3653,default,0
7138,2022-04-08,email11141@domain.com,352,forced,0
174,2021-07-25,email19377@domain.uk,8084,default,0
31,2021-09-11,email1317@domain.com,2667,automatic,0
483,2021-11-02,email2135@domain.com,6452,automatic,0
900,2022-03-09,email13468@domain.it,1076,automatic,0
142,2021-07-02,email17926@domain.com,4787,default,0
6821,2022-05-20,email8092@domain.it,8254,default,0
4404,2021-09-13,email15169@domain.com,6265,forced,0
5853,2022-03-13,email9116@domain.uk,168,automatic,0
555,2022-05-07,email6048@domain.it,6380,default,0
5646,2022-01-14,email4166@domain.com,236,forced,0
9404,2021-09-15,email6299@domain.com,1465,default,0
5773,2021-12-29,email1225@domain.com,768,default,1
9962,2021-10-28,email2663@domain.uk,2805,default,0
8534,2021-07-08,email5800@domain.com,8368,default,0
4186,2021-10-02,email21725@domain.uk,7802,default,0
4743,2021-11-23,email6632@domain.it,3626,default,0
5669,2021-09-01,email58612@domain.uk,1815,automatic,0
9318,2022-02-17,email274@domain.it,2975,default,0
2948,2021-07-23,email8226@domain.com,8259,default,0
7049,2021-08-24,email6329@domain.uk,58,default,0
4142,2021-09-15,email3840@domain.it,2964,forced,0
3410,2022-04-08,email14002@domain.it,1485,automatic,0
2136,2021-08-15,email14689@domain.es,2889,automatic,1
8327,2022-03-31,email7377@domain.it,7336,automatic,0
5807,2021-07-18,email4533@domain.it,6130,default,0
8214,2022-01-26,email714@domain.uk,6336,forced,0
8801,2022-04-06,email25447@domain.es,1722,default,0
3192,2022-03-22,email3791@domain.com,2771,default,0
2092,2022-03-21,email1090@domain.es,2305,default,0
8863,2022-06-14,email24710@domain.uk,2038,default,0
7308,2021-12-21,email17650@domain.it,6682,automatic,0
6764,2022-02-28,email524@domain.it,4781,default,1
6170,2022-04-02,email14259@domain.it,2800,automatic,0
1550,2022-06-09,email12675@domain.uk,2757,forced,0
8217,2022-01-12,email2239@domain.es,5722,default,0
1017,2021-07-27,email15629@domain.com,2021,automatic,0
4920,2021-12-28,email4949@domain.it,1476,forced,0
7145,2022-05-09,email16150@domain.com,2537,default,0
5282,2022-04-01,email6350@domain.com,1136,forced,0
8981,2021-09-05,email16499@domain.uk,4542,automatic,0
5713,2021-10-29,email25479@domain.es,6183,automatic,0
5808,2021-09-01,email6313@domain.com,7419,default,0
2395,2021-12-10,email18225@domain.com,2090,default,0
1690,2021-11-10,email504@domain.uk,306,automatic,0
5094,2021-11-01,email6383@domain.com,403,default,1
6333,2021-08-10,email4806@domain.com,5778,automatic,1
7749,2021-10-17,email19704@domain.com,6211,forced,0
7284,2022-02-01,email1140@domain.com,995,default,0
3103,2021-07-17,email6714@domain.uk,6912,default,0
4957,2021-09-01,email32520@domain.it,5521,default,0
5640,2021-11-05,email283@domain.com,1222,default,0
7636,2021-08-15,email22162@domain.it,1085,forced,0
5790,2021-07-08,email9069@domain.com,4951,automatic,0
1591,2022-05-01,email2869@domain.it,5458,default,1
8203,2021-10-15,email43110@domain.es,2500,default,0
1386,2021-08-18,email9959@domain.it,2813,forced,0
1691,2021-11-17,email5009@domain.uk,306,default,1
6038,2021-07-31,email15967@domain.com,6144,default,0
8870,2022-02-27,email1872@domain.it,7229,default,0
7549,2022-04-18,email20420@domain.it,2641,default,0
7740,2022-04-06,email7730@domain.it,3378,default,1
7531,2021-11-06,email4895@domain.it,7695,default,0
7328,2021-12-06,email7138@domain.com,221,default,0
5514,2021-08-18,email106@domain.it,7938,default,0
9615,2022-03-28,email14557@domain.uk,5212,default,0
4962,2021-09-08,email1798@domain.it,4626,forced,0
9556,2021-10-09,email69498@domain.com,8076,default,0
780,2022-04-25,email4428@domain.es,2756,automatic,0
7854,2022-01-07,email5850@domain.it,8144,default,1
8507,2022-04-06,email2294@domain.com,3629,default,0
2046,2021-08-08,email25562@domain.com,471,automatic,0
7730,2021-12-07,email17236@domain.uk,751,automatic,0
7535,2021-07-09,email9846@domain.it,1766,automatic,0
5804,2021-11-19,email22442@domain.it,4260,automatic,0
1943,2022-06-15,email21208@domain.uk,378,default,0
9663,2021-10-15,email8326@domain.com,1264,default,1
859,2021-11-28,email4433@domain.it,1021,default,0
8305,2022-04-19,email21261@domain.uk,3413,automatic,0
6255,2022-06-28,email4428@domain.com,7931,default,0
4496,2021-12-17,email10302@domain.it,2184,forced,0
5802,2022-01-26,email8732@domain.com,5425,automatic,0
7070,2021-10-21,email33827@domain.com,3335,default,1
9759,2021-08-25,email30198@domain.it,443,default,0
8063,2022-05-04,email12108@domain.it,8269,default,0
4009,2021-12-16,email40895@domain.com,4372,default,0
218,2021-12-01,email8908@domain.it,1669,automatic,0
5598,2022-02-28,email36462@domain.com,1931,forced,0
3404,2022-01-05,email2574@domain.com,6428,default,0
5995,2022-04-06,email3204@domain.it,5219,automatic,0
3092,2021-12-28,email30816@domain.com,7630,default,0
2172,2022-06-26,email6589@domain.es,5912,automatic,0
4844,2021-07-22,email1081@domain.it,937,default,1
9729,2021-08-02,email3855@domain.com,2850,automatic,0
9257,2022-04-08,email11302@domain.uk,801,default,0
1026,2021-09-16,email19664@domain.com,1727,default,0
8580,2021-12-26,email119@domain.uk,5050,default,0
7947,2022-03-04,email7518@domain.com,1744,default,0
5373,2021-07-25,email8249@domain.com,2555,automatic,0
6676,2022-03-13,email18565@domain.it,6781,default,0
3847,2022-03-18,email247@domain.it,5335,default,0
4857,2022-05-20,email6131@domain.com,6256,default,0
618,2022-06-29,email16235@domain.it,603,automatic,1
1005,2022-04-02,email1488@domain.uk,2111,default,0
8240,2021-09-10,email9486@domain.com,6369,default,0
3240,2022-05-13,email6645@domain.it,135,forced,0
8418,2021-10-31,email20037@domain.com,6437,default,0
1051,2022-06-14,email6009@domain.it,8417,automatic,0
8271,2022-03-01,email6099@domain.it,7165,default,0
1788,2021-10-10,email11915@domain.com,6215,automatic,0
8443,2021-07-07,email15287@domain.it,2755,forced,0
1302,2022-01-29,email30615@domain.es,7632,default,1
2589,2021-07-20,email6011@domain.com,5151,default,0
8509,2022-04-09,email6336@domain.uk,3571,default,0
1280,2022-06-20,email3701@domain.it,164,automatic,0
6167,2022-04-01,email4995@domain.it,7738,automatic,0
8236,2021-08-01,email26612@domain.es,5177,automatic,0
7610,2021-09-29,email31723@domain.com,6412,default,0
758,2022-04-06,email5652@domain.it,583,forced,0
1663,2022-06-22,email39415@domain.es,7734,default,0
9407,2022-04-05,email317@domain.com,884,default,0
3529,2021-07-15,email12102@domain.it,2345,default,1
7363,2022-02-11,email28296@domain.es,7959,default,0
2182,2022-01-14,email1328@domain.it,2556,default,0
7227,2022-05-29,email40314@domain.com,5934,automatic,0
8587,2021-12-13,email4469@domain.com,960,forced,0
8477,2022-04-13,email11852@domain.uk,4919,default,0
9528,2021-09-03,email4093@domain.com,8563,automatic,0
8707,2021-07-08,email10839@domain.it,8234,forced,0
4617,2021-07-22,email1236@domain.it,4116,default,0
8948,2021-11-03,email27862@domain.com,8070,default,0
72,2021-09-06,email2497@domain.com,2446,default,0
7874,2021-09-27,email23192@domain.uk,1184,default,0
448,2021-10-17,email38@domain.it,7648,automatic,0
8563,2021-08-09,email7505@domain.uk,5187,automatic,0
5702,2021-08-10,email12315@domain.it,1845,automatic,0
2050,2021-10-06,email16362@domain.it,5757,default,0
2963,2021-08-16,email11949@domain.com,5100,default,0
6095,2021-11-30,email11421@domain.com,2375,default,1
8907,2022-06-09,email8791@domain.it,1607,default,0
3264,2021-09-17,email8724@domain.com,6303,default,0
2988,2021-12-28,email10427@domain.com,4169,default,1
2674,2021-08-11,email2282@domain.com,7849,automatic,0
1384,2022-02-24,email5664@domain.it,7066,default,0
5932,2021-08-05,email3843@domain.com,6353,default,0
7522,2022-05-29,email20265@domain.it,3377,default,0
2811,2022-01-30,email17097@domain.uk,7476,default,0
8181,2021-11-11,email16057@domain.es,835,default,0
4905,2021-11-13,email154@domain.it,4097,default,0
8779,2022-04-06,email3573@domain.it,2228,forced,0
9291,2021-08-31,email2669@domain.es,1854,default,0
8119,2021-12-28,email3398@domain.com,7311,default,0
1262,2021-08-16,email33239@domain.it,2406,default,0
4167,2021-11-06,email807@domain.com,2520,default,0
7079,2022-01-12,email8150@domain.it,4673,default,0
3246,2022-02-27,email12458@domain.com,2368,automatic,0
4733,2021-07-14,email1004@domain.it,5727,default,0
7544,2021-10-05,email3148@domain.com,902,forced,0
5563,2022-01-17,email3798@domain.es,7517,default,0
9845,2022-05-03,email34454@domain.uk,1069,default,0
3227,2022-05-05,email631@domain.uk,2282,automatic,0
9364,2022-01-17,email4763@domain.uk,3943,default,0
7447,2022-03-01,email4391@domain.com,4541,default,0
9160,2022-01-08,email412@domain.com,911,default,0
1665,2021-09-02,email1847@domain.uk,2278,default,0
5416,2021-07-21,email8100@domain.uk,7812,default,0
6376,2021-12-11,email9776@domain.com,390,default,0
3341,2021-08-22,email1829@domain.com,1288,default,0
1463,2021-11-28,email1855@domain.es,5618,default,0
36,2021-10-27,email966@domain.com,4030,automatic,0
615,2021-08-11,email1235@domain.com,6162,default,0
1329,2021-12-25,email9@domain.it,3984,default,0
715,2022-01-15,email17988@domain.com,6751,default,0
2863,2021-07-26,email11489@domain.uk,1529,automatic,1
5092,2021-11-01,email20205@domain.com,403,default,0
4417,2021-08-01,email11566@domain.com,3048,default,0
3099,2021-11-13,email13290@domain.com,7899,default,0
7453,2021-07-07,email6806@domain.uk,5987,default,0
874,2021-10-27,email4203@domain.com,2782,default,0
971,2022-04-08,email10851@domain.com,2443,default,0
3992,2022-06-14,email230@domain.it,1188,forced,0
4956,2021-09-22,email3967@domain.com,3041,automatic,0
5173,2021-10-18,email9261@domain.it,4070,forced,0
1971,2022-06-01,email2957@domain.it,4039,forced,0
7510,2022-01-19,email42183@domain.com,7833,automatic,1
4326,2021-08-23,email4603@domain.com,6997,default,0
5377,2021-11-17,email9954@domain.es,4154,automatic,0
4126,2022-04-08,email10768@domain.it,935,forced,0
8500,2022-04-28,email20077@domain.com,665,default,0
6545,2021-10-20,email1373@domain.it,1046,forced,0
2711,2021-10-18,email13493@domain.it,1917,default,0
9190,2022-05-17,email22113@domain.it,6573,automatic,0
336,2022-01-17,email21088@domain.com,247,default,0
1458,2021-08-17,email959@domain.uk,956,default,0
9599,2021-07-13,email6444@domain.uk,2175,automatic,0
6001,2021-12-01,email13969@domain.it,4462,default,0
6061,2021-07-25,email1389@domain.com,5559,default,0
5162,2022-04-06,email1555@domain.uk,1915,automatic,1
881,2021-11-17,email7325@domain.com,6483,forced,0
2260,2021-07-20,email2661@domain.uk,2164,forced,0
2330,2021-12-08,email18507@domain.com,2173,default,0
6010,2022-05-03,email25521@domain.it,8202,automatic,0
6738,2022-03-13,email28795@domain.com,192,default,0
4586,2021-11-09,email12066@domain.com,4799,default,0
9515,2022-01-07,email1326@domain.com,4861,default,0
6003,2021-10-27,email303@domain.com,7747,default,1
8760,2022-01-11,email15400@domain.es,7698,default,0
9896,2021-11-23,email7744@domain.it,7874,automatic,0
5448,2022-06-04,email11615@domain.com,8231,forced,0
8619,2021-11-17,email9071@domain.com,8384,default,0
2226,2021-10-27,email12386@domain.com,2615,default,0
6473,2021-10-31,email15739@domain.it,1730,default,0
2372,2021-10-27,email8265@domain.es,7431,default,0
3005,2021-07-15,email2585@domain.com,4208,default,0
2743,2021-08-02,email10976@domain.it,3274,default,1
7758,2022-04-13,email5684@domain.it,4654,automatic,0
7262,2022-04-04,email7752@domain.uk,924,default,0
8184,2021-12-10,email431@domain.com,5241,automatic,1
8859,2022-02-19,email3107@domain.com,2413,default,1
9243,2021-11-12,email25553@domain.uk,8128,default,0
7514,2021-10-23,email5363@domain.com,2676,default,0
9501,2022-02-22,email49443@domain.it,2839,default,0
5469,2022-06-11,email14957@domain.es,2824,default,0
2419,2021-08-06,email10285@domain.com,2512,automatic,0
9211,2022-04-21,email706@domain.com,4965,automatic,0
2615,2022-01-26,email3999@domain.com,819,default,0
4189,2021-08-02,email2197@domain.com,4597,default,0
8901,2021-07-18,email3472@domain.it,1217,forced,0
4244,2021-09-20,email6389@domain.com,7844,default,0
3774,2022-04-06,email27361@domain.com,1810,automatic,0
575,2022-01-01,email7655@domain.uk,5672,automatic,0
7037,2021-08-10,email12921@domain.com,5331,automatic,0
3867,2021-09-02,email6025@domain.com,2033,default,0
8462,2022-03-25,email6853@domain.com,3536,automatic,0
5281,2022-04-04,email3645@domain.com,1136,automatic,0
8175,2021-10-04,email14732@domain.it,796,forced,0
2956,2022-04-07,email4916@domain.uk,2118,forced,0
8959,2022-04-14,email3267@domain.it,4494,default,0
4508,2022-04-04,email8378@domain.uk,5283,default,0
1217,2021-07-26,email6692@domain.es,6417,default,0
2531,2021-08-18,email1378@domain.uk,5646,default,0
8385,2021-12-01,email620@domain.es,4312,default,0
8969,2022-04-07,email4527@domain.com,7369,automatic,0
1604,2021-09-02,email16195@domain.it,7134,automatic,0
5342,2021-07-28,email9671@domain.es,5565,default,1
5557,2021-10-11,email3042@domain.it,8462,default,0
4143,2022-04-06,email8@domain.es,5269,default,0
3288,2021-12-11,email9370@domain.it,4083,automatic,0
6912,2022-04-07,email4913@domain.it,5453,automatic,0
8317,2021-09-03,email10984@domain.com,7487,automatic,0
1086,2022-05-31,email11842@domain.com,5691,automatic,0
4998,2022-05-25,email1252@domain.com,5421,default,0
7775,2022-01-30,email2172@domain.it,1032,default,0
1702,2021-08-23,email2282@domain.uk,8589,default,0
1751,2021-12-03,email7433@domain.it,7008,automatic,1
33,2022-04-07,email11720@domain.com,313,default,0
4522,2021-09-13,email25196@domain.it,204,default,0
1387,2021-11-03,email15276@domain.uk,3725,automatic,1
1398,2021-11-23,email371@domain.com,3143,automatic,0
1489,2022-02-21,email19494@domain.com,7865,default,0
9446,2021-08-12,email20604@domain.es,4261,default,0
8979,2021-10-18,email14326@domain.com,2459,default,0
8504,2021-08-11,email2751@domain.es,1573,default,0
5895,2022-04-28,email21789@domain.it,6758,default,0
7109,2022-02-05,email2395@domain.com,488,default,0
4751,2022-01-05,email4910@domain.com,5423,default,0
2079,2022-01-09,email20487@domain.com,7915,automatic,1
9656,2021-07-05,email835@domain.uk,7748,default,0
2978,2022-06-07,email5254@domain.com,4598,default,0
7957,2021-09-03,email23936@domain.com,4426,default,0
8428,2022-03-06,email17021@domain.uk,6514,default,0
2826,2021-10-28,email3274@domain.com,3814,default,1
7423,2022-02-28,email854@domain.es,6693,default,0
4013,2022-03-21,email3628@domain.com,2673,default,0
9418,2022-03-23,email589@domain.uk,8648,automatic,0
5775,2021-11-17,email6707@domain.com,1647,default,1
8398,2021-08-31,email13129@domain.it,2738,default,0
6959,2022-03-08,email17198@domain.com,1376,default,0
129,2021-08-02,email5175@domain.com,2742,automatic,0
9819,2021-08-10,email2311@domain.com,1564,default,0
995,2021-08-09,email2070@domain.it,5693,forced,0
4711,2022-06-20,email5115@domain.it,709,automatic,0
3083,2021-08-09,email5806@domain.com,4281,default,0
8035,2022-03-16,email9100@domain.com,3107,automatic,0
4833,2022-01-24,email9358@domain.it,6406,default,1
677,2022-04-26,email552@domain.com,2054,default,0
6404,2021-09-02,email15598@domain.com,806,forced,0
126,2021-09-02,email1251@domain.es,3287,default,0
4908,2021-08-23,email3854@domain.it,4434,default,0
2075,2021-08-08,email164@domain.it,7763,automatic,0
9140,2021-08-18,email1236@domain.es,3651,default,1
8555,2021-08-22,email7082@domain.com,237,default,0
3876,2021-11-22,email6719@domain.com,1590,default,1
9463,2021-10-15,email10437@domain.es,99,default,0
2662,2022-02-28,email12953@domain.com,2488,default,0
9647,2021-09-25,email5141@domain.com,5080,default,0
8233,2021-12-09,email2034@domain.uk,7628,default,0
2577,2021-11-26,email8185@domain.com,7102,automatic,0
7958,2021-09-30,email11413@domain.es,3781,automatic,0
5498,2021-07-22,email8263@domain.it,5274,automatic,0
6980,2022-03-17,email15448@domain.it,2646,default,0
8089,2021-08-27,email6207@domain.it,5491,default,0
2997,2022-04-26,email500@domain.com,6972,default,0
8098,2021-10-24,email27743@domain.it,1182,default,0
5268,2021-07-16,email5615@domain.es,2281,automatic,0
9686,2021-07-19,email2519@domain.com,4229,default,0
6497,2021-10-29,email3876@domain.com,5679,forced,0
7663,2022-03-13,email3556@domain.it,3424,default,0
30,2021-09-11,email23319@domain.com,2667,default,0
8856,2021-09-22,email9536@domain.com,6812,default,0
4526,2021-11-22,email3961@domain.it,3899,default,0
3068,2022-01-09,email10798@domain.es,5085,automatic,0
3127,2022-05-15,email477@domain.uk,3809,default,0
6355,2021-10-15,email27928@domain.com,6690,automatic,0
521,2022-06-30,email21623@domain.uk,6384,default,0
3160,2022-01-26,email3421@domain.uk,1197,default,0
2348,2022-06-07,email15846@domain.it,4227,automatic,0
934,2021-12-10,email19534@domain.com,2232,default,0
9380,2021-11-29,email11783@domain.com,6393,default,0
3166,2022-04-08,email8811@domain.uk,6351,default,0
3968,2022-05-12,email26093@domain.it,3051,automatic,1
6792,2021-07-26,email8597@domain.it,3678,default,0
6578,2021-11-28,email4744@domain.it,2172,default,0
8,2022-03-06,email9828@domain.es,455,automatic,0
2591,2022-03-22,email16373@domain.es,1377,default,0
5512,2021-10-27,email42131@domain.it,493,automatic,0
8715,2021-07-11,email4578@domain.uk,6834,forced,0
5441,2022-05-31,email12614@domain.uk,3885,default,0
3371,2022-03-03,email501@domain.es,6906,automatic,0
6478,2021-11-28,email10880@domain.es,5327,default,0
7564,2021-12-13,email17446@domain.com,6489,default,0
5698,2021-10-23,email18919@domain.es,6350,default,0
1748,2021-10-18,email6937@domain.com,808,default,0
7651,2021-12-05,email5464@domain.es,1042,automatic,0
105,2022-04-19,email16056@domain.uk,4242,automatic,1
2521,2022-04-30,email399@domain.com,2791,forced,0
5961,2022-06-07,email6709@domain.it,7974,default,0
663,2022-06-09,email13776@domain.com,445,default,0
6201,2021-11-09,email10885@domain.com,5930,default,0
984,2021-07-08,email12825@domain.com,2506,default,0
7865,2022-01-21,email8944@domain.com,2061,default,0
2735,2021-09-26,email1478@domain.com,4785,automatic,0
5165,2021-08-11,email10668@domain.com,6334,automatic,0
6856,2021-11-10,email14217@domain.uk,4131,default,0
1095,2022-04-06,email30364@domain.es,6064,default,0
6898,2022-04-09,email21334@domain.com,4052,default,0
7679,2021-11-01,email10741@domain.it,1742,automatic,0
4176,2022-06-14,email4503@domain.com,3858,default,0
9815,2021-11-26,email17309@domain.es,280,default,0
805,2021-07-26,email1273@domain.com,590,default,0
9255,2021-07-19,email14447@domain.com,6790,default,0
2670,2022-05-14,email35056@domain.com,41,automatic,0
4,2021-10-31,email4240@domain.com,2338,default,0
568,2022-01-08,email6531@domain.it,4891,default,1
45,2021-07-30,email9095@domain.es,6662,default,0
3766,2022-05-23,email2060@domain.com,3753,automatic,0
1181,2022-01-06,email26151@domain.it,2102,default,0
5291,2021-08-31,email4889@domain.it,7076,forced,0
1525,2022-04-27,email2722@domain.it,7593,default,0
9923,2022-01-23,email308@domain.uk,3505,automatic,0
9070,2022-04-20,email9768@domain.com,2962,default,0
2912,2022-02-22,email13121@domain.com,6977,automatic,0
4406,2021-10-25,email205@domain.it,955,automatic,0
8533,2022-02-05,email21696@domain.com,2390,automatic,0
7009,2021-09-03,email2286@domain.es,1640,default,0
3384,2022-04-07,email1957@domain.uk,238,default,0
282,2021-10-12,email850@domain.it,5045,default,0
4558,2021-11-08,email3676@domain.com,7527,default,0
8001,2022-04-12,email2904@domain.it,3581,automatic,0
6302,2022-04-11,email7077@domain.it,5018,default,0
1620,2022-04-26,email9009@domain.com,2621,default,0
8799,2022-04-06,email3842@domain.es,1722,default,0
1687,2022-03-18,email1994@domain.es,7842,automatic,0
2796,2022-03-10,email2534@domain.uk,6077,default,0
3016,2021-12-18,email804@domain.com,5975,default,0
8546,2021-07-26,email2581@domain.it,5512,default,0
5920,2021-09-04,email21687@domain.es,3922,default,0
1307,2021-07-17,email12833@domain.com,1934,default,0
9288,2022-06-23,email1023@domain.com,3610,default,1
7722,2022-02-03,email11323@domain.uk,3688,default,0
9492,2021-12-06,email15619@domain.com,1680,default,0
252,2021-10-21,email3146@domain.com,4013,default,0
7314,2021-09-07,email43365@domain.it,356,default,0
3938,2021-12-26,email163@domain.it,2708,default,0
9832,2022-01-05,email26536@domain.com,6450,forced,0
8028,2022-03-22,email2975@domain.it,4819,default,0
8255,2022-01-15,email25592@domain.it,1024,default,0
2009,2022-02-02,email3554@domain.es,8243,default,0
9609,2021-09-27,email5041@domain.uk,2389,default,0
8943,2021-09-01,email327@domain.com,560,default,0
6174,2021-10-06,email71@domain.it,7962,automatic,0
6428,2022-03-23,email371@domain.es,1038,default,0
3317,2021-09-03,email1537@domain.com,6532,default,0
914,2021-07-19,email13318@domain.uk,5023,forced,0
2778,2022-02-28,email8536@domain.es,5592,automatic,0
919,2021-07-13,email4116@domain.com,293,default,0
5297,2021-07-15,email11826@domain.it,55,automatic,0
3862,2022-01-19,email6005@domain.it,2461,default,0
8424,2021-12-15,email20105@domain.com,3198,default,0
671,2022-04-06,email5274@domain.it,3557,default,0
2357,2021-09-28,email14363@domain.it,1651,default,0
4869,2021-09-21,email787@domain.com,2451,default,0
4629,2022-01-27,email18921@domain.uk,3273,default,0
5681,2021-08-25,email3619@domain.it,1456,automatic,0
6240,2021-10-27,email7242@domain.com,8293,default,0
7934,2022-04-26,email16208@domain.es,2905,default,0
3893,2021-11-15,email7644@domain.uk,2243,default,1
1873,2022-05-02,email2793@domain.com,2428,default,0
7290,2021-11-13,email1602@domain.it,6131,default,0
3879,2021-08-08,email18707@domain.uk,3570,forced,0
7698,2021-10-14,email27333@domain.it,7577,default,0
5621,2021-12-26,email4379@domain.it,2109,default,0
7715,2021-07-07,email6310@domain.com,7154,default,0
2414,2021-09-21,email8865@domain.es,4791,default,0
9207,2021-12-21,email22238@domain.it,5025,default,0
860,2022-05-24,email4447@domain.com,3594,default,0
2159,2021-09-30,email11774@domain.uk,21,default,0
3407,2021-09-08,email16233@domain.es,3654,default,1
3033,2021-09-05,email11731@domain.com,170,default,0
3116,2021-07-30,email927@domain.com,8142,default,0
7574,2022-01-03,email2715@domain.com,1569,automatic,0
3975,2021-10-24,email3802@domain.com,4872,default,0
1271,2021-11-26,email1298@domain.uk,7799,default,0
9929,2021-08-08,email25213@domain.it,1970,default,0
6032,2022-03-06,email3127@domain.it,594,forced,0
2379,2021-08-05,email1024@domain.uk,4595,default,0
280,2022-05-17,email6644@domain.com,1338,default,0
2014,2021-12-29,email14466@domain.it,5638,default,1
561,2022-06-01,email11539@domain.es,5801,default,0
3059,2021-09-06,email1536@domain.it,859,default,0
4948,2021-12-15,email22537@domain.com,5656,automatic,0
8573,2022-01-26,email5765@domain.com,4921,default,0
7604,2021-10-01,email19075@domain.uk,440,default,1
2253,2021-09-30,email763@domain.it,449,automatic,0
7044,2021-12-08,email3871@domain.com,3914,default,0
6448,2022-04-06,email1707@domain.com,969,default,0
7647,2021-12-29,email1349@domain.com,6546,default,0
4433,2021-11-25,email7037@domain.es,5291,automatic,0
972,2022-04-08,email1038@domain.it,1633,default,0
2542,2021-11-20,email18328@domain.it,5122,default,0
8527,2022-04-27,email6206@domain.uk,4201,default,0
8640,2022-01-09,email6916@domain.it,2926,default,0
3026,2021-09-29,email2394@domain.it,480,default,0
2665,2021-08-17,email18360@domain.com,126,default,0
787,2021-10-23,email6657@domain.uk,8245,forced,0
5831,2021-10-21,email2791@domain.it,3342,default,0
1661,2021-10-08,email14726@domain.com,7230,default,0
7427,2022-01-06,email456@domain.com,3554,default,0
8812,2021-12-10,email9328@domain.uk,2835,default,0
3421,2022-04-06,email5706@domain.it,8523,automatic,0
3963,2022-06-06,email11843@domain.com,5059,default,0
131,2022-05-13,email4423@domain.com,551,default,0
6524,2022-03-09,email22958@domain.com,6340,forced,0
1599,2022-05-12,email8229@domain.it,2635,default,0
9237,2021-09-03,email14769@domain.com,6468,automatic,0
1738,2021-11-17,email1989@domain.it,8155,automatic,0
3493,2021-11-14,email1606@domain.com,2059,default,0
1475,2022-04-30,email3704@domain.uk,5750,default,0
8670,2022-03-28,email6470@domain.com,4086,default,0
9029,2022-04-18,email25133@domain.it,7054,forced,0
7509,2021-12-03,email812@domain.com,481,default,0
8191,2021-07-20,email23498@domain.com,1116,forced,0
2199,2021-07-20,email7483@domain.it,7376,default,0
3903,2022-03-08,email23993@domain.it,1389,automatic,0
6644,2021-09-18,email11803@domain.com,1118,automatic,0
9051,2021-12-09,email31169@domain.it,3110,default,0
2400,2022-02-28,email5813@domain.uk,1258,default,0
1722,2021-09-30,email213@domain.com,2576,default,0
7617,2022-01-15,email3422@domain.it,8479,default,0
3485,2022-03-28,email1403@domain.com,4943,automatic,1
2700,2021-10-24,email5090@domain.com,101,default,1
2506,2022-03-28,email4352@domain.it,1955,default,0
7437,2021-08-11,email6930@domain.it,484,automatic,1
3389,2021-11-25,email1986@domain.com,2043,default,0
8454,2021-09-06,email7730@domain.it,6521,automatic,0
8409,2021-12-06,email28228@domain.com,2519,default,0
1211,2021-07-03,email3772@domain.com,7957,forced,0
9536,2022-05-11,email38740@domain.it,566,default,0
6432,2022-06-30,email6948@domain.com,1162,default,1
4380,2021-10-13,email12812@domain.com,3966,default,0
9394,2022-03-19,email36640@domain.com,1407,default,0
8542,2022-01-05,email4384@domain.com,8494,default,0
9210,2022-06-12,email3921@domain.com,1558,default,1
2572,2021-10-17,email16846@domain.com,3728,default,0
4720,2022-03-24,email321@domain.com,8362,default,0
4494,2021-07-07,email11750@domain.com,881,default,0
2468,2021-11-07,email10381@domain.uk,5974,default,0
38,2022-04-04,email4840@domain.com,3102,forced,0
4425,2022-03-21,email10749@domain.com,7722,default,0
7149,2021-08-05,email2239@domain.it,3392,default,0
2494,2021-07-16,email5675@domain.com,5150,default,0
8792,2021-08-23,email2833@domain.it,2862,default,1
2894,2021-08-25,email3750@domain.it,930,default,0
697,2022-04-03,email3518@domain.com,7174,forced,0
7532,2021-11-25,email20583@domain.es,5021,default,0
8844,2022-01-06,email48375@domain.uk,1098,default,0
3695,2022-06-02,email29957@domain.com,86,default,0
6746,2021-09-13,email3615@domain.it,4287,automatic,1
2233,2021-11-05,email12593@domain.uk,460,forced,0
760,2022-04-05,email7148@domain.it,583,default,0
4830,2022-04-05,email16779@domain.it,744,automatic,0
9779,2022-05-15,email350@domain.com,5882,automatic,1
9493,2021-11-26,email14639@domain.com,8537,automatic,1
6631,2021-09-15,email4574@domain.uk,7413,default,0
5356,2021-10-14,email11215@domain.com,6803,default,0
2040,2022-05-02,email21514@domain.es,8571,default,1
4280,2021-07-15,email1135@domain.com,3976,automatic,0
415,2021-07-12,email589@domain.it,4011,default,0
7907,2022-06-06,email24340@domain.com,8612,default,0
5446,2022-02-28,email12048@domain.it,2174,default,0
5857,2021-08-04,email9398@domain.com,261,default,0
357,2021-08-02,email13577@domain.es,4217,default,1
5856,2021-07-19,email6138@domain.it,1257,default,0
9341,2022-04-11,email2162@domain.it,3044,default,1
4423,2022-02-19,email2366@domain.it,7394,forced,0
7839,2021-07-14,email12003@domain.uk,3127,automatic,1
993,2021-08-05,email28473@domain.es,2825,default,0
8654,2022-02-02,email1283@domain.com,3771,default,0
9143,2022-05-08,email8333@domain.com,7841,default,0
4366,2022-04-04,email13061@domain.it,6999,default,0
5161,2022-04-06,email1149@domain.uk,1915,default,0
5860,2021-12-01,email7977@domain.com,7758,default,0
6525,2021-10-06,email31081@domain.com,2896,default,0
2596,2022-01-16,email1705@domain.it,800,default,0
4604,2022-03-02,email1945@domain.uk,4661,default,0
2151,2021-09-02,email2257@domain.com,5033,automatic,0
5508,2021-10-20,email6516@domain.es,5747,default,0
839,2022-01-20,email7638@domain.it,2071,default,0
7946,2021-09-01,email5523@domain.uk,440,default,0
5329,2021-12-25,email3808@domain.uk,3819,default,1
6733,2022-03-20,email7128@domain.com,7791,default,0
2334,2021-09-23,email7462@domain.uk,4123,default,0
2656,2021-07-27,email4354@domain.uk,1464,default,0
3708,2021-08-16,email12251@domain.com,87,automatic,0
6693,2021-10-26,email17658@domain.com,6983,default,0
1983,2022-04-24,email3169@domain.com,5308,default,0
2365,2021-10-31,email40549@domain.uk,5958,automatic,0
895,2022-04-06,email691@domain.it,16,default,0
9332,2022-05-02,email44564@domain.com,7402,automatic,1
7778,2021-10-29,email7638@domain.it,5245,forced,0
5870,2021-09-30,email46@domain.uk,4471,default,0
5100,2022-01-06,email4541@domain.es,3347,automatic,0
2405,2021-08-19,email2341@domain.uk,4017,default,0
3149,2022-04-07,email7178@domain.it,8330,automatic,0
5459,2021-09-17,email3399@domain.it,7905,default,0
8748,2021-09-30,email4452@domain.com,2734,default,0
5935,2021-10-11,email8171@domain.com,277,default,0
4431,2021-07-16,email9016@domain.com,26,default,0
4029,2021-09-19,email6040@domain.com,206,automatic,0
334,2021-10-20,email4070@domain.com,151,automatic,0
5727,2022-05-06,email13423@domain.com,5860,default,0
5196,2022-04-22,email1930@domain.com,5405,default,0
3990,2022-06-08,email7196@domain.it,7644,default,0
2103,2022-04-06,email4079@domain.es,1862,automatic,0
4287,2021-08-23,email6943@domain.it,7457,default,0
5541,2021-07-22,email6074@domain.uk,2318,default,0
11,2021-08-27,email2157@domain.it,1354,automatic,0
7879,2021-11-11,email14001@domain.es,2916,default,0
9507,2021-12-09,email4717@domain.it,5251,forced,0
9648,2021-12-16,email1696@domain.com,2483,default,0
9251,2021-10-18,email42930@domain.com,6057,default,0
6480,2022-06-02,email7610@domain.uk,2493,default,0
4440,2022-04-06,email11382@domain.com,3339,default,0
1793,2021-10-24,email10619@domain.uk,647,forced,0
6366,2021-10-15,email34595@domain.com,5522,default,0
5490,2022-04-08,email4729@domain.uk,8593,default,0
3132,2021-09-30,email2707@domain.com,6446,automatic,1
2111,2022-05-26,email9694@domain.it,4969,default,0
9982,2022-01-31,email13032@domain.com,5853,forced,0
1919,2022-04-05,email2192@domain.com,5803,default,0
6840,2022-05-12,email7772@domain.com,3917,default,1
1761,2022-06-17,email7367@domain.it,4412,default,0
5434,2022-05-04,email4281@domain.uk,2304,default,0
7400,2022-05-08,email1727@domain.com,6505,forced,0
7282,2021-09-05,email14102@domain.com,6224,automatic,0
3489,2022-05-18,email21955@domain.com,2402,default,0
2754,2021-10-07,email15372@domain.es,8574,forced,0
2362,2021-11-06,email1836@domain.it,1958,forced,0
6535,2022-02-23,email8077@domain.com,6965,default,0
7969,2022-03-11,email5984@domain.com,2923,automatic,0
4129,2021-07-17,email299@domain.com,8664,default,0
6547,2021-10-28,email761@domain.com,1769,default,0
7803,2022-02-09,email30403@domain.com,5009,default,0
6326,2022-01-28,email1244@domain.com,3317,default,0
4987,2022-02-24,email10159@domain.com,8512,default,0
3517,2021-10-09,email19468@domain.com,8420,forced,0
7420,2022-02-28,email12571@domain.com,406,default,0
2203,2022-02-04,email34275@domain.com,5772,automatic,0
8643,2022-03-22,email8700@domain.com,1879,default,0
1786,2022-06-07,email395@domain.uk,1901,default,0
7773,2021-11-05,email10618@domain.com,7674,default,0
4365,2022-05-23,email7802@domain.com,5463,default,0
1804,2022-01-09,email4043@domain.com,5741,default,0
3932,2021-08-23,email15659@domain.es,6928,default,0
2044,2022-06-17,email19014@domain.es,7355,automatic,0
1984,2022-05-02,email12570@domain.com,5308,forced,0
5335,2022-06-10,email16022@domain.it,5391,default,0
9335,2021-11-08,email175@domain.com,6809,default,0
6740,2021-09-11,email200@domain.uk,6192,default,0
829,2021-11-03,email12458@domain.com,4848,default,0
3368,2021-09-23,email2416@domain.com,7493,default,0
5063,2021-08-01,email5385@domain.uk,165,default,0
4103,2022-05-17,email29223@domain.es,272,default,0
1236,2022-04-24,email1789@domain.it,5248,default,0
8933,2022-05-18,email2462@domain.com,3864,forced,0
3937,2021-07-21,email3989@domain.com,4091,automatic,0
1768,2021-11-16,email12508@domain.it,2912,default,0
3599,2022-02-17,email13821@domain.com,2327,default,0
1929,2022-03-07,email1993@domain.uk,2108,default,0
4120,2021-10-09,email13381@domain.it,3315,default,1
1292,2022-05-22,email22709@domain.es,8013,default,0
6823,2022-02-28,email24491@domain.es,2084,default,0
2960,2021-10-31,email16113@domain.it,6218,automatic,0
8109,2022-01-28,email31706@domain.it,5449,default,0
4456,2021-09-18,email142@domain.com,925,automatic,0
6109,2022-06-18,email838@domain.com,7441,default,0
9330,2021-09-17,email8496@domain.uk,4016,automatic,0
9909,2022-01-06,email6986@domain.com,1343,default,0
6892,2021-11-14,email5745@domain.it,7186,automatic,0
9651,2021-09-29,email5659@domain.com,799,default,0
1741,2022-04-11,email1123@domain.com,4322,default,0
3032,2021-09-05,email4597@domain.com,170,default,1
3697,2021-07-04,email31899@domain.es,2480,default,0
788,2021-07-31,email7016@domain.com,2632,default,1
6845,2022-04-26,email12286@domain.com,5270,default,0
7521,2022-06-22,email2304@domain.uk,2267,forced,0
6314,2021-09-10,email26@domain.es,1422,default,0
6714,2021-08-26,email3248@domain.it,8577,default,1
7368,2022-05-29,email7251@domain.com,980,automatic,0
4650,2022-05-10,email3371@domain.es,3236,default,1
6062,2021-11-05,email10696@domain.uk,3124,forced,0
8576,2021-08-25,email16289@domain.it,4927,default,0
6238,2021-11-04,email220@domain.uk,1035,automatic,0
8455,2022-05-25,email12943@domain.com,7163,automatic,0
3102,2022-04-04,email805@domain.it,432,default,0
5040,2022-04-07,email13123@domain.es,1674,default,0
9907,2021-10-12,email8240@domain.it,2689,default,0
1972,2022-01-08,email29428@domain.uk,5640,default,0
6140,2022-03-31,email310@domain.it,6273,forced,0
8456,2022-04-04,email770@domain.it,4020,default,0
5982,2021-08-03,email19725@domain.com,1036,automatic,0
7080,2022-05-02,email17482@domain.it,1447,default,0
3457,2022-04-23,email31112@domain.com,6588,default,0
5198,2021-08-26,email21@domain.it,5839,default,0
3106,2022-06-30,email14028@domain.com,5569,default,0
9244,2022-06-03,email9680@domain.uk,6355,forced,1
8593,2021-07-27,email6702@domain.es,1736,default,0
4482,2021-11-12,email4893@domain.it,684,automatic,0
8968,2022-04-13,email5597@domain.com,3277,automatic,0
8834,2021-10-16,email10014@domain.com,2323,forced,0
2105,2021-10-23,email34700@domain.it,308,automatic,0
6046,2022-05-02,email4140@domain.uk,5124,default,0
5411,2021-11-14,email6652@domain.com,887,default,0
9096,2022-01-24,email6810@domain.com,3578,automatic,0
3860,2021-07-05,email586@domain.com,976,default,0
1036,2022-05-21,email6552@domain.uk,1836,default,0
3298,2021-10-26,email14561@domain.it,5631,forced,1
8708,2021-08-23,email8834@domain.es,8564,default,0
73,2022-02-01,email2237@domain.es,6116,forced,0
7945,2022-06-17,email19424@domain.uk,359,forced,0
118,2021-11-27,email5516@domain.com,1423,default,0
8187,2021-07-12,email6539@domain.com,7936,automatic,0
3735,2022-01-08,email43154@domain.com,6196,automatic,0
772,2022-06-10,email8211@domain.com,7822,default,0
2853,2022-05-09,email4660@domain.es,214,default,1
3530,2021-07-26,email1627@domain.it,2345,default,0
7710,2022-01-15,email2786@domain.com,4384,forced,0
157,2022-06-20,email22945@domain.es,2983,default,0
8669,2022-04-28,email9221@domain.com,4413,automatic,0
616,2021-11-18,email8049@domain.uk,7582,automatic,0
2240,2022-01-03,email3841@domain.it,8646,automatic,0
1882,2022-04-08,email15375@domain.uk,3383,forced,0
163,2021-12-09,email12250@domain.com,5063,forced,0
6833,2022-04-30,email8230@domain.com,2317,default,0
536,2021-10-22,email2265@domain.com,8022,default,0
3479,2021-08-02,email129@domain.es,96,default,0
1352,2021-12-12,email877@domain.es,6198,default,0
2452,2021-09-08,email2597@domain.es,3846,default,1
6178,2022-03-08,email447@domain.com,8493,default,0
3916,2021-10-08,email5729@domain.es,7985,default,0
155,2022-06-12,email26563@domain.com,8429,default,0
3124,2021-07-05,email12011@domain.com,4806,default,0
70,2021-09-30,email7761@domain.es,3405,default,1
1643,2021-08-22,email4090@domain.uk,4711,default,0
341,2022-03-03,email35040@domain.es,1827,default,0
6449,2022-04-01,email2803@domain.com,969,default,0
7057,2022-03-13,email4409@domain.com,3359,default,0
6161,2021-08-17,email4108@domain.it,6072,automatic,0
2176,2021-09-08,email1211@domain.es,1823,automatic,1
3632,2022-03-10,email2728@domain.com,7282,default,0
2800,2021-08-07,email9330@domain.es,3919,default,0
7629,2021-12-05,email3833@domain.it,1214,default,0
3643,2022-01-17,email4218@domain.uk,259,forced,0
4316,2022-02-28,email1568@domain.com,5902,default,0
9550,2022-01-12,email12477@domain.com,3911,default,0
1037,2021-10-21,email30054@domain.it,2690,default,0
5794,2022-05-02,email913@domain.it,5629,default,0
1672,2022-03-13,email1210@domain.uk,1661,default,0
667,2022-05-08,email10378@domain.com,848,default,0
7512,2022-02-02,email8651@domain.com,673,default,0
8612,2022-04-09,email11052@domain.it,8235,default,0
5497,2022-04-05,email29237@domain.es,4240,default,0
2696,2022-04-06,email6108@domain.com,251,default,0
7018,2022-01-23,email7807@domain.it,2490,default,1
905,2022-04-10,email473@domain.it,6287,automatic,0
9331,2021-12-11,email339@domain.com,3388,default,0
2198,2021-10-19,email4551@domain.it,2808,automatic,0
5259,2022-03-29,email814@domain.uk,420,default,0
3028,2021-12-05,email18961@domain.es,7405,automatic,0
7904,2021-08-27,email3400@domain.it,550,automatic,0
21,2022-04-24,email683@domain.it,2159,default,0
3553,2021-10-03,email2697@domain.it,6631,forced,0
1575,2021-10-23,email3964@domain.com,2510,default,0
7004,2021-10-14,email15242@domain.it,7258,default,0
4465,2022-05-02,email6675@domain.it,5191,default,0
6900,2022-04-06,email7628@domain.uk,7912,automatic,0
6721,2021-11-28,email29651@domain.com,4999,default,0
6933,2021-11-14,email6812@domain.it,129,forced,1
6229,2021-12-12,email6979@domain.com,4251,default,0
8525,2022-06-01,email6484@domain.es,939,default,0
3137,2022-04-06,email21042@domain.com,4810,default,0
6042,2021-10-27,email23255@domain.com,7307,default,0
3559,2022-04-12,email7679@domain.it,203,default,0
3961,2022-05-23,email3287@domain.it,3533,automatic,0
8497,2021-12-03,email19726@domain.com,7332,default,0
2036,2022-04-08,email1659@domain.com,426,default,0
1429,2021-07-07,email591@domain.it,210,default,0
5021,2022-04-03,email2204@domain.it,2238,default,0
9187,2021-08-22,email14266@domain.it,1488,default,1
6929,2021-10-08,email19106@domain.it,2049,default,0
5087,2022-02-26,email6296@domain.it,2526,default,0
8468,2022-05-09,email2887@domain.uk,8328,default,0
1157,2022-01-07,email6858@domain.it,4633,automatic,0
2671,2022-05-31,email18925@domain.com,41,forced,0
8036,2021-12-15,email2021@domain.uk,4439,forced,0
1914,2021-09-04,email3615@domain.com,6080,forced,0
7432,2022-03-03,email32182@domain.uk,2695,default,0
2842,2022-05-17,email4086@domain.it,351,default,0
2426,2022-05-02,email845@domain.it,1853,default,0
1436,2021-08-24,email5421@domain.com,169,default,0
1075,2021-07-28,email19772@domain.es,7088,default,0
1206,2021-11-30,email3401@domain.com,5029,default,0
8136,2022-04-15,email152@domain.com,3936,default,0
359,2022-02-03,email1264@domain.com,4132,default,0
2830,2021-09-08,email259@domain.com,7800,default,0
5330,2021-09-30,email32513@domain.com,3994,automatic,0
9613,2021-09-26,email30504@domain.it,854,automatic,0
712,2021-08-02,email3658@domain.com,6414,default,0
5532,2022-04-29,email4583@domain.com,6148,default,0
3782,2022-04-08,email20768@domain.com,2119,automatic,0
4310,2021-07-08,email706@domain.com,1668,default,0
6568,2021-07-19,email5259@domain.es,5607,default,0
6549,2022-04-16,email12043@domain.uk,552,automatic,0
7086,2022-01-01,email6284@domain.it,4499,default,1
1697,2021-09-10,email3411@domain.com,2017,automatic,0
7130,2021-07-07,email9806@domain.uk,7000,default,0
569,2022-04-21,email10574@domain.com,954,default,1
4897,2022-02-27,email10745@domain.it,6120,default,0
1215,2021-09-19,email10876@domain.com,1254,default,0
4563,2021-08-08,email8221@domain.com,1055,default,0
9712,2021-07-26,email34665@domain.com,3502,forced,0
679,2021-07-11,email21272@domain.it,847,default,0
9351,2022-04-26,email3456@domain.com,1989,automatic,0
1101,2022-04-22,email27736@domain.com,6671,automatic,0
4334,2022-02-01,email5324@domain.com,5502,default,1
7187,2022-04-22,email9913@domain.es,5193,automatic,0
1878,2022-04-08,email2145@domain.uk,3383,default,0
6365,2021-09-02,email945@domain.com,1816,default,0
1709,2021-09-08,email1342@domain.it,839,default,0
5204,2022-01-05,email18938@domain.com,3640,automatic,0
4219,2021-08-02,email6275@domain.es,7143,default,0
2586,2021-08-04,email12381@domain.it,7184,default,1
8128,2022-02-19,email3855@domain.com,4648,default,0
3834,2021-11-12,email595@domain.uk,2107,default,0
6591,2021-08-27,email29672@domain.it,3036,default,0
3250,2022-04-06,email5596@domain.uk,1144,default,1
4873,2021-12-04,email43391@domain.it,6075,default,0
1368,2021-10-22,email30151@domain.it,7499,default,0
779,2021-11-13,email9188@domain.it,8529,default,0
9246,2022-06-11,email33453@domain.com,1834,default,0
6012,2022-04-12,email3265@domain.uk,6535,forced,0
6767,2021-10-01,email15700@domain.es,4038,forced,0
5174,2021-10-19,email15107@domain.it,5067,forced,0
369,2021-10-10,email4545@domain.com,7512,automatic,0
7552,2021-12-10,email5281@domain.com,4526,default,0
6318,2021-08-22,email27553@domain.it,3673,default,0
8485,2021-10-05,email3572@domain.es,538,forced,0
3148,2021-08-22,email21689@domain.es,4234,forced,0
2206,2022-04-22,email6149@domain.com,3455,default,0
2147,2021-08-24,email18036@domain.com,3843,default,0
3819,2021-11-10,email4532@domain.com,7379,default,0
526,2021-10-17,email8773@domain.it,6799,forced,0
4911,2021-07-17,email162@domain.com,173,default,0
1221,2022-06-06,email14125@domain.com,5674,default,0
7660,2022-02-23,email23379@domain.it,1379,automatic,0
1393,2022-02-06,email1905@domain.uk,1078,default,0
351,2021-10-27,email13748@domain.com,8501,automatic,0
3957,2021-12-07,email19734@domain.com,7226,default,0
8660,2022-03-15,email3938@domain.com,7823,default,0
6121,2021-10-27,email14133@domain.it,4580,default,0
1252,2021-08-23,email9047@domain.it,1665,default,0
1657,2022-04-09,email9021@domain.it,2729,default,0
1312,2022-03-18,email17784@domain.com,8179,default,0
7240,2021-09-29,email3377@domain.com,1043,automatic,1
3733,2021-12-06,email309@domain.it,3220,default,0
3214,2021-08-04,email4419@domain.it,4386,default,0
8421,2021-12-03,email1678@domain.com,5685,default,1
8791,2021-08-27,email11938@domain.com,1467,automatic,0
1174,2021-07-08,email15578@domain.it,3494,default,0
90,2021-11-12,email6796@domain.com,1107,default,0
8701,2021-07-04,email8114@domain.es,7,automatic,0
3864,2021-08-22,email536@domain.it,338,default,0
2909,2022-05-09,email26038@domain.it,5484,default,1
6262,2021-10-27,email6209@domain.com,8152,forced,0
233,2022-04-06,email4193@domain.uk,2752,automatic,0
2652,2021-07-12,email2989@domain.com,6919,default,1
1651,2022-06-30,email378@domain.com,6804,automatic,0
9154,2021-07-14,email3430@domain.com,5134,default,0
6475,2021-12-20,email17888@domain.it,1700,automatic,0
6260,2021-12-28,email17088@domain.com,2153,automatic,0
9758,2021-08-25,email1455@domain.it,7677,default,0
3502,2022-01-26,email5618@domain.it,8650,automatic,0
9392,2022-03-19,email9244@domain.com,1407,default,0
7682,2021-10-31,email8119@domain.com,2420,default,0
13,2021-11-20,email249@domain.uk,6046,automatic,0
8987,2022-01-08,email6480@domain.com,1041,default,0
9926,2022-06-01,email2697@domain.com,2593,default,0
4655,2022-06-09,email13867@domain.es,896,forced,0
285,2021-12-14,email1964@domain.it,7359,default,0
1660,2021-07-29,email69787@domain.com,8260,default,0
6680,2021-12-04,email4480@domain.com,3722,default,0
6620,2021-12-08,email12047@domain.com,2094,default,0
1096,2022-01-07,email13324@domain.com,4769,default,0
4194,2022-05-25,email35@domain.com,8505,default,0
3435,2022-01-30,email1358@domain.com,5630,default,1
3991,2022-03-03,email520@domain.uk,5076,automatic,0
1309,2021-07-04,email35680@domain.it,4518,default,0
1789,2021-10-10,email9728@domain.com,6215,default,0
9568,2022-04-09,email6254@domain.es,1075,automatic,0
7120,2021-12-02,email34499@domain.es,8497,default,0
2047,2021-07-11,email27754@domain.uk,7947,default,0
9785,2022-04-13,email4560@domain.com,6851,default,0
2858,2021-09-02,email6577@domain.it,693,automatic,0
958,2022-01-27,email8849@domain.es,3171,default,1
4978,2022-06-06,email12801@domain.com,5759,automatic,0
4218,2021-12-22,email631@domain.com,7339,forced,1
8045,2022-03-16,email18982@domain.it,5704,default,0
7790,2022-01-19,email7327@domain.it,3031,automatic,0
3085,2022-03-07,email18555@domain.com,7412,automatic,1
7200,2022-04-06,email14793@domain.com,2063,automatic,0
7965,2022-04-08,email7852@domain.com,591,default,1
9462,2021-10-19,email25591@domain.it,7117,default,0
3689,2021-09-21,email11327@domain.com,6389,default,0
6777,2022-01-01,email7820@domain.it,7991,default,0
1044,2021-09-15,email22661@domain.it,3475,default,0
8802,2022-05-29,email1280@domain.es,8645,default,0
8021,2021-10-07,email2120@domain.it,2124,default,0
3719,2021-11-02,email28016@domain.uk,4111,default,0
9961,2022-04-23,email3187@domain.com,1451,default,0
595,2022-01-24,email28406@domain.com,6612,automatic,1
2791,2022-03-07,email2974@domain.it,1757,default,1
2396,2022-03-15,email18621@domain.uk,7518,default,0
5045,2022-02-11,email489@domain.it,6261,default,0
4155,2021-10-12,email25509@domain.it,6872,default,0
503,2021-07-07,email8141@domain.com,5775,forced,1
1071,2021-07-24,email20517@domain.com,5669,default,0
9294,2021-12-03,email26024@domain.it,2298,default,0
8176,2021-09-04,email409@domain.it,843,default,0
2814,2022-04-24,email1750@domain.com,2659,forced,0
9466,2022-04-22,email18666@domain.com,7709,default,0
4632,2022-04-13,email9358@domain.com,4024,forced,0
9184,2021-12-21,email4333@domain.com,4903,default,0
4621,2022-05-08,email17091@domain.com,3053,default,0
7762,2021-12-15,email14348@domain.com,4736,default,0
9354,2021-07-02,email8140@domain.com,2677,default,0
1117,2021-11-24,email13503@domain.com,7122,default,0
9904,2021-09-25,email9144@domain.com,7697,default,0
1840,2021-10-31,email6535@domain.com,697,default,0
3327,2022-04-08,email1411@domain.es,1593,default,0
2023,2022-04-25,email4098@domain.com,625,default,0
6829,2021-12-31,email20350@domain.uk,7576,default,0
9512,2021-11-04,email8433@domain.com,3027,forced,0
4183,2021-09-23,email16386@domain.uk,8390,default,0
9717,2021-08-15,email10986@domain.com,2032,forced,0
777,2021-07-17,email16136@domain.it,6288,default,0
7019,2022-01-26,email4583@domain.it,2490,default,0
9385,2022-06-10,email3206@domain.com,1176,default,0
1146,2021-11-28,email11658@domain.it,8212,default,1
590,2022-01-07,email4396@domain.it,5319,default,0
2964,2022-06-29,email15993@domain.com,3047,default,0
2907,2022-01-29,email3040@domain.com,316,default,0
8422,2022-02-03,email3547@domain.it,1420,forced,0
5205,2021-08-03,email25119@domain.com,1126,default,0
1113,2021-10-24,email7615@domain.es,1552,default,0
227,2022-06-03,email1078@domain.com,7990,default,0
4826,2021-11-18,email5112@domain.com,6231,default,0
855,2021-08-06,email23141@domain.it,1348,default,0
1208,2021-08-05,email5952@domain.uk,877,automatic,0
6316,2021-08-06,email10288@domain.it,4980,default,0
3888,2022-04-09,email3643@domain.uk,2631,forced,0
2437,2022-05-01,email4324@domain.com,1678,automatic,0
2116,2021-12-07,email17106@domain.it,2065,default,0
3434,2021-12-27,email3843@domain.com,5630,default,0
3593,2022-06-02,email14126@domain.com,3007,default,0
1810,2022-02-24,email16510@domain.it,2792,default,0
4112,2022-06-21,email4814@domain.uk,3427,automatic,0
7645,2021-08-19,email10864@domain.es,4807,default,0
8815,2022-01-13,email747@domain.com,2943,default,0
7144,2022-05-26,email6928@domain.es,3957,forced,0
7962,2021-09-25,email18234@domain.com,4305,default,0
3325,2021-10-26,email13612@domain.uk,3995,default,0
199,2022-06-28,email5571@domain.com,7213,forced,0
8966,2022-01-13,email3584@domain.com,2274,default,0
8657,2021-12-17,email14864@domain.es,249,default,0
4204,2021-08-22,email6231@domain.it,7422,default,0
5818,2022-05-15,email3031@domain.es,5986,default,0
2733,2021-07-11,email5815@domain.it,3644,default,0
1852,2021-07-31,email3935@domain.it,4981,default,0
8444,2021-08-25,email14612@domain.it,737,default,0
5155,2022-03-15,email3238@domain.uk,7317,default,0
2298,2021-07-12,email11767@domain.it,5003,forced,0
6324,2022-04-27,email3633@domain.com,6122,automatic,0
3670,2022-03-04,email285@domain.uk,2554,automatic,0
1933,2022-01-15,email5107@domain.com,4777,default,1
8526,2022-01-13,email8187@domain.com,4949,default,0
8419,2021-11-05,email21678@domain.com,4767,default,0
6943,2021-12-03,email16817@domain.com,4326,automatic,0
3623,2022-03-13,email2636@domain.com,5281,default,0
8846,2022-06-17,email16824@domain.com,8156,forced,0
3667,2022-05-16,email15241@domain.com,4916,default,0
4967,2021-08-08,email2428@domain.com,8103,automatic,0
8752,2021-07-07,email21163@domain.com,8109,automatic,0
6015,2022-01-01,email6852@domain.it,3211,automatic,0
7739,2021-09-02,email2535@domain.es,8229,default,0
2704,2021-11-28,email5264@domain.com,1251,default,0
7402,2021-12-04,email9347@domain.uk,5766,default,0
6858,2022-02-20,email14955@domain.es,2937,default,0
2460,2022-03-25,email41158@domain.com,2952,default,0
2194,2022-01-06,email5988@domain.com,4730,automatic,0
71,2021-09-08,email895@domain.com,2446,default,0
3554,2022-03-07,email9321@domain.com,1480,forced,0
8265,2022-04-14,email3176@domain.it,654,default,1
5065,2022-04-01,email32359@domain.com,3933,default,0
1289,2021-09-29,email15620@domain.it,2965,forced,0
2708,2022-02-09,email8578@domain.es,2651,default,1
106,2021-09-27,email16423@domain.it,8367,default,0
9250,2022-01-23,email8734@domain.it,4971,default,0
1792,2022-05-05,email8417@domain.com,2340,default,1
3998,2021-10-06,email2605@domain.it,813,default,0
7382,2021-10-20,email25598@domain.com,6653,automatic,0
4511,2022-01-19,email5945@domain.it,6427,default,0
5879,2021-12-05,email11283@domain.com,1352,default,1
8434,2021-09-03,email21507@domain.com,2682,default,0
8683,2021-12-10,email5795@domain.com,6504,default,0
5482,2021-10-14,email2062@domain.it,4328,default,0
2356,2021-11-30,email7633@domain.es,4702,default,0
8170,2021-10-16,email16593@domain.com,5651,default,0
308,2021-07-04,email1354@domain.com,2266,default,1
5540,2021-08-31,email2424@domain.it,6425,default,0
5696,2021-10-01,email21220@domain.com,1346,automatic,0
1649,2022-03-29,email7611@domain.it,4183,default,0
4661,2022-01-05,email11078@domain.com,7819,default,0
1179,2022-02-27,email9425@domain.it,5490,default,0
9756,2021-09-22,email349@domain.it,187,automatic,0
3024,2021-12-19,email5940@domain.es,5443,default,0
2695,2022-04-06,email1994@domain.com,251,default,0
9786,2022-02-02,email3252@domain.com,7378,automatic,0
7428,2021-10-22,email17169@domain.com,6267,automatic,0
7995,2021-07-19,email1897@domain.com,1872,automatic,0
290,2021-10-01,email13395@domain.it,2959,default,0
283,2021-07-27,email3998@domain.es,102,default,1
4497,2022-01-15,email4925@domain.uk,6343,forced,0
8661,2021-10-23,email1516@domain.com,2502,default,0
3939,2021-12-26,email7399@domain.it,2708,automatic,0
9792,2022-01-07,email2516@domain.it,1280,default,1
598,2021-10-29,email9316@domain.com,1937,automatic,0
8342,2021-08-15,email30522@domain.com,1706,default,0
8338,2021-08-18,email4310@domain.es,1084,default,0
9629,2022-06-12,email7388@domain.com,8526,forced,0
3093,2022-06-02,email6030@domain.com,2986,automatic,0
3638,2022-01-05,email1390@domain.it,6610,forced,1
7379,2022-05-23,email646@domain.com,4458,default,0
3656,2021-10-09,email2809@domain.com,123,default,0
2780,2022-05-13,email1300@domain.com,1212,default,0
5017,2021-09-14,email2108@domain.it,7003,default,0
8025,2021-12-01,email10633@domain.com,1424,default,0
2080,2022-03-15,email7023@domain.uk,7002,default,0
7355,2022-04-07,email93@domain.uk,122,default,0
7096,2021-08-10,email9445@domain.uk,3355,automatic,0
9203,2021-09-18,email2779@domain.com,3756,default,0
9093,2021-12-11,email9664@domain.com,3138,default,1
4845,2022-06-30,email34278@domain.it,4128,automatic,0
6461,2021-10-21,email41630@domain.com,3147,default,0
5372,2021-07-26,email326@domain.com,2555,default,0
1574,2021-10-23,email6625@domain.com,2510,automatic,0
2358,2021-07-07,email29460@domain.it,1579,forced,0
9688,2022-06-29,email4693@domain.it,8334,automatic,0
6005,2021-11-04,email16554@domain.it,4707,default,0
3163,2021-08-08,email12008@domain.com,1450,automatic,0
9440,2022-04-18,email5534@domain.uk,2129,automatic,1
9074,2021-12-22,email10271@domain.com,4057,default,0
7677,2021-12-11,email8659@domain.com,7636,default,0
6334,2021-09-30,email18059@domain.it,2031,default,0
4551,2021-11-24,email3922@domain.it,5088,default,0
4681,2021-10-06,email8787@domain.com,2890,default,0
9064,2021-07-04,email7796@domain.it,2433,default,0
4763,2022-04-14,email37589@domain.com,7105,automatic,0
205,2021-10-27,email456@domain.com,7101,forced,0
2871,2022-06-28,email3077@domain.es,8433,default,0
9087,2021-09-30,email76@domain.it,3125,default,0
1831,2021-10-28,email15380@domain.com,952,automatic,0
306,2022-05-04,email1800@domain.uk,5149,automatic,1
5726,2021-09-28,email24335@domain.com,2925,default,0
7429,2022-03-28,email3780@domain.it,8540,default,0
648,2021-09-15,email7@domain.es,7712,forced,0
3763,2021-12-21,email15515@domain.com,7115,default,0
3095,2021-08-02,email21253@domain.uk,3234,automatic,0
6004,2022-03-15,email507@domain.com,211,default,0
7150,2022-04-23,email16790@domain.it,5402,default,0
1061,2021-10-14,email5020@domain.es,5539,default,0
5619,2021-11-25,email37628@domain.es,542,default,0
6592,2021-07-11,email12356@domain.com,565,default,0
8777,2021-10-09,email14537@domain.es,3406,default,0
927,2021-12-28,email13755@domain.es,5608,default,0
2439,2021-09-26,email16707@domain.com,852,default,0
8429,2022-04-06,email7816@domain.com,360,default,0
7546,2021-09-21,email691@domain.it,5723,default,0
7071,2021-07-14,email13378@domain.es,1708,default,0
442,2022-01-27,email1980@domain.com,65,default,1
9996,2021-07-07,email7204@domain.it,1271,default,0
8990,2021-10-10,email14447@domain.it,6302,default,0
5884,2021-09-30,email5485@domain.com,5078,forced,0
5909,2021-09-18,email9512@domain.uk,2928,automatic,0
2279,2022-04-13,email6414@domain.uk,328,default,0
8285,2021-07-12,email1794@domain.it,3495,default,0
7274,2021-10-14,email2922@domain.uk,8450,forced,0
4697,2022-05-19,email4137@domain.com,4461,automatic,0
4169,2021-09-30,email5024@domain.com,722,automatic,0
4703,2022-02-28,email11498@domain.es,5575,automatic,1
9272,2021-09-30,email10715@domain.uk,5626,default,0
9233,2022-03-29,email13803@domain.es,675,default,0
9700,2022-03-10,email16138@domain.com,5337,default,0
5390,2022-01-27,email1143@domain.com,3350,default,0
5757,2021-09-11,email23171@domain.com,7341,forced,0
6011,2021-07-16,email3302@domain.com,2382,automatic,0
7431,2022-03-03,email24176@domain.uk,2695,default,0
2522,2022-06-05,email84361@domain.com,3345,default,0
4097,2022-05-09,email1399@domain.es,2679,default,0
2121,2022-04-09,email4161@domain.com,4327,default,1
5712,2022-04-07,email679@domain.es,2917,automatic,0
9838,2021-12-20,email9786@domain.it,1506,default,0
509,2022-01-06,email1138@domain.com,355,default,0
6490,2022-02-26,email919@domain.it,6467,default,0
7232,2022-01-10,email23157@domain.uk,3655,forced,0
3015,2022-02-02,email1202@domain.com,6149,default,0
3131,2021-12-21,email18025@domain.it,3294,default,0
3328,2021-11-26,email31136@domain.it,1829,default,0
2744,2022-01-27,email4422@domain.com,3412,forced,0
2273,2022-03-08,email2277@domain.uk,3860,automatic,0
6692,2021-12-29,email3143@domain.it,7098,default,0
8679,2021-11-26,email17528@domain.com,4468,default,0
5240,2021-12-14,email23733@domain.it,7025,default,0
7253,2021-08-18,email8587@domain.com,2990,default,0
7540,2021-12-09,email268@domain.com,3489,default,1
3560,2022-04-12,email4871@domain.it,203,default,0
3535,2021-12-06,email4208@domain.com,374,default,0
9529,2021-07-18,email16248@domain.com,8010,forced,0
5018,2021-11-08,email11625@domain.com,7530,automatic,0
3928,2021-10-16,email523@domain.com,593,automatic,0
7744,2021-11-17,email17338@domain.it,5940,default,0
6,2022-06-26,email3730@domain.com,7732,default,0
8488,2022-02-07,email8688@domain.it,534,default,0
2797,2021-08-04,email1184@domain.it,3868,default,0
4521,2021-11-02,email8047@domain.com,4054,default,0
3393,2022-05-13,email17185@domain.com,968,forced,0
6176,2022-05-26,email5220@domain.com,2589,automatic,1
2651,2021-08-24,email185@domain.it,3602,default,0
7623,2022-01-21,email681@domain.com,6765,automatic,0
3545,2021-08-24,email15265@domain.com,2170,default,0
6034,2021-11-28,email4728@domain.it,1621,default,0
4950,2022-06-15,email3806@domain.com,6142,default,0
6335,2021-11-04,email46059@domain.com,8218,default,0
7046,2021-08-15,email2128@domain.es,7011,default,0
9672,2022-03-09,email20292@domain.com,5556,default,0
3343,2021-10-16,email3082@domain.es,2550,default,0
1158,2021-12-12,email11688@domain.es,1281,automatic,0
6608,2021-11-30,email11719@domain.es,5451,automatic,0
5710,2022-02-28,email4761@domain.com,1203,default,0
3266,2022-02-05,email5581@domain.com,2222,default,0
5949,2022-01-27,email3608@domain.uk,8609,default,0
8356,2021-09-07,email18939@domain.es,8241,default,0
8877,2021-07-31,email14729@domain.it,7495,forced,0
3865,2021-09-02,email7720@domain.com,2033,automatic,0
2254,2021-10-13,email637@domain.uk,3255,default,1
2949,2021-09-21,email16846@domain.it,2984,automatic,0
1999,2021-08-24,email6394@domain.es,3732,default,0
7375,2022-04-04,email15172@domain.com,3924,forced,0
4444,2022-01-17,email1623@domain.it,3987,default,0
258,2021-07-19,email399@domain.es,1979,automatic,0
4273,2021-08-23,email2167@domain.com,50,default,0
9031,2021-08-19,email2540@domain.es,8618,automatic,0
7021,2021-10-20,email1078@domain.it,3434,default,0
2112,2021-09-22,email18642@domain.it,5757,default,0
2259,2022-04-30,email8507@domain.es,4255,default,0
8106,2022-04-19,email578@domain.uk,659,default,0
1474,2021-12-10,email3@domain.com,7762,default,0
265,2021-10-26,email2619@domain.it,6073,automatic,0
7668,2021-08-12,email21914@domain.it,1196,default,0
8559,2021-12-02,email7202@domain.com,489,automatic,1
423,2021-07-04,email3464@domain.it,4092,default,0
4896,2021-10-13,email1870@domain.uk,2666,automatic,0
8897,2021-10-28,email7932@domain.it,2465,automatic,0
1523,2021-12-14,email7050@domain.it,5114,default,0
8152,2021-11-02,email4016@domain.uk,6499,forced,0
2985,2022-05-06,email2702@domain.uk,6930,default,0
6822,2022-06-11,email68@domain.it,4435,default,0
358,2021-08-02,email21064@domain.es,4217,default,0
6257,2022-01-09,email23851@domain.com,2594,default,0
6026,2021-09-25,email20837@domain.com,1977,default,0
5362,2022-03-14,email1739@domain.it,1326,default,0
9748,2021-08-19,email10783@domain.com,8303,default,0
5099,2022-06-15,email10807@domain.es,3347,default,0
7166,2022-05-03,email6567@domain.com,8522,forced,0
335,2021-12-31,email12652@domain.com,5824,default,1
6479,2021-10-15,email10790@domain.uk,6444,automatic,0
2885,2022-01-06,email2330@domain.com,4801,default,0
2977,2022-04-27,email17829@domain.it,2034,default,0
7403,2022-01-12,email1501@domain.es,4957,default,0
1091,2022-02-13,email12126@domain.es,554,default,0
1634,2021-10-18,email1789@domain.com,3487,default,0
498,2022-05-06,email4816@domain.com,5092,default,0
5495,2021-08-27,email21010@domain.uk,4862,automatic,1
1059,2021-11-27,email11668@domain.uk,7871,automatic,0
8811,2021-09-22,email5261@domain.com,6910,default,0
5813,2022-03-04,email7438@domain.com,1858,default,0
9157,2021-07-20,email158@domain.com,3155,automatic,1
3251,2022-04-06,email754@domain.uk,1144,default,0
248,2021-11-24,email23403@domain.com,7358,default,0
2714,2021-07-22,email39504@domain.es,8046,forced,0
8232,2021-07-16,email2527@domain.it,8611,default,0
2063,2021-07-31,email9086@domain.com,1626,default,0
7563,2022-04-11,email2058@domain.es,3432,automatic,0
8274,2021-08-20,email10251@domain.com,365,default,0
1355,2022-04-08,email3147@domain.com,3328,default,0
7821,2021-07-11,email7286@domain.com,1130,default,1
39,2022-04-08,email3596@domain.it,3737,default,0
6995,2022-03-01,email1563@domain.it,2610,default,0
8664,2022-03-28,email18688@domain.it,8081,default,0
3964,2021-11-10,email5364@domain.it,5198,default,0
852,2021-11-09,email5511@domain.it,524,default,0
6107,2021-12-22,email6953@domain.it,1910,default,0
4042,2021-12-04,email20677@domain.com,5355,default,0
6930,2022-04-29,email17018@domain.es,5133,default,0
1624,2021-10-03,email10751@domain.uk,7288,default,1
3869,2021-12-08,email2607@domain.com,405,forced,0
3933,2022-03-10,email11944@domain.it,7249,automatic,0
3017,2021-11-06,email10911@domain.it,6326,default,0
1371,2022-04-08,email1849@domain.com,633,default,0
6626,2022-01-08,email9341@domain.com,2719,automatic,1
2175,2021-08-19,email2564@domain.it,934,default,0
9508,2021-10-14,email16106@domain.com,3325,default,0
4321,2021-12-19,email17711@domain.it,853,automatic,0
1771,2022-04-05,email1827@domain.com,2120,default,0
5226,2021-09-09,email6522@domain.it,8307,automatic,0
2370,2022-05-23,email8274@domain.com,3039,default,0
6642,2022-03-07,email3020@domain.com,8273,default,0
3620,2021-10-06,email1379@domain.com,5718,default,0
2902,2021-10-12,email1782@domain.es,5084,forced,0
7220,2022-06-30,email41428@domain.uk,4088,default,0
4201,2021-12-29,email25068@domain.uk,867,automatic,0
9393,2022-03-19,email16753@domain.com,1407,default,1
6513,2021-10-22,email16384@domain.com,2584,default,0
5105,2022-04-02,email13944@domain.com,6473,default,1
488,2021-10-09,email5531@domain.it,32,automatic,0
5939,2021-11-10,email10250@domain.uk,7364,default,0
7110,2021-07-19,email10251@domain.it,987,default,0
2610,2021-10-01,email15374@domain.it,4248,default,0
2336,2021-07-07,email687@domain.it,1579,default,0
5963,2022-02-05,email3625@domain.com,8475,automatic,0
6484,2022-05-26,email19101@domain.com,350,default,0
3510,2021-10-16,email47559@domain.it,4065,forced,0
4702,2021-09-10,email261@domain.uk,3599,default,0
4883,2022-04-08,email605@domain.it,1877,automatic,0
1340,2021-09-04,email5832@domain.com,6669,automatic,0
5216,2021-11-20,email24389@domain.uk,3941,automatic,0
5428,2021-08-19,email9338@domain.it,5056,default,0
92,2022-05-05,email7301@domain.uk,3704,automatic,1
9711,2021-11-25,email10182@domain.com,7766,default,0
6970,2022-06-03,email8074@domain.es,3948,automatic,0
6844,2022-03-15,email5111@domain.com,5324,default,0
9409,2022-01-26,email8843@domain.it,8431,default,0
1828,2021-12-24,email736@domain.it,1454,default,0
6572,2021-11-25,email6898@domain.es,7203,default,0
2643,2022-04-05,email17110@domain.com,3250,default,0
1450,2022-02-07,email13675@domain.es,2246,default,1
3658,2021-10-24,email9480@domain.com,2226,default,0
8218,2021-09-22,email8169@domain.com,8532,automatic,0
5164,2021-08-25,email14096@domain.es,8184,default,0
2472,2022-04-05,email7935@domain.it,3619,default,0
9627,2021-11-03,email2158@domain.uk,2255,default,0
5142,2021-07-21,email11661@domain.com,3296,default,0
7714,2022-05-10,email994@domain.it,3738,default,0
8827,2021-07-08,email12017@domain.uk,578,forced,0
3380,2021-07-05,email5446@domain.com,5995,automatic,0
8730,2021-11-11,email8279@domain.es,1298,default,0
2264,2021-10-26,email359@domain.com,4036,forced,1
1689,2022-03-10,email5179@domain.com,2833,default,1
8583,2022-04-07,email5525@domain.it,1720,forced,0
7737,2022-05-08,email4382@domain.com,2150,default,0
6550,2022-03-17,email6768@domain.uk,552,automatic,0
5211,2021-12-07,email9212@domain.com,5615,forced,1
6920,2022-04-08,email72963@domain.it,150,automatic,0
5954,2021-11-15,email14423@domain.com,1792,default,0
2210,2021-09-15,email11168@domain.com,2249,default,0
6099,2021-10-29,email6560@domain.com,309,forced,1
4610,2021-08-12,email6576@domain.it,622,automatic,0
7060,2021-11-09,email8753@domain.com,6009,default,0
3602,2022-04-06,email13004@domain.it,4896,automatic,0
5118,2021-10-24,email2225@domain.com,1643,default,0
1532,2022-04-08,email2362@domain.uk,2998,default,0
1780,2021-08-31,email33877@domain.it,3535,automatic,0
8695,2021-07-25,email875@domain.it,317,automatic,0
3312,2022-04-13,email1345@domain.it,1183,default,0
6232,2022-05-08,email18062@domain.com,3187,default,0
3557,2022-04-07,email12250@domain.it,203,default,0
4929,2021-09-26,email14767@domain.com,5948,default,0
6940,2022-01-22,email278@domain.com,8256,default,0
5293,2021-09-03,email25453@domain.it,5617,default,0
4229,2022-05-19,email21705@domain.it,8652,automatic,0
6805,2022-01-08,email4326@domain.com,3650,default,0
25,2022-04-25,email575@domain.it,2159,default,0
8242,2022-04-25,email29446@domain.com,4444,default,0
2774,2022-06-21,email2067@domain.com,8209,default,0
6074,2021-12-10,email3168@domain.it,7078,default,0
8843,2021-12-26,email8056@domain.it,8406,default,0
1040,2021-11-15,email34708@domain.it,469,automatic,0
8595,2022-02-18,email5199@domain.es,2411,automatic,0
5798,2021-11-09,email16986@domain.com,3857,forced,0
887,2022-03-25,email2833@domain.com,8131,default,1
5467,2021-08-26,email19867@domain.it,1913,forced,0
1612,2021-12-07,email4129@domain.com,273,default,0
1332,2022-02-05,email9236@domain.com,1546,default,0
3364,2022-05-18,email176@domain.com,292,default,0
2772,2021-10-22,email4795@domain.com,6243,default,0
8566,2021-07-25,email2178@domain.com,3134,default,0
9577,2021-11-20,email40517@domain.com,2055,default,0
5991,2021-12-16,email1879@domain.it,6753,default,0
9406,2022-05-27,email4567@domain.it,5266,forced,0
8190,2021-11-20,email6715@domain.it,3062,default,0
9796,2021-11-05,email4663@domain.com,2790,default,0
3802,2021-10-16,email8092@domain.com,545,automatic,0
4443,2022-01-15,email8512@domain.it,3987,default,0
938,2022-04-12,email25101@domain.uk,5404,default,0
7816,2021-09-16,email25466@domain.it,7075,default,0
4879,2022-06-16,email2105@domain.com,6821,automatic,0
5930,2021-12-31,email9576@domain.es,3141,default,0
3487,2021-07-11,email19783@domain.it,7180,default,0
2363,2021-10-17,email41312@domain.it,8073,default,1
9958,2021-08-16,email10088@domain.it,2545,forced,0
5384,2022-04-13,email5831@domain.it,639,default,0
7362,2021-07-08,email182@domain.com,47,automatic,0
3709,2022-02-23,email18510@domain.uk,1645,default,0
6059,2021-09-06,email3042@domain.com,614,automatic,0
2297,2022-04-16,email33173@domain.it,5202,default,1
9991,2021-08-26,email4397@domain.com,7731,default,0
3639,2022-01-27,email2330@domain.uk,4918,default,0
3967,2022-01-26,email22249@domain.it,731,default,0
4516,2021-07-16,email4020@domain.com,4909,automatic,0
5912,2021-10-07,email9647@domain.com,8116,default,0
9706,2022-06-22,email5910@domain.com,2272,default,0
3550,2021-08-05,email8954@domain.uk,6923,automatic,0
4963,2021-07-19,email2656@domain.es,5541,default,0
8375,2022-02-14,email45651@domain.it,6888,default,0
2415,2021-12-16,email1081@domain.com,454,default,0
4752,2022-01-05,email24503@domain.com,5423,default,1
6621,2021-12-11,email1668@domain.it,573,forced,0
6017,2021-11-18,email4352@domain.com,7578,default,0
7852,2021-08-21,email8723@domain.com,1985,automatic,0
8473,2022-06-14,email10660@domain.com,5779,default,0
4398,2022-06-04,email13846@domain.com,2709,default,0
1079,2022-05-19,email12664@domain.com,3803,default,0
547,2022-06-09,email13385@domain.com,5258,automatic,0
9523,2022-05-06,email31@domain.com,8059,default,0
8819,2022-04-26,email2769@domain.uk,5913,default,0
7845,2022-01-17,email2292@domain.com,6705,default,1
675,2022-01-05,email5450@domain.it,922,forced,0
4893,2022-03-22,email898@domain.com,4603,automatic,0
5723,2022-01-23,email6717@domain.uk,6542,automatic,0
3808,2022-01-07,email5540@domain.it,3037,default,0
1126,2021-10-27,email568@domain.com,921,automatic,0
8618,2021-11-17,email43718@domain.com,8384,default,0
7393,2022-05-16,email3478@domain.uk,415,default,0
8179,2022-04-11,email22010@domain.it,4062,default,0
1360,2021-07-25,email12474@domain.com,4845,default,0
4453,2022-05-12,email6670@domain.com,156,forced,0
9451,2022-05-17,email1369@domain.com,1966,automatic,0
4448,2022-04-05,email9915@domain.com,1664,default,0
3233,2022-04-28,email13730@domain.com,2013,default,0
9883,2021-10-06,email4603@domain.com,256,default,0
4172,2022-05-29,email21545@domain.uk,8051,automatic,0
6370,2022-03-21,email1323@domain.uk,1598,default,1
234,2022-04-07,email6755@domain.uk,2752,default,0
3472,2021-08-12,email5059@domain.it,947,default,0
7474,2021-08-24,email18649@domain.uk,4046,default,0
210,2022-02-10,email1480@domain.uk,2027,default,1
6154,2021-09-05,email13903@domain.it,8333,forced,0
8169,2021-07-04,email955@domain.com,6203,automatic,0
4460,2022-04-07,email11684@domain.uk,54,default,0
8058,2022-04-01,email16604@domain.es,1847,automatic,0
8447,2021-09-02,email9719@domain.com,5379,default,0
466,2021-08-04,email12714@domain.com,4415,automatic,0
4224,2021-09-15,email24912@domain.it,372,default,0
1909,2022-06-22,email3234@domain.com,4584,default,0
884,2021-08-14,email6182@domain.uk,4678,automatic,0
9744,2022-04-16,email31616@domain.com,7820,default,0
424,2021-11-05,email2334@domain.it,6630,default,0
7305,2022-02-09,email11153@domain.it,6825,forced,1
3585,2021-08-23,email24281@domain.com,8587,default,0
2072,2021-09-24,email4061@domain.com,7727,default,0
7805,2022-04-19,email11653@domain.es,7877,automatic,0
2805,2022-06-15,email2932@domain.com,1238,default,0
1556,2021-09-04,email13601@domain.uk,2125,automatic,0
1936,2022-01-22,email24619@domain.uk,7567,default,0
4945,2021-12-12,email23910@domain.it,979,forced,0
853,2022-05-31,email3604@domain.uk,2900,automatic,1
8055,2022-04-12,email12559@domain.com,4409,automatic,0
1341,2021-12-07,email1651@domain.it,3668,default,0
2056,2021-09-17,email8305@domain.it,3471,default,0
6103,2021-08-13,email9983@domain.com,1019,default,0
1819,2022-03-06,email25743@domain.com,4554,default,1
763,2021-07-14,email1364@domain.uk,876,default,0
4810,2021-07-27,email1409@domain.it,6359,default,0
786,2022-02-24,email5175@domain.it,2783,default,1
3503,2021-08-26,email287@domain.it,4994,default,0
5251,2021-08-21,email7516@domain.it,7491,default,1
3394,2022-04-06,email8484@domain.uk,4050,default,1
8634,2021-07-27,email5644@domain.it,7509,default,0
6356,2021-09-21,email11484@domain.es,8181,default,0
2081,2021-07-16,email9456@domain.it,1508,default,0
8951,2021-12-24,email542@domain.it,8514,automatic,0
4446,2021-12-18,email7621@domain.it,6755,default,0
2869,2021-11-07,email11494@domain.com,7077,automatic,0
6870,2021-11-10,email38214@domain.com,701,default,0
8381,2021-12-15,email634@domain.it,5350,forced,0
9810,2021-11-25,email16299@domain.it,1942,forced,0
1232,2021-08-15,email3105@domain.es,6139,automatic,0
2371,2022-04-26,email1808@domain.uk,1945,automatic,0
8939,2021-09-26,email2828@domain.com,7913,automatic,0
8235,2021-08-01,email14054@domain.es,5177,default,0
399,2021-11-18,email8648@domain.com,5365,default,0
8484,2021-07-11,email7431@domain.com,7580,default,0
3987,2022-02-21,email36020@domain.uk,3812,automatic,0
524,2021-07-11,email11852@domain.com,5889,default,0
3671,2021-11-27,email283@domain.es,320,default,1
6619,2021-12-07,email7220@domain.com,2094,automatic,0
4422,2022-06-15,email1753@domain.com,8617,default,0
9999,2022-04-11,email6540@domain.uk,836,automatic,0
1255,2021-12-08,email17138@domain.com,1844,default,0
2011,2021-07-16,email3858@domain.uk,5525,default,0
3683,2022-05-08,email6582@domain.com,8240,default,0
259,2022-02-05,email28096@domain.it,7792,default,0
5265,2021-11-04,email9386@domain.com,8186,default,0
8974,2021-10-26,email2747@domain.it,2698,default,1
5058,2022-02-20,email282@domain.es,6986,default,0
6237,2022-04-01,email2265@domain.com,5557,automatic,1
3429,2022-01-03,email31368@domain.com,8344,automatic,0
3164,2022-04-28,email1113@domain.com,5636,default,0
1405,2022-05-27,email1120@domain.it,3637,default,0
9766,2021-09-27,email6786@domain.it,1171,default,0
9620,2021-12-03,email1514@domain.com,4045,default,0
5289,2021-10-22,email33923@domain.uk,4511,default,1
6323,2021-07-24,email39068@domain.it,5877,automatic,1
8691,2022-01-19,email3561@domain.it,8052,default,0
7665,2021-09-29,email25107@domain.it,5400,default,0
6048,2021-07-12,email146@domain.it,8001,automatic,0
3512,2021-10-29,email2100@domain.it,826,default,0
1845,2022-03-27,email22409@domain.uk,7728,default,0
7734,2022-01-13,email1077@domain.it,4668,default,0
5048,2022-04-07,email4558@domain.it,5513,default,0
8037,2021-09-16,email12974@domain.uk,8465,default,0
9781,2022-04-02,email9578@domain.it,4289,default,1
4506,2021-11-04,email22705@domain.com,901,default,0
6949,2021-08-08,email13316@domain.com,303,default,0
7937,2022-04-12,email3094@domain.uk,4377,default,0
7022,2021-10-27,email27047@domain.it,3434,default,0
7785,2021-10-28,email47414@domain.it,621,automatic,0
5993,2021-11-27,email2157@domain.uk,5058,automatic,0
7933,2022-06-16,email5538@domain.com,6246,automatic,0
1432,2022-03-08,email29675@domain.com,225,default,0
2433,2021-12-18,email3933@domain.com,7316,automatic,0
479,2022-06-30,email14615@domain.com,324,automatic,0
6412,2022-04-06,email20332@domain.it,4323,default,0
1073,2022-06-10,email18170@domain.es,1446,forced,0
843,2022-06-09,email5296@domain.com,472,default,0
7643,2021-09-17,email3142@domain.it,5099,default,0
5694,2021-12-13,email10299@domain.es,8448,automatic,0
8930,2021-12-01,email16255@domain.uk,889,default,0
7882,2021-07-09,email14394@domain.it,6681,default,0
8283,2021-08-15,email4056@domain.it,5038,default,0
5716,2022-01-22,email34464@domain.com,1263,forced,0
5388,2022-05-26,email2001@domain.com,2202,default,0
4381,2022-04-28,email5052@domain.it,5320,automatic,1
2958,2022-02-15,email181@domain.it,4607,default,1
