id,vehicle_type,city
353,car,Milan
8348,car,Milan
5435,car,London
234,motorcycle,Madrid
1726,car,Milan
7393,motorcycle,London
3970,motorcycle,Madrid
7427,motorcycle,Rome
7368,motorcycle,Milan
808,motorcycle,Milan
4868,car,London
8185,motorcycle,Milan
3778,motorcycle,Madrid
7550,car,Rome
8164,car,Milan
6180,car,Milan
6339,car,Milan
1323,motorcycle,Milan
3253,car,Milan
1198,car,Rome
20,motorcycle,Madrid
2544,motorcycle,Madrid
4982,car,London
3400,car,Rome
5369,car,Madrid
5426,car,Milan
4257,car,Madrid
480,motorcycle,Rome
4600,car,Milan
45,motorcycle,Rome
6822,car,London
2466,car,London
1072,van,Rome
535,van,Milan
4963,car,Rome
4974,car,Madrid
4480,car,Rome
3142,car,Rome
2522,car,Rome
3547,car,London
3175,car,Rome
4068,car,Rome
1401,car,Milan
5665,motorcycle,Rome
1657,car,Milan
4203,car,Madrid
5010,car,Milan
2543,van,Rome
5003,car,Rome
8320,van,Rome
254,car,Rome
7456,motorcycle,Madrid
5051,car,Madrid
786,car,Madrid
6392,car,Milan
7847,car,Milan
6164,car,Rome
589,car,Rome
3908,car,Milan
1064,car,Milan
2140,car,Rome
3795,car,Rome
8666,car,Milan
6708,car,Milan
1872,car,Milan
7952,van,Milan
3470,car,Madrid
8053,car,Milan
8374,motorcycle,London
2245,car,London
6644,car,Milan
2514,car,London
8578,car,Milan
223,motorcycle,Madrid
8418,motorcycle,Milan
5625,motorcycle,Rome
3542,car,Madrid
1679,car,Madrid
881,van,Milan
4309,car,Milan
648,car,Milan
3207,car,Madrid
1879,car,Milan
673,car,Milan
5990,motorcycle,Milan
6853,van,Milan
5205,car,Rome
2176,car,Madrid
7564,car,Rome
2203,car,London
4348,car,Milan
4579,car,Madrid
3965,motorcycle,Milan
4000,car,Milan
7432,car,Rome
3784,motorcycle,Rome
6342,car,Madrid
5290,motorcycle,Milan
8027,car,London
5110,car,London
1448,car,Milan
3692,car,Rome
7671,car,Rome
5071,car,London
6261,car,Rome
8311,car,London
3086,motorcycle,Madrid
3543,car,Rome
7012,car,Rome
3632,car,Madrid
199,car,Rome
3583,motorcycle,Milan
1245,car,Milan
7248,car,London
7788,car,Rome
7886,car,Rome
4742,car,London
8290,motorcycle,Milan
3805,motorcycle,Milan
4351,car,Rome
2942,car,Rome
5662,car,Rome
7708,car,Milan
1360,motorcycle,Milan
5690,car,Rome
1111,car,Rome
5904,motorcycle,Milan
6179,motorcycle,Madrid
1555,car,Milan
2119,motorcycle,Milan
3741,car,Rome
4987,car,Rome
7909,car,Rome
1490,car,Rome
7906,car,Milan
7333,car,Madrid
2277,car,Rome
5088,car,Rome
5661,car,Rome
281,car,Milan
8326,car,Rome
7739,van,Rome
6206,motorcycle,Rome
3512,car,London
3521,car,London
4598,car,Milan
4782,car,Rome
6032,motorcycle,Rome
5240,car,Milan
7949,car,Madrid
1188,car,Rome
1713,car,Milan
2518,car,Milan
5577,motorcycle,Madrid
7019,car,Milan
240,car,Madrid
6230,car,Rome
6448,car,Milan
2670,car,Milan
6518,motorcycle,Milan
6851,car,Milan
6986,car,Madrid
48,car,Rome
6528,motorcycle,Milan
4946,car,London
3393,car,London
5463,car,Milan
6310,car,Milan
8107,car,Rome
4083,van,Rome
6579,van,Milan
1762,motorcycle,Milan
3731,car,Madrid
3189,motorcycle,Milan
2052,motorcycle,Milan
3699,car,Madrid
2008,motorcycle,Milan
2048,car,Madrid
6351,car,London
4711,car,London
2907,car,Milan
4965,van,Milan
362,car,Milan
4337,car,Milan
7611,car,Milan
490,car,London
4373,car,Milan
3836,car,Milan
7696,car,Milan
2435,motorcycle,Rome
6915,car,Madrid
3551,car,Madrid
1040,car,Milan
2097,car,Milan
3662,car,London
5842,car,Madrid
4718,car,Milan
6580,car,London
3016,car,Milan
4179,car,Rome
4332,car,London
1467,car,Milan
1343,car,Milan
5981,car,Milan
7145,van,Milan
6428,car,Milan
615,car,Rome
3039,car,Milan
2761,car,London
3774,car,Milan
3592,car,Rome
6496,car,London
1315,car,Rome
6920,motorcycle,Rome
4006,motorcycle,Milan
3607,car,Milan
1895,car,Rome
4913,car,Rome
5977,motorcycle,Rome
7111,car,Rome
5743,motorcycle,Madrid
8166,car,Milan
7044,car,Madrid
3173,car,Rome
5918,motorcycle,Rome
3369,motorcycle,Milan
1196,car,Rome
62,car,Madrid
6182,car,Milan
3606,car,Milan
7900,motorcycle,Milan
5650,car,Rome
8265,car,Milan
3062,car,Rome
2773,car,Milan
7670,car,Rome
6829,car,Madrid
5621,car,Milan
7162,car,Rome
2418,motorcycle,Milan
2421,car,Milan
5425,motorcycle,Milan
6581,car,Rome
1016,car,Madrid
1184,car,London
699,motorcycle,Madrid
1069,car,London
3251,car,Milan
5660,car,London
5408,car,London
7742,car,Milan
8258,car,Milan
110,car,London
1438,car,Rome
7252,car,Milan
1044,motorcycle,Rome
7075,car,Rome
1763,car,Madrid
5153,car,Madrid
1770,car,Rome
3922,van,Madrid
4968,car,Rome
6401,car,Milan
5950,motorcycle,London
8347,car,Rome
2303,car,Milan
6665,car,Rome
2442,motorcycle,Madrid
2866,car,Rome
7351,car,Milan
8538,car,Rome
941,motorcycle,Milan
7498,car,Milan
6045,motorcycle,London
4547,car,Milan
2984,car,Rome
5909,car,Milan
93,car,Madrid
292,car,Milan
8534,car,Milan
1892,car,Madrid
7752,motorcycle,Milan
645,car,Milan
2927,car,Milan
554,car,Madrid
5849,car,Rome
3507,motorcycle,Milan
7726,car,Rome
8052,car,Rome
4899,car,Rome
4937,car,Rome
2664,motorcycle,Rome
3238,car,Rome
5483,car,Milan
4550,car,Milan
3921,car,Rome
5346,car,Milan
3653,car,Milan
2721,car,Milan
2881,car,Rome
2918,car,Milan
189,van,Rome
5856,car,Rome
1637,car,Milan
5400,car,Rome
2452,motorcycle,Milan
1982,car,Milan
2295,car,Rome
1918,car,Rome
1562,car,Rome
5138,car,Rome
8210,motorcycle,Milan
4651,car,Rome
6958,car,Rome
43,car,London
2126,car,Milan
2337,car,Madrid
5359,car,Rome
251,car,Milan
7275,car,Rome
1262,car,London
7204,motorcycle,Milan
7276,car,Milan
6924,car,Milan
632,car,Madrid
167,car,Milan
7616,car,London
4789,car,Milan
920,van,Madrid
7701,car,Madrid
8315,car,Madrid
8065,car,Milan
407,car,London
184,car,Milan
4153,car,London
1697,car,Madrid
1830,car,Milan
6317,car,Madrid
2041,van,Madrid
4667,car,Milan
4733,car,London
4860,car,London
100,motorcycle,Rome
1789,car,Rome
3591,car,Madrid
6846,motorcycle,Milan
4186,car,Milan
6215,van,Milan
6619,car,London
5564,car,London
3933,motorcycle,Milan
6575,car,Milan
5784,car,Rome
1994,car,Madrid
819,car,Milan
5092,car,Milan
205,car,Rome
1464,car,London
8646,car,Rome
361,motorcycle,Milan
886,car,Rome
7266,car,Madrid
6295,van,Rome
850,car,Madrid
8322,car,Milan
4510,car,Rome
7206,car,London
2879,motorcycle,Milan
6116,car,Madrid
6277,car,Milan
3418,car,Madrid
1302,motorcycle,Rome
7566,car,London
6364,car,Milan
1279,car,Rome
5339,car,Rome
7815,car,Milan
6447,car,Rome
8531,motorcycle,London
8241,car,Madrid
7666,car,Rome
545,car,Milan
2831,car,Milan
4652,car,Milan
7615,car,Rome
144,car,Milan
8500,car,Milan
298,car,Milan
2733,car,Rome
581,car,Rome
3963,car,London
5364,car,Rome
4813,van,Rome
4118,car,Rome
677,car,Rome
6638,car,Rome
4874,car,Rome
4780,car,Rome
721,car,Rome
3354,car,Rome
2030,car,Madrid
4773,car,Milan
8515,car,Rome
149,car,Milan
5271,car,Rome
4704,car,Milan
917,car,Milan
8153,car,Rome
609,car,Milan
5568,car,Rome
5597,car,Rome
2575,car,Milan
8357,car,Milan
6762,car,Madrid
1764,car,London
4079,car,Madrid
4690,car,Milan
4589,car,Milan
419,car,Milan
653,motorcycle,Rome
1322,van,Milan
1013,car,Milan
8039,car,Rome
1047,car,Milan
5646,car,London
3895,car,London
17,car,Milan
2955,car,Rome
4073,car,Rome
4271,car,Rome
3854,car,Milan
4979,car,Rome
3884,car,London
7811,car,Madrid
963,motorcycle,Milan
3229,car,Rome
4632,car,Milan
4475,car,Rome
5017,motorcycle,Milan
7208,van,Milan
2321,motorcycle,Milan
8458,motorcycle,Milan
8228,car,Milan
1386,motorcycle,Milan
3863,car,Milan
3313,car,Milan
5848,car,Milan
1531,car,Madrid
6405,car,Rome
501,car,Milan
3155,car,Milan
3829,car,Madrid
6589,car,Milan
1123,car,Milan
4929,car,Rome
4751,car,Rome
6975,car,Milan
6551,car,Rome
3282,car,Rome
2310,car,London
1390,car,London
4978,motorcycle,Milan
6403,car,Milan
2090,car,Milan
8267,car,Madrid
1025,motorcycle,Madrid
332,car,Rome
5583,car,Rome
6788,car,London
152,car,London
7236,car,Milan
8421,car,Milan
2393,car,Milan
2754,car,Milan
950,car,Rome
1298,car,Madrid
4239,car,Rome
1023,car,Madrid
3907,car,Rome
441,motorcycle,Milan
4611,car,Milan
712,car,Milan
1703,car,London
191,car,Rome
5147,car,London
8632,motorcycle,London
3078,motorcycle,Milan
6002,motorcycle,Milan
7574,car,Milan
2164,car,London
500,car,Milan
2935,car,Rome
8584,motorcycle,Milan
7403,car,Rome
8069,car,Rome
6783,car,Milan
84,car,Milan
2770,car,Milan
7234,car,Milan
4915,car,Rome
7137,car,London
7868,car,Rome
8180,car,London
3828,car,Rome
4420,car,Rome
3910,car,Rome
1507,car,London
3499,car,Rome
8439,car,Madrid
3455,car,Milan
7699,car,London
4321,car,Milan
4944,motorcycle,Madrid
2600,van,Milan
4658,van,Milan
1759,car,Rome
3284,car,Madrid
841,car,London
5795,car,Rome
2001,motorcycle,Milan
2628,car,Milan
4624,motorcycle,Rome
4345,motorcycle,Milan
3038,car,Rome
4315,car,Rome
4794,car,Rome
848,car,Milan
6864,car,Madrid
7491,car,Rome
6077,car,London
1854,car,Madrid
7017,car,Rome
1535,car,London
4310,car,Milan
1307,car,Milan
6140,car,London
4890,motorcycle,Milan
8062,van,Rome
49,car,Rome
270,car,Milan
1837,car,Milan
5082,car,Milan
1389,car,Rome
7062,car,Milan
2998,car,London
5067,car,Rome
2565,car,Milan
3122,motorcycle,Rome
2991,car,Milan
6039,motorcycle,London
2213,car,Milan
7650,car,Madrid
7136,car,Milan
6515,motorcycle,Milan
806,car,Milan
2602,car,Milan
6623,car,Milan
2108,car,London
547,car,London
3161,car,Rome
8377,car,Rome
1624,car,London
979,car,Rome
8098,car,Milan
7166,car,Milan
1529,motorcycle,London
1664,car,Milan
3666,car,Milan
2160,car,Rome
14,car,Milan
8639,motorcycle,Milan
6797,car,Rome
6999,car,Rome
2409,car,Milan
985,car,Milan
7144,car,London
5593,car,Rome
7876,car,Rome
4917,car,London
3856,car,Milan
5184,car,Rome
1168,car,London
1964,car,Rome
8133,car,Milan
3356,car,Milan
5980,car,Milan
334,car,Rome
926,car,London
8204,motorcycle,Milan
1271,car,Rome
6008,car,Rome
2280,car,Milan
6356,car,Rome
1773,car,Rome
5403,car,London
1653,motorcycle,Rome
6081,van,Rome
7956,van,Milan
7607,car,Madrid
1658,car,Milan
3214,car,Rome
6306,car,Milan
6262,car,London
5411,car,Rome
1472,car,Milan
1398,motorcycle,Rome
1966,car,Milan
5594,car,London
7249,car,Rome
5699,motorcycle,Milan
3880,car,Milan
6344,car,Milan
5086,car,Milan
3948,car,Madrid
7458,motorcycle,Milan
1173,car,London
3231,car,London
4366,motorcycle,Milan
7830,car,Rome
8390,car,London
2837,car,Milan
4113,car,London
8337,car,Milan
8050,car,Madrid
6781,car,Rome
969,car,Milan
5691,car,Milan
4948,motorcycle,Milan
1117,car,Milan
2460,car,Milan
1571,motorcycle,Madrid
7602,car,Rome
7838,car,Milan
6635,car,Milan
5890,car,Madrid
3094,motorcycle,Milan
7203,motorcycle,Madrid
6852,car,Rome
4320,car,Madrid
1238,motorcycle,Milan
2187,car,Milan
431,car,Milan
5884,car,Milan
8291,car,Rome
5807,car,London
6927,car,London
6906,car,Madrid
7657,car,Milan
907,car,Rome
3103,car,Milan
993,car,Milan
7183,car,Madrid
5894,car,Milan
7117,car,Rome
7305,motorcycle,Milan
459,car,Milan
901,van,Milan
1101,motorcycle,Madrid
7490,car,Milan
235,car,Milan
6083,motorcycle,Rome
8568,car,Madrid
6801,car,Rome
2258,car,Rome
2707,car,Madrid
6103,car,Rome
4936,car,London
4723,car,Milan
7621,car,Rome
3335,car,Milan
1565,van,Rome
2591,car,Milan
4031,car,London
5289,car,Madrid
3541,car,London
3858,car,Milan
127,car,Rome
2078,car,Milan
799,car,Milan
1767,car,London
5774,motorcycle,Madrid
1584,car,Milan
7,car,Madrid
1361,motorcycle,Milan
8511,car,Rome
4498,car,Milan
2076,car,Madrid
7703,car,Milan
8581,motorcycle,Milan
3491,car,Rome
629,car,Milan
4396,car,Milan
3503,car,Madrid
6118,car,Milan
8179,motorcycle,Milan
6758,car,Rome
4236,car,Milan
1863,car,London
2726,car,London
2477,car,Milan
820,car,Madrid
900,car,Rome
3425,car,Milan
401,car,Rome
3200,car,Rome
5996,car,Rome
1665,car,Rome
216,car,Rome
3294,car,Rome
4686,car,Milan
222,motorcycle,Milan
1766,car,Rome
1065,car,Rome
6442,motorcycle,Milan
758,car,Rome
4436,car,Rome
4078,car,Madrid
5488,car,Madrid
3467,motorcycle,London
6316,car,Madrid
245,van,Rome
4985,motorcycle,Milan
1469,car,London
2977,van,Milan
212,car,Milan
2820,car,Milan
2406,car,Rome
5512,car,Rome
1984,car,Milan
7850,car,Rome
4640,car,Milan
5942,car,Milan
7894,motorcycle,Madrid
5871,motorcycle,Rome
2519,motorcycle,Milan
252,car,Madrid
7304,car,Rome
1138,car,Milan
1035,car,London
3738,car,Rome
924,car,London
8124,car,Madrid
4021,car,Madrid
8183,car,London
3268,car,Rome
284,car,Madrid
1294,car,London
8138,car,Milan
4333,car,Milan
921,motorcycle,Milan
7265,motorcycle,Rome
8441,car,Rome
4334,car,Madrid
6602,motorcycle,Milan
8611,car,Rome
8278,car,Madrid
3421,car,Madrid
7637,car,Rome
1932,car,Milan
3520,car,London
6998,car,Madrid
6248,car,London
5829,car,Milan
2207,car,Milan
1776,car,London
8442,car,Milan
23,car,Rome
943,car,Rome
8355,car,Rome
4857,car,Milan
6714,car,Rome
6446,car,Milan
6110,car,Milan
5897,car,Milan
8244,motorcycle,Rome
6459,car,Milan
5139,car,Milan
559,car,Madrid
3013,car,London
1204,motorcycle,Milan
2698,car,Rome
4146,car,Madrid
6604,car,Milan
6005,car,Milan
4449,car,Milan
124,car,Rome
1506,car,Rome
5366,car,Milan
932,car,Milan
2899,car,Rome
3723,car,Rome
2701,car,Rome
7948,car,London
8012,motorcycle,Rome
3301,car,London
7865,motorcycle,Milan
123,motorcycle,Milan
599,car,Rome
5079,motorcycle,London
131,car,Rome
7281,car,Rome
4650,car,Milan
5027,car,Milan
2266,car,Milan
7613,car,Madrid
5263,car,Milan
2210,car,Rome
7366,motorcycle,Madrid
8105,car,Rome
863,car,Milan
2922,car,London
2572,motorcycle,Madrid
6365,car,Milan
1586,car,Milan
4147,car,Milan
2875,car,London
4248,car,Rome
687,car,Milan
5733,car,Milan
833,car,Madrid
1796,car,Rome
471,car,Milan
3181,car,Madrid
4415,car,Milan
4208,motorcycle,Milan
4115,car,Madrid
5032,van,Milan
734,car,Milan
4662,car,Milan
3529,motorcycle,Rome
6251,car,Milan
225,car,Milan
5770,car,Milan
6760,car,Milan
1542,car,Rome
1385,car,Milan
856,motorcycle,Milan
2585,van,Rome
2211,car,Rome
1945,car,London
1348,car,Rome
5358,car,Rome
5433,car,Milan
5761,car,Rome
4114,car,Milan
8667,car,Rome
6987,motorcycle,Milan
1926,car,London
5830,car,Rome
7362,car,Milan
2309,car,Rome
4608,car,Rome
3116,car,Rome
5442,car,Madrid
8387,car,London
8126,van,Rome
6509,motorcycle,Madrid
87,car,Milan
379,car,Rome
5924,car,Madrid
5544,car,Rome
5508,car,Milan
2762,motorcycle,Madrid
221,van,Milan
971,motorcycle,London
7253,motorcycle,Milan
6587,car,Madrid
6213,motorcycle,Milan
6684,car,Milan
3242,motorcycle,London
1215,car,Rome
8146,car,Rome
6673,car,Milan
8106,motorcycle,London
7348,car,Rome
7063,car,London
1859,car,Rome
4062,car,Rome
3095,car,Rome
341,car,Milan
6270,car,Milan
4941,car,Rome
22,car,London
869,car,Milan
4824,car,London
1878,car,Rome
743,car,Milan
1606,car,Milan
429,car,Rome
2453,car,Madrid
1009,car,Rome
3174,car,Rome
133,car,Milan
3096,car,Rome
5925,motorcycle,Rome
5685,motorcycle,Milan
1818,car,Madrid
4387,car,Madrid
4135,car,Rome
5836,car,Milan
794,car,London
5686,car,Milan
1838,motorcycle,Milan
890,car,London
1710,car,Milan
2301,car,Milan
5094,car,London
857,car,Milan
2134,car,Milan
6271,van,Milan
2372,car,Rome
7762,car,Milan
5241,car,Milan
2032,car,Milan
3427,car,London
4278,motorcycle,Milan
6794,car,Rome
3618,van,Rome
1960,motorcycle,Milan
3100,car,Milan
6352,car,Madrid
1946,car,London
4518,car,Rome
1,car,Rome
5193,car,Madrid
168,car,London
3320,car,London
1487,car,Milan
4221,van,Madrid
6675,car,Madrid
1554,motorcycle,Milan
1058,car,Rome
1732,car,Rome
844,car,Milan
4483,car,Rome
3312,car,Milan
661,car,Rome
2636,car,Milan
258,car,Milan
8481,car,Milan
5398,car,London
300,car,Milan
4702,car,Madrid
3269,car,Milan
6854,car,Milan
352,motorcycle,Milan
4218,car,Madrid
7213,car,Milan
170,car,Milan
477,motorcycle,London
6710,car,Milan
4842,motorcycle,Milan
3058,motorcycle,Milan
7391,car,Rome
1223,car,Milan
2720,car,Milan
7297,car,Rome
8588,car,Madrid
6000,car,Madrid
3944,car,Milan
3904,car,Milan
7785,van,Madrid
7411,car,Rome
8055,car,London
5727,car,Rome
454,motorcycle,Milan
7120,car,London
4850,car,London
8083,car,Madrid
3302,car,London
3827,car,Milan
2359,car,Madrid
5535,car,Rome
4130,car,Rome
1643,car,Milan
6121,car,London
3917,car,Milan
7100,motorcycle,Rome
2593,car,Milan
4282,motorcycle,Milan
685,car,Rome
6150,van,Milan
6385,car,London
1488,car,Rome
6629,car,Rome
6464,car,Madrid
8028,car,Milan
7893,car,Milan
918,car,Rome
3613,motorcycle,Madrid
69,car,Rome
333,car,Rome
2225,car,Rome
394,van,Rome
228,car,Milan
2893,car,Rome
1205,car,Rome
4121,car,Rome
373,motorcycle,Madrid
1844,car,Milan
7507,car,Rome
5356,car,Madrid
664,motorcycle,Milan
702,motorcycle,Milan
3487,motorcycle,Milan
8411,car,Milan
2498,motorcycle,Milan
2169,car,Rome
4940,car,Milan
2014,car,Rome
2440,car,Rome
2330,car,Milan
1305,car,Milan
3604,car,Milan
613,motorcycle,London
598,car,Rome
6181,car,Rome
6678,van,Rome
5187,car,London
95,motorcycle,Madrid
8136,car,Rome
1862,car,Madrid
1930,car,Milan
657,car,Madrid
7433,car,Rome
1880,car,Milan
3494,car,Rome
8342,car,Rome
4102,motorcycle,Milan
6733,car,Milan
7002,car,London
3311,car,Milan
6686,car,London
3637,car,Rome
5030,car,Rome
1280,car,Rome
8453,car,Milan
1923,car,Rome
36,car,London
476,car,Milan
5328,car,Milan
6921,car,Milan
1055,car,Milan
1912,car,London
1949,motorcycle,Milan
1083,car,Rome
7591,motorcycle,Milan
2946,car,Milan
4323,car,Rome
5545,car,Rome
6800,car,Rome
3670,car,Rome
6232,car,Rome
8524,car,Rome
671,car,Rome
6757,car,Rome
4977,car,Madrid
5973,car,Rome
4565,car,Milan
5357,car,Rome
2938,car,Rome
1540,car,Milan
5666,car,London
6241,car,London
387,motorcycle,London
4134,motorcycle,Milan
1694,car,London
8224,car,Madrid
4467,car,Rome
868,motorcycle,Milan
6153,car,Milan
5619,car,London
497,car,Milan
5485,car,Milan
5613,car,Milan
1378,car,Milan
4172,motorcycle,Milan
8474,car,Milan
6654,van,Milan
4989,car,Milan
3032,car,Milan
2151,car,Milan
3930,car,Madrid
4895,car,Rome
7190,car,Milan
7627,car,London
3953,van,Rome
5281,motorcycle,Milan
5881,car,Madrid
1219,van,Madrid
3997,car,Madrid
8097,car,Rome
5622,car,Rome
7467,motorcycle,Milan
2752,car,London
6814,car,Milan
291,car,Rome
4232,car,London
4604,car,Milan
5216,car,Rome
2086,car,Milan
4877,car,Milan
4403,motorcycle,Rome
7108,car,Milan
5605,car,Milan
7127,motorcycle,Rome
4120,car,Rome
5640,car,London
5513,car,Rome
7916,car,Rome
665,car,Milan
5965,car,Rome
400,car,London
3993,car,Milan
5914,car,Milan
7347,car,Milan
3760,motorcycle,Milan
8193,car,Milan
3597,car,Rome
4173,car,Milan
7115,car,Milan
3873,car,London
443,car,Rome
5671,van,Rome
3834,car,Milan
4656,motorcycle,Rome
5866,car,Milan
909,car,Rome
4401,motorcycle,Milan
5118,car,Milan
1720,car,Rome
862,car,Milan
3018,car,London
3596,motorcycle,Rome
7054,car,Rome
2910,car,Milan
6642,car,Rome
2650,car,Milan
8602,car,Madrid
1548,van,Madrid
1598,car,London
279,car,London
1566,car,Madrid
4276,car,Rome
1186,car,Milan
3976,car,Milan
1612,car,Milan
2695,motorcycle,London
1743,car,Milan
6135,car,Rome
2396,car,London
723,car,Rome
5454,car,Rome
4673,car,Rome
5534,motorcycle,Milan
8033,car,Rome
4402,car,Milan
7652,motorcycle,Rome
4380,motorcycle,Milan
6434,car,Madrid
2162,car,Rome
5651,car,Milan
3822,car,London
7260,car,Rome
6188,car,Rome
5424,car,Rome
3735,car,Milan
2950,car,Milan
885,car,Milan
2276,motorcycle,Rome
4039,car,Rome
7927,motorcycle,Rome
3968,car,Milan
8430,car,Rome
8652,car,Rome
8182,car,Milan
8293,motorcycle,Milan
4558,car,Madrid
5723,car,Rome
5571,car,London
1682,car,London
7966,car,Milan
3291,car,Madrid
7163,car,Milan
2573,car,Rome
7071,car,Milan
7833,motorcycle,Milan
3501,motorcycle,Milan
1827,car,Madrid
8589,car,London
8235,car,Rome
7717,car,London
4408,car,Rome
6169,car,London
7653,motorcycle,Madrid
1293,car,Milan
6170,car,Milan
4767,motorcycle,Milan
2398,car,Milan
8405,car,Milan
6033,motorcycle,Rome
2294,motorcycle,London
640,car,Rome
8591,car,Rome
7040,car,Milan
2800,car,Rome
1580,motorcycle,Milan
2065,van,Rome
7464,car,Madrid
6244,car,Milan
7243,car,Madrid
4312,car,Madrid
1140,van,Madrid
6177,car,London
6520,van,Milan
5687,car,Rome
5132,motorcycle,Milan
3832,car,Milan
6540,car,Rome
1660,car,Rome
3526,car,Milan
2150,car,Milan
6912,car,London
4298,car,Rome
7970,car,Rome
6050,motorcycle,Madrid
7258,van,Rome
4058,car,Milan
7034,car,Rome
740,car,London
402,motorcycle,Milan
5455,car,Milan
6622,car,Rome
6734,car,Milan
3408,car,London
3318,car,Rome
4785,car,Milan
2007,motorcycle,London
8318,car,Milan
3766,car,Milan
7980,car,Milan
4002,car,Milan
981,car,London
8477,motorcycle,London
2581,car,Milan
6952,car,Madrid
7274,car,Rome
7733,car,Milan
3447,motorcycle,Rome
7810,car,Madrid
5448,car,Rome
6972,motorcycle,Milan
7058,motorcycle,Rome
8603,car,London
3222,motorcycle,Milan
1053,car,Milan
3847,car,Milan
4399,car,Milan
7914,car,Milan
4105,motorcycle,Rome
4889,car,Milan
8596,car,Rome
7426,car,London
8301,motorcycle,Madrid
1015,car,Milan
6872,car,Rome
7953,car,Rome
6961,car,Milan
328,car,London
3652,car,Rome
389,car,London
8316,car,Milan
3646,car,London
3153,car,London
5324,car,Milan
2972,car,London
7138,car,Milan
2562,van,London
3544,car,Milan
5771,car,London
3807,car,Rome
1543,car,Madrid
7382,car,Rome
8297,motorcycle,Madrid
7307,car,Milan
5960,car,Rome
3725,car,London
8194,car,Rome
3978,car,Milan
1405,motorcycle,Rome
6553,car,Rome
5563,car,Madrid
2306,car,Madrid
3711,car,Milan
1134,car,Madrid
3875,motorcycle,Milan
3417,car,Milan
2705,van,Rome
3654,van,Madrid
5610,car,Madrid
2521,car,Milan
3140,car,Rome
2921,car,Milan
5340,motorcycle,Rome
6842,car,Milan
7499,car,Rome
968,car,Milan
4571,car,Milan
7771,car,Milan
7033,car,Milan
3392,car,Rome
6597,motorcycle,Milan
8274,motorcycle,London
1254,car,Milan
7680,car,Rome
259,car,London
6916,car,Milan
2579,car,Rome
2887,car,Milan
7746,car,Milan
655,car,Rome
7525,motorcycle,Milan
5655,car,London
8641,car,London
821,motorcycle,Madrid
7693,car,Milan
6449,car,Madrid
326,car,Milan
5659,car,Madrid
2889,car,Madrid
7831,car,London
4992,car,Milan
1118,car,Milan
4901,motorcycle,Milan
5570,motorcycle,Rome
757,car,Rome
312,motorcycle,Milan
4284,van,Rome
6880,car,Milan
5495,car,Rome
4087,car,London
6941,car,Rome
2571,car,Milan
1409,car,Rome
3574,car,London
8288,car,Madrid
3157,car,Madrid
6809,motorcycle,Milan
2753,car,Milan
7216,car,Milan
3849,car,Milan
5581,car,Madrid
7884,car,London
466,car,London
7805,car,Milan
6766,car,Milan
570,car,Milan
2100,car,Milan
2292,car,Milan
670,car,Madrid
5785,car,Rome
8431,van,Rome
6501,car,Milan
2929,motorcycle,Milan
7977,motorcycle,London
1716,motorcycle,Rome
5023,car,London
5601,motorcycle,Milan
7870,car,Rome
7132,car,London
2569,car,Milan
5161,car,Milan
703,car,London
1185,car,Rome
2646,motorcycle,Rome
357,car,Milan
8386,car,Madrid
6507,motorcycle,Milan
4347,car,Rome
1211,car,Milan
6926,car,Rome
3496,car,Rome
5558,car,Rome
2232,car,Milan
7822,car,Milan
295,van,Rome
3355,motorcycle,London
3935,motorcycle,Milan
5546,car,Milan
4215,car,Milan
3456,car,Rome
3885,car,London
6145,car,Milan
2686,car,Madrid
560,car,Milan
7802,car,London
4395,car,Madrid
1124,car,Rome
8587,car,Milan
2022,car,Rome
6742,car,Milan
8168,car,London
7370,car,London
2729,car,Rome
5194,car,Rome
242,car,Milan
5893,car,Rome
3166,car,London
6093,car,Milan
2915,car,Milan
6803,car,Milan
148,car,Rome
4444,car,Milan
6076,car,Milan
6641,car,Rome
1090,car,London
4270,car,Rome
8201,car,Milan
10,car,Rome
4695,car,Rome
1217,car,Rome
3748,van,Milan
5002,car,Rome
5551,car,Rome
2947,car,Rome
6193,car,Milan
1938,car,London
5790,car,Rome
6231,car,Milan
3923,car,Milan
3403,car,Madrid
8668,car,Milan
1857,car,Rome
6798,car,Milan
8025,car,Milan
5209,car,Milan
7625,motorcycle,Milan
1463,car,Milan
4688,car,Milan
3980,car,Madrid
4934,car,Rome
6367,car,Rome
6883,car,Madrid
575,motorcycle,Milan
3022,car,Milan
7872,motorcycle,Milan
6918,motorcycle,Rome
2490,car,Rome
1133,car,London
2598,car,Milan
5559,car,Milan
217,car,Milan
6207,car,Milan
5882,car,Milan
7500,car,Milan
4339,car,Rome
109,car,Rome
4531,car,Milan
2700,car,Milan
4809,car,Milan
3698,car,London
5262,car,Milan
3552,car,Rome
7167,car,Rome
826,car,Rome
3764,car,Rome
2407,motorcycle,Milan
1846,car,Milan
3959,motorcycle,Milan
7484,car,London
5663,motorcycle,Milan
8536,car,Milan
805,car,London
181,motorcycle,Milan
3679,motorcycle,Milan
5260,car,Rome
6890,motorcycle,Milan
5769,car,Milan
2045,motorcycle,Milan
6044,car,London
6646,car,Milan
8558,motorcycle,Milan
6397,car,Rome
4597,car,Milan
203,car,Rome
3665,car,Milan
8022,motorcycle,Milan
4141,car,Rome
5799,car,Rome
7346,car,Milan
6830,car,Rome
6172,car,Rome
4465,car,Milan
7659,motorcycle,Madrid
3815,car,Rome
3232,car,Rome
642,car,London
3683,car,Milan
6408,car,Milan
3423,car,Rome
6506,car,Milan
4743,motorcycle,Rome
756,car,Milan
4258,car,Madrid
3516,motorcycle,Milan
3352,car,London
4911,car,London
3746,car,Rome
503,car,Milan
2017,car,Milan
765,car,Rome
6066,car,Milan
3999,car,London
5983,car,Rome
5317,car,Milan
1788,car,Milan
7783,car,Rome
4660,car,Rome
8438,van,Rome
7189,car,Rome
1374,motorcycle,Milan
7963,car,Milan
349,car,Milan
8279,car,Rome
3841,car,Madrid
2847,car,Rome
2676,car,Milan
5449,car,Rome
1481,car,Rome
6687,motorcycle,Madrid
1165,car,Milan
3609,van,Rome
5363,van,Madrid
273,car,Milan
4057,car,Milan
319,car,Milan
1823,car,Madrid
3973,car,Rome
3846,car,Madrid
8434,car,Rome
8621,motorcycle,Milan
3334,car,Rome
3649,car,Milan
2634,car,Madrid
6347,car,Rome
1296,car,Rome
187,car,Rome
7940,car,Rome
2574,car,Milan
3688,car,London
3107,car,Milan
8137,car,Rome
6187,car,Rome
6096,car,London
5820,motorcycle,Milan
1071,car,Rome
5596,car,London
2926,car,Rome
3040,car,London
5146,car,Milan
705,car,London
8351,car,Rome
1581,car,Rome
2555,car,Milan
7684,motorcycle,Milan
3136,car,Milan
8432,motorcycle,London
711,car,Rome
3299,van,Milan
238,car,London
6488,car,Milan
7816,motorcycle,Rome
4933,car,London
424,car,London
8203,car,Rome
5230,car,Milan
6377,car,Milan
200,motorcycle,Rome
198,car,London
5766,car,London
1834,car,Milan
3017,car,Milan
7981,car,Rome
2830,car,Milan
7151,car,Rome
6771,car,London
7545,car,Rome
6214,car,Rome
8243,car,Madrid
4980,car,Rome
6017,motorcycle,Milan
1012,car,London
6375,motorcycle,Milan
1619,car,London
8196,motorcycle,Rome
2766,car,Milan
3445,car,London
6383,car,Rome
3680,car,Milan
8087,motorcycle,Milan
3074,car,Rome
6297,car,Milan
92,car,Rome
8425,car,Milan
4731,car,Milan
1868,motorcycle,Milan
1076,car,Rome
305,car,Milan
4908,car,Milan
1191,car,Rome
3221,car,Milan
4242,car,London
7796,car,Milan
3360,car,Milan
8295,car,London
4066,car,Milan
4287,car,Rome
2092,car,Milan
6782,car,Milan
384,car,London
6436,car,Rome
6003,car,London
4825,car,Milan
2948,car,London
7128,car,Rome
4112,car,Milan
7124,car,Milan
1611,car,Rome
6285,car,Milan
4674,car,Milan
5985,car,Milan
5611,van,Milan
8401,van,London
3076,car,Rome
1136,motorcycle,Milan
2130,car,Rome
1669,car,Rome
1989,motorcycle,Milan
8435,car,Madrid
2226,car,Milan
2035,car,Milan
2668,car,London
3658,van,Rome
1905,motorcycle,Rome
704,car,Madrid
2524,motorcycle,Milan
7375,car,Madrid
3663,van,Milan
2385,motorcycle,Milan
4567,car,Rome
837,car,Rome
5253,car,Milan
6542,van,London
8527,car,Milan
7898,car,Rome
6305,car,Rome
7242,car,Milan
4237,car,London
2683,car,Milan
4706,car,Milan
5422,car,Milan
6445,car,Rome
5811,car,Rome
8553,car,Milan
430,car,Milan
2027,car,London
1483,car,Rome
4476,car,Milan
8645,car,Madrid
8283,motorcycle,London
7084,car,Milan
7227,car,Milan
3578,car,Milan
1150,car,Milan
543,car,Rome
7686,car,Milan
6747,car,Rome
5787,car,Rome
4754,car,Milan
4582,car,Milan
2036,car,Madrid
8143,car,Rome
1476,car,Rome
391,motorcycle,Rome
4059,car,Rome
6525,car,Milan
4201,car,London
4590,car,Milan
897,car,Milan
3437,car,Rome
668,car,Rome
6223,car,Rome
3538,car,Milan
2898,car,London
8472,car,Milan
8222,car,Rome
3579,car,Rome
5999,motorcycle,Milan
8399,car,London
7758,motorcycle,Milan
7222,motorcycle,Milan
3263,car,Milan
995,car,Milan
3201,car,Madrid
6881,car,London
6695,car,Milan
4663,motorcycle,Madrid
6470,car,Madrid
5675,car,Madrid
4621,car,Rome
4414,car,Milan
5436,car,Madrid
4887,car,London
4896,car,Rome
174,car,Rome
7582,car,London
1332,car,Rome
2067,car,Rome
4416,car,Rome
1291,car,Milan
1595,car,Rome
5299,car,Madrid
6717,car,Milan
2166,car,Rome
828,car,Milan
7356,van,Milan
1958,car,Rome
4343,motorcycle,Milan
3075,van,Madrid
6063,car,Rome
5303,car,Rome
8482,car,Rome
7784,car,Rome
274,car,Madrid
2243,car,London
5188,car,Madrid
3859,motorcycle,London
5751,van,Milan
849,car,London
2426,car,Milan
8447,car,Rome
4065,car,Rome
6221,car,Milan
411,car,Milan
2459,motorcycle,Milan
8437,van,Milan
6406,car,Rome
5199,car,Rome
4016,car,London
4140,car,London
1590,car,Milan
2973,car,London
2809,car,London
257,motorcycle,Rome
5919,car,Milan
4001,car,Milan
1231,car,Milan
5068,car,Rome
1744,car,Milan
147,car,London
7695,car,Rome
4504,car,Rome
4612,car,Milan
7445,car,Milan
3926,car,Madrid
1608,car,London
1413,car,Milan
7024,car,Milan
2186,car,Milan
1433,car,Rome
4207,van,Milan
4046,car,London
4011,car,Rome
3451,car,Milan
8232,car,Milan
3159,car,Rome
3225,car,Rome
395,car,Rome
3154,car,Milan
7413,motorcycle,London
2174,car,Rome
7754,motorcycle,Madrid
8046,van,Madrid
6812,car,Milan
1629,car,Rome
8281,car,Milan
7869,motorcycle,London
5337,car,Milan
5131,car,Madrid
1885,van,Milan
574,car,London
8499,motorcycle,Milan
6353,car,Milan
4183,car,Rome
6620,car,Rome
2438,car,Milan
156,car,Milan
492,car,Milan
7245,motorcycle,London
4617,car,Rome
7687,car,Milan
171,car,Milan
7801,car,London
6163,car,Milan
7126,car,Milan
2015,car,Milan
8160,car,Milan
3861,van,Milan
3867,car,Milan
5900,car,Milan
1193,car,London
1839,motorcycle,Milan
6138,motorcycle,Madrid
322,car,London
2107,car,London
1478,car,Milan
8032,car,Milan
3931,car,London
8424,car,Rome
5859,car,Madrid
3901,car,London
3082,car,Milan
1265,car,London
6869,motorcycle,Milan
1684,car,Milan
7474,car,Milan
4288,car,Rome
8048,car,Milan
5197,car,Rome
3052,car,Rome
2429,car,Milan
3966,car,Milan
4947,car,Rome
4410,car,Madrid
8056,car,Milan
8029,car,Milan
2308,motorcycle,Rome
1841,car,London
4445,car,Milan
4137,car,Milan
7603,van,Madrid
2323,car,Milan
970,car,Milan
8308,car,Rome
1166,car,Rome
6384,motorcycle,London
5397,car,Rome
5739,car,London
1309,car,Rome
7461,car,Milan
6573,car,Rome
1802,car,Madrid
488,motorcycle,Milan
7655,motorcycle,Milan
3830,car,Milan
7279,motorcycle,Milan
8323,motorcycle,Milan
3721,car,Milan
7270,car,Milan
5006,car,Milan
3054,car,Milan
2597,car,Milan
7715,car,Rome
1672,car,Milan
3580,car,London
6233,car,Rome
8516,car,Rome
3055,car,Rome
4317,car,Milan
4666,car,Rome
3651,motorcycle,Madrid
4125,car,Rome
2511,car,Milan
4588,car,Rome
5633,motorcycle,Rome
6048,car,Milan
4216,car,Milan
6722,car,Madrid
4152,car,Rome
8219,motorcycle,Rome
4759,car,London
3624,car,Rome
5330,car,London
2523,car,London
456,car,London
8392,car,Madrid
103,car,Milan
1736,car,Madrid
6574,car,London
6159,car,Milan
3988,car,Milan
5989,motorcycle,Milan
8507,car,Milan
697,motorcycle,Milan
6997,car,Milan
4394,car,Milan
3005,car,Milan
3971,car,Rome
5245,car,Rome
601,motorcycle,Madrid
2443,car,Milan
3485,car,Rome
4958,car,Milan
247,car,Milan
1798,car,Madrid
5349,car,Milan
2172,car,Rome
3528,car,Rome
4988,car,Rome
2316,motorcycle,Rome
1004,car,Rome
4352,motorcycle,Milan
6307,motorcycle,Milan
6134,car,Rome
5582,car,London
8071,car,Milan
3433,car,London
5892,car,Rome
4891,car,Rome
2319,car,Milan
8158,car,Rome
4478,car,Rome
4507,car,Madrid
4625,car,Milan
2056,car,Rome
1283,car,London
1199,van,Milan
541,car,Rome
4836,car,Rome
2289,car,Milan
2615,car,Milan
2382,car,Milan
4404,car,London
1992,car,Milan
519,car,Rome
659,car,London
3940,car,Milan
1081,motorcycle,Rome
4646,car,Milan
1384,car,Milan
5236,car,Rome
3736,motorcycle,Milan
5855,car,Rome
3871,car,Rome
8165,car,Rome
6432,van,Rome
3084,car,Milan
151,car,Milan
7410,car,London
3704,car,London
3556,car,Milan
6298,car,Milan
6976,car,Milan
3796,car,Rome
980,van,Milan
5292,car,Rome
4085,car,Milan
4898,car,London
3572,car,Milan
3792,car,Rome
2392,motorcycle,Milan
5631,motorcycle,Rome
5501,car,Milan
7300,car,London
1678,car,Milan
1146,car,Madrid
953,car,Milan
8260,car,Milan
2228,motorcycle,Rome
4189,car,London
7757,motorcycle,Milan
2240,car,Rome
2094,car,Milan
3106,car,Rome
6064,car,Madrid
11,car,Milan
7560,car,Milan
8223,car,Milan
4938,car,Milan
1246,van,Rome
8625,car,London
2577,car,Rome
1462,car,Rome
2853,car,Rome
2708,car,Rome
4084,van,Rome
7312,car,Milan
7171,car,Rome
7929,car,Milan
6817,car,Milan
5629,car,Rome
7220,van,Rome
1756,car,Rome
3398,car,London
7571,van,Milan
2552,car,London
2513,motorcycle,Milan
6394,car,Milan
4610,car,Madrid
4393,car,London
682,car,Milan
388,car,Milan
5190,car,Madrid
3709,car,London
5414,motorcycle,London
5937,car,Milan
8085,motorcycle,Rome
2662,car,Milan
2530,car,Rome
3502,car,Milan
479,car,Rome
4170,car,Milan
3862,car,London
8257,car,London
2840,car,Milan
8240,car,Milan
5591,car,Milan
928,car,Milan
266,car,Milan
2136,car,Rome
698,car,Milan
7596,car,Rome
7679,car,London
6079,car,Rome
6527,car,Rome
2469,car,Rome
4362,car,Rome
5549,car,London
2897,car,Milan
2087,car,Milan
7412,car,Milan
7924,car,Rome
5957,car,Milan
7418,car,Milan
7851,car,Rome
3601,car,London
516,car,Milan
5979,car,Milan
4357,car,Rome
3809,car,London
2592,car,Rome
5736,car,Rome
7975,car,Madrid
7402,car,Milan
1056,car,Madrid
2765,car,Milan
468,motorcycle,Milan
2233,car,Madrid
4557,motorcycle,Rome
1533,car,Rome
5477,car,Milan
6368,car,Rome
3951,car,Rome
323,car,Rome
4197,car,Rome
2529,car,Milan
904,motorcycle,Milan
536,car,Rome
5054,motorcycle,Milan
888,car,Milan
4776,car,Rome
569,car,Rome
7207,car,Rome
5868,car,Milan
8130,car,London
3223,motorcycle,Milan
6043,motorcycle,Madrid
5984,car,Milan
8384,car,Milan
3234,car,London
1125,car,Rome
2234,car,Milan
6425,car,Rome
3071,car,Rome
8565,car,Rome
8004,car,Rome
7068,car,Milan
2411,car,Madrid
1739,car,Rome
7326,car,Rome
7078,car,Rome
879,car,Rome
7782,car,Milan
86,car,Milan
40,car,Rome
2377,car,Milan
6802,car,Milan
6327,car,Milan
8275,car,Rome
6287,car,Rome
3630,car,Madrid
6839,car,London
3480,motorcycle,Milan
6061,car,Madrid
4148,car,Madrid
8395,car,Milan
8159,van,Milan
5440,car,Rome
6806,motorcycle,London
8630,car,Milan
5095,car,Milan
2019,motorcycle,Milan
3457,motorcycle,Milan
8329,car,Rome
3878,car,Milan
7521,car,Milan
3098,car,Milan
175,van,Milan
7601,car,Milan
3912,car,Milan
112,car,Rome
3215,car,Milan
6891,car,Milan
115,car,Madrid
8476,car,London
2111,car,London
1218,car,Milan
8555,car,London
4030,car,Milan
4630,car,Rome
3673,car,Rome
8313,car,London
6191,motorcycle,Milan
3289,car,Milan
6517,car,Milan
4012,car,Rome
7141,car,Milan
5712,car,Milan
1503,car,Rome
4798,car,Madrid
4998,car,Rome
7041,car,Rome
5393,motorcycle,Milan
2457,car,Milan
675,car,Madrid
6441,car,Madrid
6332,car,Rome
1858,motorcycle,Milan
7907,car,Milan
2802,car,Milan
1617,car,Milan
4734,car,Milan
2281,car,Madrid
8541,motorcycle,Milan
5789,motorcycle,Milan
6439,car,London
2072,car,Milan
5875,car,Madrid
6508,car,Milan
4028,car,Rome
4143,car,Milan
3737,car,Rome
2909,car,Milan
2458,car,Rome
5368,car,London
6651,car,Milan
5760,car,Rome
5520,car,Milan
5427,car,Rome
834,car,Milan
6531,car,Madrid
6456,motorcycle,Milan
4803,motorcycle,Milan
5108,car,Rome
2077,car,Rome
6598,car,Milan
6467,car,Rome
1203,car,Milan
5922,car,Milan
3800,van,Rome
1970,car,Rome
5602,motorcycle,Milan
1400,car,London
393,van,Milan
1502,motorcycle,Rome
7962,motorcycle,Rome
6560,motorcycle,London
7895,motorcycle,Milan
5539,motorcycle,Madrid
3957,motorcycle,Madrid
155,van,Rome
4055,motorcycle,Milan
8663,car,London
2209,car,Madrid
4521,car,Rome
3576,car,Milan
660,car,Rome
6968,car,Rome
7510,car,Milan
1290,motorcycle,London
7319,motorcycle,Milan
5850,car,Rome
8188,car,Milan
8456,motorcycle,Rome
894,car,Milan
1517,car,Madrid
4560,car,London
2026,car,Rome
2404,car,Milan
8043,car,Milan
4004,car,Rome
8402,car,Madrid
2916,car,Madrid
902,motorcycle,Milan
8460,car,Milan
5431,car,London
8077,motorcycle,Milan
4190,car,Rome
4457,car,Rome
3838,car,Madrid
4451,car,Milan
8175,car,Milan
7392,car,Rome
4629,car,Rome
7780,car,Milan
4698,car,Milan
4553,car,Milan
8170,car,Milan
7983,car,Milan
8365,car,Milan
3713,car,Madrid
2740,car,Milan
3416,car,Milan
5903,car,London
5180,car,London
2627,car,Rome
5813,motorcycle,Milan
450,car,Milan
338,motorcycle,Rome
1256,car,Milan
7562,car,Milan
7029,car,London
3537,car,Rome
7559,car,Madrid
2744,car,Rome
5468,motorcycle,London
8637,car,Milan
1142,car,Rome
6543,car,Milan
8530,car,Milan
1396,car,Milan
1346,car,Milan
5083,car,Rome
8610,car,Madrid
7800,car,Milan
8128,car,London
4801,car,Milan
7509,car,Rome
4080,car,Milan
2167,car,London
5679,car,Milan
3958,car,Madrid
5264,car,Milan
3754,motorcycle,London
4111,van,London
4536,car,London
4512,car,London
6495,car,Milan
6664,car,Rome
1347,car,Milan
161,car,Rome
4150,car,Madrid
7473,motorcycle,Rome
7386,motorcycle,Rome
4509,motorcycle,Rome
1287,car,Rome
1130,motorcycle,Milan
7515,motorcycle,Rome
8672,car,Milan
6373,car,Milan
6369,motorcycle,Milan
5757,car,Rome
4459,car,Rome
5991,car,London
4205,car,London
5742,motorcycle,Rome
4826,car,Rome
5987,car,London
5022,car,Milan
4171,car,Milan
4355,car,London
3145,car,Milan
6785,car,Milan
3338,motorcycle,Milan
8412,car,London
8583,car,Milan
7152,motorcycle,Madrid
3164,car,Milan
7793,car,Milan
2748,car,Milan
236,car,Milan
2711,motorcycle,Madrid
325,car,Milan
90,car,Milan
4164,car,Milan
2085,car,Rome
1449,car,Madrid
5267,car,Milan
8073,car,Rome
1622,car,Milan
1675,motorcycle,Milan
1132,car,Milan
1070,car,Rome
8636,car,Milan
398,car,Rome
5320,car,Rome
3765,car,London
7579,car,Madrid
8662,car,Milan
754,car,London
878,car,Rome
7140,car,Rome
5510,car,Madrid
5500,car,Rome
3383,car,London
2467,van,Rome
6490,car,Rome
3172,car,Milan
4010,car,London
1228,car,Milan
579,car,Milan
3128,motorcycle,Rome
7385,motorcycle,London
4300,car,London
1866,car,Milan
8112,car,Madrid
3344,car,Rome
8440,car,Milan
5447,car,London
7134,car,Rome
3577,car,London
767,car,Milan
2842,car,Rome
6948,car,London
1310,car,London
2336,car,Milan
3249,car,Rome
3905,car,Milan
2144,car,Rome
2641,car,Rome
7866,motorcycle,Milan
4534,car,London
4522,car,Milan
3937,car,Madrid
8560,motorcycle,Madrid
1692,car,Milan
2890,motorcycle,Milan
1603,car,Madrid
6751,motorcycle,Milan
3463,car,Milan
8464,van,Rome
1690,car,Rome
3115,car,London
1172,car,Rome
7843,car,Rome
6942,car,London
7626,car,Rome
3719,car,Rome
8096,car,London
220,car,Milan
8092,car,Madrid
7251,car,Rome
5021,motorcycle,Madrid
6124,car,Madrid
5310,car,London
1388,car,London
3381,car,Milan
6909,car,London
6361,car,Milan
7316,car,Milan
6472,car,Rome
5550,motorcycle,Milan
1474,car,Rome
6010,motorcycle,Rome
4844,car,Milan
8550,car,Milan
5312,motorcycle,London
8533,car,Madrid
3370,car,London
1501,car,Rome
7561,car,Milan
5852,motorcycle,Milan
1698,motorcycle,Milan
6828,car,London
3874,motorcycle,Rome
987,car,Rome
1874,motorcycle,London
6099,car,London
4349,car,London
6541,car,Milan
7057,car,Madrid
106,car,Milan
7026,car,London
2366,car,London
3726,motorcycle,Milan
433,car,Madrid
5080,car,Milan
3101,car,Milan
525,car,Milan
6756,car,Rome
7930,car,Milan
8544,motorcycle,Milan
5149,car,London
2877,car,Rome
5491,car,Rome
5825,car,Rome
2044,car,Milan
4772,car,Rome
473,motorcycle,Rome
5207,car,Madrid
6833,car,Milan
4187,motorcycle,Milan
3661,car,London
6117,car,Milan
1003,car,Rome
427,motorcycle,London
5933,car,Milan
5693,car,Rome
1299,car,Milan
8624,car,Rome
4109,motorcycle,Milan
4469,car,Rome
6679,car,Milan
3347,car,Madrid
4761,car,Milan
6516,car,Rome
4441,car,Milan
6001,car,London
4563,motorcycle,Milan
8483,car,Milan
4305,van,Milan
6995,van,Milan
1493,car,Rome
8498,car,Milan
5000,car,Rome
6865,car,Rome
2798,motorcycle,London
143,car,Rome
5089,car,London
303,car,Milan
2329,car,Milan
4277,car,Milan
7196,car,Madrid
1077,motorcycle,Milan
2138,car,Madrid
7146,car,Milan
4487,car,Milan
3786,car,Milan
5437,car,Milan
7038,motorcycle,Milan
6041,car,London
3566,motorcycle,Milan
7618,motorcycle,Madrid
3256,car,Milan
622,car,Rome
4603,car,Milan
8450,car,London
8213,motorcycle,Madrid
3366,car,Milan
4859,car,Milan
4795,car,Madrid
2171,motorcycle,Milan
6704,motorcycle,Milan
2981,car,Rome
773,motorcycle,Milan
6836,car,Rome
6167,car,Milan
4526,car,Milan
1351,motorcycle,Milan
2901,car,Milan
5326,car,Rome
8215,car,Milan
1251,motorcycle,Milan
8080,car,Rome
4574,van,Madrid
8312,car,Milan
1470,car,Rome
7668,car,Milan
8145,car,Rome
5294,car,Rome
6769,car,Milan
2287,car,Rome
7009,motorcycle,Rome
5063,car,Milan
6723,car,Madrid
4096,car,Rome
6042,car,London
3584,car,Milan
915,car,London
4943,motorcycle,Milan
5256,car,Milan
165,car,London
623,car,Milan
2170,car,Milan
3131,car,Rome
6953,motorcycle,Milan
732,motorcycle,London
4727,car,Rome
2605,car,Rome
6718,car,Milan
2315,car,Madrid
1668,car,Milan
3440,car,Milan
4708,car,London
8631,car,Madrid
4301,car,Rome
3472,car,Madrid
735,car,London
5181,car,Milan
2145,car,Rome
6584,car,Milan
2839,car,Rome
4852,car,Milan
5796,car,Rome
1541,car,Rome
2620,car,Rome
4406,car,Rome
4705,car,Rome
8454,car,Milan
6860,car,Madrid
3918,car,London
6450,car,Milan
4633,car,Rome
1439,motorcycle,Milan
2290,car,Rome
6818,motorcycle,Milan
7214,car,Rome
7077,car,Milan
935,car,Rome
5170,car,Milan
2181,car,London
2624,car,Milan
6301,car,Madrid
3672,car,Milan
6981,motorcycle,London
847,van,Rome
1842,motorcycle,Milan
4468,car,Milan
4593,car,Milan
6101,car,Milan
1229,car,Milan
3945,car,Rome
864,car,London
351,van,Rome
3490,car,Rome
3557,car,Rome
6716,car,Milan
1335,car,Madrid
4830,car,Milan
1734,car,Milan
6201,car,London
8149,car,Milan
6640,motorcycle,Milan
5446,motorcycle,Milan
3434,car,Rome
7540,car,Madrid
6247,car,Milan
1427,car,Milan
860,car,London
504,car,London
70,car,London
4904,motorcycle,Milan
6838,car,Milan
791,car,Milan
1380,car,London
4645,car,Madrid
6523,car,Milan
7834,car,Milan
2788,motorcycle,Milan
7264,car,Rome
2241,car,Milan
5453,car,Rome
8187,motorcycle,Milan
8459,motorcycle,Madrid
7388,car,Rome
1408,car,Madrid
6957,car,Rome
2408,car,Rome
5938,car,Rome
2420,car,Milan
7179,car,Rome
8076,car,Milan
1869,car,Rome
695,car,Rome
1295,car,Milan
5323,car,Rome
5802,car,Milan
7950,car,Rome
7294,car,Milan
4385,car,London
2971,car,Milan
7343,car,Milan
8044,car,Milan
4154,car,Madrid
153,car,Milan
7555,car,Rome
1459,motorcycle,Milan
8042,car,Rome
7760,car,Rome
2417,car,Milan
1163,car,Madrid
6107,car,London
5313,car,Milan
4244,car,Milan
7968,motorcycle,London
3581,car,Rome
1460,car,Madrid
4692,car,Milan
403,car,Milan
6879,car,Milan
5047,car,Rome
5792,car,London
1670,car,Milan
4740,car,Milan
7399,motorcycle,Milan
7773,car,Milan
4991,car,London
865,car,Rome
584,car,Milan
2431,car,Rome
211,car,Milan
3732,car,Madrid
6308,van,Rome
546,car,London
1137,motorcycle,Milan
4964,motorcycle,Milan
6533,car,Madrid
5997,car,Milan
4492,van,Rome
769,motorcycle,Madrid
3762,car,Rome
4696,car,Madrid
7191,car,Rome
5748,car,Milan
30,car,Milan
8567,van,Milan
159,car,Rome
2190,car,Madrid
4479,car,Rome
7797,van,Milan
1687,car,Milan
6493,car,London
3548,car,Rome
1996,motorcycle,Rome
6578,car,Rome
113,car,Rome
884,car,Milan
1968,car,Milan
3237,car,London
2106,car,Rome
2661,car,London
2496,motorcycle,Milan
4792,car,Rome
7720,motorcycle,London
6469,car,Rome
4335,motorcycle,Rome
3697,car,Milan
5969,car,Milan
12,car,Madrid
2114,motorcycle,Rome
2016,car,Rome
5040,car,Milan
6861,motorcycle,Milan
2050,car,London
3191,motorcycle,Milan
6309,car,London
7558,car,Rome
2261,car,Madrid
7535,motorcycle,Rome
6899,car,London
7452,car,Rome
1423,car,Milan
8654,car,Rome
782,car,Rome
7096,car,Milan
3219,car,Milan
5509,motorcycle,Milan
2395,motorcycle,Rome
5438,motorcycle,Rome
2727,car,Rome
1067,car,Milan
7353,motorcycle,Madrid
5522,car,Milan
7194,car,Milan
2194,motorcycle,Milan
877,motorcycle,London
7606,car,London
4200,car,Milan
4691,motorcycle,Milan
6863,car,Rome
4243,motorcycle,Milan
3915,car,Rome
4431,motorcycle,Milan
3121,car,Madrid
8414,car,Rome
5212,car,London
4532,motorcycle,Rome
1318,car,Milan
8547,car,Madrid
706,car,Rome
7339,motorcycle,Milan
3148,motorcycle,Milan
2348,motorcycle,Madrid
1263,car,Milan
3391,motorcycle,Milan
3967,car,Milan
2731,car,Milan
8331,car,Madrid
2659,car,Milan
2353,car,Milan
6702,car,Milan
3397,car,London
5090,car,Milan
4110,car,Milan
4067,car,London
1206,car,Milan
4871,car,Milan
5226,car,Rome
2553,car,Rome
6025,car,Madrid
1041,motorcycle,Milan
7787,car,Milan
2613,motorcycle,Milan
8207,car,Milan
4999,motorcycle,Milan
6985,motorcycle,Milan
3246,car,London
4319,motorcycle,Milan
2792,car,Rome
4631,motorcycle,Milan
5935,car,Milan
1572,car,Milan
5525,car,London
5503,car,Milan
6907,car,Rome
4641,car,Madrid
8216,motorcycle,Rome
6703,motorcycle,Milan
3048,car,Milan
7116,car,Milan
8229,car,Madrid
2904,car,Rome
5113,car,Milan
919,car,Rome
4466,car,Rome
6300,motorcycle,London
7363,motorcycle,Milan
4556,car,Milan
2986,car,Milan
7070,motorcycle,Rome
2508,car,Rome
7987,car,Rome
3454,motorcycle,Milan
8452,car,Milan
2236,car,Rome
6980,car,Milan
6967,car,Milan
6198,car,Madrid
8479,car,Rome
5824,car,Milan
1676,car,London
8465,car,London
7945,car,Milan
5203,car,Milan
3257,car,Rome
1213,motorcycle,Milan
6991,car,Rome
3218,motorcycle,Milan
6084,car,Milan
7357,motorcycle,Milan
72,motorcycle,Milan
2526,car,Rome
3641,car,Milan
7051,car,London
2465,car,Rome
5183,motorcycle,Rome
190,motorcycle,Milan
3790,car,London
3182,van,Milan
2709,car,Milan
2249,car,Milan
7133,car,Rome
6535,car,London
4699,car,Rome
311,car,Rome
3216,car,Milan
2857,car,Rome
2923,car,Milan
7387,car,Rome
6544,car,Milan
4051,car,Rome
2113,car,Milan
4918,car,London
5073,car,Milan
6098,motorcycle,Milan
925,motorcycle,Milan
2655,motorcycle,Milan
1509,car,Madrid
3431,motorcycle,Milan
4737,motorcycle,London
1180,car,Rome
4097,car,Rome
2270,motorcycle,Milan
2941,car,Milan
7268,car,London
5519,car,Milan
5154,car,Rome
5451,car,Madrid
7605,car,Rome
5278,car,Madrid
4015,motorcycle,London
5598,car,Milan
6648,car,London
4572,motorcycle,Rome
5870,motorcycle,Milan
8220,car,Milan
4861,motorcycle,Milan
8509,car,Rome
3428,car,London
5075,car,Milan
6741,car,Milan
4823,car,Rome
3798,motorcycle,Milan
3002,car,Madrid
6823,car,Rome
8400,motorcycle,Madrid
4098,motorcycle,Madrid
7291,motorcycle,London
4481,motorcycle,Milan
7263,car,Madrid
5100,car,Milan
18,car,Rome
3722,car,Milan
1500,car,Rome
779,car,London
3415,car,Rome
6451,motorcycle,Madrid
1019,car,Milan
463,car,Rome
2671,car,Madrid
896,car,Madrid
1286,van,Rome
5838,car,Milan
3000,motorcycle,Milan
4093,car,London
3745,car,Rome
5982,car,Milan
3066,car,Rome
1233,car,Madrid
1104,car,Milan
6424,car,Milan
749,motorcycle,London
8221,car,Milan
5062,motorcycle,Rome
2919,motorcycle,Milan
4222,car,Madrid
2813,car,Rome
6982,van,Rome
4503,car,Rome
6848,car,Milan
4322,car,Milan
4829,motorcycle,London
7046,motorcycle,Milan
1006,car,Milan
4693,car,Milan
1182,car,Rome
3751,car,Madrid
8627,car,London
6091,car,Madrid
7849,car,Milan
6354,car,London
6966,motorcycle,Rome
2760,car,Milan
5020,car,London
7994,car,London
7993,car,Milan
2797,car,Rome
105,car,Milan
5777,car,Rome
3816,motorcycle,Madrid
7749,car,Rome
6152,motorcycle,Milan
1429,car,Milan
940,car,Rome
2985,car,Rome
3525,car,Milan
6090,van,Milan
7361,car,London
4892,car,Rome
8605,car,Milan
7517,car,Madrid
2328,car,London
1807,motorcycle,Milan
2885,car,Rome
5518,car,Madrid
5696,motorcycle,Rome
8054,motorcycle,Milan
8255,car,Milan
2005,car,Rome
4596,motorcycle,Milan
5832,car,Rome
2505,car,Rome
5746,car,Milan
1642,car,London
7628,car,London
1967,car,Milan
7761,car,London
3615,car,Milan
7774,motorcycle,Milan
4955,motorcycle,Milan
5642,car,London
7651,car,Milan
2040,car,Milan
780,car,Milan
5526,car,Milan
2230,car,London
2611,car,Rome
7369,car,Milan
5284,car,Rome
4255,car,Madrid
2632,motorcycle,Milan
337,car,London
5713,car,Milan
1275,car,Milan
4032,car,Milan
5224,car,London
827,car,Milan
5355,motorcycle,Milan
404,van,London
1391,car,Milan
1411,car,Rome
7364,car,London
3647,car,Milan
1442,car,Madrid
7121,car,Milan
6477,car,Rome
2432,motorcycle,Milan
310,van,Milan
8497,car,Madrid
1747,car,Rome
4951,car,Milan
7744,car,Milan
2089,car,Madrid
5322,car,Milan
5034,motorcycle,Milan
5560,car,Milan
7938,car,Rome
8455,car,Madrid
5636,motorcycle,Milan
811,car,Rome
3939,car,Milan
2710,car,Rome
7425,car,Milan
1908,car,Milan
1616,car,Rome
452,car,Rome
8445,car,Milan
4316,car,Madrid
3367,car,Milan
7087,car,Rome
8503,car,Milan
38,car,Rome
1257,car,Rome
2590,car,Madrid
6104,motorcycle,Milan
8506,car,Milan
8528,car,London
2604,car,London
8141,car,Madrid
1741,motorcycle,Madrid
5134,car,Milan
3448,car,Madrid
7469,car,Madrid
2361,car,Rome
5643,car,Rome
2132,car,Madrid
6530,motorcycle,Milan
3969,car,Rome
4372,car,Milan
7298,car,Milan
746,motorcycle,Milan
8205,motorcycle,Rome
2833,car,Milan
4873,car,London
5039,car,Milan
6901,car,Milan
5487,car,London
6476,car,Madrid
1234,motorcycle,London
6299,car,Milan
2795,motorcycle,Madrid
5718,car,Milan
5645,car,London
13,car,Milan
3044,car,Rome
122,car,London
3690,motorcycle,London
8409,car,London
3125,car,Rome
7282,motorcycle,Milan
1831,car,Milan
5012,motorcycle,Milan
2673,motorcycle,Milan
227,car,Milan
7832,car,Rome
2874,car,Madrid
8404,car,Rome
5211,car,Rome
1882,car,London
375,van,Milan
2576,car,Milan
8040,motorcycle,London
4854,car,Milan
2666,car,London
2456,car,Rome
1121,car,London
111,car,Milan
893,car,Madrid
7262,motorcycle,Rome
5011,motorcycle,Milan
1079,car,Rome
2642,van,Milan
6466,car,Rome
3462,car,Rome
4514,car,Rome
905,car,London
1127,car,Milan
3903,car,Madrid
7036,car,Rome
6238,motorcycle,Milan
8519,car,Rome
6087,car,London
3339,car,Milan
3027,car,Milan
5689,car,Milan
6699,car,Milan
314,car,Rome
5812,car,Rome
4927,car,Rome
7376,car,Rome
6192,motorcycle,London
4447,car,Milan
5615,car,Milan
5074,van,Milan
4872,car,Milan
6521,car,Rome
4425,car,Rome
5538,car,Rome
4634,car,Milan
4474,car,Milan
8239,car,Madrid
2718,car,Milan
6225,car,London
7702,car,Milan
2886,car,Milan
7153,van,Milan
6731,car,Rome
5945,car,Madrid
4545,car,London
3891,car,Rome
5069,car,Rome
2476,motorcycle,Milan
4477,van,Milan
8485,car,Rome
7529,car,Rome
1377,car,Madrid
725,car,Rome
7683,car,Rome
774,car,Rome
4289,car,Rome
6178,car,Milan
8000,car,Rome
6845,car,Milan
5993,car,Rome
4508,car,London
6315,car,Rome
5735,car,Milan
3511,car,Milan
6978,car,Madrid
4959,car,Milan
6030,car,Rome
4741,car,Rome
8388,car,Madrid
5479,motorcycle,Milan
2422,van,Milan
5899,car,Madrid
3954,car,Milan
1032,car,Rome
4460,car,Milan
1972,car,Milan
6682,motorcycle,Rome
2739,car,Rome
2416,car,London
5142,car,Rome
6729,car,Rome
6036,car,Milan
3183,car,Milan
1659,car,Rome
996,motorcycle,Milan
8129,motorcycle,Milan
6884,car,London
7210,car,Milan
6936,car,Rome
8420,van,Milan
1973,car,Milan
585,car,Madrid
7219,car,Rome
2128,car,Rome
813,motorcycle,Rome
98,motorcycle,Milan
633,car,Milan
2326,car,Rome
2197,car,Rome
7931,car,Milan
7794,car,London
1062,car,Rome
8285,car,Rome
280,car,Madrid
988,motorcycle,Milan
52,car,Milan
5026,car,London
3436,car,Madrid
1704,car,London
6609,motorcycle,Madrid
2905,car,Madrid
4635,car,Milan
6973,car,Milan
5507,car,Rome
5709,car,Madrid
7917,car,Milan
1596,motorcycle,Milan
2675,car,Rome
6393,car,Milan
2687,car,Rome
7383,motorcycle,Rome
1804,car,Madrid
3906,car,Milan
6396,car,Milan
5279,car,Milan
4224,motorcycle,Milan
19,car,Milan
4561,motorcycle,Madrid
6713,car,London
2583,car,London
1445,car,Rome
4361,car,Madrid
5763,car,Milan
5745,car,Rome
5268,car,Madrid
7848,car,London
3205,car,Madrid
3562,van,Milan
5037,car,Rome
1457,car,Milan
7233,car,Rome
5460,car,Milan
6558,car,Madrid
520,car,Rome
3780,car,London
5050,car,London
7957,motorcycle,Milan
7032,car,Milan
7043,car,Milan
5579,car,Milan
5961,car,Madrid
4616,car,Milan
5847,car,Rome
1553,car,Milan
8649,car,Milan
4340,car,Rome
2480,car,Madrid
8643,car,Rome
5543,car,Milan
1780,car,Rome
4654,car,Rome
6227,car,Rome
2454,motorcycle,Milan
4275,car,Rome
4086,motorcycle,Milan
3176,car,Milan
3254,car,Milan
4353,motorcycle,Madrid
3686,car,Rome
1253,car,Rome
2441,car,Milan
6719,car,Rome
5137,car,Milan
3619,car,Rome
2931,motorcycle,London
6990,car,Milan
835,car,Madrid
8319,motorcycle,Milan
2764,car,Milan
6789,car,Milan
483,car,Madrid
8383,car,Rome
3860,car,London
6971,car,Rome
2548,car,Rome
487,car,Milan
5222,car,Rome
8626,car,Milan
4090,car,Milan
4669,car,Rome
7988,car,London
5029,motorcycle,Milan
172,car,Rome
5001,car,Milan
2070,car,Rome
3119,car,Rome
5361,motorcycle,Madrid
7577,car,Rome
1673,car,Madrid
1048,car,Milan
6254,car,Milan
2786,car,Milan
3198,van,Milan
533,car,Milan
4975,car,Rome
80,car,Rome
8263,car,Milan
206,car,Milan
5325,car,Rome
7789,car,Milan
1833,car,Rome
7903,car,London
5634,car,Rome
5623,car,Milan
6728,car,Rome
6199,car,London
4748,car,Madrid
8597,car,Milan
6020,car,London
3163,car,Rome
4591,car,Milan
2994,car,Madrid
1369,car,Rome
6793,car,Milan
7496,car,Milan
6242,car,Milan
3364,car,Milan
6331,car,Rome
7633,car,Rome
2400,car,London
1010,car,Rome
649,car,Rome
1311,car,Milan
8570,car,Rome
6617,car,Milan
8525,car,London
2275,car,Rome
1523,car,Madrid
5750,car,London
8546,motorcycle,Rome
1443,car,Milan
5173,car,London
1011,car,Milan
5729,car,Rome
2182,car,Milan
592,car,London
5251,motorcycle,Rome
5473,car,Milan
6303,car,Milan
3730,car,Rome
4285,car,Milan
6243,car,Milan
6626,car,Milan
2423,car,London
2195,car,Rome
3941,car,London
5780,motorcycle,Rome
1226,car,Milan
6977,motorcycle,Milan
7224,car,London
6019,car,Madrid
3852,car,London
3960,car,Rome
710,car,Rome
1661,car,London
1632,car,Madrid
6763,car,Rome
2619,car,Milan
7255,motorcycle,Milan
2369,car,Rome
7827,car,Milan
3979,car,Milan
7088,car,Madrid
5574,car,Rome
5762,car,Milan
3635,motorcycle,Milan
6359,van,Rome
5223,car,London
4765,car,Milan
2951,car,London
7172,car,Milan
1301,car,Rome
1761,car,Milan
6900,motorcycle,Milan
5940,car,Rome
8495,car,London
2749,car,London
2202,car,Milan
7379,car,Milan
7481,car,Rome
4369,motorcycle,Milan
973,car,Rome
4220,car,Milan
6059,motorcycle,Madrid
4849,car,Madrid
4664,car,Milan
7819,motorcycle,Milan
8038,car,Milan
5954,car,Milan
7158,car,Milan
7824,motorcycle,London
8261,car,Milan
7887,motorcycle,London
4283,car,Rome
4029,car,Rome
5941,car,Milan
5434,car,Milan
2970,car,Milan
7958,motorcycle,London
410,car,London
1961,car,Milan
1948,car,London
7912,car,London
1373,car,Milan
7176,car,Milan
2158,car,Madrid
6360,car,Rome
5191,car,Rome
4546,car,Milan
7675,car,Milan
5667,car,Milan
8628,car,Rome
4925,motorcycle,Milan
6291,car,Rome
7005,motorcycle,Milan
5486,car,Rome
7188,car,Rome
4838,car,Milan
5417,car,Madrid
2645,car,Milan
2200,car,Rome
2750,car,Milan
3478,van,Rome
568,motorcycle,Madrid
2507,car,Rome
4106,car,London
1039,car,Rome
3453,car,Milan
4438,car,Rome
8364,car,Madrid
5988,car,Milan
399,car,Rome
8673,car,Milan
7890,car,Milan
350,car,Milan
1820,car,Rome
5584,car,London
7390,car,Milan
652,car,Milan
8172,car,Rome
982,car,London
481,motorcycle,Milan
1594,car,Milan
1783,car,Milan
8284,car,Milan
6026,car,Madrid
7409,car,Milan
4793,car,Rome
8466,car,Madrid
4831,car,Milan
1779,motorcycle,London
1943,motorcycle,Milan
2939,car,Madrid
1344,car,Madrid
6690,car,Milan
4657,car,Milan
8314,car,Milan
1334,car,London
1980,car,Milan
237,van,Milan
1160,car,Milan
2448,car,Rome
4907,car,Madrid
2826,car,Rome
1484,car,Rome
4299,car,Milan
4365,car,London
3757,car,Madrid
2049,car,Rome
3120,car,London
8298,car,London
1407,car,Milan
7590,motorcycle,Madrid
3199,van,Milan
5779,car,Milan
118,car,Rome
7415,car,Rome
2816,motorcycle,Milan
7839,car,London
2829,car,Rome
7697,car,Milan
7617,motorcycle,Milan
2737,car,Milan
4246,car,London
5791,car,Milan
5902,motorcycle,Milan
1861,car,London
346,car,London
6082,motorcycle,Madrid
6173,motorcycle,Milan
6612,car,Milan
784,motorcycle,Milan
2506,car,Milan
5614,car,Rome
3842,car,London
3964,car,Rome
6283,car,Milan
3034,car,Milan
7256,car,Milan
571,car,Madrid
2512,car,Milan
804,car,Rome
356,car,Rome
130,car,Milan
4756,car,Rome
3324,car,Milan
3272,car,Madrid
6582,car,Madrid
6302,car,Rome
1129,motorcycle,Rome
4160,car,Milan
4390,car,Rome
7011,car,Madrid
4423,car,Madrid
2312,car,Milan
3513,car,London
197,car,Rome
3640,car,Milan
3481,car,Milan
4168,motorcycle,Milan
1797,car,Rome
5704,car,Rome
3244,car,London
8199,car,Madrid
1525,motorcycle,London
5394,car,Madrid
663,car,Milan
4045,car,Milan
4810,motorcycle,Milan
4644,car,London
3261,car,Rome
6176,car,Milan
6204,car,Milan
297,motorcycle,Milan
5720,car,Milan
1900,motorcycle,Rome
7936,car,Milan
984,car,Milan
5506,car,Rome
4167,car,Milan
1446,car,Madrid
4530,motorcycle,Milan
6269,car,Milan
1122,car,Madrid
639,car,Rome
3245,car,Milan
5818,car,London
5195,car,Rome
3093,car,Rome
4180,car,London
6228,car,Milan
2282,car,London
7786,car,London
8020,car,Milan
8047,car,Milan
1604,car,Madrid
7371,motorcycle,Milan
6511,car,Milan
5115,car,London
5670,car,Madrid
6007,car,Rome
7858,car,Rome
7935,car,Rome
6073,motorcycle,Rome
5155,car,Milan
7331,car,Rome
2717,car,Madrid
608,car,Milan
5831,car,Madrid
5499,motorcycle,Milan
5172,car,London
2745,motorcycle,Milan
1990,motorcycle,Rome
3043,car,Milan
6631,car,Rome
3160,car,Milan
684,car,Rome
5421,car,Milan
7408,motorcycle,Milan
748,car,Milan
815,car,London
590,car,Milan
4800,car,Milan
6333,car,London
1583,car,Milan
416,motorcycle,London
6536,car,London
7542,car,Milan
4675,car,Milan
1977,car,Milan
461,car,Milan
8072,car,Rome
5406,motorcycle,Rome
5013,car,Madrid
3843,car,Milan
3729,van,Milan
2882,car,Rome
2286,car,Madrid
5703,motorcycle,Milan
4995,car,Madrid
6219,car,London
4771,motorcycle,Rome
6430,car,London
2390,car,Milan
2121,car,Milan
8381,car,London
193,car,Milan
3804,motorcycle,London
4274,car,London
1771,car,Rome
1589,motorcycle,Milan
154,car,London
8502,car,London
3955,car,London
6461,car,Rome
7289,car,Milan
1809,motorcycle,London
8341,car,Rome
4392,car,Madrid
229,car,London
4976,car,Milan
1519,motorcycle,Milan
6220,motorcycle,London
3471,car,Rome
7424,car,Rome
2851,car,Madrid
2054,motorcycle,Milan
4009,car,Rome
4219,car,Rome
4238,car,Milan
6653,car,Milan
6186,car,Milan
7287,car,Milan
7508,car,Milan
1320,car,Milan
4382,car,Rome
3693,car,London
2774,car,Rome
6129,car,Milan
6166,motorcycle,Milan
4247,car,Rome
5644,car,Rome
2846,car,Milan
6054,car,Milan
5612,car,Rome
4668,car,Rome
7808,car,Madrid
5616,car,Madrid
3210,car,London
4020,car,Rome
8562,car,Rome
4063,car,Rome
6431,car,Madrid
8270,car,London
5084,motorcycle,Madrid
5851,car,Rome
438,car,Milan
742,car,London
6715,car,Milan
4909,car,Milan
8422,van,Rome
7766,car,Milan
8490,car,Rome
6780,car,Milan
4613,car,Milan
3194,car,Rome
7896,car,Rome
557,car,Rome
4370,van,Milan
798,car,Milan
4226,car,Milan
5348,motorcycle,Rome
7995,car,Milan
1050,car,Madrid
2284,car,Rome
4241,car,Rome
1832,car,Madrid
4412,car,Rome
6681,car,Rome
874,van,Milan
4268,car,Rome
360,car,Milan
3877,car,Rome
3110,car,Rome
4269,car,Madrid
24,car,London
6216,motorcycle,London
4828,motorcycle,Milan
7768,car,Rome
2834,car,London
6624,car,Milan
4252,van,Rome
5964,car,Milan
5497,car,Milan
3307,van,Rome
3588,car,London
6484,motorcycle,London
3343,motorcycle,Milan
1815,car,London
4491,car,Rome
3063,motorcycle,Milan
631,car,Rome
3536,van,Milan
1383,car,Milan
3303,car,Rome
6913,van,Milan
6279,car,London
4191,car,Madrid
1758,car,Milan
4165,car,Rome
2807,car,Milan
3319,car,Rome
5244,car,Madrid
2153,car,Milan
2175,motorcycle,London
8361,car,Rome
759,car,Rome
3170,motorcycle,Milan
6409,motorcycle,Milan
359,car,London
2470,car,Milan
3226,car,Rome
854,car,Rome
2945,car,Milan
4005,car,Milan
3419,car,London
762,motorcycle,Milan
4595,car,London
5505,car,Milan
2004,car,Milan
5472,car,Rome
8573,car,Rome
3634,car,Madrid
5462,motorcycle,Madrid
3420,car,Milan
8081,car,Rome
8478,car,Rome
5123,car,London
5141,car,Madrid
7085,motorcycle,Rome
6289,car,Rome
5441,car,Madrid
1497,motorcycle,Milan
120,car,Madrid
195,car,Rome
208,car,Rome
4984,car,Rome
7864,motorcycle,Milan
1567,car,Milan
7669,car,Rome
3793,car,Milan
1499,car,Rome
770,motorcycle,Milan
381,car,Milan
6667,car,Rome
1757,motorcycle,Rome
637,motorcycle,Rome
3167,van,London
5107,car,Rome
4126,car,Milan
4184,car,Rome
6362,car,Rome
7329,van,Milan
2013,motorcycle,Milan
1145,car,Rome
5586,car,Madrid
439,car,London
3826,car,Milan
1052,car,Milan
2445,car,Rome
5157,car,Rome
800,car,Rome
4627,car,Rome
1157,motorcycle,Milan
662,car,Madrid
2623,car,Rome
5469,car,Milan
6796,car,Milan
2062,car,Rome
8593,car,London
226,car,Milan
2736,car,Milan
1436,car,Madrid
4178,car,Rome
3236,car,Madrid
271,car,London
2433,car,Rome
5327,car,Madrid
7904,motorcycle,Milan
3664,car,Rome
1849,car,Rome
2603,car,Milan
1260,car,Rome
4719,car,Rome
6898,car,Rome
5192,car,Rome
177,car,Rome
354,van,Rome
515,motorcycle,London
2024,car,Milan
5252,car,Rome
2652,car,Rome
1929,car,Rome
7580,car,Milan
5692,van,Milan
2892,car,Milan
3504,car,Milan
6510,car,Rome
4875,car,Milan
6745,car,Milan
5963,motorcycle,Milan
1424,motorcycle,Milan
6893,car,Rome
5971,car,Rome
2347,car,Rome
8099,motorcycle,London
7879,motorcycle,Milan
7416,car,Rome
7969,car,Rome
8352,car,Milan
624,car,Milan
126,car,Milan
1826,car,Rome
7448,car,Rome
5285,car,London
5316,car,Rome
3426,motorcycle,Milan
8396,car,Rome
8007,motorcycle,Rome
5085,car,Madrid
2444,car,Rome
7197,car,London
4192,motorcycle,Milan
550,car,Rome
5160,car,Rome
1480,car,Milan
1247,motorcycle,Rome
81,car,Milan
6416,motorcycle,Milan
3594,car,Milan
2071,car,Rome
8151,car,Milan
378,car,London
1746,car,Milan
952,motorcycle,Milan
409,car,Rome
8121,car,Rome
4400,motorcycle,Madrid
5867,car,Milan
8642,car,Milan
4341,car,Rome
1014,car,London
2535,car,Milan
1638,car,Rome
4816,car,Milan
2952,car,Milan
7332,car,Milan
6417,car,Madrid
4500,car,Milan
3708,car,London
1814,motorcycle,Madrid
5428,car,Rome
5647,car,Rome
2703,motorcycle,Rome
2865,car,Madrid
180,car,Milan
1921,motorcycle,London
6320,car,Milan
2439,car,London
553,motorcycle,Rome
6438,car,Milan
7010,car,Rome
5496,car,Milan
8451,car,London
2722,car,Milan
7639,car,Milan
6147,car,Rome
2528,car,London
7081,car,Madrid
4430,car,Madrid
7238,car,Milan
5416,car,Milan
5837,car,Milan
7920,motorcycle,Rome
7015,motorcycle,Milan
3610,car,Milan
5077,car,London
6313,motorcycle,Rome
2728,car,London
564,motorcycle,Milan
7228,car,Milan
5126,motorcycle,Rome
1277,motorcycle,Milan
789,car,Rome
1354,car,Rome
1434,motorcycle,Madrid
1339,car,Madrid
2487,car,Rome
3399,motorcycle,Milan
978,car,Milan
3851,car,Rome
3327,motorcycle,London
345,car,Rome
4513,car,London
8186,car,Milan
7972,car,Rome
8656,car,Madrid
4910,car,Milan
6142,car,Milan
472,car,Milan
3909,car,Milan
6013,car,Milan
7804,car,London
7586,motorcycle,Milan
2925,motorcycle,Milan
3500,motorcycle,London
3628,car,London
2110,car,Milan
8066,car,Rome
6328,car,Rome
8670,car,Madrid
7259,car,Rome
5482,car,London
7090,car,London
689,car,Rome
3353,car,Rome
3685,motorcycle,Milan
2838,motorcycle,Milan
3797,car,Rome
1210,car,Madrid
6819,car,Milan
6628,motorcycle,Milan
8233,car,Madrid
912,car,Milan
625,car,Milan
6595,motorcycle,Milan
6849,car,Milan
8469,motorcycle,Milan
6701,motorcycle,Rome
2883,car,London
2156,car,Milan
842,car,Rome
8426,car,Rome
7999,car,Madrid
7338,car,Madrid
1359,car,Madrid
7164,car,Milan
285,car,Milan
287,car,Milan
696,car,London
6876,car,Rome
1962,car,London
3130,motorcycle,Milan
8614,car,Rome
414,car,Rome
7667,car,London
3678,car,Rome
530,car,Rome
2338,car,Milan
960,motorcycle,Milan
2389,car,London
6460,car,Milan
158,car,Rome
7048,car,Milan
8202,car,Rome
1564,motorcycle,Milan
7649,car,Milan
6910,car,Milan
2357,car,Milan
1979,car,Madrid
5287,car,Milan
3004,car,Rome
975,car,London
5122,car,Rome
1683,car,Milan
7727,car,Milan
6614,car,London
6585,car,Rome
2651,car,Madrid
2331,car,Milan
6559,car,Milan
5808,car,Milan
3227,motorcycle,London
6808,car,Rome
2497,car,London
4858,car,Milan
6759,car,Milan
4075,car,Madrid
231,car,Milan
1723,car,Milan
3267,car,Rome
31,motorcycle,Rome
288,car,London
47,car,Milan
1605,car,Milan
6481,motorcycle,Milan
1933,car,Rome
2468,car,Milan
3138,car,Milan
7889,car,Rome
6149,car,Milan
107,car,Milan
1674,car,Madrid
5166,car,Madrid
4585,car,Milan
5576,car,Milan
6318,motorcycle,Milan
8132,car,Milan
4124,car,Rome
5419,car,Rome
1526,car,Madrid
1534,car,Milan
1951,car,Rome
3070,car,London
182,car,Milan
3362,car,Milan
7186,car,Rome
646,motorcycle,Milan
5319,car,Rome
7809,car,Madrid
8372,car,Rome
1579,car,Rome
474,car,Milan
8049,car,Milan
7646,car,London
825,car,London
2383,car,London
1074,car,Milan
4330,car,Milan
4921,motorcycle,Milan
3509,car,London
2060,car,Milan
2039,car,London
3857,car,Milan
268,car,Rome
5016,car,Rome
5951,motorcycle,Milan
5928,car,Rome
6341,motorcycle,Milan
1235,car,Milan
1936,car,London
8256,car,Milan
2206,motorcycle,Madrid
636,motorcycle,Rome
7732,car,Milan
8496,motorcycle,Milan
134,car,Madrid
6489,car,Milan
6886,car,Madrid
1887,car,London
1701,car,Milan
4966,car,Rome
94,car,Milan
2517,car,Rome
3810,car,Madrid
1425,car,Milan
6234,car,London
6130,car,Rome
5280,car,Rome
4053,car,Rome
8245,motorcycle,London
3430,motorcycle,Milan
344,car,Milan
2854,car,Rome
529,car,Rome
733,car,Milan
1738,car,London
5707,motorcycle,London
8363,car,Madrid
6088,car,Madrid
8249,car,London
316,car,Milan
25,car,London
6440,car,Rome
5932,motorcycle,London
596,car,London
1192,car,London
8488,motorcycle,Rome
1222,motorcycle,Milan
4622,car,Madrid
7978,car,Rome
1570,car,Rome
6552,motorcycle,Rome
6749,car,Milan
5637,car,London
4049,car,Rome
2082,motorcycle,London
1976,car,Milan
2163,car,Rome
882,car,Milan
1969,car,Madrid
6775,car,Rome
5609,car,Milan
1201,motorcycle,Milan
5681,motorcycle,Milan
676,van,Madrid
5754,car,London
4486,car,Milan
365,motorcycle,Milan
4939,car,Milan
2940,car,London
990,motorcycle,Rome
4607,car,Rome
6632,car,London
3987,car,Rome
573,car,Rome
5768,car,Rome
7614,motorcycle,Madrid
2446,car,Milan
494,motorcycle,Madrid
4499,car,Rome
5334,car,Rome
2371,car,London
4493,motorcycle,London
8030,car,Rome
7989,car,London
4470,car,Rome
1098,motorcycle,London
3158,car,Milan
8638,car,Milan
8184,car,Madrid
595,car,Milan
7420,car,Milan
7201,car,Rome
2586,car,Madrid
6979,car,Milan
8178,car,Rome
4383,car,London
3689,van,Rome
2674,car,Rome
7779,car,London
3768,car,Rome
7150,car,Rome
1875,car,Milan
3376,car,Milan
173,car,Milan
5883,car,Rome
4551,car,Milan
7599,motorcycle,Milan
1049,motorcycle,Milan
1829,car,Rome
4962,car,Milan
4788,car,Milan
5740,car,Rome
5219,car,Rome
29,car,Rome
8015,car,London
1428,car,Rome
406,motorcycle,Milan
4869,car,Milan
8127,car,Rome
4623,car,Milan
2844,van,Milan
1486,motorcycle,Milan
3057,car,Milan
1685,car,Milan
7531,car,London
3146,car,London
2704,car,Madrid
8585,car,Rome
4094,car,Madrid
3309,van,Milan
4580,car,Rome
4867,car,Milan
4618,car,London
5879,car,Milan
6483,motorcycle,Milan
7597,car,Madrid
7923,motorcycle,Milan
2343,car,Milan
3899,car,Rome
4034,motorcycle,Milan
6694,car,London
2880,motorcycle,Milan
5272,car,London
2958,motorcycle,London
1845,car,Rome
4254,car,Milan
3389,motorcycle,Madrid
493,car,Rome
3707,car,London
4089,motorcycle,Milan
3777,car,Milan
6955,car,Milan
5315,car,Milan
1155,motorcycle,London
2463,car,Rome
1504,car,Rome
7503,motorcycle,Milan
7105,car,Milan
2969,car,London
7003,car,Rome
7303,car,Milan
249,motorcycle,Madrid
383,car,Milan
5374,car,Rome
6555,car,Rome
1397,car,Milan
6923,car,London
3464,car,Madrid
7285,car,Milan
6721,motorcycle,Milan
2806,car,Rome
2669,motorcycle,Madrid
315,car,London
587,car,Milan
2095,car,Milan
2815,car,Milan
3388,motorcycle,Milan
593,car,Milan
6429,car,Milan
526,car,London
1167,car,Rome
4506,car,Milan
1468,car,Madrid
2895,car,Madrid
2873,van,Madrid
5354,car,London
7457,car,Rome
2238,car,Rome
7072,motorcycle,Madrid
3283,motorcycle,Milan
4952,car,Rome
7168,car,London
7737,motorcycle,Rome
4626,car,Rome
6492,car,London
1528,car,Rome
2902,motorcycle,Milan
540,car,Milan
4426,car,Milan
3010,car,Rome
5444,car,Madrid
8590,car,Rome
6841,car,London
3789,motorcycle,Milan
2776,motorcycle,Milan
4398,car,Milan
5749,motorcycle,Milan
6089,car,Rome
3991,car,London
2682,car,Milan
7129,car,Rome
3203,car,Madrid
7437,car,Rome
8325,car,Madrid
5917,motorcycle,Rome
8272,car,Milan
7506,car,Madrid
8489,car,Madrid
8382,car,Rome
260,car,Milan
3073,motorcycle,Milan
4760,car,Milan
3660,motorcycle,London
3791,car,Milan
4344,car,Rome
5994,car,Rome
321,motorcycle,Rome
6922,car,Rome
6896,car,Rome
4543,car,London
4576,car,Madrid
2367,car,London
7130,motorcycle,Milan
5387,car,Milan
1321,motorcycle,Milan
6670,car,Milan
1801,car,Madrid
957,car,Milan
7098,car,Rome
5972,motorcycle,Madrid
2825,car,Madrid
2474,car,Milan
4217,car,Madrid
4972,car,Milan
6744,car,Rome
4331,car,Milan
7299,car,Rome
6993,car,Milan
5715,car,London
3042,car,Rome
2824,car,Madrid
1282,car,Milan
1181,car,Milan
2589,motorcycle,Milan
2344,car,Milan
3297,car,Madrid
2876,car,Rome
6969,car,Milan
59,car,Rome
7747,motorcycle,Milan
3531,car,Milan
3,car,Milan
275,car,Milan
1644,car,London
6475,motorcycle,London
6412,car,Milan
1626,car,Milan
2352,car,Milan
8197,car,Milan
4902,motorcycle,Milan
2268,motorcycle,London
5452,motorcycle,Milan
1835,car,Rome
5683,car,Madrid
4821,car,Madrid
6649,car,Milan
577,car,Milan
2724,car,Milan
7296,car,Milan
951,motorcycle,Milan
1261,car,London
1751,car,Rome
5885,car,Milan
1748,car,Madrid
5401,van,Milan
5035,car,Rome
4575,car,Milan
2269,motorcycle,Madrid
2220,car,Milan
1342,van,Rome
5944,car,Rome
1466,car,Madrid
6330,car,Milan
8659,car,Rome
3336,car,Madrid
5835,car,Madrid
6485,car,Milan
2782,car,Milan
6746,car,Rome
566,car,Rome
8154,car,Rome
4729,car,Milan
1338,car,Milan
5949,car,Milan
3260,car,London
843,car,Rome
5335,car,Rome
7488,car,Madrid
3102,car,Milan
8559,van,Rome
839,car,Rome
4981,car,Rome
4488,car,London
1941,car,Rome
4494,car,Rome
3728,car,Milan
717,car,London
8335,car,Milan
1084,car,Madrid
1574,car,Rome
3114,car,Milan
2755,car,Rome
1135,car,London
8332,motorcycle,Rome
8248,car,London
4516,car,Rome
674,car,Milan
8633,car,Rome
3617,car,Rome
5869,motorcycle,Milan
5484,car,Rome
102,car,Madrid
7897,car,Rome
415,car,London
4840,car,Rome
4916,car,Milan
2796,car,Milan
3449,car,Madrid
5036,car,Milan
6660,van,Milan
6350,motorcycle,Madrid
2974,car,London
4324,car,Milan
7619,car,Milan
1894,car,Rome
7192,car,Madrid
104,car,Rome
5158,car,London
2314,car,Rome
8549,motorcycle,Milan
8595,motorcycle,Milan
2644,motorcycle,Milan
3394,car,Madrid
3384,car,London
8218,car,Milan
3814,motorcycle,Milan
4639,car,Madrid
5159,car,Milan
2271,car,Rome
772,car,Milan
6235,car,Milan
6983,motorcycle,Milan
4802,car,London
6647,car,Milan
2956,car,Rome
8526,car,Milan
814,car,Milan
2803,car,Rome
4461,car,Milan
7674,motorcycle,Milan
934,car,Rome
4811,car,Madrid
7976,car,Milan
7512,motorcycle,Milan
7941,car,London
8520,car,Milan
3315,car,Rome
1308,car,Rome
7735,motorcycle,Rome
4213,motorcycle,Milan
1395,motorcycle,Rome
3567,car,Rome
2131,car,Milan
486,car,Milan
4128,car,Rome
7934,car,London
3349,car,Milan
5700,car,Madrid
507,car,Milan
1367,car,London
2594,car,Milan
3589,car,Rome
4678,car,London
4762,car,Milan
5794,car,London
4019,car,Madrid
3213,car,Rome
1149,car,Madrid
6668,van,Milan
160,car,Milan
7004,car,Milan
1046,motorcycle,Rome
930,car,Rome
1107,car,Milan
6954,car,Milan
1036,motorcycle,Milan
4845,motorcycle,Milan
142,car,Milan
7344,car,Madrid
8635,car,Rome
8273,car,Milan
7946,car,Rome
1904,car,London
7025,car,Rome
6407,motorcycle,Milan
2043,car,Milan
8023,car,Milan
3003,car,Milan
5628,car,Milan
7187,car,Milan
3648,car,Milan
6398,car,London
2123,van,Rome
2856,car,Madrid
7205,van,Rome
6419,car,Milan
5238,car,Milan
5143,car,Milan
4156,car,Milan
5741,van,Milan
5947,car,Milan
1913,car,Rome
4606,motorcycle,Milan
1352,car,Milan
5458,car,Rome
5886,car,Madrid
5365,car,Milan
2447,motorcycle,London
5311,car,Milan
8416,car,Milan
4129,car,Milan
4329,motorcycle,Rome
1530,car,Milan
2793,car,Rome
7767,van,Rome
3047,car,Milan
2568,motorcycle,Milan
1095,car,Milan
6280,car,Madrid
803,car,London
7359,car,Rome
588,car,Rome
4790,car,Rome
2637,motorcycle,Milan
1325,car,Madrid
7860,car,London
2622,motorcycle,London
3024,car,London
8522,car,Milan
8658,motorcycle,Madrid
299,car,London
7407,car,Madrid
3514,car,London
728,motorcycle,Rome
7027,motorcycle,Milan
6965,motorcycle,Milan
6711,car,Milan
2516,car,Milan
27,car,Milan
1889,car,Madrid
121,car,Rome
8373,car,Madrid
8443,motorcycle,Rome
2058,car,Madrid
3818,motorcycle,Milan
2305,car,Madrid
4682,car,London
370,car,Milan
4920,car,Rome
4047,car,Rome
744,car,Rome
7997,car,Milan
2836,car,Milan
1917,car,Rome
2223,car,Milan
4750,motorcycle,Milan
8336,car,Madrid
7177,car,Milan
7451,car,Rome
1646,car,Milan
578,car,London
5755,car,Milan
1336,car,London
5228,car,Rome
2716,car,Rome
3404,car,Rome
908,car,Milan
6625,car,London
318,car,Rome
188,car,Milan
4665,car,Milan
3710,car,Milan
2640,car,Milan
5399,motorcycle,London
3401,car,Rome
8309,car,Milan
1100,motorcycle,Madrid
4099,car,Madrid
6593,motorcycle,Madrid
6813,car,Milan
6572,car,Rome
6774,car,Rome
7340,car,Madrid
4529,car,Madrid
5291,car,Madrid
145,car,Madrid
3616,car,London
4866,car,Rome
2785,car,Milan
2966,car,Milan
125,car,Rome
3061,car,Rome
7211,car,Rome
4620,car,Milan
7064,car,London
5747,van,Madrid
4204,car,Rome
2588,car,Rome
768,car,Milan
4562,car,Rome
8217,car,Rome
3099,car,Madrid
3250,car,Milan
738,car,Rome
6856,car,London
5798,van,Rome
513,car,Rome
1627,car,Rome
4250,car,Milan
2142,car,Milan
5391,car,Rome
5773,car,London
15,car,Rome
2088,car,Rome
7710,car,Milan
210,car,Rome
1159,car,Madrid
1793,car,Milan
4855,car,Rome
3278,car,Rome
4797,car,London
4017,car,London
802,motorcycle,Milan
1088,car,Milan
5603,car,Milan
4935,car,London
6588,car,Milan
2073,car,Milan
6570,motorcycle,Milan
6576,car,London
2299,car,London
7052,car,Rome
7547,car,Milan
4535,car,Rome
730,car,London
4587,car,Rome
5874,car,Rome
7971,motorcycle,Milan
6322,car,London
906,van,Madrid
3890,car,Milan
1178,car,Madrid
514,car,Rome
5053,car,Madrid
7526,car,Rome
491,car,Milan
6128,motorcycle,Milan
1578,car,Madrid
3255,car,London
6132,car,Rome
2618,motorcycle,Madrid
6825,car,Rome
3975,car,London
6212,motorcycle,Milan
672,motorcycle,Madrid
4482,car,London
3348,car,Milan
2455,motorcycle,Milan
2780,car,Madrid
1432,car,Rome
7709,motorcycle,Milan
4583,car,Milan
3252,car,Madrid
8462,motorcycle,Rome
5409,car,Madrid
442,car,Rome
2964,car,Rome
1105,car,Milan
807,car,Rome
6692,car,Milan
7513,car,Madrid
6245,car,Milan
2066,car,London
3802,car,Rome
4738,motorcycle,Madrid
4166,car,Milan
2214,car,Milan
5208,van,Milan
1705,car,London
2112,motorcycle,Milan
7028,motorcycle,Milan
5566,car,Milan
1630,car,Milan
946,car,London
3113,car,Madrid
5104,van,Rome
2861,car,London
551,car,Milan
7928,car,Rome
2139,car,Milan
4195,motorcycle,Rome
1937,motorcycle,Milan
218,car,Milan
6200,car,Rome
6548,car,Milan
7543,car,Milan
927,van,Rome
7775,car,London
6155,car,Milan
7180,car,Rome
3358,motorcycle,Milan
2302,car,London
2183,car,Milan
8368,car,Milan
3247,car,Milan
1087,motorcycle,Milan
6857,car,Milan
552,car,London
4945,car,Rome
4524,car,Madrid
2775,motorcycle,Milan
2332,car,Rome
3089,motorcycle,Milan
6337,car,Rome
3894,car,Milan
2244,car,Milan
3733,van,Rome
7377,car,London
1621,car,Rome
7465,car,Rome
6376,car,Milan
5589,van,Milan
7803,car,London
3837,motorcycle,Milan
4527,car,Milan
7435,car,Rome
556,car,Rome
8305,car,Milan
5590,car,Milan
509,car,London
2563,car,Madrid
4768,motorcycle,Milan
5606,motorcycle,London
7118,car,Milan
7714,car,Madrid
2663,motorcycle,Rome
959,car,Rome
3631,car,Milan
2584,car,Milan
1249,car,Rome
7414,car,Milan
3067,motorcycle,Milan
313,car,Milan
5620,car,London
607,car,Rome
5301,car,Madrid
4573,car,London
6078,car,Rome
2509,car,Madrid
4843,car,Rome
810,car,London
243,car,Rome
8310,car,Madrid
4100,car,London
3287,car,Madrid
8289,car,Madrid
4544,car,Milan
7341,car,Milan
6491,car,Rome
1422,car,Madrid
1778,car,Milan
2870,car,Milan
464,car,Milan
3540,car,London
4354,motorcycle,Rome
1350,car,Milan
1928,car,Rome
1791,car,London
3410,car,Rome
3633,motorcycle,Madrid
8254,car,Rome
6562,car,Madrid
5504,car,Milan
5395,car,Madrid
3195,car,London
6293,car,London
8613,car,Milan
1760,car,Rome
1691,car,Milan
6029,car,Rome
1252,car,London
5927,car,Milan
3019,motorcycle,Milan
5656,car,Milan
4592,car,Milan
4739,motorcycle,Milan
2647,car,Rome
708,car,Rome
1656,car,Milan
1727,car,Milan
7647,motorcycle,Milan
4371,van,Rome
7932,car,Milan
2869,car,Milan
7813,car,Milan
5672,car,London
5607,car,Madrid
880,car,London
6168,car,Milan
7706,car,Rome
5042,motorcycle,Madrid
991,car,Rome
1475,car,London
2260,van,Milan
2304,car,London
88,car,Rome
4081,car,Madrid
1848,car,Milan
4307,car,Rome
7442,motorcycle,Milan
641,car,Madrid
7147,car,Rome
1901,car,London
63,car,Madrid
8518,motorcycle,Milan
538,motorcycle,Madrid
680,car,Madrid
3650,motorcycle,Milan
8358,car,London
5532,car,Milan
6799,car,Rome
1792,car,Milan
7712,car,Madrid
6666,car,Rome
4272,car,Milan
7169,motorcycle,Milan
396,car,Milan
7844,car,Milan
2141,car,London
6951,car,Madrid
4202,motorcycle,Milan
1063,car,Madrid
7396,car,Milan
5638,car,Rome
8009,car,Madrid
3603,car,Milan
4848,car,Milan
4279,car,London
4832,van,Milan
3435,van,Rome
1769,car,Milan
7295,car,Rome
5351,car,Madrid
330,motorcycle,Milan
4864,car,Milan
5372,car,Rome
6810,car,Milan
8651,car,Milan
7487,car,Milan
7554,car,Madrid
26,car,Milan
7568,car,Milan
6329,car,London
255,car,Milan
8195,car,Rome
1532,car,Madrid
5711,car,Rome
6479,car,London
2,car,Milan
5569,car,Milan
309,car,Milan
7337,car,Milan
4501,car,Rome
5049,car,Milan
916,car,Madrid
6786,car,Milan
5008,car,Rome
1102,car,Milan
7901,car,Madrid
6370,car,Milan
7654,car,Milan
392,car,Milan
5653,car,London
1812,car,Milan
3865,car,Milan
6312,motorcycle,Milan
3468,car,Milan
534,car,Rome
219,car,Madrid
2349,car,London
3602,motorcycle,Rome
1750,car,Milan
4127,car,Rome
3539,car,London
7867,car,Rome
627,car,Rome
6069,car,Madrid
2205,car,London
3561,car,Milan
870,car,Rome
1458,car,Milan
1609,car,Milan
3995,car,London
4267,car,Rome
1909,car,London
4758,car,Rome
8671,car,Milan
7873,car,Milan
3065,car,Milan
1115,motorcycle,Rome
3365,car,Milan
4752,car,Rome
4389,car,Milan
2963,motorcycle,Milan
1051,car,Madrid
6592,car,London
1920,car,Rome
1404,car,Milan
8461,car,Milan
7021,car,Rome
840,car,Milan
2124,car,Rome
4568,car,Milan
1059,car,Rome
1027,car,Madrid
5275,car,Madrid
2376,car,Rome
8208,car,Milan
1112,car,Rome
5378,car,London
2924,car,Rome
7837,car,Milan
8615,car,London
482,car,Rome
1702,van,Rome
8024,car,London
816,car,Madrid
2068,car,Milan
4637,motorcycle,Madrid
277,car,Milan
3097,car,Milan
4638,car,Milan
8226,car,London
7505,car,Rome
2878,car,Rome
8135,car,Rome
5243,car,Milan
3281,car,Milan
4043,motorcycle,Madrid
3212,car,Milan
1431,car,Rome
2609,car,London
1337,car,Rome
5797,car,Rome
3452,car,Milan
3627,car,London
6085,car,Milan
4303,motorcycle,Milan
2681,car,Rome
7355,car,Madrid
8623,car,Milan
2900,car,London
4775,car,Milan
28,car,Milan
6374,car,Rome
6151,car,Rome
7093,car,London
5345,car,Rome
6914,van,Rome
5237,motorcycle,Milan
8457,van,Milan
1207,car,Milan
1412,car,Rome
1631,car,Rome
6120,car,Rome
5702,car,Madrid
2685,car,Rome
1610,car,London
7149,car,Rome
2387,motorcycle,Milan
150,car,Rome
3328,car,Milan
586,motorcycle,Rome
8011,car,Milan
5684,car,Madrid
460,car,London
7485,car,London
5248,car,Rome
7459,van,Rome
3317,car,Milan
1695,car,Milan
3184,car,Rome
7532,car,Milan
8016,car,Milan
74,car,London
3524,car,Rome
5530,car,Milan
719,car,Milan
5352,car,London
4559,car,London
1515,car,London
4230,car,London
2549,car,Rome
1285,car,London
6165,car,Rome
390,car,Milan
2091,car,Rome
6288,car,Rome
7842,car,Madrid
527,car,Milan
4701,car,Rome
2033,car,Milan
1420,car,Rome
7676,motorcycle,Rome
5992,car,Madrid
949,car,London
7350,car,Rome
3126,motorcycle,Milan
6807,car,Rome
2845,van,Madrid
6607,car,Milan
2756,car,Madrid
3341,car,Milan
2860,car,Milan
3614,motorcycle,London
523,car,Madrid
2148,car,Milan
5934,car,Milan
5005,car,Milan
1375,car,Rome
2402,car,Milan
3395,car,Milan
7161,motorcycle,Milan
3932,car,Milan
4777,car,Milan
1099,car,Madrid
4882,car,London
2080,car,Rome
707,car,Rome
6892,motorcycle,Rome
5151,car,Milan
2297,car,Rome
1544,car,Rome
5302,car,London
5459,car,Rome
1080,car,Rome
8403,car,Milan
5898,car,Milan
7664,car,Milan
567,car,Rome
3357,car,Rome
1998,car,Milan
3127,car,London
3180,motorcycle,Milan
4435,car,Rome
57,car,Rome
7852,car,London
6273,car,Rome
7722,car,Milan
7365,car,Rome
5467,car,Milan
2061,car,Milan
5404,car,London
2231,car,Madrid
7241,car,Milan
53,car,Rome
3288,car,Madrid
3492,car,London
7334,car,London
6824,motorcycle,Madrid
4932,motorcycle,Milan
7462,car,Rome
1495,motorcycle,Rome
7373,motorcycle,Madrid
7721,car,Milan
986,motorcycle,Rome
6934,car,Milan
8574,car,Madrid
2859,car,Rome
4822,car,Milan
2658,van,Milan
2325,car,Madrid
6014,van,Milan
6940,motorcycle,London
6500,car,Milan
4528,car,London
563,motorcycle,Milan
3441,motorcycle,Madrid
2000,car,Rome
3112,car,Milan
4082,motorcycle,Milan
41,car,Milan
792,car,Milan
3029,motorcycle,Milan
6100,car,Milan
6023,van,Rome
7685,car,London
4707,car,Rome
6720,car,Milan
8542,car,Milan
5804,car,Rome
1654,car,Madrid
7495,car,Rome
729,car,Milan
8340,car,Madrid
1453,car,London
4359,car,London
5048,car,Milan
4261,car,Madrid
8119,car,Rome
1316,car,Rome
7142,car,Madrid
1521,car,Milan
1956,car,Milan
2324,motorcycle,Milan
7769,car,Madrid
1888,car,Rome
4766,car,Milan
377,car,Milan
2037,car,Milan
600,car,Rome
4308,car,Madrid
8470,car,Rome
82,motorcycle,Madrid
8618,motorcycle,Madrid
4796,car,Milan
7244,motorcycle,Milan
8299,car,Rome
3466,car,Milan
6988,motorcycle,Milan
6097,car,Rome
2817,car,Milan
6250,car,Rome
3889,car,Milan
4881,car,Rome
8125,car,Milan
6674,car,Milan
5259,car,Milan
1899,motorcycle,Rome
2493,car,London
6420,van,Milan
2554,car,London
2962,car,Milan
6052,motorcycle,Milan
1066,motorcycle,Rome
1057,car,Rome
7102,motorcycle,Milan
5176,car,Rome
2933,car,Rome
5165,car,Milan
4368,car,Rome
6046,car,London
8280,car,London
1356,motorcycle,Milan
4158,car,London
6144,car,Milan
2029,car,Madrid
1297,car,Rome
1151,motorcycle,Milan
4139,car,Rome
3079,car,Milan
6027,car,Milan
8569,van,Madrid
230,car,Rome
830,car,Rome
44,car,Rome
5654,car,London
4054,car,Milan
5639,car,Rome
7447,car,London
5578,car,Milan
5931,car,London
2989,car,Rome
6125,car,Rome
936,car,Rome
7974,car,Rome
7283,car,Rome
2679,car,Madrid
2311,car,Milan
1017,car,Milan
2539,car,Milan
8250,car,Rome
2109,car,Rome
8647,car,Rome
2960,car,Madrid
6038,car,Rome
5865,van,Milan
4336,motorcycle,Milan
3825,car,Madrid
4228,motorcycle,Milan
1068,car,Milan
7212,car,London
4990,car,Milan
1585,car,Milan
6748,van,Madrid
7454,car,London
4455,car,Madrid
6874,car,Milan
6792,car,Milan
267,car,Rome
6458,car,Rome
4409,car,Milan
1650,van,Milan
3325,car,Milan
690,car,Milan
3773,car,Milan
3582,car,Rome
3068,car,Rome
2843,motorcycle,London
3465,car,Rome
3671,car,Madrid
2979,car,Milan
2936,car,Rome
2074,car,Milan
5926,car,Milan
5475,car,Milan
5725,car,Milan
933,car,Madrid
2451,car,Milan
6689,car,London
831,car,Rome
3193,van,Rome
2273,car,Milan
5277,car,Madrid
6203,car,Milan
5668,car,London
4446,car,London
6831,car,Milan
2388,car,Madrid
5343,car,Rome
5857,car,Milan
4295,motorcycle,Milan
7979,car,Rome
4538,car,Rome
1045,car,Milan
8328,car,London
3488,car,Rome
4108,car,Rome
1333,car,Rome
8634,car,London
6601,car,Milan
6049,car,Rome
2229,car,Rome
6281,car,Rome
5573,car,Milan
5386,car,Madrid
2626,car,London
5249,car,Milan
5370,car,Rome
4281,motorcycle,Milan
1120,car,Madrid
8058,car,Rome
2706,car,Rome
2412,car,Rome
3622,car,Rome
6421,van,Rome
5527,car,Madrid
3306,car,Milan
4119,car,Milan
1314,car,Milan
3372,motorcycle,Milan
7217,car,Madrid
8582,car,Milan
7185,car,Milan
6391,motorcycle,Milan
2334,car,Milan
1008,car,Madrid
5056,car,Rome
2657,car,Milan
2567,car,Milan
5948,motorcycle,Milan
7443,car,Milan
4384,car,Milan
1787,motorcycle,Madrid
3179,car,Madrid
8026,car,Rome
2494,car,Milan
7475,car,Milan
522,car,Rome
7544,car,Milan
2510,car,Milan
232,car,Rome
5759,car,Milan
1551,car,Milan
5781,car,Rome
5024,car,Milan
7557,car,Milan
5826,car,Madrid
2794,motorcycle,Rome
7280,car,London
6478,car,London
2161,car,Milan
7039,car,London
3676,car,Rome
2307,car,Rome
8211,car,Milan
4786,car,Rome
5258,car,Milan
7202,car,Rome
853,car,Rome
630,car,Milan
3177,car,Rome
7398,motorcycle,Milan
355,motorcycle,Milan
755,car,Rome
3206,car,Milan
4710,car,Milan
3902,car,Milan
614,car,Milan
8163,van,Rome
276,car,Milan
4485,car,Milan
7460,motorcycle,Rome
2730,car,Rome
301,car,Rome
966,car,Rome
6875,car,Milan
1161,car,London
2368,car,Milan
2259,car,Madrid
2410,car,Rome
8236,car,Milan
4374,car,London
6700,car,Madrid
6381,car,Madrid
6136,car,London
8334,car,Rome
8473,car,Rome
4240,motorcycle,Madrid
5332,motorcycle,Milan
3406,car,Madrid
4783,car,Rome
5321,motorcycle,Milan
4245,car,Rome
3413,car,London
7823,car,Milan
8406,car,Rome
8118,car,Milan
4071,car,London
6498,car,Milan
157,car,Milan
3081,car,Milan
6735,car,Madrid
7125,car,Rome
5976,car,Milan
3486,motorcycle,Milan
965,car,Rome
5004,car,Rome
5025,car,Rome
3700,car,Milan
3896,car,Rome
4453,car,Milan
5078,car,Milan
4781,car,Rome
5721,car,Rome
1810,car,Milan
2714,van,Milan
2872,car,Milan
5457,car,Milan
4554,car,Milan
8161,car,Rome
948,car,Rome
2660,car,London
7417,motorcycle,Rome
7119,car,Rome
3077,car,Milan
2255,car,London
8362,car,Milan
5627,car,Rome
8675,car,Rome
5112,car,Rome
7215,car,Madrid
7079,motorcycle,London
5844,car,Madrid
4539,motorcycle,Rome
3342,car,Rome
899,car,Madrid
64,car,Rome
7725,motorcycle,Milan
4280,car,Milan
5041,car,Rome
4942,car,Rome
822,car,Rome
2639,car,Madrid
4769,car,Milan
3872,motorcycle,Milan
3608,car,Milan
2317,car,Milan
6237,car,London
8198,car,Milan
2999,car,Rome
6141,car,Milan
4496,car,Milan
5490,car,Rome
6750,car,Milan
5471,car,Milan
2896,car,Milan
4456,car,Milan
1248,car,Rome
3720,car,Rome
997,motorcycle,Milan
7954,motorcycle,Milan
1575,car,Milan
1817,motorcycle,Milan
3919,car,Madrid
8108,car,Milan
6820,car,Milan
5061,van,Rome
3438,car,Rome
3489,motorcycle,Milan
8467,motorcycle,Milan
3390,car,London
2696,car,Madrid
8300,car,Milan
7807,car,Milan
3599,car,London
6563,car,London
5567,motorcycle,Milan
3363,car,Rome
4525,car,London
5242,car,Rome
5162,car,London
2449,car,Milan
8415,motorcycle,Rome
6740,car,Milan
7195,motorcycle,Milan
4519,car,Rome
6858,car,Rome
5306,car,Rome
5834,car,Rome
6158,car,Milan
5296,car,Milan
6276,car,Rome
3346,car,Milan
8104,car,Milan
1755,car,Milan
7753,car,Madrid
4820,car,Milan
5231,car,Rome
7318,car,London
8237,van,Madrid
434,car,Rome
3308,car,Rome
5489,van,Milan
5764,car,Rome
2472,car,London
7404,car,Rome
7306,car,Milan
296,car,London
4983,car,Rome
1479,car,Rome
4162,motorcycle,Milan
1034,car,Rome
7918,car,Milan
3753,motorcycle,Milan
1965,motorcycle,Milan
2855,car,Rome
7630,car,Milan
7314,car,Rome
6643,car,Rome
8592,motorcycle,Milan
7061,car,Milan
7567,car,London
8122,car,Madrid
8535,car,Milan
5541,car,Madrid
4473,car,Rome
7419,car,Milan
6246,car,Milan
7123,car,Milan
3977,car,Rome
6156,car,London
8664,car,Milan
5163,car,Madrid
340,car,Madrid
6189,car,Rome
4679,car,Rome
2179,car,Milan
1924,car,Rome
5575,car,Madrid
302,car,Madrid
6414,motorcycle,Milan
8330,car,Rome
2570,car,Milan
7689,car,Madrid
32,car,Rome
7967,car,Rome
5261,car,Rome
7820,car,Milan
612,car,London
6724,car,Madrid
3442,car,Rome
1232,car,Milan
3740,car,Milan
2783,car,Rome
1754,car,Madrid
8010,car,Milan
1255,car,London
6698,car,Milan
3333,car,Madrid
8078,car,Rome
1536,car,Rome
1811,car,Rome
4670,car,Rome
5070,motorcycle,Milan
6826,car,Milan
50,van,Milan
5055,car,Milan
1042,car,Madrid
7871,car,London
6185,motorcycle,Milan
449,motorcycle,Rome
938,car,Rome
7682,car,Rome
6787,car,London
1473,car,Milan
3813,car,Milan
3208,car,Madrid
8423,car,Rome
4181,car,London
8501,car,Milan
7910,car,London
1061,car,Madrid
1119,car,Milan
1537,car,London
3033,car,Rome
2253,car,Rome
8079,motorcycle,Rome
7955,car,Milan
1364,motorcycle,London
4687,motorcycle,Milan
3211,motorcycle,Rome
2995,car,Madrid
7888,car,Milan
1330,car,London
3864,car,Milan
2550,car,Madrid
4291,car,Rome
5229,car,London
5726,car,Madrid
4764,car,Rome
7489,car,Milan
6060,car,Madrid
1785,car,Milan
8463,car,London
5014,car,Milan
1730,van,Rome
539,car,Rome
2475,car,Milan
6282,car,London
1456,motorcycle,Rome
2648,car,Milan
1560,motorcycle,Milan
1020,car,Rome
6505,car,Milan
4262,car,Milan
797,car,London
8142,car,Milan
8606,car,Milan
6706,motorcycle,Milan
1516,car,Milan
4853,car,Rome
8428,car,Rome
7891,motorcycle,Milan
4314,car,Madrid
8417,car,Rome
2157,motorcycle,Madrid
7053,car,Milan
8629,car,Milan
5722,motorcycle,Madrid
3575,car,Milan
1000,car,Milan
2690,car,Rome
7874,car,Rome
2484,car,Milan
2093,car,Rome
7492,car,Milan
3819,car,London
3273,car,London
6532,car,Milan
4175,motorcycle,Milan
138,car,Madrid
7193,car,Rome
4880,van,Rome
720,car,Milan
958,car,London
2928,car,London
1097,car,Milan
166,car,Milan
7913,car,Milan
5227,car,Milan
4672,car,Milan
4956,car,Milan
3020,car,Madrid
8162,car,Milan
2149,car,Madrid
5905,car,Rome
883,car,London
8397,motorcycle,Milan
2224,car,Milan
8002,motorcycle,Milan
7549,car,Rome
7322,car,Rome
3747,car,Rome
5478,motorcycle,Milan
875,car,Rome
7776,car,London
5093,car,Rome
4131,car,London
5731,car,Milan
2540,motorcycle,Madrid
3820,car,Rome
335,van,Milan
4381,car,Milan
8580,car,London
2216,car,Rome
5845,car,Rome
944,motorcycle,Milan
8366,car,London
8410,motorcycle,Milan
4077,car,London
4424,car,Rome
7919,car,Rome
3986,car,London
1103,car,Rome
6566,car,Rome
583,car,Rome
4378,car,London
5019,car,Rome
1752,car,Rome
1680,motorcycle,Milan
2993,car,Rome
3259,motorcycle,Rome
3405,motorcycle,Madrid
5214,car,Milan
775,car,Rome
4223,motorcycle,Madrid
5392,car,Milan
7047,car,Rome
7381,car,Milan
3240,car,Rome
7031,car,Rome
3230,car,Milan
6106,motorcycle,Rome
6621,car,London
2492,car,Milan
3943,car,London
5257,car,London
4022,car,Milan
829,car,Milan
7397,car,London
364,car,Rome
4286,car,Rome
3659,car,London
1415,car,London
4818,car,London
591,car,Milan
6072,car,Rome
2691,car,Milan
6340,motorcycle,Milan
1799,car,Milan
7723,car,Milan
8333,car,Rome
423,car,Rome
964,car,Rome
5196,car,Milan
5382,motorcycle,Rome
7534,car,London
2812,van,Rome
1078,car,London
1281,car,Madrid
5540,car,Milan
2102,car,Rome
4088,car,London
2635,car,Rome
3724,car,Rome
4194,car,Milan
7440,car,Milan
4040,car,Rome
8131,motorcycle,Milan
8082,car,Milan
5333,car,Milan
213,car,Rome
2239,car,Milan
8200,car,Milan
1599,car,Rome
7013,car,London
3228,van,Rome
2265,car,Rome
135,car,Rome
872,car,Milan
5117,car,Madrid
413,car,Milan
4266,car,Rome
5377,motorcycle,Milan
6018,car,London
5413,car,Milan
1893,car,Madrid
3870,car,Rome
3134,car,Milan
5708,car,Milan
6021,car,Rome
7309,car,Milan
6843,car,Milan
4249,motorcycle,Milan
6494,car,Rome
4578,car,Milan
4338,car,Milan
6567,car,Rome
5765,car,London
7595,motorcycle,Milan
3853,car,Rome
6903,car,London
1266,motorcycle,Rome
7700,car,London
3374,car,London
561,motorcycle,Milan
7772,car,Madrid
6712,car,London
8286,car,Milan
4969,car,Rome
8492,car,Rome
3298,motorcycle,Milan
7113,car,Milan
8561,car,Milan
1496,car,Milan
3239,car,Rome
6335,car,Milan
3950,car,Milan
3484,car,Milan
4360,car,Rome
8324,car,Milan
4885,car,Rome
7707,car,Rome
6415,car,Rome
4569,car,Milan
3385,car,London
6736,motorcycle,Milan
3563,motorcycle,London
7738,car,Rome
3414,car,Milan
5233,car,Rome
1877,car,Rome
5959,car,Milan
4296,car,London
4076,car,Milan
976,car,Milan
801,van,London
4594,car,Madrid
7154,car,Milan
3568,car,Milan
2293,car,Milan
532,car,Rome
929,car,Milan
766,car,Madrid
2120,car,Milan
7328,car,Milan
5059,car,Milan
688,car,Milan
1331,car,Milan
2047,car,Rome
6933,car,Milan
3625,car,Rome
6423,car,Rome
2104,car,Madrid
3035,car,Milan
1871,car,Rome
3139,motorcycle,Madrid
2790,car,Milan
7200,car,Milan
1114,car,Milan
6529,car,Rome
4325,car,London
1152,car,Rome
1939,car,Milan
8572,motorcycle,Milan
4967,car,Milan
8517,car,Madrid
7992,motorcycle,Milan
2566,car,Milan
5239,car,Milan
2346,motorcycle,Milan
6672,car,Milan
4884,car,Milan
6962,motorcycle,Milan
306,car,London
5202,car,Rome
6275,car,Milan
5783,car,Rome
4251,motorcycle,Milan
304,car,Rome
6217,car,Milan
6454,car,Milan
417,car,Madrid
7691,car,Milan
278,car,Milan
3855,car,Milan
6123,car,Rome
4037,car,Madrid
2159,car,Rome
6346,car,Madrid
5480,car,Milan
7284,car,Rome
1843,car,Rome
4728,car,Milan
2520,car,Milan
8008,car,London
4814,car,Rome
7885,car,Milan
8669,car,Rome
2789,motorcycle,Milan
6119,motorcycle,Milan
1552,car,Madrid
3925,car,Rome
8513,car,Madrid
1237,car,Milan
5896,motorcycle,Rome
7612,car,Milan
2500,car,Madrid
1649,car,Milan
4919,car,London
4458,car,Milan
1633,car,Rome
4263,motorcycle,Milan
5430,car,Milan
7530,van,Milan
4973,car,London
1645,car,London
7589,motorcycle,Madrid
1806,car,London
34,car,Rome
5087,car,London
2959,car,Rome
6443,car,Rome
5098,car,Madrid
7293,car,Milan
1641,car,Milan
5304,car,Milan
2988,car,London
6627,car,Madrid
4235,car,Milan
444,car,Milan
2023,car,Milan
1714,car,Rome
1200,car,Milan
1224,car,Madrid
3839,car,London
1602,car,Milan
5891,motorcycle,Milan
7692,car,Milan
7840,car,London
7982,motorcycle,Milan
6752,van,Rome
7199,car,Milan
2143,car,Milan
2075,car,Milan
8640,car,Rome
6218,motorcycle,Rome
8140,car,Milan
7681,motorcycle,London
667,car,London
5827,car,Rome
2564,car,Rome
1725,car,Milan
3558,motorcycle,Milan
3946,car,Rome
8086,car,Madrid
2725,car,London
3876,car,Madrid
2678,car,Milan
4227,car,Rome
5916,car,Rome
2734,motorcycle,Milan
207,car,Milan
4747,car,Madrid
2350,motorcycle,Milan
4957,motorcycle,Madrid
4906,car,Rome
7636,car,Milan
727,car,Milan
3605,motorcycle,Milan
4188,car,London
1272,car,Rome
7694,car,Milan
7066,car,Rome
7716,car,Milan
8444,car,Milan
7477,car,Rome
5389,car,Milan
2133,car,Rome
1393,car,London
6433,van,Rome
1513,motorcycle,Milan
4930,car,Madrid
1162,motorcycle,Milan
3752,car,Milan
4292,car,London
1304,car,Milan
6599,car,London
1821,motorcycle,Milan
4448,car,London
7791,car,Milan
7321,motorcycle,Milan
7736,motorcycle,Milan
51,car,Milan
760,car,Madrid
7623,car,Rome
8376,motorcycle,Milan
7073,car,Rome
8227,motorcycle,Rome
1054,car,Milan
4388,car,Rome
3023,car,Milan
7342,car,Milan
1587,car,Milan
5967,car,Rome
5470,motorcycle,Rome
6705,motorcycle,Milan
5046,car,Milan
6463,car,Milan
7538,car,Milan
5125,van,Milan
5958,car,London
4116,car,Rome
8343,car,Madrid
8109,car,Milan
5716,car,London
6133,car,Milan
508,van,Madrid
3169,van,Rome
1183,motorcycle,Rome
1451,van,Milan
4027,car,Madrid
3883,car,Milan
6657,motorcycle,Madrid
4069,car,Milan
1505,car,Rome
3703,car,London
8238,motorcycle,Milan
5295,car,Rome
6963,car,London
7476,car,London
5367,car,Milan
5753,car,Milan
2482,car,Milan
7724,motorcycle,Milan
2917,car,Madrid
6194,car,Milan
8608,car,Rome
7360,car,London
2975,car,Rome
4311,car,Rome
7030,car,Rome
1819,car,Madrid
5255,car,London
2351,car,Rome
8061,car,Rome
1947,motorcycle,Milan
1614,car,London
5548,car,Milan
6564,motorcycle,Milan
1722,car,Madrid
4599,car,Rome
5515,motorcycle,Madrid
7781,car,Milan
6939,car,Rome
1870,car,Rome
5410,car,Rome
3770,car,Madrid
3371,car,Milan
6348,car,Rome
6358,car,Milan
1177,car,London
1986,car,Milan
4008,car,Milan
2218,car,London
2081,car,Milan
1563,car,Milan
5206,car,London
76,car,Rome
7221,car,Rome
4463,car,Milan
7354,car,Milan
2034,car,Rome
3629,motorcycle,Milan
451,car,Milan
116,car,London
974,van,Milan
2099,car,Milan
5939,car,Milan
6989,car,Rome
891,car,Rome
3929,car,London
1363,car,Milan
8510,van,Rome
2841,car,Milan
2450,car,Milan
8448,car,Madrid
6323,car,Milan
8601,car,London
7320,car,Milan
5641,car,London
6727,car,Milan
737,car,Rome
4726,motorcycle,Madrid
7836,motorcycle,Rome
6055,car,Rome
7504,car,Rome
1813,car,Madrid
3375,car,London
1577,car,Rome
4993,car,Rome
3059,car,Milan
2464,car,London
5752,car,Milan
6611,car,Milan
7548,car,Milan
436,car,London
2903,car,Rome
7731,van,Milan
5649,car,Rome
4212,car,London
2808,car,Rome
5305,car,Madrid
6343,car,London
1600,car,Rome
2934,car,Milan
6550,car,Milan
6095,car,Rome
4432,car,London
3990,van,Rome
7082,car,Rome
2129,car,London
693,car,Rome
5186,car,Milan
7511,car,Milan
1539,car,Rome
4462,car,Rome
3050,car,Milan
6707,car,London
264,car,London
8360,car,Rome
7660,car,Rome
1717,car,Milan
4095,car,London
4452,car,London
46,car,Rome
2374,car,Milan
3378,car,Rome
6034,car,Rome
7698,motorcycle,Madrid
185,motorcycle,Milan
2237,car,Madrid
7470,car,Madrid
745,car,Milan
7181,car,Milan
1440,car,Rome
2373,car,Milan
7817,car,London
3674,motorcycle,Milan
2038,car,London
7514,motorcycle,Milan
4264,car,London
5710,car,London
7122,motorcycle,Milan
6210,motorcycle,Madrid
7165,car,Rome
1911,car,Rome
954,car,Milan
4863,motorcycle,Milan
3702,car,Rome
855,car,Rome
7939,car,Rome
3049,car,London
2135,car,Madrid
5420,car,Rome
7537,motorcycle,Milan
2561,motorcycle,Madrid
194,car,London
1816,car,Milan
3696,car,Milan
8060,car,Madrid
6378,car,London
4716,car,Rome
726,car,Milan
4442,car,London
2810,car,Rome
5283,motorcycle,London
5144,van,Rome
7763,car,Rome
2291,car,Milan
6974,motorcycle,Milan
5930,car,Milan
4954,car,London
4628,car,Rome
4905,car,Madrid
6324,car,Rome
1144,car,London
2541,car,Milan
3069,car,London
4464,car,Milan
6256,car,Milan
5878,car,Rome
4484,car,Rome
6514,car,London
6897,car,Madrid
8571,car,Madrid
6594,car,Milan
60,car,London
1426,car,Madrid
186,car,Milan
4862,car,London
8074,car,Milan
7922,car,Rome
3812,car,London
7089,car,Madrid
1800,car,Madrid
1326,car,Rome
739,car,Milan
1269,car,Rome
3171,car,Madrid
6174,car,Rome
3571,car,London
6452,car,Milan
6725,car,Milan
1623,car,Milan
3266,car,Milan
6832,car,Milan
2665,car,Madrid
1919,car,Rome
7441,car,Milan
1394,van,Milan
4533,motorcycle,Milan
8253,car,Milan
6363,car,Rome
8148,car,Milan
4193,motorcycle,Milan
6908,car,London
2944,car,London
2801,car,Rome
6137,car,Milan
3546,motorcycle,Milan
3459,car,Milan
5514,car,Madrid
5528,car,London
2818,car,Madrid
5120,car,Milan
5953,motorcycle,Rome
66,car,Milan
6956,car,Milan
3265,car,Rome
55,car,Rome
6474,motorcycle,Milan
7175,motorcycle,Rome
605,car,Milan
1512,car,Milan
1671,car,Rome
7915,car,Milan
4926,car,London
3330,car,Milan
8070,car,Milan
6195,motorcycle,Milan
8354,car,Rome
4846,car,Rome
4770,motorcycle,Milan
5833,car,London
3845,car,Madrid
5274,car,Rome
7155,car,Madrid
4428,car,Milan
6047,car,Milan
4007,car,Milan
5895,car,Milan
7573,car,Milan
8246,motorcycle,Madrid
7826,car,Rome
6764,car,Rome
887,car,Milan
4541,van,Milan
666,motorcycle,Milan
7001,car,Rome
5839,car,Rome
2980,car,Rome
1227,car,Madrid
8554,motorcycle,London
3387,motorcycle,Madrid
6239,car,Milan
1944,car,Milan
6314,car,Rome
5136,car,Milan
7799,motorcycle,London
4290,car,Rome
5124,car,London
3258,car,Milan
2767,car,Madrid
1131,car,Madrid
3321,car,Rome
2908,motorcycle,Rome
3165,car,Rome
2653,van,Madrid
1953,van,Rome
1148,car,Milan
3811,car,Rome
376,car,Rome
651,car,London
5057,car,Milan
8001,car,Rome
4356,car,Rome
2063,car,Milan
788,car,Rome
2779,car,Rome
1782,car,Rome
2738,car,Rome
7434,car,Milan
3998,car,London
6557,car,Rome
1349,car,Milan
5946,car,Rome
140,car,Madrid
5,car,Milan
3550,car,Milan
3323,car,Rome
3105,motorcycle,Madrid
617,car,Rome
1724,car,Madrid
6184,motorcycle,Rome
2155,car,London
2578,car,Milan
7230,car,Milan
1403,car,Rome
6154,motorcycle,Milan
2930,car,Rome
1108,car,Milan
4326,car,Milan
989,motorcycle,Milan
5630,car,Milan
7835,car,Milan
3396,car,Rome
8579,car,Milan
2758,car,Rome
2953,car,Milan
5204,car,Milan
3687,car,London
4199,car,Rome
4042,car,Milan
5652,car,Milan
7292,car,London
6208,car,Rome
1876,car,London
3422,car,Milan
96,car,Madrid
2263,car,London
2046,car,Rome
1498,car,Rome
3036,car,Rome
1340,car,Milan
317,car,Rome
4548,car,Rome
1781,car,Madrid
4413,motorcycle,Milan
6603,motorcycle,Milan
1825,car,Rome
510,car,Madrid
262,car,Madrid
718,van,Madrid
290,car,Milan
5445,car,London
8282,car,Madrid
3623,car,Milan
5658,car,Milan
7861,car,Rome
3505,car,London
61,car,Milan
7569,car,Milan
4259,motorcycle,Madrid
2527,car,Milan
4405,car,Rome
7818,car,Milan
1774,car,Rome
713,car,Madrid
6502,car,London
7401,car,Milan
6294,car,Madrid
5182,car,Rome
1749,car,Milan
2313,car,Rome
8491,car,Rome
7494,car,Rome
1708,car,Madrid
2012,car,Milan
1856,car,Rome
1179,car,Milan
3787,car,London
3015,car,Milan
2599,car,London
4697,motorcycle,Madrid
4048,car,Milan
691,car,Madrid
2777,car,Rome
7608,car,London
6122,van,Milan
2607,car,Rome
6387,car,Milan
201,car,London
3132,car,Milan
1243,motorcycle,Rome
3717,car,Milan
4159,car,Milan
6482,motorcycle,Madrid
2987,car,Milan
3187,car,Milan
4101,motorcycle,Rome
54,car,London
4033,motorcycle,Milan
923,car,Madrid
3314,car,Milan
265,car,Rome
6413,car,London
465,car,Milan
3331,car,Milan
2394,car,London
6006,car,Rome
8190,car,Milan
263,car,Rome
6866,car,Milan
176,car,Rome
3972,car,Milan
7690,motorcycle,Milan
3476,car,Milan
2867,car,Milan
4755,car,Rome
467,car,Milan
845,car,Milan
4505,motorcycle,Madrid
282,car,Rome
7658,car,Milan
4914,motorcycle,Rome
2055,car,Milan
7273,car,Madrid
2534,car,Milan
3424,motorcycle,Rome
2274,car,Milan
2051,car,Rome
7964,car,Madrid
6946,car,Rome
7880,van,Madrid
4176,car,Madrid
1997,car,Madrid
2631,car,London
3739,car,Madrid
8665,car,Milan
4841,car,Rome
2654,car,Madrid
7961,car,Madrid
1910,car,Rome
8449,motorcycle,Milan
8259,car,Milan
5269,car,Madrid
4117,car,Milan
7556,van,Milan
4306,motorcycle,Milan
5701,car,Madrid
8537,car,Milan
380,car,London
4676,car,London
3009,van,Madrid
7406,motorcycle,London
999,car,Milan
8612,motorcycle,Milan
4273,motorcycle,Rome
5043,car,Milan
5066,car,Rome
4808,car,Madrid
8192,car,Rome
2551,car,Rome
4417,car,Milan
489,car,Milan
7065,car,Madrid
8094,car,Milan
5329,car,Rome
8115,motorcycle,Milan
7405,motorcycle,Madrid
6345,car,London
6366,car,Milan
7905,car,Rome
8529,motorcycle,Rome
1514,car,London
3053,car,Milan
8018,car,Rome
5823,motorcycle,Milan
1718,car,Milan
6850,car,Milan
6278,car,Madrid
6943,car,Milan
7563,car,Rome
6266,car,Milan
1558,car,Milan
6051,car,London
7045,car,Milan
8353,car,Rome
5657,motorcycle,Milan
6878,motorcycle,Milan
4961,car,Milan
2608,car,Rome
3716,motorcycle,Milan
91,car,London
6821,car,Milan
6226,car,Milan
6932,car,Madrid
6108,car,Rome
945,car,Milan
6613,car,London
6211,car,Milan
2884,car,Milan
2212,motorcycle,Rome
8356,car,Rome
2531,motorcycle,Madrid
67,car,Milan
2614,car,Milan
1306,car,Milan
8493,car,Milan
752,car,Milan
6671,car,Milan
3150,car,Milan
3031,car,Rome
4724,car,Milan
4497,car,London
1164,car,Milan
5877,car,Rome
6457,motorcycle,London
3743,car,London
6113,van,Milan
3522,car,Rome
6453,car,Rome
5595,car,Milan
3887,car,Madrid
751,car,London
2978,car,Milan
3411,car,Milan
7645,car,Madrid
4379,motorcycle,Milan
3535,car,Rome
1635,car,Madrid
7422,car,Rome
2018,motorcycle,London
517,car,London
7218,motorcycle,Madrid
1239,car,Madrid
6994,car,Rome
5164,car,Milan
3868,car,Rome
7539,car,Milan
6779,motorcycle,Milan
128,car,Milan
6816,car,London
5129,car,Madrid
7471,car,Rome
8446,motorcycle,Rome
7325,car,Milan
462,car,Madrid
7372,motorcycle,Milan
7324,car,Madrid
7083,van,Milan
3695,car,Rome
931,motorcycle,Milan
5148,car,Milan
8003,car,Milan
2759,car,Madrid
2891,car,Rome
428,car,Rome
1381,van,Rome
5152,car,Milan
5517,car,London
1410,car,Rome
4350,motorcycle,Milan
4265,car,Milan
1060,car,Madrid
4517,car,Madrid
6480,car,Madrid
852,motorcycle,Milan
7430,car,Milan
2784,car,London
2713,motorcycle,Milan
7643,car,London
3684,motorcycle,London
7631,car,Rome
1601,car,Rome
1511,car,Rome
619,car,Milan
286,van,Milan
851,car,Rome
7524,car,Rome
2610,car,Rome
2558,car,Rome
1216,car,Milan
3475,car,Rome
741,car,Rome
8171,car,Rome
2732,car,Rome
3439,car,Rome
2479,car,Milan
8116,car,Milan
542,car,Madrid
876,car,London
3565,car,Milan
3645,car,Rome
3412,car,Milan
6009,car,Milan
2254,car,Madrid
58,car,London
3844,car,Milan
1795,car,Milan
3143,car,Milan
1883,motorcycle,Milan
5353,car,Milan
7878,car,Rome
594,car,Rome
7232,car,Madrid
3149,car,Rome
3380,car,Milan
7109,car,London
5860,motorcycle,Milan
7278,car,Milan
2819,car,Rome
7821,motorcycle,London
3831,car,Madrid
369,motorcycle,Milan
7998,car,Rome
7862,motorcycle,Milan
1706,car,Milan
469,car,Rome
3037,car,Rome
5171,car,London
7237,car,Rome
6844,car,Rome
8532,motorcycle,Milan
2864,car,Milan
3881,car,Rome
2248,car,Milan
5336,car,London
7673,car,Rome
79,car,Rome
1189,car,Milan
2943,car,Milan
1995,car,Milan
6011,car,Rome
5887,car,Milan
2300,car,London
5234,car,Milan
3345,car,Milan
6859,car,Milan
4779,van,Rome
4123,car,London
8,car,London
3233,car,Rome
6229,car,Rome
3129,motorcycle,Milan
3893,car,Milan
3962,car,Madrid
2235,car,Madrid
202,car,Madrid
3185,car,Rome
1029,car,London
7588,car,Rome
7528,car,Rome
2011,car,Rome
3482,car,Rome
4234,motorcycle,Madrid
6639,car,Milan
6252,car,Rome
787,car,London
5585,car,Rome
731,car,Rome
2184,motorcycle,Rome
4714,motorcycle,Milan
3361,car,Milan
8620,car,Rome
1975,motorcycle,Milan
5810,car,Milan
1772,car,London
3285,motorcycle,London
5254,motorcycle,Milan
5995,car,Milan
366,car,Rome
3681,car,Milan
4615,motorcycle,Rome
1592,car,Milan
5318,car,Rome
5974,car,London
7502,motorcycle,Rome
5744,car,Milan
2546,motorcycle,Madrid
511,car,London
4721,car,Milan
531,car,Rome
3316,car,Milan
4661,car,London
5719,car,Rome
5588,car,Milan
3292,car,Rome
1655,car,Milan
3928,car,Milan
4730,car,Milan
1128,motorcycle,London
8398,car,Madrid
6591,car,Rome
4960,car,Rome
5314,car,Madrid
5031,car,London
6240,car,London
4471,car,London
8586,car,Milan
3241,car,Rome
809,van,Milan
4700,car,London
4145,car,Milan
8296,car,Rome
8005,motorcycle,Milan
6040,car,Milan
4214,car,London
5557,car,Milan
4923,car,Milan
3643,car,Rome
7581,van,Milan
2147,car,London
498,car,London
3137,car,Rome
6371,van,Rome
5103,car,Milan
7439,car,London
1851,car,London
7173,car,Milan
4586,motorcycle,London
5338,car,Milan
2827,motorcycle,Milan
7629,motorcycle,Rome
6402,car,Milan
1418,motorcycle,Rome
4422,car,Rome
634,motorcycle,Milan
8436,motorcycle,Madrid
6224,car,Milan
2250,car,Milan
5536,car,London
2201,van,Milan
5145,car,Milan
5562,van,Madrid
1372,car,Milan
6526,car,Madrid
1647,car,Milan
6504,motorcycle,Milan
3104,car,Milan
1001,motorcycle,Milan
8189,car,Milan
8113,car,Milan
3938,motorcycle,Rome
6418,car,Milan
7853,car,Madrid
5439,car,Milan
777,car,Rome
7018,motorcycle,Milan
1312,car,Milan
5102,car,Rome
3359,car,Milan
8650,car,Rome
5698,motorcycle,Rome
2488,motorcycle,Milan
518,car,Milan
3636,car,Milan
8607,car,Madrid
621,car,Rome
8089,car,Milan
2003,car,Milan
5841,motorcycle,London
7226,motorcycle,Milan
3755,car,Milan
7516,car,Milan
4636,motorcycle,Milan
7790,car,Milan
913,car,Rome
8101,car,Milan
4778,car,London
73,car,Rome
6894,car,Rome
3443,car,Milan
7092,car,Rome
3715,car,London
2982,car,Rome
5373,car,Madrid
7533,car,Milan
2279,motorcycle,Milan
7713,car,London
8276,car,Madrid
5133,car,Madrid
1176,car,Milan
3515,car,Madrid
5929,car,London
5565,car,Madrid
3691,motorcycle,Milan
4163,car,Rome
1153,car,Madrid
6290,car,Rome
6056,car,Milan
21,car,London
5168,car,Rome
6663,car,Rome
6586,car,Madrid
1988,car,Rome
4433,car,Madrid
7315,car,London
7067,car,Milan
4876,car,Rome
6296,car,London
6427,car,Rome
1392,car,Rome
4421,car,London
1891,car,Rome
3506,car,Madrid
5888,car,London
2069,car,Rome
1914,car,Madrid
6911,car,Rome
2020,motorcycle,Milan
6761,van,Madrid
4013,motorcycle,Milan
3799,car,Rome
1236,car,Milan
7598,car,Milan
1915,car,London
5952,car,Milan
8212,motorcycle,Rome
3279,car,London
6773,car,Milan
669,car,Rome
939,car,Madrid
5175,car,Madrid
8036,car,Rome
1371,car,Milan
3788,car,Milan
215,car,Madrid
1353,car,London
2643,car,London
4986,car,Rome
2168,van,Madrid
1002,car,Madrid
6547,motorcycle,Rome
6634,car,London
4515,car,Milan
6630,car,Rome
412,car,London
3108,motorcycle,Rome
4712,car,Milan
329,car,London
1569,motorcycle,Milan
3450,car,Milan
5341,car,Rome
5801,car,Madrid
2345,car,Rome
6688,car,Rome
5547,car,Rome
4584,car,Milan
4883,car,Milan
7777,car,Milan
3612,car,Milan
6931,van,Rome
3669,car,Rome
548,motorcycle,Milan
6992,car,Rome
4407,motorcycle,Madrid
1959,van,Milan
8346,car,Milan
3026,car,Rome
1358,car,Rome
2595,car,Rome
137,motorcycle,Milan
6160,car,Rome
6928,car,Madrid
8093,motorcycle,Milan
2363,car,London
4614,car,Milan
7908,car,Milan
6577,car,London
2849,car,Milan
6357,car,Milan
7662,motorcycle,Milan
5580,car,Rome
8564,car,Madrid
2424,motorcycle,Milan
6512,car,Rome
8380,motorcycle,Milan
2983,car,Madrid
5135,motorcycle,Rome
2688,car,London
2252,car,Rome
6209,motorcycle,Milan
5044,motorcycle,Milan
1220,car,Rome
7131,motorcycle,Milan
6605,car,Rome
4302,car,Madrid
4070,car,Rome
3656,car,Milan
6637,motorcycle,Rome
4472,car,London
2318,car,London
7007,car,Madrid
2057,car,Rome
7143,car,Madrid
6743,car,Milan
537,motorcycle,Milan
6497,car,Madrid
2741,car,London
3072,car,Milan
8393,car,Rome
2364,motorcycle,Milan
1007,motorcycle,Rome
7520,car,Madrid
2515,car,London
4886,motorcycle,Milan
6196,car,Milan
6964,car,Rome
7483,car,Milan
1292,motorcycle,Milan
3224,motorcycle,Rome
3587,car,Madrid
3493,car,London
4151,car,Rome
6284,motorcycle,Milan
7718,car,London
5128,car,Rome
8391,car,London
2462,car,Milan
582,car,Milan
3848,car,London
8139,motorcycle,Milan
4196,motorcycle,Milan
3992,car,Milan
7641,car,Rome
4725,car,Rome
1450,car,Milan
4210,car,Milan
1906,car,Milan
1086,car,Milan
3046,car,Milan
8484,car,Rome
1313,car,London
4025,car,Milan
753,car,Milan
39,car,Milan
1651,car,Rome
7705,car,Rome
4454,car,Milan
8302,car,Madrid
6437,car,Milan
7114,car,Milan
3152,car,Rome
7336,motorcycle,Rome
6444,motorcycle,London
2616,car,Rome
1753,car,London
5362,car,London
6202,car,Rome
4107,car,Milan
8021,car,Milan
5466,motorcycle,Milan
2481,car,Milan
1556,car,Madrid
1699,car,Milan
7640,van,Milan
6127,car,Milan
647,motorcycle,London
3545,car,Madrid
97,car,London
1620,car,Rome
5705,motorcycle,Rome
962,car,Milan
5809,car,Rome
1700,car,Rome
3961,car,London
4209,car,Milan
4182,car,Milan
3549,car,Milan
2059,car,Milan
8616,motorcycle,Rome
3243,car,Rome
3767,motorcycle,Milan
4185,car,Rome
2828,car,Rome
6334,car,Milan
1850,car,Rome
1382,motorcycle,Milan
7198,car,Rome
4713,motorcycle,Rome
4970,car,Milan
7050,car,Milan
6382,car,Milan
7575,motorcycle,Milan
4502,car,Milan
3785,car,Rome
3533,motorcycle,Rome
6319,car,Milan
2871,car,London
4439,car,London
1444,car,Rome
6776,van,Rome
7770,motorcycle,Milan
7035,motorcycle,Milan
2115,car,London
6571,car,Rome
778,motorcycle,London
3498,car,Milan
3850,car,Milan
4736,car,Milan
565,car,Milan
6877,car,Rome
4035,motorcycle,Milan
2968,car,Milan
7446,car,Milan
4931,car,Rome
2769,car,London
3983,car,Rome
2672,car,Rome
3028,car,Rome
2428,car,Milan
7335,car,Madrid
6071,car,Rome
6016,car,Rome
6274,car,Rome
7042,car,Rome
6804,motorcycle,Milan
7308,car,Rome
8063,car,Milan
3204,car,Milan
3974,car,Madrid
7438,car,Milan
6075,car,Rome
2638,car,Rome
3913,car,Milan
7135,car,Milan
597,car,Milan
5531,car,Rome
5140,car,Milan
3305,car,London
6709,car,Rome
683,car,Madrid
3559,car,Madrid
7225,car,Rome
2992,van,Milan
327,car,Milan
3911,car,Milan
8429,car,Milan
367,car,Rome
8150,car,Rome
397,van,Rome
1116,car,Milan
2949,car,London
7257,car,London
4732,car,London
1230,car,Milan
1414,car,Milan
7455,car,Rome
3156,car,Milan
1091,car,Milan
3151,car,Rome
678,motorcycle,Milan
4564,car,Rome
5481,van,Madrid
4720,car,Madrid
5737,car,Milan
3642,car,Rome
6143,van,Rome
4225,car,Milan
432,car,Rome
7665,car,Rome
2425,car,Rome
3286,motorcycle,London
178,car,Milan
3090,car,Rome
1765,car,Milan
8068,car,Rome
5617,car,Rome
5350,car,Rome
2386,car,Madrid
6755,car,Rome
7937,motorcycle,Milan
5556,car,Milan
6737,car,Milan
4161,car,Rome
8657,car,Milan
1952,motorcycle,Milan
8566,car,Milan
7855,car,Milan
1156,car,London
8084,motorcycle,London
7301,motorcycle,Rome
7099,car,Rome
5096,car,London
1775,car,London
1824,car,Milan
7170,car,Rome
2649,car,Milan
7523,car,Milan
1370,car,Rome
261,car,Milan
3118,car,London
7875,car,Milan
7536,motorcycle,Madrid
6938,car,Milan
8110,car,Madrid
2545,car,Rome
1319,car,London
6015,car,Milan
4328,car,Rome
6037,car,Milan
8100,motorcycle,Milan
1666,car,Rome
2437,car,Madrid
6390,car,Milan
1447,car,Rome
2191,car,London
6947,car,Milan
5213,car,London
5724,car,London
6388,car,London
7069,car,Milan
6468,car,Milan
5674,car,Milan
506,motorcycle,Milan
141,car,Milan
5956,car,Rome
4023,car,Milan
6919,car,Milan
2251,van,Rome
3337,car,Milan
6102,car,Rome
5169,car,Milan
3030,car,Milan
5396,motorcycle,Madrid
7421,car,Milan
1897,car,Rome
7101,motorcycle,Milan
6465,car,London
3803,car,Milan
1033,car,Milan
3593,car,Madrid
1902,car,London
233,car,Milan
7059,car,Milan
4653,van,Milan
374,car,Milan
998,car,Milan
1489,car,Rome
6062,car,Milan
3332,car,Milan
8181,car,Madrid
1139,motorcycle,Milan
4681,car,Rome
4437,car,Milan
5600,car,London
6680,motorcycle,Rome
6162,car,Milan
681,motorcycle,Rome
549,motorcycle,Madrid
4293,car,Rome
8514,car,Rome
7778,car,Rome
7604,car,Milan
7327,car,Milan
3534,car,Rome
992,car,Milan
5843,car,Rome
2848,car,London
892,car,Milan
4061,car,Milan
5308,car,Milan
7751,car,Milan
6732,car,Madrid
3914,car,Milan
1550,motorcycle,Milan
4648,car,Milan
5694,car,Rome
241,car,Rome
6885,car,Milan
8552,car,Milan
7845,car,Madrid
8653,car,Madrid
6473,car,Milan
5105,car,Milan
7395,van,Rome
485,car,Milan
6561,car,Madrid
5045,motorcycle,Rome
2405,car,Rome
3644,car,Rome
7740,car,Rome
6161,car,Rome
8234,car,Rome
5476,car,London
5309,car,London
6960,motorcycle,London
4142,car,Milan
7000,car,London
6662,car,Madrid
5246,car,Rome
5962,car,Rome
6311,car,Madrid
2083,car,London
1289,car,Milan
308,car,Rome
8349,car,Milan
6126,car,London
4018,car,Milan
898,car,Rome
5863,car,Rome
795,car,Milan
3772,car,Milan
4928,car,Madrid
2694,car,Milan
3271,car,Madrid
4411,car,Rome
3041,car,Milan
7235,car,Rome
5664,car,London
2335,car,Milan
3994,van,Milan
2906,car,Rome
7677,car,Rome
1696,car,Milan
2630,car,Madrid
7006,car,London
3750,car,Milan
289,car,Madrid
6267,motorcycle,Milan
3694,car,Rome
2378,car,Milan
7541,car,Madrid
3920,car,Madrid
6862,car,London
1568,car,Milan
7290,car,Rome
405,car,Milan
2342,car,Milan
7104,car,Milan
7110,car,London
5800,car,Milan
386,car,Milan
5533,car,Milan
5060,car,Madrid
1576,car,Rome
4313,car,Rome
6004,car,Milan
2601,car,Milan
6855,motorcycle,Milan
1934,car,Milan
2537,car,Milan
5695,car,Milan
6691,van,Rome
5407,car,Milan
164,car,Rome
2116,motorcycle,London
1082,motorcycle,Rome
2772,car,Rome
2267,car,London
3866,car,Madrid
6652,motorcycle,Milan
4787,car,Milan
5776,car,Milan
3982,car,Madrid
3934,car,Rome
1652,car,Milan
7091,car,Rome
1437,car,Madrid
5007,car,Milan
903,car,Milan
3801,car,Milan
8619,car,Madrid
1855,car,London
1607,van,Rome
2965,car,Rome
5174,car,Milan
6487,car,Rome
2320,car,Milan
8556,car,Madrid
6257,car,Milan
3477,car,Rome
3833,car,Milan
6730,car,Milan
6304,car,Rome
1922,car,Rome
790,car,Milan
3135,car,Milan
1940,car,Rome
2219,car,Rome
1491,car,London
1110,car,Madrid
6372,car,Milan
8206,car,Milan
3555,car,Milan
1273,car,Milan
6471,car,Milan
5966,car,Rome
7286,car,Rome
650,car,London
331,car,Milan
2278,car,London
6190,car,Rome
6031,car,Rome
4602,car,Rome
2656,car,Rome
4511,car,London
5516,car,Rome
7184,car,Rome
6080,car,Milan
861,car,Milan
8661,motorcycle,Milan
2031,car,Rome
1925,motorcycle,London
7482,car,London
5907,car,Milan
2621,car,Milan
716,car,Milan
5697,motorcycle,Milan
6650,car,Rome
1728,motorcycle,Rome
2735,car,Milan
7622,car,Rome
6260,car,Milan
7097,motorcycle,Madrid
5524,van,Milan
7277,car,London
6157,car,Milan
7076,car,Rome
3479,car,Madrid
6873,car,Rome
1241,car,Rome
4104,car,Milan
781,motorcycle,Madrid
620,car,Madrid
7374,motorcycle,Milan
4753,car,Milan
4386,car,Rome
1957,motorcycle,Milan
2957,motorcycle,Milan
2096,car,Milan
3085,car,London
5072,car,London
512,motorcycle,London
871,car,London
6677,motorcycle,Rome
5091,car,Milan
4837,car,Rome
7261,car,London
4103,car,London
544,motorcycle,Milan
99,car,Madrid
5465,van,Madrid
1461,car,Madrid
209,car,Madrid
5101,car,Milan
4949,car,Milan
1686,motorcycle,Milan
3461,car,Rome
1712,car,Rome
5788,car,Rome
823,car,London
8370,car,Milan
8317,car,Milan
2461,car,Rome
5632,motorcycle,Milan
2862,van,Rome
3727,motorcycle,Madrid
8413,motorcycle,Madrid
7899,car,Milan
6070,car,Milan
2380,car,Milan
4377,car,London
1324,car,London
4735,car,Milan
2384,car,Rome
1113,motorcycle,Madrid
4566,car,Rome
3655,car,London
983,car,Rome
1853,van,Rome
4024,car,Milan
7240,car,Madrid
6325,car,Milan
4253,car,Milan
8017,car,Milan
358,car,Rome
2413,motorcycle,Milan
7943,van,Milan
3190,car,London
8051,car,London
2850,car,Milan
8486,car,Madrid
196,van,Milan
2486,car,Rome
8389,motorcycle,Milan
1987,car,Milan
5298,car,Rome
3564,car,Milan
108,car,Milan
1582,car,Rome
2633,motorcycle,Milan
8090,car,Rome
7947,car,London
3409,car,London
846,car,Milan
408,car,Milan
7453,car,Milan
6568,car,Rome
7719,motorcycle,London
4649,car,Milan
6,motorcycle,Rome
1615,car,Milan
1171,car,Rome
2503,car,Madrid
3444,motorcycle,Rome
8617,car,Milan
1421,car,Rome
7016,car,Rome
3996,car,Milan
7023,car,London
7902,car,Milan
4133,car,Milan
4717,car,Milan
654,van,Rome
1471,car,Rome
8268,motorcycle,Rome
3553,car,Milan
1244,car,Milan
3985,car,Rome
4680,car,London
1942,car,Rome
3879,car,Rome
5817,car,Rome
7060,motorcycle,Milan
117,car,Milan
1366,car,Milan
6661,car,Milan
7223,motorcycle,Milan
5561,car,Rome
256,car,Milan
3087,car,Milan
368,car,Milan
1881,car,Milan
6092,car,Rome
7139,car,London
6645,car,Madrid
8091,car,Rome
129,car,Rome
163,car,Rome
5286,car,London
7527,car,Milan
5554,car,London
5819,car,Rome
7182,car,Milan
250,car,Milan
2327,motorcycle,Milan
8173,car,Milan
2262,car,London
435,car,London
2967,car,London
5756,car,Milan
5342,car,Madrid
7854,car,London
2715,car,Milan
1092,van,Milan
3981,car,Milan
2771,car,Milan
2322,van,Milan
2397,car,Rome
6455,motorcycle,Rome
2629,car,Madrid
6068,car,Rome
866,car,Milan
2858,car,Madrid
1267,motorcycle,Madrid
1903,car,Milan
4577,car,London
750,car,Milan
4903,motorcycle,Milan
5270,car,Milan
8350,car,Milan
3021,car,Rome
348,car,Rome
5669,car,Milan
1677,car,Rome
3667,car,Milan
71,car,Madrid
1520,car,Milan
8369,car,Rome
7313,car,Milan
1202,car,Rome
5076,car,London
1663,car,Madrid
1991,motorcycle,Rome
8408,car,Milan
1258,car,London
1828,car,Rome
1329,car,Milan
4391,car,London
2677,car,Milan
5901,car,Rome
1591,motorcycle,Milan
7944,car,Milan
2961,car,Milan
3600,car,Milan
4643,car,Rome
4897,car,Milan
4555,van,Madrid
3984,car,Rome
3806,motorcycle,Madrid
694,car,Rome
1794,car,London
8177,car,Milan
528,car,Rome
8031,car,Milan
6790,car,Milan
7756,car,Rome
8371,car,Milan
1547,car,Rome
4827,car,Rome
5803,car,Milan
8427,van,Milan
496,car,Milan
628,van,Milan
5680,car,Rome
5975,car,Milan
5912,car,Madrid
3123,car,Rome
4807,car,Madrid
2763,car,Rome
6770,motorcycle,Rome
6739,car,Milan
1561,car,Milan
7986,car,Milan
3756,van,Milan
4014,car,Rome
2781,car,London
7311,car,Milan
2399,car,London
521,motorcycle,Milan
5873,car,Rome
382,car,Milan
1963,car,Rome
239,car,Milan
6889,car,Milan
7271,car,Milan
6263,car,Milan
7911,car,Milan
8594,car,Milan
3611,van,Milan
1362,car,Milan
7648,car,Rome
3293,car,Madrid
8600,car,Rome
1028,car,Milan
7384,car,London
2025,car,London
2064,car,Milan
6379,motorcycle,Rome
7468,motorcycle,Milan
7933,car,Milan
6057,car,Milan
7288,car,London
2914,car,Milan
606,motorcycle,Rome
6146,van,Rome
1518,car,London
6606,car,Milan
2127,car,Rome
3109,car,Milan
5276,car,Milan
8674,car,London
3192,car,Rome
3898,car,Rome
4091,car,Milan
7951,car,Milan
8378,motorcycle,Milan
1867,motorcycle,Madrid
7269,car,London
4689,car,Rome
2821,car,Milan
7745,car,London
5846,motorcycle,Rome
3304,car,Milan
4419,car,Milan
761,car,Madrid
5511,car,Madrid
7022,car,Milan
3783,car,Rome
2152,car,London
714,motorcycle,Milan
3530,motorcycle,Milan
5943,car,Milan
5782,car,Milan
4174,car,Rome
1143,motorcycle,Milan
4418,motorcycle,Rome
6422,car,London
6697,car,Rome
1896,car,Milan
2471,motorcycle,Milan
5247,motorcycle,Milan
2913,car,Milan
6462,car,Madrid
1208,car,London
6258,car,Milan
5553,car,Rome
6882,car,Rome
2536,car,London
724,car,Milan
4375,car,Milan
4834,car,Madrid
6268,car,Milan
618,car,Milan
5376,car,Milan
2173,car,Milan
5106,car,Milan
6815,car,Rome
6486,van,Milan
956,car,London
2208,car,Rome
8540,car,Rome
162,car,London
3429,car,Milan
3590,car,Rome
385,car,Milan
8475,car,Milan
3706,car,Rome
1195,car,Rome
3197,car,London
914,motorcycle,Milan
3657,car,Rome
2823,car,Rome
4605,car,Rome
6840,car,Milan
2188,car,Rome
6676,car,Milan
5714,car,London
6035,motorcycle,Madrid
3235,car,London
4540,car,London
8306,car,Milan
3927,car,London
8123,motorcycle,Milan
2375,car,Milan
1158,motorcycle,Milan
4,car,Madrid
7551,car,Milan
6600,car,Rome
1106,car,London
8468,car,Milan
179,motorcycle,Milan
2680,car,Milan
8214,car,London
7572,car,Milan
8035,car,London
972,car,London
8487,car,Milan
1317,car,Milan
5198,car,Rome
8512,car,Milan
3117,car,Milan
4835,car,Rome
4763,van,Rome
6659,car,Rome
2177,motorcycle,Madrid
4434,car,Rome
342,car,London
1430,car,Madrid
5065,car,Madrid
4036,car,Milan
5432,car,Milan
6754,car,Rome
4659,car,Milan
7846,car,Madrid
1406,car,Milan
8230,car,Rome
7352,car,Rome
7642,car,Milan
2222,car,Milan
1860,car,Milan
7688,car,Milan
272,car,Madrid
8508,car,Milan
2617,car,Milan
2053,car,Rome
7663,motorcycle,Milan
294,car,Milan
1640,car,Madrid
2006,motorcycle,Milan
3007,car,Milan
5908,car,Milan
4817,car,Rome
6197,car,Milan
1284,car,Rome
6355,car,London
1242,motorcycle,Milan
7814,car,Milan
796,car,Rome
5375,car,Milan
3794,motorcycle,Milan
2256,car,Rome
626,car,London
4294,car,London
8521,car,London
7634,car,Madrid
967,car,London
656,car,Rome
7466,car,Milan
2747,car,Rome
8019,car,Milan
3598,car,Milan
169,car,Milan
3351,car,Milan
7497,car,Rome
793,car,London
2125,car,London
5109,car,Rome
1259,car,Madrid
4450,motorcycle,Madrid
2495,motorcycle,Rome
3508,motorcycle,Milan
437,car,Rome
5968,car,Milan
7798,car,Rome
5464,car,Rome
8379,car,Madrid
7748,car,London
858,car,Rome
5978,car,London
1745,car,London
1522,car,Milan
6784,motorcycle,Milan
5178,car,Rome
4994,motorcycle,Rome
3217,car,Milan
6772,car,London
4833,motorcycle,Rome
5423,car,Milan
1147,car,Milan
6522,car,Milan
6656,motorcycle,Madrid
1187,car,London
5986,car,Madrid
425,car,Rome
1733,car,London
6205,motorcycle,Milan
5786,car,London
3280,motorcycle,Milan
1711,car,London
5081,motorcycle,Milan
4619,car,Rome
1452,van,Milan
4683,car,Madrid
7925,car,Milan
5167,car,Rome
440,car,London
3761,car,London
5529,car,Rome
2285,motorcycle,Madrid
502,car,Rome
3083,car,Rome
8375,car,Rome
4427,motorcycle,Milan
4812,car,Milan
3510,car,Milan
5858,car,Madrid
6791,car,London
146,car,Milan
9,car,Madrid
3936,car,Milan
4256,car,Milan
3639,car,Milan
4041,car,Milan
6904,car,Milan
1250,motorcycle,Rome
2165,car,Rome
7080,car,Rome
8034,car,Madrid
2296,car,Rome
2021,car,Milan
4722,car,Milan
6286,car,Rome
6022,motorcycle,Milan
2264,car,London
3141,car,Madrid
3705,car,Madrid
3886,car,Milan
6970,car,Milan
7965,car,Madrid
5018,car,Rome
5156,car,Milan
2117,car,Madrid
2894,car,Milan
1214,car,Rome
5300,car,Milan
7638,car,Milan
7704,motorcycle,Milan
7463,car,Rome
3776,car,Milan
2370,motorcycle,London
7546,car,London
1075,car,Madrid
8557,car,Rome
7863,motorcycle,London
922,van,Rome
4346,car,Rome
5331,car,Milan
3744,motorcycle,Milan
7624,car,Rome
4878,car,London
8169,car,Rome
5555,car,Rome
5730,car,Milan
6336,motorcycle,London
2379,car,Milan
2751,car,Rome
4950,motorcycle,Madrid
7829,car,Milan
5923,car,Rome
4647,motorcycle,Rome
5097,car,Rome
4537,motorcycle,Madrid
6389,car,Milan
5220,car,Madrid
1916,car,Rome
1024,car,Rome
8385,car,Rome
2298,car,Rome
5064,car,Rome
3340,car,Milan
139,car,Madrid
1786,car,Rome
1379,car,Rome
4056,car,Madrid
1709,car,Rome
4138,car,Rome
8480,car,Milan
5383,car,Milan
6944,car,Madrid
2101,car,Milan
347,motorcycle,Rome
6959,car,London
1974,car,Milan
75,car,Madrid
3620,car,Milan
3781,car,Madrid
6583,car,Rome
3162,car,Milan
6545,car,Milan
3329,car,Rome
832,car,Rome
7247,car,London
8155,car,Rome
4155,car,Rome
1768,car,Milan
5461,motorcycle,Milan
1618,car,London
6753,car,Rome
4064,car,Rome
505,car,Milan
3091,car,Milan
7008,car,Rome
3759,car,Madrid
8120,car,Milan
7428,car,Milan
2185,car,Milan
7985,motorcycle,Madrid
7728,car,London
4997,car,Milan
4839,van,Milan
6935,car,Madrid
2996,car,Rome
1805,van,Rome
6767,car,Madrid
911,car,Milan
8419,car,London
2204,car,Rome
2242,car,Rome
8252,car,Madrid
7812,car,London
1886,motorcycle,Milan
4198,car,London
5492,motorcycle,Milan
6608,car,London
4050,car,London
3322,motorcycle,Milan
418,car,London
6726,car,Milan
5498,motorcycle,Milan
8006,car,Rome
7486,car,Milan
6109,car,Milan
1278,van,Milan
6569,van,Madrid
1524,car,Madrid
1927,car,Milan
3056,car,Rome
6349,car,Rome
4074,car,Milan
7056,car,London
8599,motorcycle,Milan
764,car,Madrid
3012,car,Milan
8321,motorcycle,Rome
1742,car,Rome
2473,car,Madrid
889,motorcycle,London
4804,van,Rome
6539,car,Milan
7055,car,Milan
1931,car,Milan
320,car,Madrid
3111,car,Rome
4893,car,Milan
6067,car,London
5028,car,Milan
8157,car,Rome
6590,car,Milan
686,car,Milan
3432,motorcycle,Madrid
6930,car,London
8262,car,Rome
5114,car,Rome
2358,car,Milan
5265,motorcycle,Milan
6410,car,Rome
679,car,Milan
5872,car,Milan
4774,car,Milan
6616,car,Madrid
8037,car,Madrid
65,car,Milan
602,van,Milan
4685,car,Madrid
2976,car,Rome
3402,car,Milan
224,car,Milan
6949,car,Madrid
7174,motorcycle,Milan
785,car,London
4149,car,London
470,car,Rome
1073,car,Rome
5380,car,Milan
4304,motorcycle,Madrid
3270,van,Rome
6905,car,Rome
643,car,Rome
4157,motorcycle,Milan
709,car,Rome
5273,car,Rome
4744,car,Milan
8359,car,Rome
2137,car,Milan
1357,car,London
204,van,Rome
6895,car,Milan
1154,motorcycle,Madrid
3949,car,Milan
783,car,Milan
2542,car,London
2814,car,Rome
4694,car,Madrid
7584,motorcycle,Milan
5521,car,Rome
2333,car,Rome
5225,motorcycle,Milan
5200,car,Milan
77,car,Milan
7881,car,Madrid
1212,car,Milan
5970,motorcycle,Milan
3350,car,Milan
1494,car,Milan
5038,car,Rome
1482,car,London
3668,car,Rome
1985,car,Milan
8167,car,Milan
7449,car,Madrid
1341,car,Milan
1715,motorcycle,Rome
1194,car,London
3517,car,London
644,car,Rome
7094,car,London
2533,car,Madrid
7349,car,Rome
6917,car,London
7479,van,Rome
5906,car,Rome
6499,car,London
2246,car,Madrid
1485,car,Rome
78,car,Rome
8303,car,Milan
3675,car,London
1735,car,Milan
6028,car,Rome
895,motorcycle,Milan
2010,car,Milan
3124,motorcycle,London
3782,car,Madrid
8304,motorcycle,Milan
2997,car,Rome
3133,car,Rome
3758,car,Milan
4671,car,Rome
8338,car,Milan
2341,car,Milan
8604,car,London
4953,motorcycle,London
5587,car,Milan
638,motorcycle,Rome
7431,car,Madrid
4757,motorcycle,Milan
7389,car,Rome
2937,car,Madrid
6870,car,Madrid
6400,car,Rome
1085,car,Rome
35,car,Milan
1030,car,Milan
1240,car,Milan
6618,car,Milan
7635,car,Madrid
1174,car,Milan
5682,car,Milan
7519,car,Milan
6264,motorcycle,Milan
7436,car,Milan
7593,car,Rome
1376,car,Milan
3202,car,Rome
1455,car,London
5385,van,Rome
1719,car,Milan
16,car,Rome
1559,car,Milan
2693,car,Rome
1955,car,Rome
2580,motorcycle,Madrid
5717,car,London
5502,car,Milan
7759,car,Milan
1884,car,London
910,car,Milan
1454,motorcycle,Rome
6537,car,London
5215,car,Milan
4784,car,Madrid
457,car,Milan
8655,car,Rome
5880,motorcycle,Milan
3701,car,Milan
7743,car,Milan
5732,car,London
4136,car,Rome
3595,motorcycle,Madrid
3570,car,London
7610,motorcycle,Rome
8548,car,Rome
475,motorcycle,Milan
8577,car,Rome
3638,car,Milan
3011,car,Rome
8345,motorcycle,London
7103,car,Milan
499,car,Milan
2702,car,Milan
2888,car,Milan
3220,car,Rome
2596,car,London
4260,car,Rome
6683,car,London
3379,motorcycle,Milan
4856,motorcycle,Rome
5015,car,Madrid
1465,car,Milan
283,car,London
1625,car,Madrid
5381,motorcycle,London
776,car,Milan
3527,car,Milan
611,motorcycle,Milan
1593,motorcycle,Madrid
4297,car,Rome
5876,car,Madrid
6380,car,Rome
6321,car,Milan
2712,car,Rome
4443,motorcycle,Rome
977,motorcycle,Milan
8134,car,Milan
5936,car,Madrid
7095,car,London
4490,car,Milan
2401,car,Madrid
5889,car,Milan
1094,car,Milan
2932,car,London
3006,car,Rome
1890,car,Rome
7990,car,Milan
6338,car,Madrid
7400,car,Madrid
68,car,Rome
2340,car,Milan
6399,car,Milan
7246,car,Rome
1141,car,Milan
7254,car,Milan
136,car,Rome
7883,motorcycle,Rome
7378,car,Milan
1865,car,Milan
8307,car,Rome
7942,car,Milan
119,motorcycle,Madrid
7857,car,Madrid
8045,car,Rome
6065,car,London
7570,car,Madrid
2103,car,Milan
8277,motorcycle,Milan
5119,car,Rome
3869,car,Milan
1681,car,London
5635,car,Milan
836,car,London
6556,car,Milan
2768,car,London
2822,car,London
2436,car,Madrid
5415,car,London
339,motorcycle,Milan
4044,car,Milan
3045,car,Madrid
5523,car,Rome
1978,car,Milan
89,car,London
3916,car,London
2478,car,Milan
3092,car,Rome
2852,car,Rome
7159,car,Milan
3188,car,Rome
4601,car,Rome
1808,car,Madrid
1545,car,Milan
604,car,Milan
572,car,Milan
1954,car,London
2391,car,Milan
2084,car,Madrid
7792,car,Rome
2502,car,Milan
3008,car,Rome
7302,car,London
1873,car,Milan
2192,van,London
6249,car,Rome
2805,car,London
1399,car,Milan
1731,car,Madrid
2193,motorcycle,Rome
4229,car,Milan
7921,car,Milan
1740,car,London
6222,van,Milan
3942,car,Milan
2180,car,Milan
6534,car,Milan
6868,car,London
6519,motorcycle,Rome
7501,car,Rome
2501,car,London
420,car,London
2560,motorcycle,Rome
6171,motorcycle,Madrid
2221,car,Milan
1737,car,Milan
1190,car,Rome
2189,car,London
3446,car,Milan
4642,car,Madrid
8292,car,Milan
7959,motorcycle,Madrid
4894,car,Milan
2227,car,Milan
2199,car,Milan
495,car,Rome
3310,car,London
2491,car,London
8102,car,Rome
5854,car,London
7444,car,Madrid
8231,car,Milan
5861,car,Rome
7609,car,Madrid
5608,car,Madrid
478,motorcycle,Milan
8344,car,Milan
5493,car,Milan
4805,car,London
1667,car,Milan
1276,car,Rome
994,motorcycle,London
3626,motorcycle,Rome
7711,car,Milan
2587,car,Milan
6546,car,Milan
7755,car,Milan
1729,motorcycle,Milan
6834,car,London
5648,car,Rome
3897,car,Rome
3248,car,Milan
5688,car,Rome
1803,motorcycle,Rome
2525,car,Milan
7765,motorcycle,Madrid
2787,car,Milan
1557,car,Milan
7014,car,Milan
1981,car,Madrid
6902,car,Rome
1096,car,Rome
5840,car,London
942,car,Milan
7380,car,Milan
7429,motorcycle,London
8251,car,Madrid
4003,car,Milan
4745,car,Madrid
3892,car,Milan
5344,motorcycle,Milan
3682,motorcycle,Rome
2804,car,Milan
5998,motorcycle,Milan
4552,van,Milan
33,motorcycle,Milan
307,car,Rome
2954,car,Rome
2504,car,Milan
3821,car,Milan
1270,car,Milan
6183,car,Madrid
5293,car,Madrid
3274,car,Rome
8294,car,Milan
5728,van,London
1355,car,Rome
7973,motorcycle,Rome
5920,van,Rome
1784,car,Milan
1368,motorcycle,Milan
8598,car,Milan
5474,car,Milan
2178,motorcycle,Milan
1022,motorcycle,Milan
937,car,Rome
6058,car,Milan
269,car,Milan
6996,car,Milan
6950,motorcycle,Rome
1300,car,Milan
5429,car,London
7859,car,Rome
8264,car,Milan
7156,car,Milan
2863,car,London
453,car,Madrid
1021,car,Rome
7493,car,Milan
7472,motorcycle,Milan
5217,car,Milan
1345,motorcycle,Milan
6435,car,Milan
5116,motorcycle,Madrid
8156,car,Milan
5099,car,Rome
3779,car,London
2355,car,Milan
6253,car,Rome
7020,car,Rome
5347,motorcycle,Madrid
8327,car,Rome
8225,motorcycle,Milan
6265,car,Milan
2154,car,Milan
56,car,Rome
5604,motorcycle,Milan
4709,van,Milan
1303,car,Madrid
4231,car,Madrid
4060,car,Milan
1170,car,Milan
1510,car,Milan
6272,car,Milan
6131,car,Rome
5201,motorcycle,Milan
8064,van,Rome
4052,car,Milan
3523,car,Milan
6513,car,Milan
4318,motorcycle,Milan
3749,car,Milan
3275,car,Madrid
8152,car,Milan
7656,car,Madrid
3147,car,Milan
635,van,Milan
4144,car,Rome
3817,car,Madrid
3677,car,Rome
5955,car,Milan
812,car,Madrid
1038,car,Madrid
8523,car,Rome
2778,car,Rome
2215,motorcycle,Milan
3823,car,Milan
5676,car,Rome
4703,car,Milan
2118,car,London
4912,motorcycle,Milan
5772,car,Milan
1721,car,Rome
4072,car,Milan
1549,car,Milan
6024,car,London
6805,car,Rome
2799,car,London
2288,motorcycle,Milan
2105,motorcycle,Rome
2499,motorcycle,Milan
3196,car,Milan
7578,car,Milan
7576,car,London
4397,car,Rome
7882,motorcycle,Milan
2832,car,Milan
3025,car,Madrid
1648,car,London
7112,car,Madrid
6835,car,Milan
484,car,Rome
4819,car,Rome
6984,car,Milan
6929,car,Madrid
7592,car,Rome
5177,car,Madrid
8111,motorcycle,London
372,car,Rome
7450,car,Rome
3882,motorcycle,Rome
1026,car,Milan
1935,car,Milan
5805,car,London
3763,car,Rome
7565,car,Rome
5734,car,Milan
5412,car,London
2684,car,Rome
4879,car,London
1109,car,Madrid
2723,motorcycle,Milan
2557,car,Milan
6259,motorcycle,Milan
763,motorcycle,Rome
4922,car,Rome
4233,van,Milan
7157,motorcycle,Milan
4026,van,Rome
3769,car,London
5673,car,Milan
2547,car,Milan
5537,car,Milan
6292,car,Milan
5052,motorcycle,Milan
2356,car,Milan
5384,car,Rome
2415,car,Milan
2757,car,London
8471,car,Milan
5552,motorcycle,Milan
6404,car,Milan
6937,van,Rome
1037,car,Madrid
6148,car,Milan
5572,car,London
3460,car,Milan
7049,motorcycle,Madrid
8339,car,Milan
4206,car,Rome
7272,car,Madrid
7160,van,Milan
244,car,London
7587,car,Rome
2028,car,Rome
6696,car,Milan
3014,car,Milan
3469,motorcycle,Madrid
101,car,Milan
2419,car,Madrid
5288,car,Rome
3519,car,Milan
3296,car,Milan
1822,car,Milan
8287,car,Milan
2403,motorcycle,Milan
6658,car,Madrid
3824,car,Rome
1402,car,Madrid
8176,car,Milan
8266,car,Rome
8576,car,Milan
8114,car,Rome
4542,car,London
5127,car,Milan
4746,motorcycle,London
5443,motorcycle,Madrid
8247,car,Milan
3495,car,Rome
7178,car,Milan
1441,car,Rome
4924,car,Rome
1693,motorcycle,Rome
1662,car,Milan
4132,van,Milan
8103,car,Milan
6867,car,Rome
7229,car,Rome
3377,car,Rome
2532,motorcycle,Milan
5371,motorcycle,Madrid
3080,car,Milan
6685,car,Milan
824,motorcycle,Rome
5806,car,Milan
6386,car,Rome
7239,car,Rome
8271,motorcycle,Milan
8209,car,Milan
576,car,Milan
6549,car,Rome
336,car,Rome
3373,car,Milan
8644,car,Milan
1209,motorcycle,Rome
6871,car,Milan
7231,car,Milan
8494,motorcycle,Milan
715,motorcycle,Milan
7729,car,Madrid
7518,car,London
8660,car,Milan
7552,motorcycle,Milan
5778,car,Milan
7310,car,Rome
8242,car,Milan
3407,car,Rome
7478,car,Milan
4364,car,Rome
6524,motorcycle,Milan
2538,car,Madrid
5599,car,Rome
3178,car,Rome
4865,car,Rome
2009,car,Milan
5250,car,Rome
7522,car,Milan
8269,car,Rome
6669,car,Milan
6053,car,Milan
7877,car,Madrid
7074,car,Milan
2742,car,Milan
5822,car,Milan
5221,car,London
4367,car,Madrid
7828,car,Rome
3569,car,Milan
3262,car,Milan
859,car,Rome
6112,car,Milan
1852,car,Rome
5677,car,Milan
246,car,Milan
3276,car,London
5282,motorcycle,Milan
3621,car,Milan
6596,motorcycle,Madrid
1971,car,London
3186,car,Rome
1689,car,Rome
8191,car,Madrid
7267,car,Milan
6795,car,Madrid
6837,motorcycle,Rome
5592,car,Madrid
7107,car,Madrid
3573,car,Rome
1588,car,Madrid
5853,car,Milan
562,car,London
2746,car,Milan
6693,car,Madrid
7764,car,London
580,car,London
1847,motorcycle,Madrid
4122,car,Rome
4570,motorcycle,Milan
5402,van,Rome
4169,car,Milan
5405,motorcycle,Milan
214,car,Madrid
2689,car,Rome
455,car,Madrid
6811,car,London
1175,car,Rome
6925,car,London
1126,van,Milan
8147,car,Rome
1546,car,Milan
2198,car,Madrid
6765,car,Milan
8609,car,London
1221,car,Rome
5618,car,Madrid
7620,car,Rome
6888,car,Rome
6655,motorcycle,Rome
6426,motorcycle,Milan
3497,car,Rome
5678,motorcycle,Milan
3168,car,Milan
3474,car,Madrid
42,car,London
5121,motorcycle,Madrid
5388,car,Rome
5767,car,Rome
4684,motorcycle,Rome
3560,car,Rome
7317,car,London
7323,car,Rome
5738,car,Madrid
3989,car,Milan
448,car,Milan
7991,car,Rome
6503,car,London
3808,car,Milan
421,car,Rome
7585,car,Rome
1089,car,Madrid
2990,van,Milan
4749,motorcycle,London
1983,car,London
7750,car,London
8067,car,Milan
343,car,Rome
1365,car,London
4363,motorcycle,Milan
5033,car,Milan
5706,car,Rome
7795,car,Madrid
7741,motorcycle,Milan
3734,motorcycle,Milan
3947,car,Rome
8144,van,Rome
4429,car,Madrid
6887,car,London
5828,car,Milan
1628,car,Milan
3835,car,Rome
5815,car,Milan
4520,motorcycle,London
2365,car,Madrid
2667,car,Milan
1999,car,Milan
85,car,Rome
5418,car,Milan
2427,car,Milan
3483,car,Rome
2362,motorcycle,Madrid
3952,car,Rome
2625,car,London
701,car,Milan
7037,car,Rome
3718,car,London
5009,car,Milan
2743,motorcycle,Milan
2697,car,Rome
2835,car,London
7600,motorcycle,Milan
3924,car,Milan
7394,motorcycle,Rome
1634,car,Rome
7583,car,London
1790,car,Milan
1419,car,Rome
6847,motorcycle,Rome
253,car,Milan
658,car,Rome
2699,motorcycle,Milan
2434,car,Rome
2556,car,Rome
2912,car,Rome
1328,car,Milan
8014,car,Rome
6538,motorcycle,Milan
2098,motorcycle,Milan
5058,car,London
1950,car,Milan
5821,car,Rome
3326,car,Rome
747,car,London
7330,car,Milan
4092,car,Rome
83,car,Milan
4791,car,Madrid
4440,car,Rome
5130,car,Milan
6777,car,Madrid
5911,car,Milan
3144,car,Milan
1993,car,Milan
426,car,Milan
5542,car,London
6738,car,London
447,car,Milan
248,car,Rome
6945,car,Rome
2042,car,Rome
4211,car,Madrid
5307,car,Rome
2868,car,Rome
3554,car,Milan
1527,car,Rome
7423,car,Milan
1836,car,London
2911,car,Rome
6115,motorcycle,Milan
371,car,Milan
3300,car,Milan
458,car,Milan
2079,car,Milan
8117,motorcycle,Rome
445,car,Milan
6326,car,Rome
5111,car,Milan
2146,motorcycle,Milan
6012,car,London
3290,motorcycle,Milan
5624,motorcycle,Rome
7678,car,London
1417,car,Rome
6236,car,Milan
5793,car,London
8433,car,Madrid
3888,car,London
5910,car,London
873,car,Milan
3088,car,Rome
324,car,Milan
4581,car,Rome
6411,car,London
1639,car,Rome
2430,motorcycle,Milan
6086,car,Milan
6105,car,London
4806,car,Milan
2283,car,Milan
2606,car,London
1031,car,Rome
2217,car,Rome
6554,car,Milan
5235,car,Milan
8648,car,London
7892,car,Rome
700,car,Milan
4655,car,Rome
5450,motorcycle,Milan
867,motorcycle,London
8041,car,London
8088,car,Rome
8013,motorcycle,Madrid
1840,car,London
1387,car,Rome
8174,car,Milan
7148,car,Milan
7672,car,Madrid
3295,car,London
7553,motorcycle,Rome
6094,motorcycle,Milan
3518,car,Rome
5179,car,Milan
558,motorcycle,Milan
736,car,Milan
3771,car,Milan
3386,car,Milan
4495,motorcycle,Rome
1864,car,Rome
2002,car,Rome
3368,car,Milan
3585,car,Milan
4996,motorcycle,Madrid
2360,motorcycle,Milan
5266,car,Rome
8095,car,Rome
1597,car,Milan
6778,van,Rome
3051,car,Rome
7996,car,Rome
7106,car,Rome
6615,motorcycle,London
5232,car,Madrid
183,car,London
7086,car,London
6395,car,Rome
2559,car,Milan
4177,car,Madrid
293,car,Milan
8407,van,Rome
3775,car,Rome
3712,car,Milan
1268,car,Madrid
8551,car,Rome
7209,car,Milan
3209,car,Milan
1018,car,Milan
2719,car,Milan
8622,car,Milan
5456,car,Milan
4038,car,Madrid
3532,car,Milan
8075,car,Rome
4609,car,Milan
6074,car,Milan
5390,motorcycle,Milan
2257,motorcycle,Rome
4376,car,Rome
817,car,Milan
3742,car,Rome
6139,motorcycle,Madrid
6565,car,Milan
4799,car,Milan
4815,car,Milan
5185,car,Milan
1777,car,Milan
3840,car,Rome
5626,car,London
5864,car,London
7984,car,Rome
7926,car,Rome
2354,motorcycle,London
2692,car,Madrid
7856,car,London
1707,car,Milan
3956,car,Madrid
8057,van,Madrid
1907,motorcycle,Rome
1898,car,Milan
6610,car,Rome
2811,car,Milan
1288,car,Milan
422,car,London
5862,car,London
8505,car,Milan
5494,car,Madrid
7480,motorcycle,Milan
7644,car,Rome
5210,motorcycle,Madrid
771,motorcycle,Milan
7594,car,Milan
4900,car,Milan
4888,car,Madrid
1274,car,Milan
6768,car,London
8539,car,Madrid
1327,car,Milan
3277,car,Milan
2381,car,Rome
37,car,Rome
7632,car,Madrid
3900,motorcycle,Milan
5218,car,Rome
2122,car,Rome
6255,car,Rome
3064,car,London
7734,car,Madrid
6114,van,Rome
3473,car,Milan
1435,car,Madrid
5814,car,Madrid
6636,car,Rome
1169,car,Milan
8563,car,Milan
1636,car,Milan
6633,car,Rome
4342,car,Milan
7960,car,Madrid
4489,car,Rome
5775,car,Milan
1093,car,Madrid
2196,motorcycle,Madrid
2414,car,Rome
7825,van,Milan
7661,car,Milan
8367,van,Rome
7358,car,Milan
5758,car,London
1492,car,Rome
7730,van,Milan
7841,car,Milan
1538,motorcycle,Milan
2582,car,Milan
722,car,Milan
7367,car,Madrid
5921,motorcycle,Milan
5360,car,Milan
603,car,Rome
5816,car,Rome
3458,car,Rome
1477,car,Milan
8543,car,Rome
3586,motorcycle,Rome
7250,car,Milan
2489,car,Milan
1508,car,Rome
6175,car,Milan
2272,car,Milan
132,car,Madrid
7345,motorcycle,Milan
8504,car,Milan
363,car,Madrid
3264,car,Rome
5189,car,Milan
5150,motorcycle,Milan
5379,motorcycle,Milan
7806,motorcycle,Rome
961,car,Milan
6111,van,Milan
947,car,Rome
4715,car,Milan
8394,car,Madrid
616,car,Rome
4358,car,Rome
555,car,Milan
3001,car,London
3060,car,Milan
2247,car,Madrid
4971,car,Rome
838,car,Milan
1197,car,London
114,car,Madrid
192,car,Milan
6827,car,Milan
4549,car,Rome
4847,car,London
2612,van,Milan
1043,car,Milan
1416,van,Rome
1573,car,Madrid
446,car,Rome
2485,car,Madrid
5915,car,Rome
818,motorcycle,Rome
8059,car,Milan
1264,motorcycle,Milan
3714,motorcycle,Milan
2920,car,Milan
4327,car,Milan
5913,car,London
4523,car,Milan
955,car,Rome
2339,motorcycle,Milan
610,car,Milan
2791,motorcycle,Milan
1005,car,Milan
1613,car,Milan
4870,car,Milan
8545,car,Milan
4851,car,Madrid
1688,motorcycle,Madrid
2483,motorcycle,Milan
1225,car,Madrid
524,car,Rome
5297,car,Milan
8575,car,Rome
692,car,Rome
4677,motorcycle,Milan
3382,car,Rome
